CHROM	POSI	variant	bulk1	bulk2	p99	p95	b1_SNPi	b2_SNPi	delta_SNPindex
Chr0	11151	snp	96	79	0.3674	0.2853	0.5417	0.2025	-0.3391
Chr0	12961	snp	97	90	0.3597	0.2781	0.6082	0.2778	-0.3305
Chr0	20365	snp	65	50	0.4046	0.3154	0.5538	0.2	-0.3538
Chr0	26324	snp	94	109	0.3722	0.2849	0.5957	0.3028	-0.293
Chr0	39307	snp	76	66	0.3892	0.2994	0.6184	0.2727	-0.3457
Chr0	40886	snp	85	80	0.3949	0.2993	0.6588	0.3375	-0.3213
Chr0	63740	snp	70	46	0.4174	0.3161	0.5571	0.2391	-0.318
Chr0	204654	snp	45	50	0.4133	0.3267	0.5556	0.92	0.3644
Chr0	212647	snp	82	93	0.3841	0.2872	0.5732	0.2796	-0.2936
Chr0	225341	snp	57	53	0.4012	0.3174	0.6842	0.3208	-0.3635
Chr0	427052	indel	43	41	0.426	0.3284	0.5349	0.878	0.3432
Chr0	452565	snp	37	19	0.4922	0.3627	0.5135	0.8947	0.3812
Chr0	480485	snp	45	46	0.4266	0.3203	0.5778	0.913	0.3353
Chr0	1260701	snp	69	56	0.4032	0.3072	0.4928	0.8393	0.3465
Chr0	1275510	snp	119	103	0.3745	0.2833	0.4538	0.7573	0.3035
Chr0	1276083	snp	90	84	0.3833	0.2929	0.4889	0.7857	0.2968
Chr0	1276176	snp	127	111	0.3697	0.2819	0.4409	0.7477	0.3068
Chr0	1276347	snp	109	102	0.3747	0.2841	0.4312	0.7255	0.2943
Chr0	1276410	snp	132	112	0.3644	0.2744	0.3864	0.6696	0.2833
Chr0	1279519	snp	103	105	0.3752	0.2807	0.5049	0.8095	0.3047
Chr0	1280804	snp	17	19	0.5139	0.3963	0.4118	0.8421	0.4303
Chr0	1283773	snp	95	68	0.3796	0.2954	0.3789	0.6912	0.3122
Chr0	1796569	snp	85	72	0.3863	0.2935	0.4235	0.7778	0.3542
Chr0	1797824	snp	92	71	0.3781	0.2936	0.4239	0.7183	0.2944
Chr0	1798267	snp	78	124	0.3712	0.2843	0.4744	0.7661	0.2918
Chr0	1814135	snp	81	79	0.3872	0.2996	0.4321	0.8228	0.3907
Chr0	1850845	snp	105	122	0.3782	0.2894	0.419	0.7377	0.3187
Chr0	1861141	snp	67	56	0.4067	0.3084	0.5075	0.8393	0.3318
Chr0	2770949	snp	87	79	0.3732	0.2949	0.4598	0.7848	0.325
Chr0	2771455	snp	93	91	0.3807	0.294	0.4946	0.8022	0.3076
Chr0	2868721	snp	46	32	0.4266	0.3302	0.6304	0.25	-0.3804
Chr0	2884238	snp	51	43	0.4181	0.3288	0.7255	0.2558	-0.4697
Chr0	2884356	snp	53	47	0.4095	0.3107	0.7358	0.383	-0.3529
Chr0	2890783	snp	15	25	0.52	0.4	0.6667	0.24	-0.4267
Chr0	2904436	snp	45	61	0.416	0.3166	0.6889	0.3607	-0.3282
Chr0	2917896	snp	84	41	0.3961	0.3049	0.6429	0.2683	-0.3746
Chr0	3000421	snp	58	34	0.4178	0.3245	0.7241	0.3824	-0.3418
Chr0	3000807	snp	33	39	0.4242	0.3333	0.6061	0.2564	-0.3497
Chr0	3010064	snp	66	74	0.3931	0.3051	0.6212	0.2973	-0.3239
Chr0	3016635	snp	59	55	0.3895	0.3072	0.5763	0.2545	-0.3217
Chr0	3018155	snp	45	41	0.4228	0.3274	0.8	0.439	-0.361
Chr0	3018402	snp	26	17	0.4977	0.3824	0.6538	0.2353	-0.4186
Chr0	3022005	snp	59	62	0.3997	0.307	0.8136	0.5	-0.3136
Chr0	3022070	snp	36	49	0.4365	0.3305	0.7778	0.4286	-0.3492
Chr0	3030696	snp	88	85	0.3767	0.2936	0.5568	0.2471	-0.3098
Chr0	3033414	snp	77	73	0.3905	0.2925	0.7273	0.3288	-0.3985
Chr0	3034396	snp	79	70	0.3861	0.2982	0.6203	0.3143	-0.306
Chr0	3034404	snp	78	67	0.3917	0.3	0.6154	0.3134	-0.302
Chr0	3036913	snp	126	99	0.3831	0.29	0.5714	0.202	-0.3694
Chr0	3038323	snp	102	96	0.3621	0.2825	0.5294	0.2083	-0.3211
Chr0	3038807	snp	104	88	0.3785	0.2885	0.5962	0.25	-0.3462
Chr0	3039241	snp	81	70	0.3797	0.2926	0.7037	0.3714	-0.3323
Chr0	3042304	snp	103	63	0.3746	0.288	0.6019	0.2698	-0.3321
Chr0	3049989	snp	69	71	0.3874	0.2997	0.6522	0.3239	-0.3282
Chr0	3050172	snp	86	52	0.386	0.3014	0.6279	0.2308	-0.3971
Chr0	3054513	snp	106	66	0.3894	0.2967	0.6887	0.303	-0.3856
Chr0	3072327	snp	75	67	0.3885	0.2951	0.64	0.3134	-0.3266
Chr0	3074353	snp	39	23	0.4571	0.3523	0.8718	0.4783	-0.3935
Chr0	3262128	snp	68	37	0.4209	0.3152	0.6471	0.1892	-0.4579
Chr0	3269164	snp	35	14	0.5143	0.4	0.7714	0.2857	-0.4857
Chr0	3286842	snp	64	70	0.3969	0.3018	0.5938	0.2429	-0.3509
Chr0	3326218	snp	58	42	0.4253	0.3309	0.8103	0.4048	-0.4056
Chr0	3338765	snp	81	53	0.4069	0.3024	0.6543	0.2264	-0.4279
Chr0	3353656	snp	11	13	0.5874	0.4476	0.6364	0.1538	-0.4825
Chr0	3366853	snp	40	27	0.4519	0.3435	0.6	0.2222	-0.3778
Chr0	3370679	snp	50	31	0.4297	0.3297	0.84	0.4839	-0.3561
Chr0	3375100	snp	62	38	0.4244	0.3192	0.7258	0.2632	-0.4626
Chr0	3380169	snp	68	74	0.3915	0.2957	0.7206	0.3514	-0.3692
Chr0	3381561	snp	86	59	0.3873	0.2982	0.5233	0.1695	-0.3538
Chr0	3383824	snp	72	47	0.4113	0.3197	0.7361	0.3191	-0.417
Chr0	3387776	snp	42	42	0.4286	0.3095	0.6429	0.3333	-0.3095
Chr0	3401036	indel	77	44	0.4091	0.3117	0.8052	0.4318	-0.3734
Chr0	3409496	snp	97	75	0.3834	0.2925	0.5464	0.2533	-0.2931
Chr0	3416908	snp	51	31	0.4168	0.3359	0.7843	0.4194	-0.365
Chr0	3419110	indel	61	71	0.3999	0.3059	0.7213	0.3239	-0.3974
Chr0	3425539	snp	57	71	0.3916	0.3044	0.5965	0.2535	-0.343
Chr0	3451458	snp	57	37	0.4139	0.3314	0.6491	0.2973	-0.3518
Chr0	3455251	snp	87	65	0.3901	0.305	0.6322	0.1846	-0.4476
Chr0	3477777	snp	56	34	0.4097	0.3204	0.8036	0.3824	-0.4212
Chr0	3478756	snp	64	37	0.4215	0.3205	0.6719	0.2973	-0.3746
Chr0	3486242	snp	99	82	0.3803	0.3016	0.5152	0.1951	-0.32
Chr0	3487536	snp	74	69	0.3848	0.2971	0.6081	0.2609	-0.3472
Chr0	3506393	snp	56	52	0.408	0.3077	0.6786	0.3654	-0.3132
Chr0	3506588	snp	27	15	0.5111	0.4074	0.6667	0.2	-0.4667
Chr0	3509791	snp	104	90	0.3641	0.2863	0.5769	0.2778	-0.2991
Chr0	3512726	snp	73	38	0.407	0.3154	0.7534	0.3421	-0.4113
Chr0	3521081	snp	46	49	0.4264	0.323	0.7609	0.4082	-0.3527
Chr0	3525864	snp	86	29	0.4214	0.3288	0.7442	0.2759	-0.4683
Chr0	3533644	indel	63	65	0.3927	0.3028	0.619	0.2923	-0.3267
Chr0	3534003	snp	80	75	0.3733	0.2917	0.7125	0.3867	-0.3258
Chr0	3574154	snp	132	159	0.3496	0.2743	0.4242	0.1447	-0.2796
Chr0	3616480	snp	64	50	0.405	0.3181	0.5781	0.22	-0.3581
Chr0	3621493	snp	69	42	0.4193	0.3199	0.7246	0.4048	-0.3199
Chr0	3631736	snp	110	77	0.3727	0.2818	0.5636	0.2597	-0.3039
Chr0	3648973	snp	85	25	0.4306	0.3412	0.7059	0.36	-0.3459
Chr0	3658394	snp	76	83	0.3776	0.2953	0.6184	0.2289	-0.3895
Chr0	3684479	snp	79	62	0.4036	0.2999	0.6076	0.2419	-0.3657
Chr0	3687116	snp	52	59	0.4188	0.3126	0.5962	0.2034	-0.3928
Chr0	3699972	snp	78	72	0.3825	0.2917	0.6282	0.2778	-0.3504
Chr0	3703163	snp	40	37	0.4399	0.3277	0.65	0.2432	-0.4068
Chr0	3709746	snp	39	33	0.4242	0.3333	0.641	0.2727	-0.3683
Chr0	3807756	snp	51	51	0.4314	0.3333	0.5686	0.2353	-0.3333
Chr0	3830180	snp	95	70	0.3774	0.2955	0.5789	0.2714	-0.3075
Chr0	3835255	snp	81	68	0.3778	0.299	0.679	0.2941	-0.3849
Chr0	3836727	snp	80	61	0.3893	0.2996	0.625	0.2459	-0.3791
Chr0	3845057	snp	85	72	0.3863	0.2935	0.6	0.1944	-0.4056
Chr0	3853729	snp	60	56	0.4024	0.3083	0.75	0.375	-0.375
Chr0	3854424	snp	84	58	0.3904	0.3021	0.6071	0.2759	-0.3313
Chr0	3857915	snp	92	83	0.368	0.2881	0.5761	0.1807	-0.3954
Chr0	3864813	snp	66	42	0.4004	0.3052	0.6212	0.3095	-0.3117
Chr0	3866303	snp	96	86	0.3852	0.2909	0.625	0.2907	-0.3343
Chr0	3868005	indel	58	30	0.4391	0.3333	0.5172	0.1333	-0.3839
Chr0	3892336	snp	45	36	0.4333	0.3333	0.6667	0.3333	-0.3333
Chr0	3916835	snp	66	60	0.4	0.297	0.7727	0.4	-0.3727
Chr0	3925038	snp	83	73	0.4007	0.2878	0.5904	0.2877	-0.3027
Chr0	4215235	snp	86	55	0.3937	0.3072	0.6512	0.3091	-0.3421
Chr0	4233096	snp	65	53	0.4073	0.31	0.6462	0.3019	-0.3443
Chr0	4233470	snp	85	88	0.3767	0.2936	0.6118	0.2614	-0.3504
Chr0	4295543	snp	19	30	0.4895	0.3702	0.5789	0.2	-0.3789
Chr0	4306627	snp	65	54	0.3991	0.31	0.4462	0.0926	-0.3536
Chr0	4374749	snp	78	73	0.4046	0.2968	0.4872	0.1781	-0.3091
Chr0	4392523	snp	48	41	0.4162	0.3216	0.7083	0.2683	-0.44
Chr0	5446017	snp	86	75	0.3839	0.2915	0.5	0.2	-0.3
Chr0	5446813	snp	98	62	0.3789	0.2923	0.6633	0.2097	-0.4536
Chr0	5514232	snp	70	58	0.3808	0.3059	0.6857	0.2586	-0.4271
Chr0	5514575	snp	75	64	0.3988	0.3023	0.5467	0.2344	-0.3123
Chr0	5514724	snp	61	40	0.4152	0.3152	0.7705	0.275	-0.4955
Chr0	5514747	snp	67	38	0.4163	0.3181	0.7463	0.3684	-0.3778
Chr0	5523562	snp	69	63	0.3885	0.303	0.5797	0.2063	-0.3734
Chr0	5562754	snp	67	49	0.4237	0.3177	0.5522	0.1633	-0.389
Chr0	5618493	snp	62	56	0.3992	0.3059	0.7419	0.4286	-0.3134
Chr0	6058161	snp	113	82	0.3806	0.2912	0.5752	0.2683	-0.3069
Chr0	6076718	snp	28	17	0.5147	0.3971	0.75	0.2941	-0.4559
Chr0	6389221	snp	32	14	0.5134	0.4018	0.6875	0.2857	-0.4018
Chr0	6538071	snp	39	26	0.4487	0.3462	0.6667	0.2692	-0.3974
Chr0	6567053	snp	84	70	0.3952	0.3024	0.619	0.2714	-0.3476
Chr0	6570167	snp	88	69	0.3849	0.2956	0.5909	0.2754	-0.3155
Chr0	6577817	snp	76	96	0.3788	0.2933	0.6579	0.3646	-0.2933
Chr0	6594367	snp	64	48	0.4115	0.3125	0.7031	0.375	-0.3281
Chr0	6600049	snp	78	61	0.3993	0.301	0.6923	0.3607	-0.3317
Chr0	6604734	snp	84	101	0.3635	0.2867	0.631	0.2475	-0.3834
Chr0	6606545	snp	57	42	0.416	0.317	0.5614	0.1667	-0.3947
Chr0	6607687	snp	89	84	0.3812	0.2932	0.5843	0.2381	-0.3462
Chr0	6626903	snp	79	63	0.3946	0.3026	0.6456	0.3333	-0.3122
Chr0	6631287	snp	40	17	0.4824	0.3809	0.925	0.4118	-0.5132
Chr0	6633568	snp	61	47	0.3973	0.3136	0.623	0.2979	-0.3251
Chr0	6645476	snp	59	38	0.4166	0.3189	0.7458	0.3947	-0.351
Chr0	6649098	indel	101	73	0.3841	0.2958	0.703	0.3151	-0.3879
Chr0	6661831	snp	84	76	0.3828	0.2926	0.7024	0.4079	-0.2945
Chr0	6663128	indel	110	109	0.3867	0.2794	0.6909	0.3211	-0.3698
Chr0	6663192	snp	83	82	0.3823	0.2864	0.6988	0.3049	-0.3939
Chr0	6664481	snp	91	98	0.3815	0.2904	0.5385	0.2449	-0.2936
Chr0	6666340	snp	91	102	0.3605	0.2805	0.5934	0.2843	-0.3091
Chr0	6666504	snp	116	122	0.3664	0.2777	0.8362	0.4262	-0.41
Chr0	6666598	snp	139	124	0.3624	0.2791	0.8058	0.4919	-0.3138
Chr0	6668520	snp	68	63	0.4066	0.3044	0.6765	0.3492	-0.3273
Chr0	6668602	snp	74	50	0.3973	0.3086	0.7973	0.44	-0.3573
Chr0	6669159	snp	50	47	0.426	0.3234	0.64	0.234	-0.406
Chr0	6669338	snp	79	66	0.388	0.3048	0.5696	0.2424	-0.3272
Chr0	6669795	snp	51	60	0.4059	0.3157	0.902	0.5833	-0.3186
Chr0	6680748	snp	56	48	0.4196	0.3155	0.8036	0.4792	-0.3244
Chr0	6681249	snp	85	80	0.3949	0.2993	0.4941	0.15	-0.3441
Chr0	6681465	snp	90	89	0.3747	0.2959	0.5444	0.236	-0.3085
Chr0	6682978	snp	83	95	0.3801	0.2927	0.6145	0.2842	-0.3302
Chr0	6683728	snp	77	86	0.3798	0.2908	0.6364	0.3372	-0.2992
Chr0	6685901	snp	54	44	0.4184	0.3258	0.6852	0.2727	-0.4125
Chr0	6691251	snp	92	76	0.3781	0.2889	0.5978	0.2368	-0.361
Chr0	6691351	snp	85	82	0.3867	0.2917	0.6118	0.2317	-0.3801
Chr0	6691647	snp	89	90	0.3747	0.2959	0.5618	0.2333	-0.3285
Chr0	6692296	snp	87	80	0.3856	0.2897	0.5977	0.275	-0.3227
Chr0	6693754	snp	87	76	0.3852	0.2999	0.5977	0.2895	-0.3082
Chr0	6695746	snp	23	17	0.5038	0.4015	0.6087	0.1176	-0.491
Chr0	8935610	snp	41	30	0.4472	0.3407	0.6829	0.3333	-0.3496
Chr0	8936310	snp	44	45	0.4157	0.3253	0.8864	0.5333	-0.353
Chr0	8957522	snp	84	71	0.3882	0.2961	0.5595	0.1549	-0.4046
Chr0	8971999	snp	97	82	0.3867	0.2948	0.7113	0.3902	-0.3211
Chr0	8981802	snp	19	24	0.4978	0.4013	0.6316	0.1667	-0.4649
Chr0	9077015	snp	69	61	0.4018	0.3022	0.4928	0.082	-0.4108
Chr0	9095426	snp	79	78	0.3901	0.2882	0.4304	0.141	-0.2894
Chr0	9496780	snp	46	49	0.4264	0.323	0.7609	0.4082	-0.3527
Chr0	9886206	snp	87	54	0.3902	0.3052	0.7011	0.2037	-0.4974
Chr0	10098716	indel	97	65	0.3826	0.296	0.6082	0.2615	-0.3467
Chr0	10119132	snp	42	14	0.5	0.381	0.6429	0.1429	-0.5
Chr0	10120178	snp	38	36	0.4327	0.3289	0.7368	0.3056	-0.4313
Chr0	10139953	snp	57	31	0.429	0.3322	0.614	0.2581	-0.356
Chr0	10213913	snp	27	21	0.4921	0.381	0.7407	0.3333	-0.4074
Chr0	10422646	snp	29	27	0.4674	0.3563	0.8276	0.4444	-0.3831
Chr0	10645451	snp	73	50	0.3901	0.3068	0.4521	0.14	-0.3121
Chr0	10916784	snp	91	114	0.3852	0.2888	0.4945	0.1842	-0.3103
Chr0	10932454	snp	87	97	0.3836	0.294	0.5517	0.1959	-0.3558
Chr0	10932487	snp	71	83	0.3772	0.2985	0.5634	0.241	-0.3224
Chr0	10935117	snp	58	64	0.4009	0.3098	0.6897	0.3594	-0.3303
Chr0	10941493	snp	102	117	0.37	0.2896	0.5588	0.2137	-0.3451
Chr0	10941540	snp	111	135	0.3682	0.2841	0.5946	0.2	-0.3946
Chr0	10961437	snp	78	71	0.3875	0.294	0.8333	0.4507	-0.3826
Chr0	10962067	snp	89	72	0.3851	0.2998	0.6067	0.3056	-0.3012
Chr0	10962310	snp	41	48	0.4162	0.3216	0.6098	0.2708	-0.3389
Chr0	10963771	snp	41	29	0.4315	0.3482	0.561	0.1379	-0.423
Chr0	11013124	snp	78	62	0.3983	0.3052	0.5897	0.2419	-0.3478
Chr0	11099069	snp	10	14	0.5857	0.4571	0.1	0.5714	0.4714
Chr0	11099070	snp	10	14	0.5857	0.4571	0.1	0.5714	0.4714
Chr0	11243550	snp	100	126	0.3646	0.2835	0.45	0.754	0.304
Chr0	11779231	snp	53	45	0.4147	0.3182	0.6038	0.2222	-0.3816
Chr0	11779548	snp	53	40	0.4108	0.3288	0.7547	0.4	-0.3547
Chr0	11787404	snp	61	35	0.4319	0.3208	0.6557	0.2857	-0.37
Chr0	11792345	snp	75	59	0.3713	0.2963	0.64	0.339	-0.301
Chr0	11808331	indel	66	47	0.4146	0.3108	0.8485	0.4468	-0.4017
Chr0	11924715	snp	75	49	0.3943	0.3072	0.7067	0.3265	-0.3801
Chr0	12984834	snp	57	38	0.4211	0.3158	0.7895	0.3947	-0.3947
Chr0	12998440	snp	58	40	0.4207	0.3207	0.6207	0.3	-0.3207
Chr0	13005097	indel	57	36	0.4137	0.3304	0.807	0.4722	-0.3348
Chr0	13005143	snp	53	35	0.4216	0.3186	0.8679	0.5429	-0.3251
Chr0	13009230	snp	79	58	0.3826	0.2997	0.7089	0.3621	-0.3468
Chr0	13044306	snp	77	46	0.393	0.3058	0.7403	0.2391	-0.5011
Chr0	13049499	snp	75	71	0.385	0.2967	0.6667	0.3239	-0.3427
Chr0	13050569	snp	60	39	0.4231	0.3192	0.6	0.2051	-0.3949
Chr0	13451807	snp	41	19	0.4929	0.3748	0.5366	0.1053	-0.4313
Chr0	13477438	snp	13	20	0.5462	0.4192	0.6154	0.15	-0.4654
Chr0	13495071	snp	50	31	0.4297	0.3297	0.62	0.2581	-0.3619
Chr0	13497688	snp	61	52	0.4001	0.3124	0.541	0.1923	-0.3487
Chr0	13504552	snp	78	97	0.383	0.291	0.6795	0.3093	-0.3702
Chr0	13504846	snp	81	75	0.3857	0.2943	0.5679	0.2133	-0.3546
Chr0	13522683	snp	85	104	0.4003	0.2945	0.6353	0.3173	-0.318
Chr0	13523379	indel	75	37	0.4227	0.3157	0.56	0.1892	-0.3708
Chr0	13528398	snp	81	56	0.3946	0.3124	0.6667	0.3393	-0.3274
Chr0	13528987	snp	118	94	0.3776	0.293	0.6356	0.3191	-0.3164
Chr0	13687497	snp	63	52	0.409	0.308	0.6032	0.25	-0.3532
Chr0	13694817	snp	53	57	0.4012	0.3174	0.5849	0.2281	-0.3568
Chr0	13697520	snp	73	66	0.3977	0.3026	0.6849	0.3485	-0.3364
Chr0	13708293	snp	76	81	0.3813	0.295	0.6316	0.284	-0.3476
Chr0	13714690	snp	65	60	0.3949	0.3038	0.6615	0.2667	-0.3949
Chr0	13717281	snp	44	51	0.4095	0.3217	0.6364	0.2745	-0.3619
Chr0	13718292	snp	42	23	0.4534	0.3468	0.6905	0.3043	-0.3861
Chr0	13718610	snp	74	91	0.3891	0.292	0.6892	0.2418	-0.4474
Chr0	13726624	snp	65	54	0.3991	0.31	0.6308	0.2963	-0.3345
Chr0	13732850	snp	22	25	0.4927	0.3745	0.5909	0.16	-0.4309
Chr0	14342493	snp	26	14	0.522	0.4066	0.6538	0.2143	-0.4396
Chr0	14347993	snp	80	87	0.3856	0.2897	0.575	0.2414	-0.3336
Chr0	14350285	snp	62	59	0.3997	0.307	0.7903	0.4237	-0.3666
Chr0	14350326	snp	66	47	0.4146	0.3108	0.7424	0.3617	-0.3807
Chr0	14351169	snp	99	103	0.3677	0.288	0.5859	0.2718	-0.314
Chr0	14351974	snp	91	51	0.4092	0.3032	0.7143	0.2549	-0.4594
Chr0	14355035	snp	74	58	0.3798	0.3001	0.7568	0.2759	-0.4809
Chr0	14355086	snp	81	43	0.4071	0.3178	0.7654	0.4419	-0.3236
Chr0	14355294	snp	84	72	0.3869	0.2996	0.7143	0.3611	-0.3532
Chr0	14357374	snp	79	67	0.3837	0.2942	0.7215	0.4179	-0.3036
Chr0	14357421	snp	69	55	0.3866	0.3033	0.8116	0.4364	-0.3752
Chr0	14357903	snp	100	77	0.3662	0.2904	0.56	0.2468	-0.3132
Chr0	14358153	snp	93	94	0.3901	0.2931	0.6882	0.3298	-0.3584
Chr0	14359623	snp	88	68	0.3944	0.2981	0.6136	0.3088	-0.3048
Chr0	14362325	snp	96	80	0.3792	0.2896	0.6042	0.2875	-0.3167
Chr0	14362740	snp	88	90	0.3816	0.2922	0.6591	0.3	-0.3591
Chr0	14362858	snp	89	65	0.3889	0.2966	0.6292	0.3231	-0.3061
Chr0	14363389	snp	99	92	0.3755	0.2902	0.6364	0.2717	-0.3646
Chr0	14363563	snp	114	93	0.3687	0.2818	0.5614	0.2581	-0.3033
Chr0	14364149	snp	73	56	0.3855	0.2979	0.7945	0.4821	-0.3124
Chr0	14364673	indel	95	79	0.3719	0.2879	0.6632	0.2532	-0.41
Chr0	14364765	snp	84	56	0.3929	0.2976	0.75	0.3393	-0.4107
Chr0	14365798	snp	61	56	0.4031	0.3106	0.8361	0.4643	-0.3718
Chr0	14368007	snp	97	101	0.3644	0.2856	0.6701	0.297	-0.3731
Chr0	14372140	snp	98	81	0.3852	0.2919	0.6837	0.3827	-0.301
Chr0	14373034	snp	80	63	0.3859	0.3052	0.675	0.3492	-0.3258
Chr0	14373092	snp	90	61	0.3849	0.3007	0.7111	0.377	-0.3341
Chr0	14374990	snp	78	79	0.3901	0.2882	0.7051	0.4051	-0.3001
Chr0	14375278	snp	69	53	0.4025	0.3095	0.7826	0.4717	-0.3109
Chr0	14376157	snp	102	86	0.3648	0.2891	0.6275	0.3372	-0.2902
Chr0	14376266	snp	60	34	0.4186	0.3206	0.9	0.5294	-0.3706
Chr0	14376281	snp	66	43	0.4109	0.3097	0.803	0.4884	-0.3147
Chr0	14377679	snp	90	89	0.3747	0.2959	0.6444	0.2584	-0.386
Chr0	14387098	snp	45	51	0.4118	0.3229	0.8222	0.4118	-0.4105
Chr0	14701426	snp	49	49	0.4082	0.3265	0.6122	0.2449	-0.3673
Chr0	14735970	snp	63	32	0.4157	0.3234	0.7143	0.375	-0.3393
Chr0	14976139	snp	114	145	0.3614	0.2817	0.7719	0.4828	-0.2892
Chr0	15175771	snp	71	53	0.3933	0.3037	0.7183	0.3774	-0.341
Chr0	15261009	snp	72	66	0.3914	0.2955	0.5417	0.1364	-0.4053
Chr0	15412984	snp	60	54	0.4056	0.3093	0.6167	0.2963	-0.3204
Chr0	15420530	snp	70	55	0.4091	0.3169	0.7143	0.3818	-0.3325
Chr0	15420968	snp	108	90	0.3759	0.2889	0.5556	0.2556	-0.3
Chr0	15421784	snp	82	90	0.3832	0.2911	0.6098	0.3111	-0.2986
Chr0	15421998	snp	65	60	0.3949	0.3038	0.6154	0.2167	-0.3987
Chr0	15423504	snp	66	65	0.3893	0.3002	0.6364	0.2769	-0.3594
Chr0	15423892	snp	85	67	0.3956	0.2943	0.6824	0.3582	-0.3241
Chr0	15424877	snp	76	69	0.3839	0.2969	0.7105	0.3188	-0.3917
Chr0	15427131	snp	96	101	0.3816	0.2921	0.5625	0.2376	-0.3249
Chr0	15563117	snp	56	30	0.4369	0.3321	0.7143	0.3667	-0.3476
Chr0	16198013	snp	72	38	0.4145	0.3187	0.5833	0.2368	-0.3465
Chr0	16199369	snp	121	95	0.3776	0.2845	0.5455	0.2421	-0.3033
Chr0	16349043	snp	58	50	0.4014	0.3117	0.5345	0.18	-0.3545
Chr0	16358858	snp	62	55	0.405	0.3059	0.629	0.3091	-0.3199
Chr0	16380787	snp	100	88	0.3718	0.2859	0.61	0.3182	-0.2918
Chr0	16610064	snp	100	97	0.372	0.2861	0.59	0.8969	0.3069
Chr0	17364101	snp	87	80	0.3856	0.2897	0.4943	0.8125	0.3182
Chr0	17370891	snp	79	61	0.3899	0.3013	0.6962	0.3934	-0.3028
Chr0	17375528	snp	70	58	0.3808	0.3059	0.7429	0.3621	-0.3808
Chr0	17378335	snp	88	75	0.3791	0.2971	0.7273	0.2267	-0.5006
Chr0	17378569	snp	66	65	0.3893	0.3002	0.6667	0.3538	-0.3128
Chr0	17379042	snp	84	59	0.3923	0.3039	0.7857	0.4576	-0.3281
Chr0	17379122	snp	78	86	0.3739	0.2841	0.6538	0.2791	-0.3748
Chr0	17379312	snp	75	97	0.3834	0.2925	0.68	0.3814	-0.2986
Chr0	17381461	snp	101	71	0.3874	0.2926	0.5644	0.169	-0.3953
Chr0	17381930	indel	86	74	0.3796	0.2901	0.6047	0.2703	-0.3344
Chr0	17382041	snp	69	48	0.3913	0.3062	0.7681	0.4583	-0.3098
Chr0	17384112	snp	70	89	0.3966	0.2997	0.6714	0.3708	-0.3006
Chr0	17384180	snp	78	103	0.3879	0.2946	0.7564	0.3398	-0.4166
Chr0	17390838	snp	37	18	0.4805	0.3709	0.5405	0.1667	-0.3739
Chr0	17401031	snp	37	45	0.4312	0.3327	0.6486	0.2222	-0.4264
Chr0	17403101	snp	92	72	0.3883	0.2953	0.6196	0.1667	-0.4529
Chr0	17409308	indel	13	24	0.5481	0.4135	0.0769	1.0	0.9231
Chr0	17930332	snp	36	35	0.4365	0.3262	0.8056	0.3143	-0.4913
Chr0	18445855	indel	32	30	0.475	0.3563	0.6562	0.2667	-0.3896
Chr0	18826100	snp	59	64	0.3994	0.3096	0.678	0.3594	-0.3186
Chr0	18836300	snp	81	94	0.3688	0.2875	0.6296	0.2872	-0.3424
Chr0	18837398	snp	76	63	0.3849	0.3028	0.7105	0.3016	-0.4089
Chr0	18859096	snp	65	95	0.3895	0.2955	0.6	0.2737	-0.3263
Chr0	18919851	snp	35	15	0.4952	0.3905	0.5143	0.0	-0.5143
Chr0	18948895	snp	36	31	0.4597	0.3441	0.7778	0.3871	-0.3907
Chr0	18970695	snp	55	42	0.4108	0.3169	0.6545	0.3333	-0.3212
Chr0	18975089	snp	72	71	0.3975	0.3005	0.5972	0.2394	-0.3578
Chr0	18976384	snp	98	62	0.3789	0.2923	0.5816	0.2742	-0.3074
Chr0	19062315	snp	102	95	0.3607	0.287	0.6078	0.3158	-0.2921
Chr0	19062336	snp	97	83	0.3724	0.2863	0.6495	0.3373	-0.3121
Chr0	19066004	snp	58	42	0.4253	0.3309	0.6724	0.2381	-0.4343
Chr0	19176377	snp	13	15	0.5692	0.4359	0.1538	0.6	0.4462
Chr0	19546344	snp	60	49	0.4014	0.3068	0.6	0.2653	-0.3347
Chr0	19826262	snp	36	35	0.4365	0.3262	0.5	0.8571	0.3571
Chr0	19959078	snp	38	31	0.4406	0.3472	0.7895	0.2581	-0.5314
Chr0	20355665	snp	61	42	0.4028	0.3134	0.5738	0.1429	-0.4309
Chr0	20757419	snp	29	26	0.4629	0.3554	0.6897	0.2692	-0.4204
Chr0	20771005	snp	82	58	0.3907	0.3036	0.5976	0.1897	-0.4079
Chr0	20884578	snp	39	49	0.4218	0.3349	0.5897	0.1837	-0.4061
Chr0	20884680	snp	42	54	0.4101	0.3175	0.5714	0.2037	-0.3677
Chr0	21081069	snp	61	75	0.3921	0.3019	0.6393	0.2667	-0.3727
Chr0	21110881	snp	89	95	0.383	0.2904	0.4719	0.7684	0.2965
Chr0	21111778	snp	88	94	0.3677	0.2875	0.4773	0.8298	0.3525
Chr0	21113093	indel	84	51	0.3957	0.3032	0.4762	0.7843	0.3081
Chr0	21113910	snp	89	94	0.3633	0.2828	0.4944	0.8085	0.3141
Chr0	21119228	snp	83	75	0.3796	0.294	0.4458	0.7733	0.3276
Chr0	21128005	snp	66	68	0.4015	0.3115	0.4394	0.7941	0.3547
Chr0	21407067	snp	19	13	0.5587	0.4251	0.5789	0.1538	-0.4251
Chr0	21589699	snp	90	77	0.3733	0.2883	0.5889	0.2987	-0.2902
Chr0	22058483	snp	34	31	0.4421	0.3454	0.2353	0.6452	0.4099
Chr0	22108166	indel	35	31	0.4488	0.3456	0.6286	0.2581	-0.3705
Chr0	22179047	snp	42	48	0.4167	0.3155	0.7381	0.25	-0.4881
Chr0	22188491	snp	16	12	0.5625	0.4375	0.625	0.1667	-0.4583
Chr0	22323750	snp	81	51	0.4038	0.3137	0.7037	0.2941	-0.4096
Chr0	22429403	snp	159	69	0.3705	0.2855	0.7233	0.4203	-0.303
Chr0	22589981	snp	94	64	0.374	0.2945	0.7872	0.4844	-0.3029
Chr0	22655473	snp	86	82	0.3721	0.2842	0.6628	0.2195	-0.4433
Chr0	22670812	snp	61	38	0.4288	0.327	0.6721	0.2632	-0.409
Chr0	22672859	snp	113	82	0.3806	0.2912	0.5752	0.2805	-0.2947
Chr0	22678472	snp	71	74	0.3911	0.3028	0.6761	0.3243	-0.3517
Chr0	22753018	indel	11	18	0.5606	0.4444	0.7273	0.0556	-0.6717
Chr0	22894795	snp	66	66	0.3939	0.303	0.5455	0.2121	-0.3333
Chr0	22895617	snp	105	77	0.3844	0.2944	0.6381	0.1948	-0.4433
Chr0	22896964	snp	82	68	0.3985	0.2934	0.7073	0.3676	-0.3397
Chr0	22898125	snp	80	74	0.3953	0.3007	0.6625	0.3243	-0.3382
Chr0	22906361	snp	95	90	0.383	0.2947	0.6211	0.3	-0.3211
Chr0	23083846	snp	73	81	0.3749	0.2982	0.6986	0.3827	-0.3159
Chr0	23085032	snp	43	25	0.4577	0.3442	0.6047	0.16	-0.4447
Chr0	23089670	snp	55	62	0.405	0.3059	0.6364	0.2742	-0.3622
Chr0	23459185	snp	112	99	0.3718	0.2851	0.6786	0.3434	-0.3351
Chr0	23896967	snp	64	63	0.4033	0.307	0.5781	0.254	-0.3242
Chr0	23897118	snp	48	31	0.42	0.3286	0.8125	0.4839	-0.3286
Chr0	23898393	snp	79	84	0.3867	0.2951	0.6329	0.2976	-0.3353
Chr0	23900452	snp	59	54	0.3927	0.3107	0.7627	0.3889	-0.3738
Chr0	23900486	snp	53	43	0.4103	0.3247	0.8302	0.3721	-0.4581
Chr0	23902086	snp	29	24	0.4741	0.3635	0.5862	0.2083	-0.3779
Chr0	23907939	snp	75	60	0.3967	0.3	0.56	0.25	-0.31
Chr0	24131030	snp	105	89	0.377	0.2898	0.5429	0.2247	-0.3181
Chr0	24303839	snp	78	80	0.3798	0.2901	0.6538	0.3375	-0.3163
Chr0	24416391	snp	75	63	0.3886	0.301	0.6933	0.381	-0.3124
Chr0	24812967	snp	101	58	0.3952	0.2991	0.6931	0.3793	-0.3138
Chr0	25508139	snp	110	115	0.3672	0.2802	0.4364	0.1478	-0.2885
Chr0	25537057	snp	91	65	0.3802	0.2923	0.5604	0.2615	-0.2989
Chr0	25538223	snp	46	42	0.4182	0.3271	0.587	0.2143	-0.3727
Chr0	25545006	snp	33	22	0.4848	0.3788	0.6667	0.2273	-0.4394
Chr0	25674472	indel	29	42	0.4384	0.335	0.8276	0.2619	-0.5657
Chr0	25678625	snp	46	44	0.4229	0.3281	0.6957	0.3636	-0.332
Chr0	25686009	indel	66	68	0.4015	0.3115	0.5758	0.2206	-0.3552
Chr0	26599880	snp	50	40	0.415	0.325	0.66	0.25	-0.41
Chr0	26664438	snp	200	176	0.3545	0.2691	0.71	0.3409	-0.3691
Chr0	26938708	snp	86	109	0.3771	0.2878	0.3372	0.0275	-0.3097
Chr0	27078076	snp	8	8	0.625	0.5	0.75	0.125	-0.625
Chr1	967805	indel	19	10	0.5895	0.4421	0.5789	0.1	-0.4789
Chr1	1129928	snp	46	49	0.4264	0.323	0.2174	0.5714	0.354
Chr1	1131904	indel	18	18	0.5556	0.3889	0.0	0.7778	0.7778
Chr1	1131910	snp	22	15	0.5273	0.4152	0.2273	0.6667	0.4394
Chr1	1161335	indel	68	75	0.3914	0.3004	0.6029	0.28	-0.3229
Chr1	1601049	indel	62	27	0.4277	0.3327	0.4677	0.0	-0.4677
Chr1	1710804	snp	61	44	0.3994	0.3148	0.3443	0.6818	0.3376
Chr1	2390640	indel	52	31	0.4206	0.3251	0.3077	0.6452	0.3375
Chr1	2708627	indel	73	66	0.3977	0.3026	0.4932	0.1818	-0.3113
Chr1	3124962	indel	9	19	0.6199	0.462	0.7778	0.0526	-0.7251
Chr1	4119465	indel	22	9	0.6162	0.4596	0.6364	0.0	-0.6364
Chr1	4278842	indel	52	51	0.3986	0.3028	0.0577	0.3725	0.3149
Chr1	4496255	snp	39	51	0.4299	0.3228	0.1026	0.4314	0.3288
Chr1	4611276	snp	73	63	0.3827	0.3098	0.5205	0.2063	-0.3142
Chr1	4914676	snp	39	23	0.4571	0.3523	0.6154	0.2609	-0.3545
Chr1	5785134	indel	76	87	0.3852	0.2999	0.7237	0.3678	-0.3559
Chr1	5876534	snp	34	33	0.4617	0.3449	0.3235	0.697	0.3734
Chr1	5966917	snp	80	76	0.3829	0.2941	0.5875	0.25	-0.3375
Chr1	6099138	snp	58	60	0.404	0.3161	0.7414	0.4167	-0.3247
Chr1	6397183	indel	12	23	0.529	0.4094	0.9167	0.3913	-0.5254
Chr1	6628634	snp	65	49	0.3959	0.3039	0.6	0.2041	-0.3959
Chr1	6702739	snp	48	43	0.4157	0.3154	0.6042	0.2326	-0.3716
Chr1	6847947	indel	32	11	0.5398	0.4148	0.625	0.0909	-0.5341
Chr1	6863106	indel	49	48	0.4026	0.3197	0.1837	0.625	0.4413
Chr1	6863124	snp	48	45	0.4153	0.3181	0.1667	0.5778	0.4111
Chr1	6893925	snp	42	29	0.4384	0.335	0.4524	0.069	-0.3834
Chr1	6894140	snp	51	44	0.4095	0.3217	0.6667	0.3409	-0.3258
Chr1	6894180	snp	63	64	0.4033	0.307	0.619	0.2969	-0.3222
Chr1	6915351	snp	18	16	0.5347	0.4167	0.5556	0.0625	-0.4931
Chr1	6974182	indel	40	52	0.4173	0.3212	0.075	0.4231	0.3481
Chr1	7068634	indel	38	52	0.419	0.3239	0.1316	0.4615	0.33
Chr1	7157350	snp	73	60	0.3879	0.3057	0.7123	0.35	-0.3623
Chr1	7168982	snp	54	59	0.3927	0.3107	0.7778	0.4576	-0.3202
Chr1	7178628	snp	54	45	0.4111	0.3148	0.5556	0.1778	-0.3778
Chr1	7292492	snp	30	21	0.4762	0.3762	0.2	0.619	0.419
Chr1	7321369	snp	77	65	0.396	0.2955	0.4805	0.1692	-0.3113
Chr1	7321816	indel	75	51	0.4118	0.3122	0.4533	0.1373	-0.3161
Chr1	7549508	snp	42	36	0.4444	0.3333	0.2381	0.6111	0.373
Chr1	7623445	snp	58	42	0.4253	0.3309	0.8793	0.5238	-0.3555
Chr1	7623502	snp	74	72	0.3836	0.2887	0.6622	0.3333	-0.3288
Chr1	7628760	snp	65	47	0.4157	0.3129	0.7538	0.4255	-0.3283
Chr1	7637818	indel	39	43	0.4389	0.3363	0.0256	0.3953	0.3697
Chr1	7664667	snp	48	38	0.4243	0.33	0.0833	0.4737	0.3904
Chr1	7664744	indel	52	45	0.4021	0.3115	0.9615	0.4444	-0.5171
Chr1	7670799	snp	16	17	0.5257	0.4044	0.9375	0.5294	-0.4081
Chr1	7671788	indel	89	79	0.3843	0.2931	0.5056	0.2025	-0.3031
Chr1	7677922	indel	54	38	0.424	0.3294	0.6667	0.3158	-0.3509
Chr1	7695114	snp	61	46	0.4116	0.3083	0.0984	0.4565	0.3582
Chr1	7738024	snp	53	56	0.3976	0.3063	0.717	0.4107	-0.3063
Chr1	7772593	snp	63	52	0.409	0.308	0.3651	0.6731	0.308
Chr1	7803576	snp	81	84	0.384	0.2945	0.6173	0.2619	-0.3554
Chr1	7811606	snp	89	83	0.3907	0.2974	0.5618	0.253	-0.3088
Chr1	7888364	snp	51	39	0.4299	0.3228	0.1176	0.5897	0.4721
Chr1	7902628	snp	48	47	0.4136	0.3223	0.1458	0.5957	0.4499
Chr1	7983062	snp	70	73	0.3838	0.2969	0.6857	0.3836	-0.3022
Chr1	7989631	snp	40	22	0.4523	0.3568	0.225	0.5909	0.3659
Chr1	7990217	snp	61	41	0.4042	0.3147	0.7213	0.3902	-0.3311
Chr1	8023724	snp	87	61	0.3865	0.3041	0.5862	0.2623	-0.3239
Chr1	8065865	snp	57	26	0.4393	0.3414	0.0351	0.5769	0.5418
Chr1	8106775	snp	102	103	0.3756	0.2789	0.5588	0.2621	-0.2967
Chr1	8143141	snp	55	41	0.4231	0.3197	0.8182	0.439	-0.3792
Chr1	8143261	snp	72	50	0.3978	0.3033	0.6806	0.32	-0.3606
Chr1	8195407	indel	80	59	0.3913	0.3002	0.575	0.2203	-0.3547
Chr1	8209688	snp	52	41	0.4151	0.3227	0.8269	0.4878	-0.3391
Chr1	8210371	indel	99	87	0.3755	0.2887	0.6667	0.3333	-0.3333
Chr1	8258324	snp	37	23	0.4747	0.3608	0.2432	0.6087	0.3655
Chr1	8344892	snp	74	57	0.3907	0.3073	0.6757	0.3158	-0.3599
Chr1	8351086	snp	65	64	0.3954	0.3017	0.7077	0.3906	-0.3171
Chr1	8351127	snp	74	57	0.3907	0.3073	0.6892	0.3509	-0.3383
Chr1	8432876	snp	66	66	0.3939	0.303	0.6818	0.3636	-0.3182
Chr1	8440731	snp	65	68	0.3995	0.3093	0.7231	0.3971	-0.326
Chr1	8440784	snp	61	52	0.4001	0.3124	0.7705	0.4231	-0.3474
Chr1	8443093	indel	66	56	0.4113	0.3095	0.7727	0.4286	-0.3442
Chr1	8443094	snp	65	52	0.4154	0.3154	0.7846	0.4615	-0.3231
Chr1	8444399	indel	72	48	0.3958	0.3056	0.5833	0.2708	-0.3125
Chr1	8469892	snp	52	50	0.4138	0.3131	0.6538	0.32	-0.3338
Chr1	8471426	indel	89	43	0.3982	0.3044	0.5281	0.186	-0.342
Chr1	8471470	snp	79	40	0.4085	0.3082	0.5949	0.225	-0.3699
Chr1	8527720	snp	20	11	0.5682	0.4273	0.2	0.6364	0.4364
Chr1	8570199	snp	45	52	0.4021	0.3115	0.6	0.25	-0.35
Chr1	8648260	snp	84	58	0.3904	0.3021	0.7738	0.4483	-0.3255
Chr1	8687151	snp	37	26	0.4563	0.3524	0.2162	0.6538	0.4376
Chr1	8687340	snp	66	57	0.4091	0.3062	0.2727	0.5789	0.3062
Chr1	8712374	indel	44	43	0.4239	0.3319	0.1818	0.5349	0.3531
Chr1	8722512	snp	47	62	0.4104	0.3085	0.5745	0.2581	-0.3164
Chr1	8731533	snp	46	35	0.4373	0.3335	0.1739	0.5429	0.3689
Chr1	8740338	snp	32	13	0.5192	0.4087	0.1875	0.6154	0.4279
Chr1	8745177	indel	22	24	0.4811	0.3864	0.1364	0.5417	0.4053
Chr1	8748372	snp	83	74	0.3986	0.2963	0.2892	0.6351	0.346
Chr1	8748410	snp	69	55	0.3866	0.3033	0.7971	0.4364	-0.3607
Chr1	8749600	indel	36	33	0.4545	0.3535	0.0	0.3636	0.3636
Chr1	8753562	indel	39	35	0.4322	0.3385	0.5385	0.1714	-0.367
Chr1	8758418	indel	61	54	0.3922	0.3139	0.541	0.2037	-0.3373
Chr1	8785946	snp	92	81	0.3841	0.2947	0.5435	0.2469	-0.2966
Chr1	8788655	snp	60	62	0.3968	0.3086	0.7667	0.3871	-0.3796
Chr1	9087206	snp	57	30	0.4351	0.3333	0.6842	0.3333	-0.3509
Chr1	9087248	snp	54	43	0.4195	0.3226	0.7407	0.3721	-0.3686
Chr1	9113015	snp	52	37	0.4257	0.3295	0.8462	0.4865	-0.3597
Chr1	9118799	snp	46	47	0.3996	0.3122	0.6957	0.3617	-0.334
Chr1	9208003	indel	39	42	0.4267	0.3352	0.7692	0.4048	-0.3645
Chr1	9221850	snp	67	65	0.3952	0.3052	0.791	0.4769	-0.3141
Chr1	9239214	snp	34	22	0.4759	0.361	0.6471	0.2727	-0.3743
Chr1	9283972	snp	59	55	0.3895	0.3072	0.4746	0.1455	-0.3291
Chr1	9284050	snp	73	67	0.3827	0.2956	0.4932	0.194	-0.2991
Chr1	9295929	indel	53	55	0.412	0.3136	0.434	0.1091	-0.3249
Chr1	9391371	indel	122	47	0.3872	0.2989	0.7787	0.4681	-0.3106
Chr1	9468205	indel	57	85	0.3899	0.3018	0.614	0.3059	-0.3082
Chr1	9479582	snp	43	44	0.4239	0.3319	0.6512	0.2955	-0.3557
Chr1	9479594	indel	29	31	0.4638	0.356	0.6897	0.2903	-0.3993
Chr1	9493241	indel	17	9	0.5948	0.4771	0.5294	0.0	-0.5294
Chr1	9494225	indel	60	55	0.3955	0.3076	0.55	0.2182	-0.3318
Chr1	9516326	indel	84	48	0.3899	0.3065	0.5476	0.2292	-0.3185
Chr1	9522242	snp	90	63	0.3825	0.3	0.5778	0.2698	-0.3079
Chr1	9565629	indel	88	51	0.4062	0.303	0.5455	0.2157	-0.3298
Chr1	9565630	indel	87	60	0.3805	0.296	0.5632	0.2333	-0.3299
Chr1	9565755	snp	48	25	0.4492	0.345	0.6667	0.32	-0.3467
Chr1	9669482	snp	38	36	0.4327	0.3289	0.8158	0.4722	-0.3436
Chr1	9691089	snp	34	24	0.4779	0.3554	0.8824	0.4167	-0.4657
Chr1	9719039	snp	50	25	0.44	0.34	0.7	0.32	-0.38
Chr1	9774732	indel	28	22	0.4968	0.3701	0.4286	0.0	-0.4286
Chr1	9774758	indel	30	24	0.4667	0.3667	0.4667	0.0	-0.4667
Chr1	9788712	snp	10	22	0.5727	0.4455	0.7	0.0909	-0.6091
Chr1	9788790	snp	47	58	0.4039	0.3147	0.6596	0.2759	-0.3837
Chr1	9833520	snp	87	76	0.3852	0.2999	0.5747	0.1842	-0.3905
Chr1	9863156	snp	100	108	0.3852	0.2911	0.58	0.2778	-0.3022
Chr1	9871689	snp	70	80	0.3875	0.2982	0.5857	0.275	-0.3107
Chr1	9939264	snp	76	62	0.3867	0.2992	0.5789	0.2581	-0.3209
Chr1	9990151	indel	75	55	0.3976	0.297	0.68	0.3818	-0.2982
Chr1	9993662	indel	60	45	0.4	0.3111	0.6833	0.3111	-0.3722
Chr1	9999762	snp	20	34	0.4824	0.3676	0.4	0.0294	-0.3706
Chr1	9999958	snp	49	56	0.4107	0.3163	0.8163	0.4464	-0.3699
Chr1	10015099	snp	61	70	0.3684	0.2885	0.4426	0.1429	-0.2998
Chr1	10023445	indel	69	69	0.3768	0.2899	0.4928	0.1884	-0.3043
Chr1	10076701	snp	54	28	0.4497	0.3452	0.6111	0.25	-0.3611
Chr1	10076708	snp	57	26	0.4393	0.3414	0.614	0.1923	-0.4217
Chr1	10077086	snp	99	56	0.4012	0.3095	0.5657	0.2321	-0.3335
Chr1	10102670	snp	19	22	0.5096	0.3876	0.7368	0.3182	-0.4187
Chr1	10102674	indel	21	25	0.4971	0.3867	0.7143	0.32	-0.3943
Chr1	10106875	snp	58	46	0.4108	0.3081	0.4828	0.1087	-0.3741
Chr1	10128400	snp	32	18	0.4965	0.3785	0.7812	0.3889	-0.3924
Chr1	10154923	indel	59	49	0.4095	0.3172	0.4407	0.1224	-0.3182
Chr1	10210244	snp	56	49	0.4107	0.3163	0.6607	0.2041	-0.4566
Chr1	10245624	snp	54	57	0.3996	0.3012	0.5	0.1754	-0.3246
Chr1	10278852	snp	65	45	0.4137	0.3043	0.6	0.2889	-0.3111
Chr1	10288997	indel	54	48	0.4028	0.3194	0.4259	0.0833	-0.3426
Chr1	10296543	indel	50	63	0.3943	0.3073	0.32	0.0	-0.32
Chr1	10298177	indel	59	66	0.3901	0.3017	0.4237	0.1061	-0.3177
Chr1	10472989	snp	97	65	0.3826	0.296	0.6186	0.3077	-0.3109
Chr1	10533994	snp	53	63	0.3986	0.3073	0.6226	0.2698	-0.3528
Chr1	10536799	indel	71	42	0.4054	0.3156	0.5915	0.2619	-0.3296
Chr1	10561789	snp	60	69	0.3971	0.3058	0.7667	0.4058	-0.3609
Chr1	10682468	indel	104	67	0.3839	0.2913	0.4423	0.1343	-0.308
Chr1	10719036	snp	47	59	0.4053	0.3163	0.5106	0.1864	-0.3242
Chr1	10719079	snp	38	54	0.424	0.3294	0.4737	0.1296	-0.3441
Chr1	10721111	indel	80	58	0.3974	0.3082	0.4375	0.1207	-0.3168
Chr1	10757882	snp	58	32	0.4159	0.3147	0.8448	0.5	-0.3448
Chr1	10769916	indel	82	82	0.3902	0.2927	0.6707	0.3415	-0.3293
Chr1	10771620	snp	56	36	0.4206	0.3175	0.625	0.3056	-0.3194
Chr1	10771622	snp	58	37	0.4147	0.3234	0.6207	0.2973	-0.3234
Chr1	10804468	snp	20	21	0.5119	0.4095	0.65	0.2381	-0.4119
Chr1	10879254	snp	96	55	0.3812	0.2953	0.6354	0.3273	-0.3081
Chr1	10904825	snp	61	63	0.389	0.306	0.6885	0.381	-0.3076
Chr1	10913200	snp	45	32	0.434	0.3368	0.4	0.0625	-0.3375
Chr1	11030314	indel	81	79	0.3872	0.2996	0.5432	0.2152	-0.328
Chr1	11070494	snp	79	68	0.3833	0.2943	0.6076	0.2794	-0.3282
Chr1	11109611	snp	36	23	0.4614	0.3587	0.6111	0.2174	-0.3937
Chr1	11110016	snp	54	46	0.4211	0.3221	0.8519	0.5	-0.3519
Chr1	11119914	snp	43	41	0.426	0.3284	0.5116	0.1463	-0.3653
Chr1	11124628	snp	80	66	0.3883	0.297	0.575	0.2273	-0.3477
Chr1	11124643	snp	79	68	0.3833	0.2943	0.557	0.2353	-0.3217
Chr1	11145069	snp	71	59	0.3903	0.3001	0.6338	0.2881	-0.3457
Chr1	11152463	snp	70	68	0.3937	0.3063	0.5429	0.2206	-0.3223
Chr1	11152467	indel	79	68	0.3833	0.2943	0.6203	0.2206	-0.3997
Chr1	11152576	snp	50	25	0.44	0.34	0.78	0.36	-0.42
Chr1	11152602	snp	40	25	0.46	0.345	0.875	0.48	-0.395
Chr1	11199151	snp	112	58	0.3867	0.3057	0.5893	0.2759	-0.3134
Chr1	11393552	snp	60	56	0.4024	0.3083	0.8	0.4643	-0.3357
Chr1	11405737	snp	57	26	0.4393	0.3414	0.5263	0.1538	-0.3725
Chr1	11606324	snp	69	48	0.3913	0.3062	0.5217	0.1667	-0.3551
Chr1	11606430	snp	61	47	0.3973	0.3136	0.541	0.2128	-0.3282
Chr1	11630211	snp	63	70	0.3857	0.2984	0.5397	0.2	-0.3397
Chr1	11729769	snp	78	45	0.4017	0.312	0.6154	0.2667	-0.3487
Chr1	11894847	snp	73	67	0.3827	0.2956	0.5479	0.209	-0.339
Chr1	13036135	snp	80	49	0.4018	0.3089	0.625	0.2041	-0.4209
Chr1	13046500	snp	53	41	0.4188	0.3267	0.6981	0.2683	-0.4298
Chr1	13622369	indel	117	120	0.3658	0.2761	0.5726	0.2917	-0.281
Chr1	13662890	snp	43	34	0.4501	0.3399	0.7907	0.3529	-0.4378
Chr1	13663198	snp	31	27	0.4636	0.3584	0.6129	0.1481	-0.4648
Chr1	13668502	snp	59	52	0.4188	0.3126	0.7458	0.4231	-0.3227
Chr1	13675594	snp	57	27	0.4405	0.3372	0.7719	0.3333	-0.4386
Chr1	13695317	snp	20	23	0.5022	0.3957	0.85	0.4348	-0.4152
Chr1	13699654	snp	53	47	0.4095	0.3107	0.9245	0.5745	-0.3501
Chr1	13736688	snp	69	80	0.3982	0.3042	0.5942	0.275	-0.3192
Chr1	13747660	snp	79	79	0.3797	0.3038	0.5696	0.2658	-0.3038
Chr1	13758792	snp	81	73	0.3749	0.2982	0.5679	0.2466	-0.3213
Chr1	13773352	snp	72	78	0.3825	0.2917	0.4306	0.1282	-0.3024
Chr1	13773377	snp	67	65	0.3952	0.3052	0.3881	0.0769	-0.3111
Chr1	13866546	snp	76	73	0.3796	0.294	0.5921	0.2603	-0.3318
Chr1	14153042	snp	92	73	0.3778	0.2895	0.5109	0.2192	-0.2917
Chr1	14573947	snp	68	38	0.4187	0.3166	0.7794	0.3947	-0.3847
Chr1	14601102	snp	79	38	0.4027	0.3141	0.5823	0.2632	-0.3191
Chr1	14603271	snp	48	43	0.4157	0.3154	0.5625	0.2326	-0.3299
Chr1	14785877	snp	68	61	0.3927	0.3028	0.5882	0.2787	-0.3095
Chr1	14845918	snp	60	47	0.4004	0.3124	0.8167	0.4894	-0.3273
Chr1	14847933	indel	15	20	0.5333	0.4167	0.2667	0.85	0.5833
Chr1	14861432	snp	44	31	0.4274	0.3328	0.8182	0.4839	-0.3343
Chr1	14861772	snp	90	57	0.3842	0.3064	0.7333	0.3333	-0.4
Chr1	14871344	snp	85	61	0.3965	0.3049	0.6353	0.2951	-0.3402
Chr1	15020070	snp	60	33	0.4273	0.3364	0.5167	0.1515	-0.3652
Chr1	15083624	snp	57	53	0.4012	0.3174	0.5263	0.2075	-0.3188
Chr1	15554968	snp	55	29	0.4332	0.3348	0.6545	0.2414	-0.4132
Chr1	15556735	snp	63	75	0.3886	0.301	0.7143	0.4133	-0.301
Chr1	15593366	snp	48	46	0.4058	0.317	0.7708	0.4348	-0.3361
Chr1	15727474	indel	92	64	0.3947	0.305	0.4022	0.0781	-0.324
Chr1	16153432	snp	43	37	0.4318	0.3344	0.6047	0.9459	0.3413
Chr1	16211071	snp	27	23	0.4799	0.38	0.5926	0.1304	-0.4622
Chr1	16407377	snp	54	53	0.4196	0.3113	0.6296	0.3019	-0.3277
Chr1	16427603	snp	78	75	0.3831	0.2954	0.5513	0.2533	-0.2979
Chr1	16520684	snp	54	69	0.3953	0.3076	0.5556	0.2174	-0.3382
Chr1	16643334	snp	25	25	0.48	0.36	0.6	0.2	-0.4
Chr1	16651986	indel	56	58	0.3867	0.3017	0.4464	0.1379	-0.3085
Chr1	16652009	indel	51	53	0.404	0.3111	0.549	0.2075	-0.3415
Chr1	16652058	snp	35	33	0.4416	0.3472	0.6857	0.1515	-0.5342
Chr1	16682911	snp	34	26	0.457	0.3507	0.8824	0.3077	-0.5747
Chr1	16682949	snp	47	37	0.4204	0.3255	0.7021	0.3514	-0.3508
Chr1	16689617	indel	97	99	0.3679	0.2852	0.5258	0.2222	-0.3036
Chr1	16727833	indel	43	24	0.4564	0.3508	0.5814	0.9583	0.3769
Chr1	16772960	indel	58	47	0.4039	0.3147	0.6897	0.3191	-0.3705
Chr1	17016913	snp	58	54	0.4183	0.3123	0.7586	0.4259	-0.3327
Chr1	17027411	snp	43	26	0.4517	0.3435	0.8605	0.5	-0.3605
Chr1	17143045	snp	85	83	0.3955	0.2991	0.5176	0.2169	-0.3008
Chr1	17207238	snp	97	79	0.371	0.2862	0.5361	0.2278	-0.3082
Chr1	17565091	indel	21	16	0.5149	0.4048	0.8095	0.0	-0.8095
Chr1	17751400	indel	63	35	0.419	0.3206	0.4444	0.1143	-0.3302
Chr1	17857053	indel	15	10	0.5667	0.4667	1.0	0.0	-1.0
Chr1	17883493	indel	25	50	0.44	0.34	1.0	0.32	-0.68
Chr1	17925306	snp	56	54	0.4167	0.3075	0.7857	0.4259	-0.3598
Chr1	17979520	indel	27	17	0.5054	0.3943	0.7778	0.1765	-0.6013
Chr1	18109604	snp	34	26	0.457	0.3507	0.6471	0.1154	-0.5317
Chr1	18326950	snp	43	48	0.4157	0.3154	0.7442	0.375	-0.3692
Chr1	18378115	indel	22	22	0.5	0.3636	0.6364	0.2727	-0.3636
Chr1	18775806	snp	62	36	0.4113	0.319	0.7742	0.4444	-0.3297
Chr1	19164606	indel	67	65	0.3952	0.3052	0.5373	0.2308	-0.3065
Chr1	19213742	indel	35	35	0.4286	0.3429	0.9429	0.6	-0.3429
Chr1	19216125	snp	57	66	0.4091	0.3062	0.5965	0.2879	-0.3086
Chr1	19233690	indel	54	54	0.3889	0.2963	0.6296	0.3333	-0.2963
Chr1	19239227	indel	56	54	0.4167	0.3075	0.6429	0.3333	-0.3095
Chr1	19270531	snp	32	43	0.4477	0.3459	0.8125	0.4419	-0.3706
Chr1	19278055	indel	40	50	0.415	0.325	0.675	0.34	-0.335
Chr1	19466969	snp	24	14	0.5238	0.4107	0.7917	0.3571	-0.4345
Chr1	19526704	snp	60	72	0.3889	0.2972	0.5667	0.2639	-0.3028
Chr1	19762916	snp	74	84	0.3877	0.2876	0.6351	0.3333	-0.3018
Chr1	19773942	snp	62	56	0.3992	0.3059	0.7419	0.3929	-0.3491
Chr1	20103521	snp	58	43	0.4166	0.3228	0.4828	0.1395	-0.3432
Chr1	20129741	snp	55	64	0.4045	0.3108	0.6182	0.2812	-0.3369
Chr1	20406462	snp	37	36	0.4279	0.3408	0.8919	0.5	-0.3919
Chr1	20591974	snp	39	60	0.4231	0.3192	0.8718	0.5333	-0.3385
Chr1	20591995	snp	45	57	0.4175	0.3135	0.8667	0.5263	-0.3404
Chr1	20612297	snp	71	64	0.3853	0.3008	0.7042	0.3906	-0.3136
Chr1	20829457	snp	95	80	0.3737	0.2882	0.4947	0.175	-0.3197
Chr1	20892992	snp	27	46	0.4388	0.343	0.2222	0.5652	0.343
Chr1	20911106	snp	80	45	0.4056	0.3111	0.5	0.1778	-0.3222
Chr1	21002042	snp	52	44	0.4161	0.3112	0.7885	0.4773	-0.3112
Chr1	21009063	snp	66	78	0.3939	0.3007	0.6515	0.3205	-0.331
Chr1	21295222	snp	45	35	0.4349	0.3302	0.8	0.4571	-0.3429
Chr1	21325839	indel	22	13	0.542	0.4231	0.9091	0.3077	-0.6014
Chr1	21364009	indel	21	17	0.5266	0.4062	0.9524	0.1176	-0.8347
Chr1	21418906	snp	53	41	0.4188	0.3267	0.717	0.3902	-0.3267
Chr1	21418915	indel	45	34	0.4176	0.3294	0.7556	0.4118	-0.3438
Chr1	21508484	snp	44	45	0.4157	0.3253	0.6591	0.3111	-0.348
Chr1	21552047	snp	56	43	0.412	0.314	0.6786	0.3488	-0.3297
Chr1	21557054	snp	43	54	0.4195	0.3226	0.5581	0.1852	-0.373
Chr1	21563548	snp	73	36	0.4212	0.3128	0.4521	0.1389	-0.3132
Chr1	21616531	snp	50	78	0.3867	0.2995	0.64	0.3333	-0.3067
Chr1	21627095	snp	43	29	0.4451	0.3416	0.907	0.5517	-0.3553
Chr1	21676047	snp	46	44	0.4229	0.3281	0.8043	0.4545	-0.3498
Chr1	21939683	snp	53	42	0.4182	0.323	0.7925	0.4524	-0.3401
Chr1	21945727	snp	52	32	0.4303	0.3293	0.8077	0.375	-0.4327
Chr1	21948191	snp	69	57	0.4066	0.3051	0.7101	0.386	-0.3242
Chr1	21957165	snp	103	83	0.3754	0.2917	0.5631	0.253	-0.3101
Chr1	22052963	indel	36	42	0.4444	0.3333	0.8611	0.4524	-0.4087
Chr1	22126627	indel	52	60	0.4064	0.3051	0.75	0.4333	-0.3167
Chr1	22189110	indel	70	74	0.3973	0.3012	0.6571	0.3378	-0.3193
Chr1	22298125	snp	70	82	0.385	0.2972	0.6429	0.3415	-0.3014
Chr1	22761180	indel	83	58	0.4076	0.3041	0.5422	0.2241	-0.318
Chr1	22879332	snp	66	55	0.4091	0.3061	0.6515	0.3273	-0.3242
Chr1	22979632	snp	58	43	0.4166	0.3228	0.7931	0.3953	-0.3978
Chr1	23031811	snp	49	33	0.4317	0.3302	0.8571	0.3939	-0.4632
Chr1	23041273	snp	52	37	0.4257	0.3295	0.7115	0.3784	-0.3332
Chr1	23066693	indel	82	89	0.3872	0.2923	0.6341	0.3146	-0.3195
Chr1	23069233	snp	35	26	0.4648	0.3505	0.8571	0.4615	-0.3956
Chr1	23069242	indel	31	25	0.4774	0.3652	1.0	0.44	-0.56
Chr1	23116011	snp	57	58	0.3911	0.3043	0.7018	0.3793	-0.3224
Chr1	23380699	snp	67	59	0.3795	0.3008	0.597	0.2881	-0.3089
Chr1	23412659	snp	46	37	0.4313	0.3325	0.6304	0.2162	-0.4142
Chr1	23412664	indel	45	37	0.4312	0.3327	0.6222	0.2162	-0.406
Chr1	23427619	snp	56	36	0.4206	0.3175	0.875	0.5278	-0.3472
Chr1	23490046	snp	61	48	0.4177	0.321	0.7213	0.3542	-0.3671
Chr1	23528576	indel	63	33	0.4214	0.3319	0.8889	0.5455	-0.3434
Chr1	23534304	snp	95	90	0.383	0.2947	0.5368	0.2333	-0.3035
Chr1	23579537	snp	56	34	0.4097	0.3204	0.7679	0.4118	-0.3561
Chr1	23725618	snp	59	47	0.4053	0.3163	0.5593	0.2128	-0.3466
Chr1	23759851	snp	67	56	0.4067	0.3084	0.4776	0.1429	-0.3348
Chr1	23923218	snp	81	78	0.3827	0.2934	0.5926	0.2949	-0.2977
Chr1	23929032	snp	45	43	0.4088	0.3178	0.7556	0.3721	-0.3835
Chr1	23929044	snp	45	41	0.4228	0.3274	0.7778	0.439	-0.3388
Chr1	23932362	snp	83	64	0.3934	0.302	0.6024	0.2812	-0.3212
Chr1	23953889	snp	82	41	0.4024	0.3171	0.878	0.5122	-0.3659
Chr1	23955545	snp	44	33	0.4318	0.3409	0.7045	0.3636	-0.3409
Chr1	23955582	indel	52	44	0.4161	0.3112	0.6731	0.3182	-0.3549
Chr1	23960210	snp	62	61	0.4146	0.316	0.4677	0.1475	-0.3202
Chr1	24021042	indel	111	91	0.3739	0.286	0.5676	0.2198	-0.3478
Chr1	24021094	snp	102	102	0.3824	0.2941	0.5196	0.2255	-0.2941
Chr1	24033641	snp	88	53	0.3949	0.3006	0.5341	0.2264	-0.3077
Chr1	24042386	snp	41	58	0.4142	0.3238	0.6585	0.3276	-0.331
Chr1	24085906	snp	46	54	0.4211	0.3221	0.8043	0.4259	-0.3784
Chr1	24120025	snp	55	35	0.4286	0.3299	0.8	0.4	-0.4
Chr1	24120049	snp	60	32	0.4292	0.325	0.8	0.4062	-0.3938
Chr1	24128538	snp	79	81	0.3872	0.2996	0.5063	0.1852	-0.3211
Chr1	24167124	snp	47	37	0.4204	0.3255	0.7447	0.3784	-0.3663
Chr1	24170367	snp	68	73	0.3995	0.2996	0.5441	0.2055	-0.3386
Chr1	24200767	indel	71	87	0.3902	0.2979	0.5493	0.2414	-0.3079
Chr1	24255691	snp	79	58	0.3826	0.2997	0.6962	0.3276	-0.3686
Chr1	24270525	indel	34	12	0.5343	0.4167	1.0	0.5	-0.5
Chr1	24283048	indel	51	29	0.4348	0.3313	0.451	0.069	-0.382
Chr1	24290310	snp	85	84	0.3852	0.3014	0.5882	0.2738	-0.3144
Chr1	24302804	indel	57	36	0.4137	0.3304	0.8772	0.5	-0.3772
Chr1	24302821	snp	64	41	0.4123	0.3236	0.7969	0.4634	-0.3335
Chr1	24345710	indel	92	90	0.3729	0.285	0.5652	0.2667	-0.2986
Chr1	24354754	snp	41	33	0.4405	0.3385	0.7561	0.3939	-0.3622
Chr1	24360904	snp	42	47	0.4189	0.3262	0.8571	0.5106	-0.3465
Chr1	24360910	snp	42	44	0.4188	0.3247	0.881	0.5455	-0.3355
Chr1	24381261	snp	95	78	0.3628	0.2864	0.6526	0.3462	-0.3065
Chr1	24384202	snp	90	80	0.3778	0.2958	0.5333	0.2375	-0.2958
Chr1	24419871	snp	72	52	0.406	0.3109	0.5	0.1538	-0.3462
Chr1	24462002	snp	83	92	0.368	0.2881	0.5422	0.25	-0.2922
Chr1	24549911	snp	69	51	0.3964	0.3009	0.5217	0.2157	-0.3061
Chr1	24560651	snp	92	103	0.3776	0.2844	0.5326	0.2233	-0.3093
Chr1	24586951	snp	51	30	0.4333	0.3333	0.7843	0.4333	-0.351
Chr1	24709119	snp	46	24	0.4438	0.3406	0.8043	0.4167	-0.3877
Chr1	24728527	snp	61	71	0.3999	0.3059	0.5902	0.2817	-0.3085
Chr1	24728689	indel	74	83	0.3986	0.2963	0.6622	0.3494	-0.3128
Chr1	24817784	snp	59	56	0.3977	0.3057	0.4746	0.125	-0.3496
Chr1	24871978	indel	72	70	0.394	0.2976	0.5	0.1429	-0.3571
Chr1	24987282	indel	52	24	0.4423	0.3429	0.75	0.2083	-0.5417
Chr1	24987321	snp	29	14	0.5419	0.4039	0.9655	0.4286	-0.5369
Chr1	24987653	snp	94	57	0.3863	0.2986	0.5106	0.2105	-0.3001
Chr1	25078204	snp	45	24	0.4528	0.3417	0.7111	0.2083	-0.5028
Chr1	25078280	snp	55	45	0.4141	0.3152	0.6	0.2667	-0.3333
Chr1	25079900	indel	60	53	0.3981	0.3082	0.6833	0.3585	-0.3248
Chr1	25215897	snp	51	47	0.4113	0.3179	0.7647	0.4468	-0.3179
Chr1	25218439	snp	77	63	0.3939	0.3045	0.6234	0.3016	-0.3218
Chr1	25247654	indel	76	73	0.3796	0.294	0.4868	0.1781	-0.3088
Chr1	25332111	snp	62	38	0.4244	0.3192	0.629	0.1316	-0.4975
Chr1	25618906	snp	84	67	0.3889	0.2964	0.5714	0.209	-0.3625
Chr1	25784922	snp	71	56	0.3979	0.3058	0.5634	0.2321	-0.3312
Chr1	25791373	snp	39	14	0.5037	0.3956	0.9231	0.4286	-0.4945
Chr1	25797858	snp	62	62	0.4032	0.3065	0.6774	0.3548	-0.3226
Chr1	26250927	snp	69	69	0.3768	0.2899	0.5362	0.1449	-0.3913
Chr1	26265100	snp	84	95	0.3797	0.2932	0.5	0.1895	-0.3105
Chr1	26452685	indel	38	35	0.4316	0.3391	0.8947	0.4286	-0.4662
Chr1	26883410	snp	60	53	0.3981	0.3082	0.3667	0.0566	-0.3101
Chr1	26883471	indel	89	57	0.3844	0.2973	0.4831	0.1579	-0.3253
Chr1	27682027	indel	32	33	0.4479	0.3542	0.2812	0.697	0.4157
Chr1	27812877	snp	32	44	0.4233	0.3267	0.2188	0.5455	0.3267
Chr1	27848646	snp	53	50	0.4147	0.3192	0.8491	0.5	-0.3491
Chr1	27848867	snp	23	27	0.4799	0.38	0.7391	0.3333	-0.4058
Chr1	28224200	indel	38	27	0.4513	0.345	0.3421	0.7407	0.3986
Chr1	28252748	snp	58	39	0.4244	0.3223	0.5172	0.1538	-0.3634
Chr1	28476492	snp	49	59	0.4095	0.3172	0.4898	0.1695	-0.3203
Chr1	29206466	snp	29	17	0.4888	0.3854	0.6207	0.1176	-0.503
Chr1	29415238	snp	21	21	0.5238	0.381	0.6667	0.2381	-0.4286
Chr1	29415274	indel	22	30	0.4606	0.3697	0.6364	0.2667	-0.3697
Chr1	29934488	snp	66	57	0.4091	0.3062	0.9394	0.5965	-0.3429
Chr1	30088375	snp	49	56	0.4107	0.3163	0.5102	0.8393	0.3291
Chr1	30815704	indel	54	59	0.3927	0.3107	0.3148	0.6441	0.3293
Chr1	31024798	indel	69	64	0.3775	0.305	0.5072	0.1562	-0.351
Chr1	32670729	indel	24	11	0.5265	0.4356	0.5417	0.0909	-0.4508
Chr1	32744881	snp	46	35	0.4373	0.3335	0.7609	0.3714	-0.3894
Chr1	33036712	indel	42	23	0.4534	0.3468	0.4048	0.0435	-0.3613
Chr1	33156339	snp	75	65	0.3856	0.2995	0.4933	0.8154	0.3221
Chr2	325694	snp	52	59	0.4188	0.3126	0.1923	0.5085	0.3162
Chr2	592011	indel	47	60	0.4004	0.3124	0.5532	0.9	0.3468
Chr2	604485	indel	88	59	0.3831	0.2978	0.4432	0.7627	0.3195
Chr2	921196	indel	12	18	0.5556	0.4444	0.0	0.7778	0.7778
Chr2	943446	snp	66	45	0.4091	0.3121	0.4848	0.8222	0.3374
Chr2	945147	snp	52	39	0.4231	0.3205	0.2692	0.6923	0.4231
Chr2	1077044	snp	27	34	0.4608	0.3573	0.8519	0.4412	-0.4107
Chr2	1715525	indel	41	28	0.4477	0.3467	0.439	0.8214	0.3824
Chr2	2465965	indel	12	19	0.5614	0.4342	0.8333	0.2632	-0.5702
Chr2	2470774	snp	53	31	0.44	0.3408	0.6792	0.2581	-0.4212
Chr2	2755780	snp	67	55	0.3989	0.3113	0.6418	0.3273	-0.3145
Chr2	2755903	snp	25	27	0.4637	0.3526	0.56	0.1852	-0.3748
Chr2	2792024	indel	80	85	0.3949	0.2993	0.9	0.5176	-0.3824
Chr2	2797051	snp	32	29	0.4741	0.3524	0.9062	0.5172	-0.389
Chr2	2798674	indel	43	40	0.4244	0.3262	0.8837	0.55	-0.3337
Chr2	2809131	indel	46	40	0.4391	0.3293	0.4565	0.1	-0.3565
Chr2	2828031	snp	48	35	0.4065	0.3161	0.5833	0.2571	-0.3262
Chr2	2835567	indel	59	51	0.3981	0.3081	0.6441	0.3137	-0.3303
Chr2	2835582	snp	49	44	0.4235	0.3256	0.6531	0.3182	-0.3349
Chr2	2907555	snp	28	12	0.5238	0.4167	0.6071	0.0833	-0.5238
Chr2	3024900	snp	97	82	0.3867	0.2948	0.5979	0.2927	-0.3053
Chr2	3032098	snp	59	60	0.4099	0.3102	0.5424	0.2167	-0.3257
Chr2	3058369	snp	93	65	0.3896	0.2991	0.6237	0.3231	-0.3006
Chr2	3072659	snp	30	29	0.4575	0.3563	0.4667	0.069	-0.3977
Chr2	3091638	snp	26	29	0.4629	0.3554	0.8846	0.4828	-0.4019
Chr2	3092112	snp	44	40	0.4227	0.3295	0.8182	0.425	-0.3932
Chr2	3118009	snp	77	60	0.39	0.2996	0.4675	0.1667	-0.3009
Chr2	3122889	snp	82	84	0.3746	0.2979	0.561	0.2262	-0.3348
Chr2	3147979	snp	70	37	0.4154	0.3216	0.5714	0.2432	-0.3282
Chr2	3158007	indel	104	88	0.3785	0.2885	0.625	0.2614	-0.3636
Chr2	3160580	indel	35	46	0.4373	0.3335	0.9143	0.5652	-0.3491
Chr2	3167436	snp	66	45	0.4091	0.3121	0.7121	0.3778	-0.3343
Chr2	3199729	snp	54	79	0.3863	0.3036	0.5	0.1772	-0.3228
Chr2	3210343	indel	53	49	0.4109	0.3246	0.5283	0.1224	-0.4059
Chr2	3210353	snp	56	54	0.4167	0.3075	0.5	0.1667	-0.3333
Chr2	3243442	snp	65	49	0.3959	0.3039	0.4923	0.1837	-0.3086
Chr2	3253225	snp	72	91	0.3718	0.2924	0.5417	0.2418	-0.2999
Chr2	3287105	snp	65	65	0.4	0.3077	0.7385	0.3846	-0.3538
Chr2	3287270	snp	58	45	0.4008	0.3123	0.6379	0.3111	-0.3268
Chr2	3321881	snp	65	69	0.4062	0.3137	0.7077	0.3913	-0.3164
Chr2	3342031	snp	75	68	0.3914	0.3004	0.7333	0.3971	-0.3363
Chr2	3370750	snp	64	55	0.4045	0.3108	0.6406	0.3091	-0.3315
Chr2	3383657	snp	74	64	0.3932	0.2998	0.7973	0.4844	-0.3129
Chr2	3386509	snp	68	76	0.3947	0.298	0.6324	0.2895	-0.3429
Chr2	3386524	snp	66	71	0.3807	0.2951	0.6667	0.3099	-0.3568
Chr2	3423918	snp	76	66	0.3892	0.2994	0.75	0.3485	-0.4015
Chr2	3425585	snp	108	107	0.3761	0.2832	0.6204	0.3084	-0.312
Chr2	3428334	snp	71	89	0.3923	0.2964	0.5775	0.2247	-0.3527
Chr2	3429667	snp	85	82	0.3867	0.2917	0.6471	0.3415	-0.3056
Chr2	3451641	snp	89	73	0.3977	0.2969	0.7079	0.411	-0.2969
Chr2	3455918	indel	53	47	0.4095	0.3107	0.7547	0.4043	-0.3505
Chr2	3455998	snp	39	33	0.4242	0.3333	0.9231	0.4848	-0.4382
Chr2	3458727	indel	89	50	0.3942	0.2969	0.5056	0.12	-0.3856
Chr2	3470489	snp	70	41	0.4066	0.3174	0.7286	0.3415	-0.3871
Chr2	3470755	snp	59	39	0.4216	0.3272	0.7966	0.3333	-0.4633
Chr2	3480945	snp	52	48	0.4038	0.3157	0.7115	0.375	-0.3365
Chr2	3548040	snp	68	52	0.4106	0.3156	0.7941	0.4231	-0.371
Chr2	3559922	indel	30	57	0.4351	0.3333	1.0	0.5439	-0.4561
Chr2	3565275	snp	40	22	0.4523	0.3568	0.65	0.2273	-0.4227
Chr2	3565578	snp	46	25	0.4626	0.3504	0.6087	0.24	-0.3687
Chr2	3565579	snp	45	25	0.4578	0.3511	0.6	0.24	-0.36
Chr2	3599535	snp	45	50	0.4133	0.3267	0.5778	0.2	-0.3778
Chr2	3736902	snp	81	57	0.4003	0.3067	0.716	0.4035	-0.3125
Chr2	3765208	snp	91	82	0.3799	0.2873	0.5604	0.2683	-0.2921
Chr2	3768410	snp	65	70	0.3923	0.3066	0.3692	0.0286	-0.3407
Chr2	3768513	indel	108	83	0.3784	0.2867	0.5833	0.2169	-0.3665
Chr2	3786522	snp	82	51	0.4101	0.3109	0.6341	0.3137	-0.3204
Chr2	3786649	snp	60	59	0.4099	0.3102	0.6833	0.3051	-0.3782
Chr2	3801037	snp	101	94	0.386	0.2903	0.5842	0.2553	-0.3288
Chr2	3815420	snp	94	60	0.3872	0.2975	0.6064	0.3	-0.3064
Chr2	3823726	snp	61	41	0.4042	0.3147	0.6066	0.1951	-0.4114
Chr2	3833854	snp	86	93	0.3742	0.2884	0.6047	0.2581	-0.3466
Chr2	3837406	snp	57	56	0.4154	0.3108	0.5263	0.2143	-0.312
Chr2	3842409	snp	83	78	0.3716	0.2955	0.5542	0.2436	-0.3106
Chr2	3844297	snp	63	51	0.4071	0.3119	0.6032	0.2549	-0.3483
Chr2	3848599	snp	93	85	0.3766	0.2886	0.5699	0.2706	-0.2993
Chr2	3889414	snp	100	119	0.3823	0.2903	0.66	0.3361	-0.3239
Chr2	3913216	snp	24	28	0.4702	0.3631	0.5833	0.1429	-0.4405
Chr2	3919787	snp	48	34	0.435	0.3309	0.7292	0.3824	-0.3468
Chr2	3923852	indel	65	59	0.4044	0.3056	0.5077	0.1525	-0.3551
Chr2	3924471	snp	39	35	0.4322	0.3385	0.6923	0.2571	-0.4352
Chr2	3932801	snp	36	29	0.4607	0.3429	0.6389	0.2759	-0.363
Chr2	3943274	snp	13	23	0.5318	0.4214	0.6154	0.1739	-0.4415
Chr2	3943274	indel	13	24	0.5481	0.4135	0.6154	0.1667	-0.4487
Chr2	3944394	snp	26	34	0.457	0.3507	0.8077	0.4118	-0.3959
Chr2	3949330	indel	90	97	0.3597	0.2781	0.6111	0.299	-0.3121
Chr2	3959898	snp	35	39	0.4322	0.3385	0.7429	0.3077	-0.4352
Chr2	3963218	snp	11	23	0.5573	0.4269	0.8182	0.2609	-0.5573
Chr2	3963230	snp	8	23	0.6087	0.4783	0.875	0.2609	-0.6141
Chr2	3963238	snp	10	17	0.5882	0.4471	0.9	0.3529	-0.5471
Chr2	3969477	snp	91	61	0.387	0.2987	0.6703	0.2951	-0.3752
Chr2	3969569	snp	62	47	0.4104	0.3085	0.5645	0.234	-0.3305
Chr2	3990087	indel	48	34	0.435	0.3309	0.5833	0.2353	-0.348
Chr2	3991987	indel	67	62	0.395	0.3091	0.5075	0.1774	-0.33
Chr2	3998813	snp	70	67	0.4009	0.3119	0.6429	0.2836	-0.3593
Chr2	4006320	snp	27	22	0.4848	0.3771	0.5926	0.1364	-0.4562
Chr2	4006351	snp	10	20	0.6	0.45	0.8	0.1	-0.7
Chr2	4007112	indel	27	25	0.4637	0.3526	0.6296	0.2	-0.4296
Chr2	4013216	snp	57	57	0.4035	0.3158	0.6316	0.3158	-0.3158
Chr2	4017531	snp	71	77	0.3806	0.2983	0.6056	0.2987	-0.3069
Chr2	4020615	snp	46	40	0.4391	0.3293	0.5652	0.225	-0.3402
Chr2	4020650	snp	59	41	0.4117	0.3154	0.661	0.1951	-0.4659
Chr2	4020725	snp	53	35	0.4216	0.3186	0.6415	0.1429	-0.4987
Chr2	4020761	snp	48	30	0.4292	0.3333	0.7917	0.4333	-0.3583
Chr2	4046066	indel	76	90	0.3813	0.2892	0.5658	0.2556	-0.3102
Chr2	4075891	snp	38	34	0.4427	0.3375	0.7105	0.3235	-0.387
Chr2	4080409	snp	33	18	0.4798	0.3788	0.7273	0.3333	-0.3939
Chr2	4090570	indel	74	52	0.4038	0.3119	0.5811	0.2692	-0.3119
Chr2	4134807	snp	71	54	0.4051	0.3161	0.8592	0.5185	-0.3406
Chr2	4136195	indel	58	44	0.3997	0.3143	0.8448	0.5227	-0.3221
Chr2	4146269	snp	44	19	0.4641	0.3589	0.7727	0.3684	-0.4043
Chr2	4171686	indel	31	15	0.5097	0.4065	1.0	0.0667	-0.9333
Chr2	4201377	snp	65	63	0.3927	0.3028	0.6769	0.2698	-0.4071
Chr2	4215999	indel	44	38	0.4258	0.3313	0.7273	0.3947	-0.3325
Chr2	4216163	snp	14	10	0.5857	0.4571	0.5714	0.1	-0.4714
Chr2	4223827	indel	100	94	0.3715	0.2915	0.64	0.3085	-0.3315
Chr2	4224560	snp	74	79	0.3744	0.2951	0.7838	0.4304	-0.3534
Chr2	4224693	snp	75	79	0.3889	0.2908	0.8	0.5063	-0.2937
Chr2	4225367	snp	66	68	0.4015	0.3115	0.697	0.3529	-0.344
Chr2	4245462	snp	60	63	0.4008	0.3032	0.5833	0.2222	-0.3611
Chr2	4248115	snp	38	20	0.4895	0.3579	0.6579	0.3	-0.3579
Chr2	4248119	indel	32	25	0.4562	0.3588	0.8125	0.4	-0.4125
Chr2	4249248	snp	72	70	0.394	0.2976	0.7778	0.4429	-0.3349
Chr2	4251934	snp	57	41	0.4129	0.3145	0.6842	0.3659	-0.3184
Chr2	4254189	snp	52	49	0.4223	0.3214	0.75	0.4286	-0.3214
Chr2	4254293	indel	44	21	0.4665	0.3506	0.4545	0.0	-0.4545
Chr2	4266861	snp	49	53	0.4109	0.3246	0.7143	0.3396	-0.3747
Chr2	4284478	indel	78	80	0.3798	0.2901	0.7179	0.425	-0.2929
Chr2	4285438	indel	60	48	0.4042	0.3083	0.7833	0.3958	-0.3875
Chr2	4296707	snp	58	26	0.4416	0.3355	0.931	0.5769	-0.3541
Chr2	4301823	indel	51	70	0.4095	0.3098	0.8235	0.4714	-0.3521
Chr2	4301874	snp	41	52	0.4151	0.3227	0.9268	0.5769	-0.3499
Chr2	4302814	indel	63	43	0.4227	0.3189	0.7778	0.4186	-0.3592
Chr2	4308552	snp	73	70	0.3838	0.2969	0.6849	0.3286	-0.3564
Chr2	4311215	indel	64	64	0.3906	0.3125	0.7656	0.4219	-0.3438
Chr2	4311222	snp	61	56	0.4031	0.3106	0.7705	0.3929	-0.3776
Chr2	4314445	indel	80	100	0.38	0.29	0.675	0.38	-0.295
Chr2	4316694	indel	58	69	0.3991	0.3073	0.5345	0.1884	-0.3461
Chr2	4326330	snp	70	66	0.4004	0.3052	0.7714	0.4545	-0.3169
Chr2	4328018	snp	91	92	0.3653	0.2787	0.6484	0.3696	-0.2788
Chr2	4328731	indel	57	55	0.4096	0.3193	0.7895	0.4364	-0.3531
Chr2	4333403	indel	95	101	0.3835	0.2918	0.5789	0.2673	-0.3116
Chr2	4333417	snp	86	83	0.3853	0.291	0.6163	0.2289	-0.3874
Chr2	4343613	snp	88	84	0.3701	0.2922	0.6477	0.3452	-0.3025
Chr2	4345108	snp	72	79	0.382	0.3036	0.7222	0.4051	-0.3172
Chr2	4347615	snp	54	55	0.4125	0.3047	0.7778	0.4182	-0.3596
Chr2	4365703	indel	95	90	0.383	0.2947	0.7158	0.3111	-0.4047
Chr2	4365712	indel	90	91	0.3698	0.2921	0.6778	0.3077	-0.3701
Chr2	4367419	snp	63	48	0.4167	0.3185	0.619	0.2917	-0.3274
Chr2	4379445	indel	64	80	0.3937	0.3031	0.6875	0.3625	-0.325
Chr2	4379483	indel	77	85	0.3824	0.2923	0.7403	0.4	-0.3403
Chr2	4379487	snp	57	74	0.3907	0.3073	0.6667	0.3243	-0.3423
Chr2	4380918	snp	62	54	0.3996	0.2933	0.7419	0.3704	-0.3716
Chr2	4382172	snp	89	85	0.3811	0.2924	0.7528	0.4353	-0.3175
Chr2	4383528	snp	63	63	0.3968	0.3016	0.7937	0.4921	-0.3016
Chr2	4390974	indel	27	18	0.4815	0.3704	0.4815	0.0556	-0.4259
Chr2	4392145	indel	55	46	0.4012	0.3138	0.6	0.2391	-0.3609
Chr2	4394388	snp	48	33	0.4261	0.3314	0.8125	0.4242	-0.3883
Chr2	4395902	indel	41	62	0.4174	0.319	0.9756	0.5161	-0.4595
Chr2	4407476	snp	24	27	0.4722	0.3704	0.75	0.2593	-0.4907
Chr2	4407496	snp	25	27	0.4637	0.3526	0.76	0.3704	-0.3896
Chr2	4413946	snp	50	55	0.4091	0.3164	0.54	0.2182	-0.3218
Chr2	4417146	snp	69	65	0.4062	0.3137	0.5942	0.2615	-0.3327
Chr2	4426318	snp	76	72	0.3801	0.2931	0.5263	0.2222	-0.3041
Chr2	4436955	snp	38	38	0.4474	0.3421	0.6316	0.2895	-0.3421
Chr2	4440166	snp	90	57	0.3842	0.3064	0.6333	0.2807	-0.3526
Chr2	4440302	snp	88	61	0.3778	0.2958	0.5909	0.2951	-0.2958
Chr2	4445279	snp	50	38	0.4179	0.3189	0.62	0.2368	-0.3832
Chr2	4445380	snp	42	28	0.4524	0.3452	0.6667	0.2857	-0.381
Chr2	4445817	snp	58	46	0.4108	0.3081	0.7069	0.3696	-0.3373
Chr2	4446487	snp	82	87	0.3789	0.2921	0.6463	0.3333	-0.313
Chr2	4453827	snp	32	16	0.5	0.375	0.6875	0.3125	-0.375
Chr2	4454746	snp	28	39	0.4579	0.3498	0.75	0.3333	-0.4167
Chr2	4454748	snp	30	36	0.4722	0.3556	0.7333	0.2778	-0.4556
Chr2	4482408	snp	100	98	0.382	0.2906	0.64	0.3469	-0.2931
Chr2	4484707	indel	78	96	0.3806	0.2909	0.6154	0.2604	-0.355
Chr2	4484717	snp	73	96	0.3823	0.293	0.6164	0.2604	-0.356
Chr2	4486164	indel	76	66	0.3892	0.2994	0.4868	0.1667	-0.3202
Chr2	4489748	snp	85	107	0.3791	0.2919	0.5647	0.271	-0.2937
Chr2	4491139	snp	89	78	0.3794	0.299	0.5506	0.2436	-0.307
Chr2	4492732	snp	64	67	0.3911	0.3102	0.5156	0.194	-0.3216
Chr2	4503477	snp	50	50	0.42	0.32	0.4	0.06	-0.34
Chr2	4505582	snp	94	95	0.3754	0.291	0.6596	0.2842	-0.3754
Chr2	4506422	snp	41	51	0.4127	0.3152	0.4878	0.1569	-0.3309
Chr2	4507942	snp	63	64	0.4033	0.307	0.4762	0.1406	-0.3356
Chr2	4508180	snp	89	72	0.3851	0.2998	0.6292	0.2361	-0.3931
Chr2	4514113	snp	88	82	0.3891	0.2935	0.6364	0.3049	-0.3315
Chr2	4516782	snp	111	94	0.3778	0.2845	0.5676	0.2553	-0.3122
Chr2	4523308	indel	51	62	0.4029	0.314	0.5882	0.2742	-0.314
Chr2	4533917	snp	70	77	0.3844	0.2987	0.6143	0.3117	-0.3026
Chr2	4634000	snp	89	64	0.4017	0.3021	0.6966	0.3906	-0.306
Chr2	4641963	snp	96	74	0.3778	0.2903	0.625	0.2568	-0.3682
Chr2	4657676	snp	26	18	0.5043	0.3846	0.6154	0.2222	-0.3932
Chr2	4659880	snp	86	87	0.3768	0.2951	0.6279	0.3218	-0.3061
Chr2	4661753	indel	94	94	0.383	0.2872	0.5957	0.2872	-0.3085
Chr2	4662497	snp	28	19	0.4868	0.3816	0.6786	0.2632	-0.4154
Chr2	4663597	snp	96	81	0.3816	0.2878	0.6875	0.358	-0.3295
Chr2	4663674	snp	92	67	0.3944	0.2982	0.7717	0.4627	-0.3091
Chr2	4676231	indel	96	74	0.3778	0.2903	0.5938	0.2973	-0.2965
Chr2	4677708	indel	72	48	0.3958	0.3056	0.7361	0.3958	-0.3403
Chr2	4683618	snp	89	101	0.3752	0.2872	0.6742	0.3762	-0.2979
Chr2	4762243	snp	102	109	0.3747	0.2841	0.5784	0.2752	-0.3032
Chr2	4763589	indel	64	61	0.397	0.2979	0.6875	0.3607	-0.3268
Chr2	4763596	indel	60	64	0.3865	0.3052	0.5167	0.2031	-0.3135
Chr2	4764947	snp	59	49	0.4095	0.3172	0.5932	0.2653	-0.3279
Chr2	4766242	snp	100	89	0.3767	0.2878	0.62	0.3258	-0.2942
Chr2	4768527	snp	91	76	0.3943	0.2951	0.4945	0.1711	-0.3235
Chr2	4773680	snp	63	79	0.3946	0.3026	0.381	0.0506	-0.3303
Chr2	4798115	snp	81	88	0.388	0.2991	0.5926	0.2614	-0.3312
Chr2	4804111	snp	93	62	0.3871	0.2903	0.6667	0.371	-0.2957
Chr2	4806590	snp	74	58	0.3798	0.3001	0.7027	0.3966	-0.3062
Chr2	4863289	snp	98	87	0.3747	0.2904	0.5816	0.2644	-0.3173
Chr2	4867287	snp	67	61	0.4035	0.3066	0.6119	0.2951	-0.3169
Chr2	4874109	snp	78	78	0.3846	0.2949	0.6282	0.2821	-0.3462
Chr2	4933127	indel	63	49	0.415	0.3197	0.5397	0.2041	-0.3356
Chr2	4935784	snp	48	41	0.4162	0.3216	0.8125	0.4878	-0.3247
Chr2	4938509	snp	38	40	0.4368	0.3368	0.9474	0.6	-0.3474
Chr2	4939086	snp	58	67	0.3958	0.3049	0.7414	0.403	-0.3384
Chr2	4945075	snp	92	62	0.3885	0.2928	0.6087	0.2903	-0.3184
Chr2	4947467	snp	89	54	0.3897	0.2992	0.6854	0.3704	-0.315
Chr2	4948482	snp	97	67	0.3868	0.2937	0.6289	0.3284	-0.3005
Chr2	4948904	snp	90	95	0.383	0.2947	0.6111	0.2947	-0.3164
Chr2	4949703	snp	57	43	0.4117	0.3125	0.8772	0.5349	-0.3423
Chr2	4955387	snp	86	82	0.3721	0.2842	0.6047	0.3049	-0.2998
Chr2	4960934	indel	50	60	0.3867	0.3067	0.72	0.3667	-0.3533
Chr2	4966222	snp	93	83	0.3723	0.288	0.6129	0.2892	-0.3237
Chr2	4966261	indel	85	79	0.3912	0.2998	0.5176	0.1139	-0.4037
Chr2	4971192	snp	50	91	0.3993	0.2985	0.58	0.1978	-0.3822
Chr2	4971248	snp	60	77	0.39	0.2996	0.55	0.1688	-0.3812
Chr2	4971315	indel	86	77	0.3798	0.2908	0.593	0.2338	-0.3593
Chr2	4973010	snp	99	63	0.3737	0.2915	0.6667	0.3175	-0.3492
Chr2	4973429	snp	54	62	0.3996	0.2933	0.4074	0.0968	-0.3106
Chr2	4975024	indel	121	94	0.3727	0.2889	0.6033	0.2979	-0.3054
Chr2	4978179	snp	96	80	0.3792	0.2896	0.625	0.3125	-0.3125
Chr2	4981591	snp	64	42	0.4107	0.3177	0.625	0.1667	-0.4583
Chr2	4984208	indel	50	45	0.4133	0.3267	0.7	0.3333	-0.3667
Chr2	4985055	snp	60	34	0.4186	0.3206	0.8	0.4706	-0.3294
Chr2	4993098	snp	25	28	0.4871	0.3671	0.8	0.3214	-0.4786
Chr2	4995664	snp	38	28	0.4361	0.3459	0.6316	0.2857	-0.3459
Chr2	5001890	snp	113	79	0.3776	0.2889	0.6372	0.3418	-0.2954
Chr2	5008156	snp	69	46	0.4058	0.3043	0.7101	0.3478	-0.3623
Chr2	5020052	indel	54	47	0.4058	0.3105	0.537	0.2128	-0.3243
Chr2	5021024	snp	67	66	0.398	0.2942	0.6418	0.2576	-0.3842
Chr2	5021407	snp	76	62	0.3867	0.2992	0.5263	0.1774	-0.3489
Chr2	5041538	snp	58	58	0.3966	0.3103	0.569	0.2069	-0.3621
Chr2	5041613	indel	61	46	0.4116	0.3083	0.6885	0.3261	-0.3624
Chr2	5041615	snp	59	45	0.4102	0.316	0.6949	0.3333	-0.3616
Chr2	5045350	snp	80	91	0.3768	0.2945	0.6	0.2967	-0.3033
Chr2	5056497	snp	101	93	0.3736	0.2862	0.5743	0.2688	-0.3054
Chr2	5057477	snp	93	82	0.3841	0.2872	0.6452	0.3415	-0.3037
Chr2	5072030	snp	39	42	0.4267	0.3352	0.7179	0.381	-0.337
Chr2	5072341	snp	73	57	0.4004	0.3028	0.7534	0.3333	-0.4201
Chr2	5080993	snp	66	73	0.3977	0.3026	0.7273	0.411	-0.3163
Chr2	5084793	snp	88	63	0.3892	0.2985	0.7614	0.4127	-0.3487
Chr2	5091520	snp	88	58	0.3836	0.2978	0.7273	0.4138	-0.3135
Chr2	5102807	snp	71	70	0.3893	0.3034	0.7183	0.4	-0.3183
Chr2	5104536	snp	77	46	0.393	0.3058	0.7273	0.413	-0.3142
Chr2	5107871	snp	62	45	0.4168	0.3118	0.7903	0.4222	-0.3681
Chr2	5111035	snp	84	68	0.3971	0.306	0.7143	0.3971	-0.3172
Chr2	5115610	indel	65	42	0.3982	0.3198	0.8462	0.5238	-0.3223
Chr2	5121470	snp	68	54	0.3954	0.3066	0.9265	0.6111	-0.3154
Chr2	5128859	snp	47	35	0.4377	0.3319	0.766	0.4286	-0.3374
Chr2	5136229	snp	54	26	0.4345	0.339	0.5185	0.1154	-0.4031
Chr2	5136351	snp	68	33	0.4131	0.3266	0.6765	0.1818	-0.4947
Chr2	5136364	indel	73	38	0.407	0.3154	0.6712	0.1579	-0.5133
Chr2	5142436	snp	75	55	0.3976	0.297	0.6933	0.2182	-0.4752
Chr2	5142560	snp	65	62	0.3975	0.306	0.7077	0.2903	-0.4174
Chr2	5152056	indel	71	49	0.4044	0.3101	0.9014	0.5714	-0.33
Chr2	5233003	snp	51	32	0.4167	0.3382	0.6863	0.3125	-0.3738
Chr2	5243633	snp	99	72	0.375	0.2955	0.5859	0.2778	-0.3081
Chr2	5251341	indel	62	79	0.4036	0.2999	0.7903	0.443	-0.3473
Chr2	5251368	indel	54	70	0.3968	0.3053	0.8704	0.4714	-0.3989
Chr2	5251423	snp	53	60	0.3981	0.3082	0.7925	0.4333	-0.3591
Chr2	5255038	snp	74	66	0.3931	0.3051	0.6757	0.3182	-0.3575
Chr2	5257114	snp	51	46	0.4211	0.3231	0.7059	0.3696	-0.3363
Chr2	5257126	snp	47	44	0.4309	0.3216	0.7234	0.3864	-0.337
Chr2	5257245	indel	72	81	0.3889	0.2978	0.5972	0.2346	-0.3627
Chr2	5257949	snp	61	32	0.4221	0.3268	0.7705	0.4062	-0.3642
Chr2	5258081	snp	63	42	0.4048	0.3175	0.6508	0.3333	-0.3175
Chr2	5258840	snp	78	71	0.3875	0.294	0.6923	0.3662	-0.3261
Chr2	5271169	snp	75	58	0.3885	0.3007	0.7333	0.431	-0.3023
Chr2	5272062	snp	64	53	0.3927	0.3037	0.7656	0.434	-0.3317
Chr2	5275983	indel	97	89	0.3714	0.289	0.5979	0.2809	-0.317
Chr2	5276056	snp	112	92	0.3692	0.2892	0.6607	0.3696	-0.2911
Chr2	5282666	snp	92	108	0.3829	0.2806	0.6413	0.3426	-0.2987
Chr2	5285645	snp	72	75	0.3883	0.2939	0.625	0.3067	-0.3183
Chr2	5285720	snp	65	65	0.4	0.3077	0.6615	0.2769	-0.3846
Chr2	5296078	snp	92	66	0.3758	0.2931	0.6739	0.3788	-0.2951
Chr2	5296132	indel	111	71	0.3783	0.2859	0.6396	0.3239	-0.3157
Chr2	5299854	snp	84	84	0.381	0.2976	0.6429	0.3333	-0.3095
Chr2	5329732	snp	78	86	0.3739	0.2841	0.7308	0.3488	-0.3819
Chr2	5336104	snp	86	76	0.3788	0.2959	0.6512	0.2368	-0.4143
Chr2	5337788	indel	61	87	0.3865	0.3041	0.6393	0.3333	-0.306
Chr2	5481890	indel	52	38	0.419	0.3239	0.8269	0.5	-0.3269
Chr2	5481928	snp	61	53	0.3981	0.3087	0.8033	0.4717	-0.3316
Chr2	5487308	indel	55	83	0.4015	0.2995	0.6909	0.3855	-0.3054
Chr2	5489293	snp	93	83	0.3723	0.288	0.5591	0.253	-0.3061
Chr2	5490683	indel	90	56	0.3833	0.3004	0.6333	0.3214	-0.3119
Chr2	5498021	snp	93	101	0.3736	0.2862	0.6452	0.3564	-0.2887
Chr2	5499055	snp	54	41	0.4101	0.3144	0.7407	0.4146	-0.3261
Chr2	5499216	snp	71	52	0.3952	0.3044	0.662	0.25	-0.412
Chr2	5501141	indel	70	45	0.4063	0.3111	0.8143	0.4222	-0.3921
Chr2	5501156	snp	65	34	0.4149	0.3213	0.8	0.4118	-0.3882
Chr2	5501237	snp	86	48	0.4041	0.3067	0.7442	0.375	-0.3692
Chr2	5508571	snp	73	40	0.4099	0.3182	0.6301	0.275	-0.3551
Chr2	5512842	indel	62	37	0.4128	0.316	0.8065	0.4595	-0.347
Chr2	5512904	snp	53	34	0.4206	0.3246	0.8679	0.4412	-0.4267
Chr2	5513649	snp	75	55	0.3976	0.297	0.6933	0.3455	-0.3479
Chr2	5514067	snp	76	58	0.3911	0.3008	0.8684	0.5517	-0.3167
Chr2	5515673	snp	95	98	0.3603	0.284	0.6632	0.3776	-0.2856
Chr2	5515761	indel	93	75	0.3888	0.2955	0.7204	0.4	-0.3204
Chr2	5518245	snp	51	41	0.4127	0.3152	0.8824	0.561	-0.3214
Chr2	5523677	indel	59	66	0.3901	0.3017	0.5932	0.2879	-0.3053
Chr2	5523778	snp	69	82	0.3931	0.2923	0.6522	0.2683	-0.3839
Chr2	5524564	snp	91	72	0.3718	0.2924	0.6813	0.375	-0.3063
Chr2	5540587	snp	80	66	0.3883	0.297	0.6	0.2424	-0.3576
Chr2	5542473	indel	64	49	0.4161	0.3128	0.6562	0.2653	-0.3909
Chr2	5542477	snp	57	48	0.4167	0.3191	0.6491	0.2708	-0.3783
Chr2	5543590	snp	91	80	0.3768	0.2945	0.6374	0.3	-0.3374
Chr2	5544220	snp	85	84	0.3852	0.3014	0.7059	0.3929	-0.313
Chr2	5546950	indel	59	48	0.3902	0.3121	0.4576	0.1042	-0.3535
Chr2	5547734	snp	101	77	0.3765	0.2885	0.5941	0.2987	-0.2954
Chr2	5559376	snp	60	57	0.3868	0.3096	0.55	0.2281	-0.3219
Chr2	5573097	snp	23	23	0.4783	0.3913	0.6522	0.1739	-0.4783
Chr2	5573487	snp	55	30	0.4364	0.3303	0.6182	0.2	-0.4182
Chr2	5573488	snp	55	30	0.4364	0.3303	0.6	0.2	-0.4
Chr2	5573530	indel	81	49	0.3976	0.3074	0.642	0.3265	-0.3154
Chr2	5578740	snp	36	43	0.4335	0.3359	0.6944	0.3488	-0.3456
Chr2	5578956	indel	54	50	0.4007	0.3111	0.6296	0.28	-0.3496
Chr2	5595054	indel	77	44	0.4091	0.3117	0.7403	0.4091	-0.3312
Chr2	5595080	snp	68	46	0.3932	0.2999	0.7206	0.413	-0.3075
Chr2	5597591	snp	53	45	0.4147	0.3182	0.7547	0.4222	-0.3325
Chr2	5616996	snp	52	73	0.4075	0.3061	0.4615	0.137	-0.3246
Chr2	5618383	snp	31	38	0.4406	0.3472	0.5484	0.1842	-0.3642
Chr2	5621903	snp	76	58	0.3911	0.3008	0.5658	0.1552	-0.4106
Chr2	5624731	indel	69	70	0.3965	0.3085	0.5072	0.1714	-0.3358
Chr2	5625058	indel	74	54	0.3899	0.3068	0.5405	0.1852	-0.3554
Chr2	5634880	indel	71	59	0.3903	0.3001	0.4648	0.1356	-0.3292
Chr2	5635785	indel	45	69	0.4213	0.313	0.4222	0.1014	-0.3208
Chr2	5637845	snp	60	38	0.4149	0.3219	0.6667	0.3158	-0.3509
Chr2	5638335	snp	67	76	0.383	0.3032	0.6418	0.3026	-0.3392
Chr2	5638955	indel	84	70	0.3952	0.3024	0.5952	0.2286	-0.3667
Chr2	5642167	snp	54	54	0.3889	0.2963	0.537	0.2407	-0.2963
Chr2	5643574	indel	46	52	0.4172	0.3253	0.4348	0.0769	-0.3579
Chr2	5644662	snp	83	74	0.3986	0.2963	0.6747	0.3514	-0.3233
Chr2	5645117	snp	88	85	0.3767	0.2936	0.6705	0.3176	-0.3528
Chr2	5662945	indel	60	44	0.4076	0.3152	0.5667	0.2045	-0.3621
Chr2	5662999	snp	62	49	0.3983	0.3144	0.5806	0.2449	-0.3357
Chr2	5666199	indel	108	83	0.3784	0.2867	0.6019	0.2289	-0.3729
Chr2	5673545	snp	90	73	0.3782	0.2883	0.6556	0.3151	-0.3405
Chr2	5674718	snp	89	78	0.3794	0.299	0.6517	0.3077	-0.344
Chr2	5678804	snp	109	115	0.3769	0.2876	0.6972	0.3652	-0.332
Chr2	5718890	snp	91	102	0.3605	0.2805	0.6264	0.3235	-0.3028
Chr2	5719360	indel	86	54	0.3984	0.3019	0.6512	0.3333	-0.3178
Chr2	5726029	snp	53	41	0.4188	0.3267	0.5472	0.2195	-0.3277
Chr2	5726444	indel	56	56	0.4107	0.3214	0.7321	0.2679	-0.4643
Chr2	5727272	indel	55	43	0.4097	0.3239	0.6	0.1628	-0.4372
Chr2	5730007	snp	31	28	0.4562	0.356	0.4516	0.0357	-0.4159
Chr2	5730012	snp	29	34	0.4503	0.3469	0.4828	0.1176	-0.3651
Chr2	5730067	indel	46	50	0.3991	0.3174	0.587	0.2	-0.387
Chr2	5731128	snp	77	67	0.3801	0.295	0.6364	0.3284	-0.308
Chr2	5733564	snp	107	67	0.38	0.2942	0.5701	0.2687	-0.3014
Chr2	5737273	snp	93	102	0.3744	0.2859	0.5699	0.2451	-0.3248
Chr2	5737877	snp	57	56	0.4154	0.3108	0.7895	0.375	-0.4145
Chr2	5739709	snp	53	80	0.3854	0.2979	0.7358	0.4	-0.3358
Chr2	5740471	snp	92	74	0.3922	0.2985	0.7283	0.3784	-0.3499
Chr2	5740794	snp	77	89	0.3952	0.3	0.6234	0.2697	-0.3537
Chr2	5742435	snp	72	84	0.3869	0.2996	0.6806	0.369	-0.3115
Chr2	5747673	snp	99	81	0.3793	0.2907	0.6162	0.321	-0.2952
Chr2	5756629	indel	80	95	0.3737	0.2882	0.7125	0.4	-0.3125
Chr2	5761096	snp	83	65	0.3965	0.2955	0.6506	0.3538	-0.2968
Chr2	5762636	snp	74	68	0.3915	0.2957	0.8243	0.5147	-0.3096
Chr2	5762800	snp	105	105	0.3714	0.2952	0.581	0.181	-0.4
Chr2	5764876	indel	97	92	0.3875	0.288	0.6392	0.2935	-0.3457
Chr2	5765570	snp	40	49	0.4209	0.3235	0.85	0.5102	-0.3398
Chr2	5771346	snp	38	30	0.4368	0.3386	0.7632	0.4	-0.3632
Chr2	5771405	snp	37	25	0.4638	0.3557	0.7297	0.36	-0.3697
Chr2	5771441	snp	44	37	0.4441	0.3292	0.6136	0.2432	-0.3704
Chr2	5774207	snp	87	68	0.384	0.2958	0.6782	0.3382	-0.3399
Chr2	5788107	indel	22	13	0.542	0.4231	0.6818	0.2308	-0.451
Chr2	5789321	indel	11	13	0.5874	0.4476	0.4545	0.0	-0.4545
Chr2	5794713	snp	69	58	0.3991	0.3073	0.7826	0.4655	-0.3171
Chr2	5795992	snp	81	93	0.3708	0.2927	0.6296	0.3118	-0.3178
Chr2	5797666	snp	66	61	0.4006	0.3085	0.803	0.4754	-0.3276
Chr2	5801805	snp	85	61	0.3965	0.3049	0.6	0.2951	-0.3049
Chr2	5805462	snp	64	72	0.3924	0.2969	0.7344	0.3472	-0.3872
Chr2	5805786	snp	95	55	0.3847	0.2976	0.5895	0.2545	-0.3349
Chr2	5805851	snp	97	57	0.3852	0.2966	0.6186	0.2807	-0.3379
Chr2	5806083	snp	52	28	0.4231	0.3324	0.8269	0.4643	-0.3626
Chr2	5810990	indel	34	28	0.4622	0.3487	0.6765	0.1786	-0.4979
Chr2	5810999	snp	35	28	0.4571	0.3429	0.7143	0.2143	-0.5
Chr2	5811076	indel	24	16	0.5	0.3958	0.125	0.5625	0.4375
Chr2	5812740	snp	95	81	0.3865	0.291	0.6421	0.321	-0.3211
Chr2	5819405	snp	67	42	0.4126	0.323	0.7313	0.4048	-0.3266
Chr2	5821226	snp	59	40	0.411	0.3119	0.7119	0.35	-0.3619
Chr2	5826682	snp	72	55	0.4109	0.3106	0.8611	0.4909	-0.3702
Chr2	5827197	snp	74	59	0.4008	0.3028	0.6622	0.339	-0.3232
Chr2	5828409	snp	30	31	0.4441	0.3452	0.8333	0.2581	-0.5753
Chr2	5828472	indel	41	41	0.4146	0.3171	0.561	0.1951	-0.3659
Chr2	5832899	snp	60	44	0.4076	0.3152	0.6667	0.3409	-0.3258
Chr2	5836007	snp	53	32	0.4163	0.3284	0.9057	0.5625	-0.3432
Chr2	5838135	indel	56	49	0.4107	0.3163	0.6429	0.2857	-0.3571
Chr2	5838165	snp	64	53	0.3927	0.3037	0.6719	0.3585	-0.3134
Chr2	5841521	snp	87	125	0.3756	0.2827	0.5747	0.288	-0.2867
Chr2	5841904	snp	75	77	0.383	0.2925	0.6533	0.2987	-0.3546
Chr2	5842310	snp	17	26	0.4977	0.3824	0.4706	0.0769	-0.3937
Chr2	5844386	indel	48	18	0.4653	0.3611	0.5833	0.0556	-0.5278
Chr2	5845412	snp	68	57	0.3991	0.3047	0.7206	0.386	-0.3346
Chr2	5845424	snp	69	54	0.3953	0.3076	0.7246	0.3333	-0.3913
Chr2	5845790	snp	49	47	0.4155	0.3178	0.6122	0.2766	-0.3356
Chr2	5845821	snp	35	43	0.4405	0.3389	0.7714	0.3256	-0.4458
Chr2	5845842	snp	34	36	0.4395	0.3448	0.6765	0.25	-0.4265
Chr2	5846403	snp	9	15	0.6222	0.4667	0.7778	0.2	-0.5778
Chr2	5847241	snp	119	95	0.3626	0.2807	0.605	0.3053	-0.2998
Chr2	5847340	snp	117	95	0.3753	0.2883	0.6325	0.3053	-0.3272
Chr2	5847389	indel	102	82	0.3757	0.2929	0.6373	0.3415	-0.2958
Chr2	5847399	indel	99	74	0.3728	0.2913	0.6667	0.3378	-0.3288
Chr2	5852414	snp	91	100	0.3774	0.2833	0.7473	0.44	-0.3073
Chr2	5852661	snp	61	52	0.4001	0.3124	0.7213	0.3846	-0.3367
Chr2	5852856	snp	102	72	0.3725	0.2933	0.6471	0.3472	-0.2998
Chr2	5853796	snp	94	84	0.3832	0.2931	0.6383	0.3214	-0.3169
Chr2	5854114	snp	96	67	0.3862	0.298	0.6042	0.2388	-0.3654
Chr2	5862874	snp	20	20	0.5	0.4	0.8	0.35	-0.45
Chr2	5865146	snp	76	73	0.3796	0.294	0.7105	0.3973	-0.3133
Chr2	5865191	snp	78	68	0.3797	0.2971	0.8077	0.4559	-0.3518
Chr2	5865720	snp	86	54	0.3984	0.3019	0.6744	0.3704	-0.304
Chr2	5865807	snp	71	44	0.3979	0.3156	0.7324	0.3864	-0.346
Chr2	5867773	snp	68	82	0.3985	0.2934	0.5882	0.2073	-0.3809
Chr2	5867778	snp	68	82	0.3985	0.2934	0.5882	0.2073	-0.3809
Chr2	5868554	indel	129	91	0.3739	0.2859	0.6124	0.3077	-0.3047
Chr2	5868561	indel	108	106	0.3716	0.289	0.5463	0.2453	-0.301
Chr2	5869042	snp	64	63	0.4033	0.307	0.7812	0.4286	-0.3527
Chr2	5871506	snp	66	64	0.401	0.3063	0.6818	0.3594	-0.3224
Chr2	5884313	snp	80	62	0.3738	0.2931	0.675	0.3548	-0.3202
Chr2	5884721	snp	79	103	0.3737	0.2872	0.6203	0.3107	-0.3096
Chr2	5910651	snp	63	42	0.4048	0.3175	0.746	0.4286	-0.3175
Chr2	5914162	snp	62	45	0.4168	0.3118	0.8387	0.5111	-0.3276
Chr2	5917841	snp	81	91	0.3822	0.2876	0.5802	0.2857	-0.2945
Chr2	5919296	snp	69	47	0.4104	0.3108	0.8116	0.4894	-0.3222
Chr2	5921035	indel	42	34	0.437	0.3361	0.7619	0.2941	-0.4678
Chr2	5931917	snp	24	59	0.4294	0.3369	0.4583	0.1186	-0.3397
Chr2	5934215	snp	93	88	0.3795	0.2951	0.7097	0.3523	-0.3574
Chr2	5939403	indel	48	51	0.4191	0.3223	0.7708	0.4314	-0.3395
Chr2	5941446	snp	52	50	0.4138	0.3131	0.5577	0.22	-0.3377
Chr2	5941459	indel	41	43	0.426	0.3284	0.4878	0.093	-0.3948
Chr2	5964176	snp	110	92	0.3759	0.2834	0.6091	0.3152	-0.2939
Chr2	5973031	indel	82	61	0.3916	0.3009	0.6341	0.3279	-0.3063
Chr2	5991166	snp	55	49	0.4212	0.3147	0.7818	0.3878	-0.3941
Chr2	5991176	snp	53	39	0.4204	0.3203	0.7925	0.4615	-0.3309
Chr2	5991759	snp	104	102	0.3678	0.2832	0.6154	0.3137	-0.3017
Chr2	5992162	snp	98	117	0.3812	0.2841	0.6531	0.3162	-0.3368
Chr2	5992386	snp	86	94	0.3864	0.2885	0.6279	0.3298	-0.2981
Chr2	5995146	snp	91	107	0.3586	0.2794	0.6374	0.3551	-0.2822
Chr2	6000673	indel	79	59	0.3948	0.3066	0.7089	0.3898	-0.319
Chr2	6006988	snp	64	51	0.4053	0.311	0.75	0.4118	-0.3382
Chr2	6008173	snp	68	35	0.408	0.3214	0.5882	0.2571	-0.3311
Chr2	6008644	snp	97	61	0.3755	0.2917	0.6392	0.2951	-0.3441
Chr2	6012125	indel	80	69	0.3982	0.3042	0.75	0.3913	-0.3587
Chr2	6014037	snp	75	67	0.3885	0.2951	0.68	0.3582	-0.3218
Chr2	6014110	indel	70	71	0.3893	0.3034	0.6857	0.2535	-0.4322
Chr2	6018482	snp	46	14	0.4907	0.3851	0.8913	0.4286	-0.4627
Chr2	6028150	indel	61	39	0.4136	0.3203	0.7705	0.4103	-0.3602
Chr2	6028236	snp	58	52	0.3952	0.305	0.7241	0.3654	-0.3588
Chr2	6028864	indel	74	68	0.3915	0.2957	0.6216	0.2941	-0.3275
Chr2	6028902	snp	78	52	0.391	0.2949	0.641	0.3269	-0.3141
Chr2	6029823	snp	64	44	0.4162	0.3168	0.5781	0.25	-0.3281
Chr2	6032841	snp	44	53	0.4181	0.3195	0.7727	0.434	-0.3388
Chr2	6035682	snp	68	59	0.3893	0.3036	0.7353	0.4237	-0.3116
Chr2	6037001	indel	76	72	0.3801	0.2931	0.8421	0.5139	-0.3282
Chr2	6037005	snp	78	59	0.4087	0.3099	0.7436	0.3898	-0.3538
Chr2	6037243	snp	81	68	0.3778	0.299	0.679	0.3235	-0.3555
Chr2	6039726	snp	103	76	0.377	0.2896	0.7573	0.4342	-0.3231
Chr2	6039815	snp	93	54	0.3967	0.3076	0.9032	0.5926	-0.3106
Chr2	6040599	snp	76	56	0.3891	0.2979	0.7632	0.4643	-0.2989
Chr2	6044245	snp	88	79	0.378	0.2923	0.6364	0.3165	-0.3199
Chr2	6044980	snp	88	98	0.3813	0.2894	0.6591	0.3571	-0.3019
Chr2	6047959	snp	52	39	0.4231	0.3205	0.8269	0.4872	-0.3397
Chr2	6052314	snp	55	60	0.3955	0.3076	0.7273	0.35	-0.3773
Chr2	6054186	snp	80	48	0.4083	0.3125	0.6125	0.2708	-0.3417
Chr2	6058989	snp	73	97	0.386	0.2971	0.7123	0.3505	-0.3618
Chr2	6061305	snp	72	36	0.4167	0.3194	0.75	0.4167	-0.3333
Chr2	6061339	snp	78	52	0.391	0.2949	0.7436	0.4038	-0.3397
Chr2	6063480	snp	102	80	0.3674	0.29	0.7941	0.4375	-0.3566
Chr2	6063590	snp	108	95	0.3736	0.2835	0.6852	0.3368	-0.3483
Chr2	6063821	indel	96	60	0.3937	0.2938	0.625	0.3167	-0.3083
Chr2	6063885	snp	94	60	0.3872	0.2975	0.6489	0.3	-0.3489
Chr2	6068400	snp	85	71	0.3841	0.2923	0.8	0.507	-0.293
Chr2	6069843	snp	88	72	0.3876	0.2917	0.625	0.3333	-0.2917
Chr2	6072329	snp	88	61	0.3778	0.2958	0.75	0.4426	-0.3074
Chr2	6075526	snp	87	61	0.3865	0.3041	0.6552	0.2623	-0.3929
Chr2	6081802	snp	79	85	0.3912	0.2998	0.6203	0.3176	-0.3026
Chr2	6082383	snp	85	74	0.3903	0.2927	0.6706	0.3514	-0.3192
Chr2	6083621	snp	68	61	0.3927	0.3028	0.6618	0.3115	-0.3503
Chr2	6084369	snp	77	54	0.3992	0.3086	0.8961	0.537	-0.3591
Chr2	6084577	indel	105	94	0.3626	0.2831	0.6571	0.266	-0.3912
Chr2	6089297	indel	99	69	0.3882	0.2978	0.7273	0.4203	-0.307
Chr2	6091394	snp	78	75	0.3831	0.2954	0.6282	0.32	-0.3082
Chr2	6091399	snp	74	69	0.3848	0.2971	0.6216	0.3188	-0.3028
Chr2	6092107	snp	61	51	0.3941	0.3124	0.8033	0.3922	-0.4111
Chr2	6112191	snp	102	87	0.3739	0.2874	0.6667	0.3333	-0.3333
Chr2	6112897	snp	85	108	0.3893	0.2927	0.6235	0.3241	-0.2995
Chr2	6115646	snp	61	46	0.4116	0.3083	0.7869	0.413	-0.3738
Chr2	6115672	snp	64	56	0.4152	0.3103	0.6562	0.2857	-0.3705
Chr2	6242092	snp	60	46	0.4043	0.3101	0.7833	0.4565	-0.3268
Chr2	6245916	snp	73	31	0.4132	0.3221	0.726	0.3226	-0.4034
Chr2	6262046	snp	53	35	0.4216	0.3186	0.6981	0.3143	-0.3838
Chr2	6265250	indel	92	91	0.3653	0.2787	0.7065	0.2088	-0.4977
Chr2	6297707	snp	71	63	0.3921	0.2987	0.7606	0.3651	-0.3955
Chr2	6297788	indel	96	72	0.3889	0.2986	0.6354	0.2083	-0.4271
Chr2	6297991	snp	66	24	0.4394	0.3333	0.5909	0.25	-0.3409
Chr2	6298822	indel	54	24	0.4537	0.3472	0.7037	0.2917	-0.412
Chr2	6298848	snp	60	31	0.422	0.3263	0.6833	0.2903	-0.393
Chr2	6300106	snp	66	43	0.4109	0.3097	0.7879	0.3953	-0.3925
Chr2	6300352	snp	85	103	0.3758	0.2887	0.6588	0.3204	-0.3384
Chr2	6305997	indel	109	126	0.3587	0.2819	0.6606	0.3333	-0.3272
Chr2	6307800	snp	57	59	0.3967	0.309	0.6842	0.3729	-0.3113
Chr2	6315300	snp	81	58	0.3908	0.302	0.6543	0.3276	-0.3267
Chr2	6327270	snp	89	78	0.3794	0.299	0.5843	0.2564	-0.3279
Chr2	6330319	snp	76	61	0.3926	0.3037	0.75	0.3934	-0.3566
Chr2	6331343	snp	65	46	0.4033	0.3084	0.8	0.4783	-0.3217
Chr2	6333205	indel	45	29	0.433	0.3341	0.8	0.4138	-0.3862
Chr2	6336744	snp	77	62	0.3913	0.2985	0.8442	0.5323	-0.3119
Chr2	6343758	snp	109	95	0.3682	0.2827	0.5963	0.2947	-0.3016
Chr2	6347292	indel	95	80	0.3737	0.2882	0.6	0.2375	-0.3625
Chr2	6347427	snp	99	68	0.389	0.2935	0.6465	0.3529	-0.2935
Chr2	6347883	snp	83	73	0.4007	0.2878	0.7349	0.3836	-0.3514
Chr2	6351086	indel	79	90	0.3774	0.29	0.7089	0.3	-0.4089
Chr2	6351141	snp	87	81	0.3802	0.2929	0.7011	0.3457	-0.3555
Chr2	6351570	snp	102	89	0.3717	0.2911	0.5686	0.2697	-0.299
Chr2	6353487	snp	73	71	0.3884	0.294	0.7123	0.3803	-0.332
Chr2	6360549	snp	30	30	0.4667	0.3667	0.9667	0.5667	-0.4
Chr2	6366291	snp	56	38	0.4248	0.3346	0.6964	0.3421	-0.3543
Chr2	6371629	snp	89	87	0.3847	0.293	0.6742	0.3793	-0.2948
Chr2	6372084	indel	95	72	0.3917	0.302	0.6	0.2083	-0.3917
Chr2	6372189	snp	91	87	0.375	0.2915	0.6484	0.2874	-0.361
Chr2	6374863	snp	53	34	0.4206	0.3246	0.9623	0.5882	-0.374
Chr2	6376200	snp	99	85	0.3775	0.2867	0.6162	0.3176	-0.2985
Chr2	6378342	snp	95	63	0.3823	0.2982	0.6737	0.3492	-0.3245
Chr2	6384588	snp	60	53	0.3981	0.3082	0.8667	0.5283	-0.3384
Chr2	6390999	snp	86	63	0.3834	0.2977	0.7326	0.3333	-0.3992
Chr2	6391435	snp	69	72	0.3798	0.3019	0.6522	0.3194	-0.3327
Chr2	6392032	snp	90	101	0.3803	0.2856	0.6	0.3069	-0.2931
Chr2	6393397	snp	58	57	0.3911	0.3043	0.8103	0.4035	-0.4068
Chr2	6395195	snp	88	73	0.3808	0.2922	0.75	0.4521	-0.2979
Chr2	6395843	snp	70	46	0.4174	0.3161	0.6714	0.3478	-0.3236
Chr2	6398806	snp	98	100	0.382	0.2906	0.6429	0.33	-0.3129
Chr2	6401940	snp	61	42	0.4028	0.3134	0.8689	0.4286	-0.4403
Chr2	6402575	indel	85	69	0.3881	0.2975	0.5882	0.2754	-0.3129
Chr2	6404584	snp	98	69	0.3773	0.295	0.6939	0.3478	-0.3461
Chr2	6407082	snp	80	50	0.41	0.305	0.8375	0.52	-0.3175
Chr2	6407343	indel	62	54	0.3996	0.2933	0.7097	0.3704	-0.3393
Chr2	6407504	snp	72	44	0.4015	0.3106	0.6667	0.3182	-0.3485
Chr2	6409866	snp	77	89	0.3952	0.3	0.7013	0.3596	-0.3417
Chr2	6410314	snp	75	49	0.3943	0.3072	0.72	0.3878	-0.3322
Chr2	6410786	snp	87	70	0.381	0.2949	0.6667	0.3714	-0.2952
Chr2	6410915	snp	87	83	0.3736	0.2915	0.7356	0.3012	-0.4344
Chr2	6411044	snp	101	83	0.3712	0.2856	0.6139	0.3133	-0.3006
Chr2	6414389	snp	85	81	0.3961	0.2973	0.7059	0.3951	-0.3108
Chr2	6414489	snp	93	63	0.3856	0.3036	0.6559	0.2857	-0.3702
Chr2	6418531	snp	91	63	0.3944	0.2979	0.8022	0.4603	-0.3419
Chr2	6419335	snp	73	84	0.3891	0.2921	0.6301	0.3214	-0.3087
Chr2	6420422	snp	76	74	0.3887	0.2948	0.6447	0.3378	-0.3069
Chr2	6421140	snp	50	29	0.4476	0.3462	0.76	0.4138	-0.3462
Chr2	6425472	snp	98	84	0.3793	0.2908	0.6327	0.3333	-0.2993
Chr2	6426622	snp	43	51	0.4181	0.3288	0.7209	0.3529	-0.368
Chr2	6427077	snp	58	45	0.4008	0.3123	0.8621	0.4889	-0.3732
Chr2	6431466	snp	91	68	0.4093	0.3025	0.6374	0.1912	-0.4462
Chr2	6434560	snp	82	56	0.3924	0.3005	0.6463	0.3036	-0.3428
Chr2	6436633	indel	61	63	0.389	0.306	0.6393	0.3016	-0.3378
Chr2	6439146	snp	84	47	0.3969	0.31	0.6786	0.3404	-0.3381
Chr2	6439229	snp	78	40	0.4083	0.3173	0.7692	0.325	-0.4442
Chr2	6442889	snp	93	57	0.395	0.3039	0.6667	0.2982	-0.3684
Chr2	6443709	snp	79	98	0.3778	0.2937	0.6582	0.3469	-0.3113
Chr2	6449352	snp	88	59	0.3831	0.2978	0.6705	0.3051	-0.3654
Chr2	6454223	indel	78	59	0.4087	0.3099	0.8462	0.4576	-0.3885
Chr2	6454277	snp	77	45	0.4121	0.316	0.8442	0.5111	-0.333
Chr2	6456823	indel	82	81	0.3746	0.2892	0.7073	0.3457	-0.3616
Chr2	6457424	indel	38	50	0.4179	0.3189	0.8421	0.44	-0.4021
Chr2	6461270	snp	43	31	0.4434	0.3413	0.6744	0.3226	-0.3518
Chr2	6466719	snp	61	54	0.3922	0.3139	0.5082	0.1667	-0.3415
Chr2	6468471	snp	63	63	0.3968	0.3016	0.5556	0.254	-0.3016
Chr2	6472511	snp	18	11	0.5606	0.4444	0.7778	0.0909	-0.6869
Chr2	6472513	snp	18	10	0.5889	0.4667	0.7222	0.1	-0.6222
Chr2	6473773	snp	59	68	0.3893	0.3036	0.6949	0.3676	-0.3273
Chr2	6473847	snp	48	62	0.3999	0.3098	0.7917	0.4032	-0.3884
Chr2	6480860	indel	82	99	0.3803	0.3016	0.6707	0.3434	-0.3273
Chr2	6485675	indel	53	47	0.4095	0.3107	0.8491	0.5319	-0.3171
Chr2	6493617	indel	77	59	0.4041	0.3024	0.8182	0.4068	-0.4114
Chr2	6493683	indel	81	62	0.402	0.2995	0.7407	0.3871	-0.3536
Chr2	6494395	snp	80	65	0.3952	0.299	0.8	0.4769	-0.3231
Chr2	6494418	snp	76	62	0.3867	0.2992	0.8026	0.5	-0.3026
Chr2	6494926	snp	73	63	0.3827	0.3098	0.8493	0.5238	-0.3255
Chr2	6495755	snp	64	30	0.4302	0.3292	0.6094	0.2333	-0.376
Chr2	6495833	snp	24	12	0.5417	0.4167	0.5833	0.0833	-0.5
Chr2	6496097	snp	89	59	0.3919	0.302	0.7303	0.4237	-0.3066
Chr2	6496140	snp	93	82	0.3841	0.2872	0.7312	0.4268	-0.3044
Chr2	6496267	snp	93	79	0.3755	0.2888	0.6774	0.3671	-0.3103
Chr2	6496382	snp	74	61	0.3941	0.2975	0.7568	0.4426	-0.3141
Chr2	6496476	indel	52	42	0.4212	0.3141	0.9615	0.5952	-0.3663
Chr2	6499292	snp	89	49	0.3985	0.3089	0.6742	0.3265	-0.3476
Chr2	6507557	snp	58	78	0.3988	0.3011	0.7414	0.4359	-0.3055
Chr2	6508152	snp	85	67	0.3956	0.2943	0.6588	0.3284	-0.3305
Chr2	6516403	snp	47	41	0.4338	0.3243	0.8723	0.4634	-0.4089
Chr2	6519159	snp	65	37	0.4262	0.3181	0.8	0.4054	-0.3946
Chr2	6519414	snp	94	65	0.3815	0.2903	0.6702	0.3692	-0.301
Chr2	6522059	snp	57	51	0.4056	0.3189	0.7368	0.4118	-0.3251
Chr2	6523890	snp	59	52	0.4188	0.3126	0.9322	0.3846	-0.5476
Chr2	6524388	indel	49	36	0.4365	0.3305	0.7959	0.4444	-0.3515
Chr2	6524510	snp	67	64	0.3911	0.3102	0.7313	0.4062	-0.3251
Chr2	6524844	snp	90	82	0.3832	0.2911	0.6778	0.3537	-0.3241
Chr2	6529604	snp	46	42	0.4182	0.3271	0.8478	0.4524	-0.3954
Chr2	6530708	snp	53	30	0.4314	0.327	0.9057	0.5333	-0.3723
Chr2	6530716	snp	53	29	0.4346	0.3312	0.8868	0.5517	-0.3351
Chr2	6531251	snp	87	79	0.3732	0.2949	0.6322	0.3291	-0.3031
Chr2	6531273	indel	112	103	0.3656	0.2813	0.5804	0.2621	-0.3182
Chr2	6532016	snp	66	40	0.4121	0.3129	0.8485	0.525	-0.3235
Chr2	6541336	snp	62	67	0.395	0.3091	0.8387	0.4925	-0.3462
Chr2	6541362	snp	67	75	0.3885	0.2951	0.7761	0.48	-0.2961
Chr2	6541566	indel	69	77	0.3939	0.2955	0.7391	0.4156	-0.3235
Chr2	6542239	snp	100	86	0.373	0.2847	0.62	0.3023	-0.3177
Chr2	6543781	indel	64	51	0.4053	0.311	0.5938	0.2745	-0.3192
Chr2	6554279	snp	61	55	0.4048	0.3085	0.6721	0.3455	-0.3267
Chr2	6555192	snp	79	63	0.3946	0.3026	0.8228	0.5079	-0.3148
Chr2	6557504	snp	81	66	0.3866	0.2985	0.8765	0.5303	-0.3462
Chr2	6561943	snp	73	65	0.4044	0.302	0.7534	0.4308	-0.3227
Chr2	6567103	indel	57	43	0.4117	0.3125	0.9123	0.5581	-0.3541
Chr2	6568055	snp	106	66	0.3894	0.2967	0.6038	0.2727	-0.331
Chr2	6572981	snp	107	109	0.3696	0.2855	0.6075	0.2752	-0.3322
Chr2	6574003	indel	71	72	0.3975	0.3005	0.7183	0.4167	-0.3016
Chr2	6574070	snp	56	51	0.4114	0.3165	0.6964	0.3725	-0.3239
Chr2	6574954	snp	83	61	0.3917	0.301	0.6747	0.3279	-0.3468
Chr2	6575279	indel	87	65	0.3901	0.305	0.5517	0.1692	-0.3825
Chr2	6579215	snp	43	57	0.4117	0.3125	0.8605	0.5263	-0.3341
Chr2	6579221	snp	45	53	0.4147	0.3182	0.8889	0.5094	-0.3795
Chr2	6580686	snp	60	63	0.4008	0.3032	0.7167	0.3651	-0.3516
Chr2	6584483	snp	47	57	0.4225	0.3251	0.4468	0.1053	-0.3415
Chr2	6585969	indel	74	56	0.4044	0.3055	0.5135	0.1964	-0.3171
Chr2	6588224	indel	78	61	0.3993	0.301	0.5769	0.2459	-0.331
Chr2	6590327	snp	90	81	0.3778	0.2889	0.6222	0.3333	-0.2889
Chr2	6592480	snp	77	57	0.4122	0.3023	0.7662	0.4386	-0.3276
Chr2	6593696	indel	39	26	0.4487	0.3462	0.4872	0.1154	-0.3718
Chr2	6593729	snp	37	30	0.4378	0.3423	0.5135	0.1333	-0.3802
Chr2	6594257	snp	41	28	0.4477	0.3467	0.7073	0.3571	-0.3502
Chr2	6595055	snp	51	51	0.4314	0.3333	0.6275	0.2745	-0.3529
Chr2	6595075	snp	50	50	0.42	0.32	0.66	0.3	-0.36
Chr2	6597241	indel	55	43	0.4097	0.3239	0.5636	0.2326	-0.3311
Chr2	6597316	snp	79	56	0.3881	0.3108	0.5949	0.2143	-0.3807
Chr2	6597517	snp	93	66	0.3851	0.2977	0.6237	0.2879	-0.3358
Chr2	6599956	snp	65	68	0.3995	0.3093	0.6462	0.3235	-0.3226
Chr2	6602912	snp	100	66	0.3873	0.2958	0.65	0.303	-0.347
Chr2	6602951	snp	87	72	0.3774	0.2969	0.6092	0.25	-0.3592
Chr2	6603052	snp	81	74	0.3782	0.303	0.6914	0.3243	-0.367
Chr2	6603157	indel	80	71	0.384	0.2949	0.6875	0.3662	-0.3213
Chr2	6603198	snp	73	56	0.3855	0.2979	0.6986	0.2857	-0.4129
Chr2	6603660	snp	70	58	0.3808	0.3059	0.7429	0.3621	-0.3808
Chr2	6603694	snp	72	63	0.3889	0.3036	0.6667	0.3492	-0.3175
Chr2	6604465	snp	85	86	0.3804	0.2978	0.6588	0.3605	-0.2984
Chr2	6604542	indel	84	84	0.381	0.2976	0.6786	0.3214	-0.3571
Chr2	6605156	snp	116	71	0.3749	0.2904	0.6724	0.3521	-0.3203
Chr2	6605388	snp	115	80	0.3799	0.2973	0.6348	0.2125	-0.4223
Chr2	6605612	snp	84	99	0.3842	0.2937	0.6429	0.2323	-0.4105
Chr2	6605749	snp	94	88	0.3677	0.2875	0.5532	0.25	-0.3032
Chr2	6606674	snp	108	71	0.3757	0.3001	0.5741	0.2535	-0.3206
Chr2	6608123	indel	87	75	0.383	0.2933	0.5747	0.28	-0.2947
Chr2	6608161	snp	68	67	0.3782	0.2917	0.6176	0.2836	-0.3341
Chr2	6609166	snp	85	125	0.3722	0.2871	0.6235	0.312	-0.3115
Chr2	6609953	snp	79	64	0.3993	0.2959	0.5823	0.2812	-0.301
Chr2	6610391	snp	107	107	0.3738	0.2804	0.6822	0.3738	-0.3084
Chr2	6614733	snp	72	41	0.4262	0.3184	0.7778	0.439	-0.3388
Chr2	6615696	snp	45	62	0.4168	0.3118	0.4444	0.1129	-0.3315
Chr2	6619938	snp	60	49	0.4014	0.3068	0.55	0.2041	-0.3459
Chr2	6626959	snp	63	54	0.3889	0.3042	0.6825	0.3519	-0.3307
Chr2	6627419	indel	86	57	0.3935	0.306	0.6279	0.2982	-0.3297
Chr2	6629942	snp	85	90	0.3837	0.2908	0.6118	0.3	-0.3118
Chr2	6630307	snp	55	34	0.4219	0.3283	0.8182	0.4706	-0.3476
Chr2	6630324	snp	54	38	0.424	0.3294	0.8333	0.4737	-0.3596
Chr2	6632822	snp	59	43	0.4218	0.3205	0.5085	0.186	-0.3224
Chr2	6632920	snp	76	65	0.3939	0.2994	0.5789	0.2769	-0.302
Chr2	6635256	snp	77	86	0.3798	0.2908	0.6234	0.314	-0.3094
Chr2	6635288	snp	78	71	0.3875	0.294	0.6923	0.3662	-0.3261
Chr2	6640350	snp	104	98	0.3934	0.2932	0.6731	0.2857	-0.3874
Chr2	6641137	snp	106	79	0.3745	0.2901	0.6509	0.3544	-0.2965
Chr2	6642769	indel	71	80	0.384	0.2949	0.6901	0.3875	-0.3026
Chr2	6642827	snp	71	79	0.3876	0.2965	0.6479	0.3038	-0.3441
Chr2	6646996	snp	55	46	0.4012	0.3138	0.7273	0.3043	-0.4229
Chr2	6647102	snp	55	51	0.3954	0.3184	0.6545	0.2941	-0.3604
Chr2	6648228	snp	44	34	0.4332	0.3316	0.7273	0.3824	-0.3449
Chr2	6648297	indel	92	83	0.368	0.2881	0.6196	0.3133	-0.3063
Chr2	6648308	snp	96	74	0.3778	0.2903	0.6354	0.3108	-0.3246
Chr2	6654302	indel	79	51	0.4135	0.304	0.6962	0.3922	-0.304
Chr2	6655728	snp	55	44	0.4	0.3182	0.8909	0.5455	-0.3455
Chr2	6656109	indel	88	89	0.3897	0.2993	0.6477	0.3483	-0.2994
Chr2	6664203	snp	72	53	0.3954	0.3032	0.8889	0.5283	-0.3606
Chr2	6666892	indel	90	83	0.3922	0.2877	0.7222	0.3373	-0.3849
Chr2	6666916	snp	87	64	0.3933	0.3023	0.7126	0.3906	-0.322
Chr2	6672776	snp	63	64	0.4033	0.307	0.6508	0.2969	-0.3539
Chr2	6673524	snp	86	54	0.3984	0.3019	0.7674	0.463	-0.3045
Chr2	6678484	indel	53	62	0.3999	0.3028	1.0	0.629	-0.371
Chr2	6684246	snp	79	88	0.378	0.2923	0.7089	0.375	-0.3339
Chr2	6695554	indel	102	119	0.3613	0.2857	0.6471	0.3529	-0.2941
Chr2	6695623	snp	104	116	0.3723	0.2822	0.6635	0.3793	-0.2842
Chr2	6696743	snp	68	76	0.3947	0.298	0.6618	0.3553	-0.3065
Chr2	6705222	indel	58	72	0.3803	0.3051	0.7759	0.4583	-0.3175
Chr2	6705253	snp	53	43	0.4103	0.3247	0.8302	0.4884	-0.3418
Chr2	6705934	snp	80	44	0.3966	0.308	0.7625	0.3409	-0.4216
Chr2	6705940	indel	61	37	0.4289	0.3217	0.9836	0.3514	-0.6323
Chr2	6706226	snp	79	50	0.4109	0.3056	0.8101	0.42	-0.3901
Chr2	6708081	snp	85	72	0.3863	0.2935	0.7765	0.4722	-0.3042
Chr2	6708662	snp	80	70	0.3875	0.2982	0.7125	0.4143	-0.2982
Chr2	6711212	snp	27	27	0.4815	0.3704	0.8148	0.4444	-0.3704
Chr2	6711404	snp	80	81	0.379	0.291	0.6125	0.2716	-0.3409
Chr2	6712111	indel	66	46	0.4012	0.3169	0.6818	0.3261	-0.3557
Chr2	6717877	snp	94	70	0.3915	0.2951	0.6809	0.3429	-0.338
Chr2	6718319	snp	71	78	0.3875	0.294	0.831	0.4359	-0.3951
Chr2	6718364	snp	64	57	0.403	0.3169	0.9375	0.5614	-0.3761
Chr2	6720830	snp	69	30	0.4275	0.3319	0.913	0.5667	-0.3464
Chr2	6721507	snp	63	37	0.4153	0.3218	0.9365	0.5946	-0.3419
Chr2	6721537	snp	70	48	0.4071	0.3131	0.9143	0.5417	-0.3726
Chr2	6721676	snp	104	78	0.3686	0.2821	0.7212	0.4359	-0.2853
Chr2	6721751	snp	90	78	0.3829	0.2991	0.7333	0.4231	-0.3103
Chr2	6722376	snp	74	89	0.3813	0.2915	0.7973	0.427	-0.3703
Chr2	6742695	snp	96	95	0.3815	0.2876	0.6354	0.3263	-0.3091
Chr2	6754785	snp	68	42	0.4132	0.3172	0.8676	0.4048	-0.4629
Chr2	6754815	snp	70	34	0.4202	0.3227	0.8	0.4706	-0.3294
Chr2	6765704	snp	89	76	0.3805	0.2929	0.5955	0.3026	-0.2929
Chr2	6778360	indel	69	64	0.3775	0.305	0.6377	0.3281	-0.3096
Chr2	6782953	snp	76	61	0.3926	0.3037	0.8289	0.5082	-0.3208
Chr2	6789079	indel	47	41	0.4338	0.3243	0.8085	0.4634	-0.3451
Chr2	6789298	snp	56	40	0.4071	0.3214	0.6429	0.25	-0.3929
Chr2	6809122	snp	78	89	0.3794	0.299	0.641	0.3258	-0.3152
Chr2	6835566	snp	76	46	0.3896	0.3061	0.8289	0.4783	-0.3507
Chr2	6835638	snp	74	47	0.4126	0.3122	0.8243	0.5106	-0.3137
Chr2	6835694	snp	87	70	0.381	0.2949	0.7126	0.3714	-0.3412
Chr2	6841223	snp	87	56	0.3976	0.3071	0.7126	0.3929	-0.3198
Chr2	6841359	indel	123	104	0.3723	0.2806	0.5447	0.2308	-0.3139
Chr2	6841925	snp	70	41	0.4066	0.3174	0.8286	0.4634	-0.3652
Chr2	6843635	snp	101	99	0.3793	0.289	0.6832	0.3939	-0.2892
Chr2	6849841	indel	85	59	0.389	0.2977	0.7294	0.4068	-0.3226
Chr2	6850774	snp	63	71	0.3921	0.2987	0.619	0.3099	-0.3092
Chr2	6856572	snp	86	50	0.406	0.3079	0.6628	0.3	-0.3628
Chr2	6856693	snp	77	56	0.3831	0.3019	0.7013	0.3571	-0.3442
Chr2	6857533	snp	52	41	0.4151	0.3227	0.8654	0.4878	-0.3776
Chr2	6861295	snp	54	55	0.4125	0.3047	0.8333	0.5273	-0.3061
Chr2	6861297	indel	51	53	0.404	0.3111	0.9216	0.6038	-0.3178
Chr2	6861309	snp	49	50	0.4147	0.3135	0.8776	0.54	-0.3376
Chr2	6861406	indel	68	64	0.4044	0.3051	0.6618	0.3438	-0.318
Chr2	6861430	snp	74	71	0.3911	0.3028	0.6216	0.3099	-0.3118
Chr2	6877927	indel	55	49	0.4212	0.3147	0.9091	0.4286	-0.4805
Chr2	6878905	snp	59	45	0.4102	0.316	0.8983	0.4667	-0.4316
Chr2	6878908	indel	59	45	0.4102	0.316	0.8644	0.4444	-0.42
Chr2	6879077	snp	72	75	0.3883	0.2939	0.7361	0.4133	-0.3228
Chr2	6881112	snp	68	63	0.4066	0.3044	0.7353	0.4286	-0.3067
Chr2	6887981	indel	89	82	0.3872	0.2923	0.5955	0.2195	-0.376
Chr2	6888015	snp	76	75	0.3896	0.2981	0.6447	0.28	-0.3647
Chr2	6908214	snp	98	101	0.3696	0.2867	0.5816	0.2475	-0.3341
Chr2	6911770	snp	103	88	0.3827	0.2963	0.6602	0.2727	-0.3875
Chr2	6914097	snp	70	70	0.3857	0.3	0.6	0.3	-0.3
Chr2	6916916	snp	76	74	0.3887	0.2948	0.7632	0.3649	-0.3983
Chr2	6917150	snp	77	65	0.396	0.2955	0.6883	0.3846	-0.3037
Chr2	6917281	indel	84	65	0.3744	0.294	0.6548	0.3077	-0.3471
Chr2	6926405	snp	93	89	0.3814	0.2906	0.6452	0.2472	-0.398
Chr2	6940735	snp	86	80	0.3843	0.2956	0.6628	0.3125	-0.3503
Chr2	6949548	snp	59	41	0.4117	0.3154	0.8305	0.4878	-0.3427
Chr2	6949553	snp	54	41	0.4101	0.3144	0.8519	0.4878	-0.364
Chr2	6949571	indel	56	54	0.4167	0.3075	0.8214	0.4444	-0.377
Chr2	6951406	indel	48	49	0.4026	0.3197	0.9167	0.5714	-0.3452
Chr2	6956502	snp	59	59	0.4068	0.3051	0.7966	0.4746	-0.322
Chr2	6957486	indel	69	76	0.3839	0.2969	0.8261	0.4605	-0.3656
Chr2	6957529	snp	67	56	0.4067	0.3084	0.791	0.3571	-0.4339
Chr2	6968247	snp	73	56	0.3855	0.2979	0.8904	0.5357	-0.3547
Chr2	6968453	snp	100	125	0.37	0.286	0.52	0.208	-0.312
Chr2	6968968	snp	118	97	0.3687	0.281	0.5593	0.2577	-0.3016
Chr2	6969756	snp	81	52	0.3946	0.3067	0.7778	0.3846	-0.3932
Chr2	6974429	snp	79	41	0.3989	0.3013	0.7468	0.3902	-0.3566
Chr2	6974572	snp	61	56	0.4031	0.3106	0.7213	0.3929	-0.3285
Chr2	6979017	snp	109	82	0.38	0.2915	0.5963	0.2805	-0.3158
Chr2	6990830	snp	78	57	0.3974	0.305	0.7051	0.3684	-0.3367
Chr2	6991406	snp	63	32	0.4157	0.3234	0.7778	0.4062	-0.3715
Chr2	6991411	snp	62	34	0.4231	0.3292	0.7742	0.3824	-0.3918
Chr2	6991693	snp	79	76	0.3931	0.2923	0.6329	0.2632	-0.3698
Chr2	6998168	snp	72	57	0.3962	0.3019	0.8194	0.4737	-0.3458
Chr2	7001202	snp	62	50	0.4097	0.3135	0.7581	0.34	-0.4181
Chr2	7003633	snp	70	52	0.4022	0.3071	0.8	0.4615	-0.3385
Chr2	7004537	indel	87	80	0.3856	0.2897	0.7356	0.4125	-0.3231
Chr2	7004591	indel	68	65	0.3995	0.3093	0.8088	0.4615	-0.3473
Chr2	7004615	snp	70	59	0.3923	0.2949	0.8286	0.4915	-0.337
Chr2	7009664	snp	79	75	0.3889	0.2908	0.6962	0.3467	-0.3495
Chr2	7010344	snp	73	41	0.4166	0.3221	0.8493	0.5122	-0.3371
Chr2	7010434	snp	81	63	0.3915	0.2998	0.7407	0.4286	-0.3122
Chr2	7016081	snp	95	90	0.383	0.2947	0.5684	0.2556	-0.3129
Chr2	7024071	snp	56	41	0.4037	0.3079	0.6071	0.2439	-0.3632
Chr2	7093042	snp	50	49	0.4147	0.3135	0.72	0.3878	-0.3322
Chr2	7133654	snp	84	90	0.3833	0.2929	0.6786	0.3667	-0.3119
Chr2	7136074	snp	66	41	0.4169	0.3219	0.7121	0.3415	-0.3707
Chr2	7136114	snp	61	44	0.3994	0.3148	0.7213	0.3864	-0.3349
Chr2	7137578	snp	70	63	0.3857	0.2984	0.8	0.4762	-0.3238
Chr2	7138259	snp	73	54	0.3935	0.3049	0.7808	0.4074	-0.3734
Chr2	7138843	snp	61	65	0.4096	0.309	0.8689	0.5538	-0.315
Chr2	7144385	snp	80	84	0.3845	0.2929	0.5625	0.2619	-0.3006
Chr2	7151515	snp	101	107	0.3693	0.2856	0.5941	0.3084	-0.2856
Chr2	7180234	snp	50	29	0.4476	0.3462	0.66	0.3103	-0.3497
Chr2	7188750	snp	93	83	0.3723	0.288	0.5914	0.2892	-0.3022
Chr2	7189863	snp	71	40	0.3993	0.3106	0.5493	0.15	-0.3993
Chr2	7191338	snp	88	89	0.3897	0.2993	0.6136	0.3034	-0.3103
Chr2	7196875	snp	62	32	0.4294	0.3327	0.7742	0.375	-0.3992
Chr2	7196913	snp	59	36	0.4157	0.3216	0.7966	0.3611	-0.4355
Chr2	7200114	snp	58	49	0.4085	0.3146	0.9138	0.5714	-0.3424
Chr2	7201193	snp	59	64	0.3994	0.3096	0.6102	0.2812	-0.3289
Chr2	7209872	snp	91	105	0.3758	0.2872	0.6264	0.3238	-0.3026
Chr2	7210038	snp	67	73	0.3827	0.2956	0.6567	0.3562	-0.3006
Chr2	7214857	snp	72	48	0.3958	0.3056	0.7639	0.4583	-0.3056
Chr2	7214906	indel	73	59	0.3993	0.3107	0.7534	0.339	-0.4144
Chr2	7214948	snp	80	65	0.3952	0.299	0.7125	0.3538	-0.3587
Chr2	7216049	snp	71	55	0.3851	0.3024	0.831	0.4909	-0.3401
Chr2	7219430	snp	81	62	0.402	0.2995	0.6667	0.3065	-0.3602
Chr2	7219545	snp	86	59	0.3873	0.2982	0.7558	0.4576	-0.2982
Chr2	7219627	snp	83	74	0.3986	0.2963	0.6988	0.3919	-0.3069
Chr2	7220085	snp	96	53	0.3895	0.3023	0.8229	0.5094	-0.3135
Chr2	7222787	snp	80	73	0.3784	0.2885	0.6625	0.3562	-0.3063
Chr2	7226459	snp	87	99	0.3755	0.2887	0.7011	0.3636	-0.3375
Chr2	7250670	snp	107	89	0.3787	0.289	0.6449	0.3258	-0.319
Chr2	7251432	snp	49	48	0.4026	0.3197	0.8571	0.4167	-0.4405
Chr2	7251433	snp	50	40	0.415	0.325	0.84	0.475	-0.365
Chr2	7253071	snp	53	45	0.4147	0.3182	0.8491	0.5111	-0.3379
Chr2	7255707	snp	61	59	0.4048	0.3156	0.7213	0.2542	-0.4671
Chr2	7257377	snp	69	67	0.3844	0.3067	0.7971	0.4478	-0.3493
Chr2	7258194	snp	80	55	0.392	0.3023	0.8125	0.4909	-0.3216
Chr2	7258776	snp	71	76	0.3866	0.3011	0.6197	0.2895	-0.3302
Chr2	7269817	snp	64	45	0.4118	0.309	0.7188	0.4	-0.3187
Chr2	7274914	snp	73	56	0.3855	0.2979	0.7808	0.4464	-0.3344
Chr2	7280900	snp	67	57	0.3936	0.3077	0.8209	0.5088	-0.3121
Chr2	7280905	indel	69	62	0.3957	0.3039	0.8261	0.4839	-0.3422
Chr2	7282032	snp	52	48	0.4038	0.3157	0.9038	0.5625	-0.3413
Chr2	7282039	snp	54	50	0.4007	0.3111	0.8889	0.52	-0.3689
Chr2	7282836	snp	75	81	0.3857	0.2943	0.6533	0.321	-0.3323
Chr2	7284191	indel	54	49	0.4161	0.3159	0.6481	0.3265	-0.3216
Chr2	7286167	snp	101	72	0.3875	0.2965	0.604	0.3056	-0.2984
Chr2	7290502	snp	82	56	0.3924	0.3005	0.8415	0.5357	-0.3057
Chr2	7291029	snp	71	94	0.3819	0.289	0.7746	0.4574	-0.3172
Chr2	7291802	snp	30	20	0.4833	0.3667	0.8333	0.4	-0.4333
Chr2	7296307	snp	74	62	0.3906	0.2995	0.7027	0.4032	-0.2995
Chr2	7299038	snp	54	25	0.4422	0.3467	0.5556	0.12	-0.4356
Chr2	7301413	snp	62	56	0.3992	0.3059	0.9032	0.5714	-0.3318
Chr2	7304608	snp	95	118	0.3671	0.2847	0.7263	0.3051	-0.4212
Chr2	7311624	snp	55	43	0.4097	0.3239	0.8727	0.5349	-0.3378
Chr2	7315125	snp	91	79	0.3868	0.3009	0.6484	0.3038	-0.3446
Chr2	7318547	snp	78	60	0.3897	0.3	0.6026	0.3	-0.3026
Chr2	7318570	indel	72	58	0.3803	0.3051	0.6528	0.3448	-0.308
Chr2	7319295	snp	99	64	0.4066	0.298	0.6364	0.3281	-0.3082
Chr2	7322242	snp	51	72	0.406	0.2998	0.7647	0.3889	-0.3758
Chr2	7323347	snp	71	63	0.3921	0.2987	0.7606	0.4603	-0.3002
Chr2	7325808	snp	69	57	0.4066	0.3051	0.7101	0.3684	-0.3417
Chr2	7325900	snp	88	68	0.3944	0.2981	0.75	0.3529	-0.3971
Chr2	7328482	snp	77	67	0.3801	0.295	0.7273	0.3731	-0.3541
Chr2	7328949	snp	61	50	0.3993	0.3085	0.6721	0.34	-0.3321
Chr2	7348855	snp	86	57	0.3935	0.306	0.6047	0.2632	-0.3415
Chr2	7349850	snp	86	102	0.3648	0.2891	0.6628	0.3627	-0.3
Chr2	7361754	snp	66	55	0.4091	0.3061	0.8182	0.4727	-0.3455
Chr2	7364545	snp	88	74	0.371	0.2942	0.7841	0.473	-0.3111
Chr2	7365321	snp	64	56	0.4152	0.3103	0.8906	0.5714	-0.3192
Chr2	7366507	snp	35	37	0.4409	0.339	0.7143	0.3514	-0.3629
Chr2	7367399	snp	59	51	0.3981	0.3081	0.7797	0.4706	-0.3091
Chr2	7368479	snp	84	52	0.3883	0.3013	0.6905	0.3846	-0.3059
Chr2	7369504	snp	79	73	0.3865	0.2956	0.8608	0.5479	-0.3128
Chr2	7370929	snp	100	68	0.3929	0.2976	0.68	0.2794	-0.4006
Chr2	7371259	snp	108	122	0.3716	0.2822	0.6389	0.3525	-0.2864
Chr2	7373352	snp	61	63	0.389	0.306	0.8852	0.5556	-0.3297
Chr2	7480385	snp	94	67	0.395	0.2972	0.5851	0.2836	-0.3015
Chr2	7517510	indel	72	50	0.3978	0.3033	0.8889	0.54	-0.3489
Chr2	7522406	snp	59	67	0.3795	0.3008	0.8644	0.5075	-0.3569
Chr2	7525395	snp	84	49	0.3963	0.3027	0.631	0.2041	-0.4269
Chr2	7526100	snp	108	47	0.3911	0.2977	0.6667	0.2979	-0.3688
Chr2	7530117	indel	111	110	0.3758	0.2844	0.6306	0.3364	-0.2943
Chr2	7532314	snp	72	51	0.406	0.2998	0.8056	0.4902	-0.3154
Chr2	7536554	snp	81	62	0.402	0.2995	0.716	0.3871	-0.329
Chr2	7540171	snp	49	22	0.4527	0.3553	0.8367	0.4091	-0.4276
Chr2	7541176	indel	60	51	0.4059	0.3157	0.9167	0.5882	-0.3284
Chr2	7543688	snp	104	81	0.3782	0.2902	0.6538	0.3086	-0.3452
Chr2	7552789	snp	88	56	0.3815	0.2987	0.6705	0.3214	-0.349
Chr2	7565271	indel	54	62	0.3996	0.2933	0.7778	0.4677	-0.31
Chr2	7566664	snp	68	63	0.4066	0.3044	0.7794	0.4603	-0.3191
Chr2	7568064	snp	82	80	0.3841	0.2963	0.7683	0.45	-0.3183
Chr2	7572274	snp	28	40	0.4429	0.3393	0.75	0.325	-0.425
Chr2	7573370	snp	68	62	0.3975	0.3112	0.7206	0.4032	-0.3174
Chr2	7574348	snp	99	90	0.3778	0.2889	0.6162	0.2333	-0.3828
Chr2	7577992	indel	29	12	0.5287	0.4109	0.7586	0.25	-0.5086
Chr2	7585709	snp	47	34	0.4374	0.3279	0.8511	0.4706	-0.3805
Chr2	7588339	snp	72	46	0.4094	0.3164	0.8472	0.5	-0.3472
Chr2	7588998	snp	47	37	0.4204	0.3255	0.8085	0.4595	-0.3491
Chr2	7589269	snp	69	82	0.3931	0.2923	0.6667	0.3659	-0.3008
Chr2	7593036	indel	57	22	0.4498	0.3413	0.8772	0.5	-0.3772
Chr2	7594317	snp	28	25	0.4871	0.3671	0.75	0.36	-0.39
Chr2	7595335	snp	42	28	0.4524	0.3452	0.9762	0.5714	-0.4048
Chr2	7595352	snp	44	27	0.4478	0.3426	0.9545	0.5926	-0.362
Chr2	7598680	snp	73	82	0.3846	0.2949	0.7671	0.4634	-0.3037
Chr2	7603583	snp	50	34	0.4271	0.3365	0.76	0.3824	-0.3776
Chr2	7605560	snp	104	65	0.3808	0.2962	0.6635	0.3385	-0.325
Chr2	7606384	snp	63	45	0.4095	0.3143	0.6032	0.2444	-0.3587
Chr2	7606405	indel	61	49	0.4108	0.3128	0.623	0.3061	-0.3168
Chr2	7611884	snp	59	40	0.411	0.3119	0.7458	0.375	-0.3708
Chr2	7614701	snp	78	61	0.3993	0.301	0.7821	0.459	-0.323
Chr2	7619374	snp	68	58	0.4133	0.3048	0.6912	0.3793	-0.3119
Chr2	7622709	indel	77	98	0.3794	0.2941	0.6364	0.3163	-0.32
Chr2	7636581	snp	86	59	0.3873	0.2982	0.6279	0.322	-0.3059
Chr2	7637677	snp	87	46	0.4058	0.3073	0.7586	0.3913	-0.3673
Chr2	7663585	snp	75	60	0.3967	0.3	0.7867	0.4333	-0.3533
Chr2	7664278	snp	83	47	0.3973	0.3102	0.6386	0.3191	-0.3194
Chr2	7664746	snp	63	39	0.4127	0.3211	0.8571	0.5128	-0.3443
Chr2	7666333	snp	53	37	0.409	0.3202	0.7547	0.4324	-0.3223
Chr2	7668706	snp	85	52	0.3864	0.3009	0.7294	0.4038	-0.3256
Chr2	7669132	snp	84	92	0.3768	0.2888	0.6667	0.3478	-0.3188
Chr2	7675341	snp	63	46	0.4058	0.3147	0.9524	0.6087	-0.3437
Chr2	7680326	snp	68	58	0.4133	0.3048	0.7794	0.4483	-0.3311
Chr2	7682099	snp	69	56	0.4032	0.3072	0.913	0.5893	-0.3238
Chr2	7682558	snp	84	73	0.3891	0.2921	0.5833	0.2877	-0.2957
Chr2	7693506	indel	101	61	0.385	0.2925	0.5644	0.2131	-0.3512
Chr2	7725707	snp	73	68	0.3995	0.2996	0.6986	0.3971	-0.3016
Chr2	7730188	snp	56	40	0.4071	0.3214	0.6786	0.35	-0.3286
Chr2	7733005	snp	64	78	0.3914	0.3017	0.7812	0.4744	-0.3069
Chr2	7735228	snp	53	38	0.4161	0.3217	0.8491	0.5	-0.3491
Chr2	7748393	snp	74	67	0.3971	0.2975	0.7027	0.3881	-0.3146
Chr2	7749787	snp	82	68	0.3985	0.2934	0.5854	0.2794	-0.306
Chr2	7750732	snp	118	125	0.3674	0.2822	0.678	0.328	-0.35
Chr2	7754010	indel	44	19	0.4641	0.3589	0.75	0.2632	-0.4868
Chr2	7769990	snp	45	36	0.4333	0.3333	0.7111	0.3611	-0.35
Chr2	7774713	snp	96	110	0.3795	0.2875	0.6146	0.3182	-0.2964
Chr2	7787038	snp	70	48	0.4071	0.3131	0.7571	0.4167	-0.3405
Chr2	7789822	snp	77	60	0.39	0.2996	0.5714	0.25	-0.3214
Chr2	7791348	snp	84	61	0.3731	0.2941	0.6905	0.3279	-0.3626
Chr2	7791484	indel	105	77	0.3844	0.2944	0.5619	0.2597	-0.3022
Chr2	7791732	snp	90	76	0.3813	0.2892	0.7	0.4079	-0.2921
Chr2	7792244	snp	62	36	0.4113	0.319	0.8226	0.4444	-0.3781
Chr2	7792962	indel	67	63	0.4037	0.3196	0.8657	0.5397	-0.326
Chr2	7792967	snp	65	64	0.3954	0.3017	0.8615	0.5156	-0.3459
Chr2	7794681	snp	65	48	0.417	0.3093	0.8769	0.5417	-0.3353
Chr2	7794720	indel	73	59	0.3993	0.3107	0.7534	0.4068	-0.3466
Chr2	7795010	snp	52	27	0.448	0.3383	0.75	0.3704	-0.3796
Chr2	7796452	indel	55	45	0.4141	0.3152	0.8182	0.4889	-0.3293
Chr2	7798228	snp	92	78	0.3821	0.294	0.6522	0.3205	-0.3317
Chr2	7800384	snp	118	84	0.3699	0.2831	0.7034	0.3571	-0.3462
Chr2	7800528	snp	76	46	0.3896	0.3061	0.7895	0.4348	-0.3547
Chr2	7800699	indel	95	90	0.383	0.2947	0.6737	0.2556	-0.4181
Chr2	7800769	snp	78	73	0.4046	0.2968	0.7179	0.3288	-0.3892
Chr2	7800899	snp	75	47	0.406	0.3101	0.8133	0.4894	-0.324
Chr2	7802986	snp	110	72	0.374	0.2881	0.6273	0.2917	-0.3356
Chr2	7804749	indel	114	76	0.3816	0.2895	0.6228	0.3158	-0.307
Chr2	7898018	snp	63	62	0.392	0.3103	0.7619	0.4516	-0.3103
Chr2	7903434	snp	77	76	0.3978	0.2963	0.6623	0.3421	-0.3202
Chr2	7903568	snp	91	74	0.3891	0.292	0.6703	0.3243	-0.346
Chr2	7904196	snp	76	58	0.3911	0.3008	0.6842	0.3793	-0.3049
Chr2	7909076	snp	78	53	0.395	0.3	0.5256	0.1887	-0.337
Chr2	7920967	snp	61	52	0.4001	0.3124	0.8197	0.5	-0.3197
Chr2	7948441	indel	66	51	0.4046	0.3119	0.7273	0.3922	-0.3351
Chr2	7952710	snp	57	54	0.3996	0.3012	0.8421	0.537	-0.3051
Chr2	7955596	snp	61	84	0.3731	0.2941	0.6885	0.381	-0.3076
Chr2	7986533	snp	65	35	0.4352	0.3187	0.8154	0.4286	-0.3868
Chr2	7986548	indel	67	44	0.4145	0.3107	0.806	0.3636	-0.4423
Chr2	7986630	indel	82	70	0.385	0.2972	0.8049	0.3714	-0.4334
Chr2	8033371	snp	66	47	0.4146	0.3108	0.7879	0.4681	-0.3198
Chr2	8034167	snp	81	69	0.3784	0.2904	0.642	0.3333	-0.3086
Chr2	8039617	indel	101	97	0.3644	0.2856	0.5941	0.2371	-0.3569
Chr2	8041214	snp	58	68	0.4133	0.3048	0.8793	0.5441	-0.3352
Chr2	8044971	snp	76	45	0.4035	0.3073	0.6184	0.2889	-0.3295
Chr2	8046708	indel	57	67	0.3936	0.3077	0.8421	0.4925	-0.3496
Chr2	8049390	snp	67	31	0.4136	0.324	0.6866	0.3548	-0.3317
Chr2	8051681	snp	55	61	0.4048	0.3085	0.7273	0.377	-0.3502
Chr2	8051698	indel	53	62	0.3999	0.3028	0.7547	0.3387	-0.416
Chr2	8054144	snp	66	75	0.38	0.3024	0.7424	0.3867	-0.3558
Chr2	8054449	snp	40	34	0.4279	0.3309	0.75	0.3824	-0.3676
Chr2	8055270	indel	75	47	0.406	0.3101	0.84	0.4681	-0.3719
Chr2	8055276	snp	72	45	0.4139	0.3167	0.8611	0.4889	-0.3722
Chr2	8055952	snp	76	56	0.3891	0.2979	0.7632	0.3929	-0.3703
Chr2	8062207	indel	65	60	0.3949	0.3038	0.8	0.35	-0.45
Chr2	8065531	snp	78	52	0.391	0.2949	0.7051	0.3846	-0.3205
Chr2	8065829	snp	76	45	0.4035	0.3073	0.8553	0.5333	-0.3219
Chr2	8066651	snp	97	62	0.4049	0.3005	0.7423	0.3226	-0.4197
Chr2	8066746	snp	91	64	0.385	0.3	0.7143	0.3125	-0.4018
Chr2	8067377	snp	78	98	0.3789	0.2873	0.7308	0.3265	-0.4042
Chr2	8069533	indel	71	94	0.3819	0.289	0.6338	0.3298	-0.304
Chr2	8069687	snp	75	82	0.3896	0.2917	0.6667	0.3049	-0.3618
Chr2	8070543	snp	90	84	0.3833	0.2929	0.5778	0.2738	-0.304
Chr2	8072558	snp	56	43	0.412	0.314	0.7321	0.3953	-0.3368
Chr2	8072776	indel	50	29	0.4476	0.3462	0.94	0.5172	-0.4228
Chr2	8072829	snp	61	33	0.4108	0.3224	0.9344	0.5152	-0.4193
Chr2	8078792	snp	47	45	0.4142	0.3225	0.7021	0.2889	-0.4132
Chr2	8079272	snp	34	24	0.4779	0.3554	0.9118	0.4583	-0.4534
Chr2	8083979	snp	82	51	0.4101	0.3109	0.8415	0.4706	-0.3709
Chr2	8095593	snp	83	74	0.3986	0.2963	0.6386	0.3243	-0.3142
Chr2	8099747	indel	101	107	0.3693	0.2856	0.5842	0.2804	-0.3038
Chr2	8099846	snp	83	68	0.3871	0.2939	0.6506	0.2647	-0.3859
Chr2	8103691	snp	95	89	0.383	0.2904	0.5895	0.2921	-0.2973
Chr2	8104145	indel	87	85	0.3747	0.2924	0.5862	0.2824	-0.3039
Chr2	8104280	snp	58	51	0.3979	0.307	0.7241	0.2941	-0.43
Chr2	8104586	snp	61	51	0.3941	0.3124	0.6557	0.3137	-0.342
Chr2	8113685	indel	84	86	0.3774	0.2957	0.5119	0.1744	-0.3375
Chr2	8114979	snp	62	50	0.4097	0.3135	0.5968	0.26	-0.3368
Chr2	8116216	snp	69	94	0.3716	0.2905	0.5797	0.2872	-0.2925
Chr2	8116324	indel	79	85	0.3912	0.2998	0.6203	0.2706	-0.3497
Chr2	8116337	snp	67	79	0.3837	0.2942	0.6418	0.3418	-0.3
Chr2	8117916	snp	73	60	0.3879	0.3057	0.5616	0.2333	-0.3283
Chr2	8118133	snp	61	47	0.3973	0.3136	0.5574	0.234	-0.3233
Chr2	8118574	snp	85	66	0.3845	0.2934	0.6235	0.303	-0.3205
Chr2	8119636	snp	59	76	0.3923	0.3058	0.5254	0.1974	-0.3281
Chr2	8121707	snp	44	66	0.3939	0.3182	0.6136	0.1515	-0.4621
Chr2	8123316	snp	50	55	0.4091	0.3164	0.5	0.1818	-0.3182
Chr2	8123585	snp	36	26	0.453	0.3526	0.6944	0.2692	-0.4252
Chr2	8123709	snp	28	37	0.4537	0.3542	0.6071	0.1892	-0.418
Chr2	8123714	snp	28	38	0.4361	0.3459	0.5714	0.1842	-0.3872
Chr2	8125455	snp	10	10	0.6	0.5	0.5	0.0	-0.5
Chr2	8126827	indel	71	49	0.4044	0.3101	0.6197	0.2857	-0.334
Chr2	8134939	snp	88	59	0.3831	0.2978	0.7159	0.3898	-0.3261
Chr2	8140666	indel	71	38	0.4129	0.3217	0.6901	0.3684	-0.3217
Chr2	8146243	snp	89	81	0.3834	0.2981	0.6629	0.3457	-0.3172
Chr2	8154343	indel	53	43	0.4103	0.3247	0.5094	0.1395	-0.3699
Chr2	8154350	indel	47	48	0.4136	0.3223	0.5532	0.1458	-0.4074
Chr2	8154405	snp	55	46	0.4012	0.3138	0.5091	0.1087	-0.4004
Chr2	8170380	snp	50	45	0.4133	0.3267	0.5	0.1111	-0.3889
Chr2	8171336	snp	56	55	0.4058	0.3146	0.5536	0.2182	-0.3354
Chr2	8177772	snp	83	89	0.3907	0.2974	0.6386	0.3258	-0.3127
Chr2	8179970	snp	105	93	0.3905	0.2952	0.6952	0.3548	-0.3404
Chr2	8180194	snp	87	80	0.3856	0.2897	0.7011	0.35	-0.3511
Chr2	8182002	indel	117	104	0.3729	0.2842	0.6923	0.375	-0.3173
Chr2	8182013	snp	95	100	0.3753	0.2874	0.6421	0.35	-0.2921
Chr2	8187407	snp	80	67	0.3938	0.3067	0.75	0.3731	-0.3769
Chr2	8187584	snp	74	46	0.3907	0.3067	0.8108	0.4348	-0.376
Chr2	8193855	snp	76	58	0.3911	0.3008	0.6316	0.3276	-0.304
Chr2	8195462	snp	33	12	0.5227	0.4091	0.6667	0.25	-0.4167
Chr2	8195516	indel	34	15	0.498	0.3804	0.9118	0.3333	-0.5784
Chr2	8196155	snp	71	56	0.3979	0.3058	0.7465	0.4107	-0.3358
Chr2	8197233	snp	102	69	0.3964	0.2941	0.7451	0.3623	-0.3828
Chr2	8200836	snp	79	66	0.388	0.3048	0.6835	0.303	-0.3805
Chr2	8201704	indel	111	101	0.3742	0.2912	0.6216	0.3168	-0.3048
Chr2	8201801	indel	88	87	0.3815	0.2915	0.7045	0.3793	-0.3252
Chr2	8203300	snp	74	69	0.3848	0.2971	0.8108	0.4783	-0.3325
Chr2	8203749	snp	102	81	0.3755	0.2861	0.7157	0.3704	-0.3453
Chr2	8205615	snp	85	91	0.3754	0.2892	0.6941	0.3846	-0.3095
Chr2	8206575	snp	92	79	0.3756	0.2906	0.6957	0.3418	-0.3539
Chr2	8209252	snp	65	58	0.3973	0.3093	0.8	0.3448	-0.4552
Chr2	8226269	snp	94	80	0.3721	0.2915	0.6809	0.3	-0.3809
Chr2	8231201	snp	77	44	0.4091	0.3117	0.8961	0.5455	-0.3506
Chr2	8240314	snp	93	65	0.3896	0.2991	0.7957	0.4154	-0.3803
Chr2	8242233	snp	99	60	0.3904	0.3	0.8283	0.5	-0.3283
Chr2	8242255	snp	94	66	0.3946	0.2975	0.8298	0.5303	-0.2995
Chr2	8243606	snp	93	76	0.3855	0.2912	0.7419	0.4079	-0.334
Chr2	8254108	indel	70	64	0.3969	0.3018	0.7429	0.3906	-0.3522
Chr2	8254176	snp	78	74	0.3822	0.2976	0.7179	0.4054	-0.3125
Chr2	8257421	snp	58	69	0.3991	0.3073	0.8103	0.4928	-0.3176
Chr2	8257427	snp	59	69	0.4026	0.3058	0.8305	0.4928	-0.3378
Chr2	8268120	snp	51	17	0.4902	0.3725	0.7451	0.3529	-0.3922
Chr2	8271468	snp	86	73	0.3818	0.2942	0.6977	0.3562	-0.3415
Chr2	8273886	snp	69	50	0.3832	0.3067	0.5072	0.2	-0.3072
Chr2	8275161	snp	71	51	0.3991	0.309	0.7887	0.451	-0.3378
Chr2	8275253	snp	90	63	0.3825	0.3	0.7667	0.4444	-0.3222
Chr2	8275364	snp	88	52	0.382	0.2998	0.7955	0.4423	-0.3531
Chr2	8275964	snp	102	80	0.3674	0.29	0.6961	0.4	-0.2961
Chr2	8276144	snp	101	108	0.3664	0.2863	0.6931	0.3889	-0.3042
Chr2	8277940	snp	91	77	0.3826	0.2917	0.7912	0.4545	-0.3367
Chr2	8281411	snp	69	48	0.3913	0.3062	0.8841	0.5625	-0.3216
Chr2	8283636	indel	39	44	0.4225	0.3316	0.8974	0.5455	-0.352
Chr2	8284202	indel	80	94	0.3721	0.2915	0.6375	0.2553	-0.3822
Chr2	8288072	snp	81	58	0.3908	0.302	0.7037	0.3966	-0.3072
Chr2	8296964	snp	62	53	0.3999	0.3028	0.871	0.5472	-0.3238
Chr2	8304189	indel	73	64	0.3938	0.3022	0.7945	0.4688	-0.3258
Chr2	8305023	snp	80	81	0.379	0.291	0.7	0.3457	-0.3543
Chr2	8338856	snp	92	70	0.3957	0.2991	0.7609	0.3571	-0.4037
Chr2	8346862	indel	54	39	0.4217	0.3248	0.963	0.5641	-0.3989
Chr2	8354961	snp	101	68	0.3845	0.2909	0.7723	0.4706	-0.3017
Chr2	8357249	snp	75	75	0.3867	0.2933	0.76	0.44	-0.32
Chr2	8357424	snp	59	58	0.4173	0.3162	0.7627	0.4138	-0.3489
Chr2	8359954	indel	64	83	0.3934	0.302	0.7969	0.4578	-0.339
Chr2	8359956	indel	69	83	0.3993	0.3005	0.7246	0.3855	-0.3391
Chr2	8359969	snp	73	77	0.3905	0.2925	0.6849	0.3896	-0.2953
Chr2	8362044	snp	87	73	0.379	0.2937	0.6552	0.3014	-0.3538
Chr2	8365057	snp	71	40	0.3993	0.3106	0.6479	0.175	-0.4729
Chr2	8367050	snp	65	62	0.3975	0.306	0.7077	0.3871	-0.3206
Chr2	8367426	snp	68	50	0.4047	0.3112	0.8382	0.48	-0.3582
Chr2	8370288	snp	87	85	0.3747	0.2924	0.6437	0.2824	-0.3613
Chr2	8371511	snp	87	93	0.3686	0.2866	0.6667	0.3333	-0.3333
Chr2	8373901	snp	80	70	0.3875	0.2982	0.7875	0.4857	-0.3018
Chr2	8377475	snp	57	49	0.41	0.3165	0.7895	0.3878	-0.4017
Chr2	8378900	indel	98	96	0.3829	0.2885	0.6837	0.3646	-0.3191
Chr2	8379910	snp	106	80	0.3802	0.2913	0.5849	0.225	-0.3599
Chr2	8380535	snp	90	66	0.3828	0.2929	0.6778	0.3333	-0.3444
Chr2	8386779	snp	84	97	0.3867	0.2947	0.6905	0.3505	-0.34
Chr2	8387731	snp	82	64	0.3979	0.3045	0.7805	0.4531	-0.3274
Chr2	8398264	indel	85	65	0.3846	0.2941	0.7765	0.4154	-0.3611
Chr2	8398281	snp	76	53	0.4007	0.3069	0.7763	0.4151	-0.3612
Chr2	8398311	snp	65	51	0.4066	0.3113	0.8308	0.4706	-0.3602
Chr2	8398421	snp	88	67	0.3811	0.2924	0.7159	0.3433	-0.3726
Chr2	8398548	snp	103	49	0.3998	0.3055	0.7379	0.4286	-0.3093
Chr2	8400236	indel	64	47	0.4036	0.3102	0.6875	0.3617	-0.3258
Chr2	8400417	snp	110	77	0.3727	0.2818	0.6455	0.3636	-0.2818
Chr2	8403144	snp	69	57	0.4066	0.3051	0.7246	0.386	-0.3387
Chr2	8403706	snp	64	43	0.4084	0.3147	0.875	0.5581	-0.3169
Chr2	8403715	snp	60	46	0.4043	0.3101	0.9	0.4783	-0.4217
Chr2	8404875	snp	67	55	0.3989	0.3113	0.8806	0.5091	-0.3715
Chr2	8404885	snp	63	54	0.3889	0.3042	0.8889	0.5185	-0.3704
Chr2	8406511	snp	60	48	0.4042	0.3083	0.9	0.5833	-0.3167
Chr2	8407610	snp	81	64	0.3872	0.2957	0.6296	0.2812	-0.3484
Chr2	8407617	indel	84	71	0.3882	0.2961	0.5833	0.2676	-0.3157
Chr2	8411521	indel	61	53	0.3981	0.3087	0.5902	0.2264	-0.3637
Chr2	8411607	snp	94	68	0.377	0.2935	0.6596	0.25	-0.4096
Chr2	8411633	indel	94	73	0.3917	0.2989	0.6277	0.3151	-0.3126
Chr2	8417407	snp	88	54	0.4036	0.3043	0.8068	0.3704	-0.4364
Chr2	8418090	snp	75	55	0.3976	0.297	0.64	0.2909	-0.3491
Chr2	8423891	indel	77	61	0.3926	0.3085	0.7403	0.4262	-0.314
Chr2	8424272	snp	81	84	0.384	0.2945	0.6667	0.369	-0.2976
Chr2	8428027	snp	87	123	0.372	0.2848	0.6552	0.3659	-0.2893
Chr2	8499810	snp	65	41	0.415	0.3212	0.8	0.4634	-0.3366
Chr2	8505650	indel	57	48	0.4167	0.3191	0.7193	0.375	-0.3443
Chr2	8513370	snp	109	100	0.3722	0.2872	0.6514	0.34	-0.3114
Chr2	8514817	snp	109	86	0.3771	0.2878	0.6881	0.3953	-0.2927
Chr2	8523235	snp	85	59	0.389	0.2977	0.6941	0.339	-0.3551
Chr2	8527280	snp	68	62	0.3975	0.3112	0.8088	0.4839	-0.325
Chr2	8530819	snp	57	40	0.4241	0.3189	0.807	0.425	-0.382
Chr2	8538168	snp	96	64	0.3906	0.2969	0.75	0.4219	-0.3281
Chr2	8539975	snp	107	73	0.3765	0.293	0.6729	0.3699	-0.303
Chr2	8568826	indel	48	49	0.4026	0.3197	0.625	0.2245	-0.4005
Chr2	8584937	snp	70	61	0.3684	0.2885	0.8	0.5082	-0.2918
Chr2	8585493	snp	65	50	0.4046	0.3154	0.8462	0.4	-0.4462
Chr2	8599293	snp	94	77	0.375	0.2923	0.6596	0.3636	-0.2959
Chr2	8600448	snp	85	64	0.3857	0.2994	0.6588	0.3438	-0.3151
Chr2	8603465	snp	82	73	0.3846	0.2949	0.7317	0.4247	-0.307
Chr2	8620709	snp	56	33	0.4167	0.322	0.8929	0.3939	-0.4989
Chr2	8624104	snp	93	66	0.3851	0.2977	0.8387	0.5	-0.3387
Chr2	8624851	snp	90	57	0.3842	0.3064	0.6778	0.3333	-0.3444
Chr2	8632583	snp	62	51	0.4029	0.314	0.8548	0.4706	-0.3843
Chr2	8632616	snp	71	52	0.3952	0.3044	0.7887	0.4231	-0.3657
Chr2	8632767	snp	86	94	0.3864	0.2885	0.6047	0.2447	-0.36
Chr2	8633257	snp	74	81	0.3782	0.303	0.8243	0.4938	-0.3305
Chr2	8633619	snp	50	30	0.4467	0.34	0.94	0.6	-0.34
Chr2	8647675	snp	75	86	0.3839	0.2915	0.6533	0.3372	-0.3161
Chr2	8654531	indel	71	103	0.3863	0.293	0.6901	0.3398	-0.3503
Chr2	8655610	snp	64	93	0.3874	0.2965	0.6719	0.3548	-0.317
Chr2	8655820	snp	70	51	0.4095	0.3098	0.8286	0.4902	-0.3384
Chr2	8659399	snp	93	72	0.392	0.2917	0.6022	0.3056	-0.2966
Chr2	8666160	indel	49	33	0.4317	0.3302	0.6122	0.2424	-0.3698
Chr2	8681044	snp	119	117	0.3583	0.2803	0.7059	0.3761	-0.3298
Chr2	8681769	snp	111	72	0.3799	0.2864	0.6396	0.3333	-0.3063
Chr2	8682669	indel	84	73	0.3891	0.2921	0.7857	0.4384	-0.3474
Chr2	8682690	snp	71	58	0.4065	0.2982	0.7887	0.4828	-0.306
Chr2	8682741	snp	74	60	0.4018	0.3	0.7432	0.4167	-0.3266
Chr2	8682775	indel	85	81	0.3961	0.2973	0.7176	0.3457	-0.372
Chr2	8683255	snp	99	53	0.4025	0.3028	0.6364	0.2453	-0.3911
Chr2	8695894	snp	71	63	0.3921	0.2987	0.662	0.254	-0.408
Chr2	8699413	snp	71	70	0.3893	0.3034	0.8451	0.5286	-0.3165
Chr2	8699512	snp	65	88	0.3895	0.2946	0.6769	0.3523	-0.3247
Chr2	8702085	indel	32	28	0.4509	0.3571	0.5625	0.1786	-0.3839
Chr2	8706835	indel	73	76	0.3796	0.294	0.6986	0.3421	-0.3565
Chr2	8706838	snp	69	68	0.4005	0.2992	0.6667	0.3235	-0.3431
Chr2	8706838	indel	74	72	0.3836	0.2887	0.6486	0.3472	-0.3014
Chr2	8727567	indel	71	70	0.3893	0.3034	0.6197	0.3143	-0.3054
Chr2	8734496	snp	66	90	0.3828	0.2929	0.6515	0.3333	-0.3182
Chr2	8745481	indel	68	51	0.4069	0.3039	0.8676	0.451	-0.4167
Chr2	8745523	snp	64	41	0.4123	0.3236	0.8906	0.4634	-0.4272
Chr2	8745588	snp	55	39	0.4089	0.3179	0.8364	0.4359	-0.4005
Chr2	8747665	snp	90	69	0.3821	0.2947	0.5889	0.2754	-0.3135
Chr2	8748182	snp	92	76	0.3781	0.2889	0.6739	0.3816	-0.2923
Chr2	8749480	snp	98	77	0.3794	0.2941	0.6633	0.3636	-0.2996
Chr2	8751709	snp	79	68	0.3833	0.2943	0.6709	0.2353	-0.4356
Chr2	8753637	snp	74	47	0.4126	0.3122	0.7838	0.4043	-0.3795
Chr2	8758774	snp	100	61	0.3861	0.2957	0.63	0.3279	-0.3021
Chr2	8770539	snp	86	74	0.3796	0.2901	0.593	0.2973	-0.2957
Chr2	8770914	snp	67	73	0.3827	0.2956	0.7164	0.411	-0.3055
Chr2	8772877	snp	70	73	0.3838	0.2969	0.6857	0.3836	-0.3022
Chr2	8779696	snp	73	75	0.389	0.2972	0.7671	0.4533	-0.3138
Chr2	8780836	snp	77	66	0.4026	0.3009	0.7792	0.4242	-0.355
Chr2	8781067	snp	90	101	0.3803	0.2856	0.6556	0.3564	-0.2991
Chr2	8793926	indel	54	46	0.4211	0.3221	0.6481	0.3261	-0.3221
Chr2	8794010	snp	84	77	0.3842	0.29	0.6786	0.2857	-0.3929
Chr2	8798887	snp	61	64	0.397	0.2979	0.7705	0.4531	-0.3174
Chr2	8800147	indel	64	43	0.4084	0.3147	0.8438	0.4419	-0.4019
Chr2	8800148	snp	65	42	0.3982	0.3198	0.8308	0.4524	-0.3784
Chr2	8800572	indel	64	61	0.397	0.2979	0.7031	0.377	-0.3261
Chr2	8804468	snp	84	72	0.3869	0.2996	0.6429	0.3333	-0.3095
Chr2	8807040	snp	85	88	0.3767	0.2936	0.6824	0.2955	-0.3869
Chr2	8816863	snp	80	42	0.4077	0.3131	0.725	0.4048	-0.3202
Chr2	8817465	indel	63	91	0.3944	0.2979	0.7778	0.3956	-0.3822
Chr2	8817547	snp	66	86	0.3925	0.2992	0.7273	0.3488	-0.3784
Chr2	8833155	indel	82	81	0.3746	0.2892	0.6829	0.3827	-0.3002
Chr2	8833718	snp	88	80	0.3841	0.2943	0.8068	0.5125	-0.2943
Chr2	8834273	snp	59	63	0.3955	0.3129	0.7458	0.3492	-0.3966
Chr2	8842106	snp	66	43	0.4109	0.3097	0.8788	0.5349	-0.3439
Chr2	8847022	snp	63	58	0.4012	0.3046	0.8571	0.5172	-0.3399
Chr2	8847960	snp	52	67	0.3958	0.3063	0.7115	0.403	-0.3086
Chr2	8849760	snp	43	43	0.4186	0.3256	0.7674	0.4186	-0.3488
Chr2	8849901	snp	78	71	0.3875	0.294	0.7436	0.4225	-0.3211
Chr2	8855283	indel	33	40	0.4576	0.347	0.9091	0.55	-0.3591
Chr2	8855455	snp	41	42	0.4233	0.3258	0.7805	0.4524	-0.3281
Chr2	8857670	snp	58	59	0.4173	0.3162	0.6724	0.3559	-0.3165
Chr2	8860261	snp	81	74	0.3782	0.303	0.6296	0.3108	-0.3188
Chr2	8865793	snp	84	77	0.3842	0.29	0.5952	0.2987	-0.2965
Chr2	8865933	snp	69	54	0.3953	0.3076	0.8986	0.5556	-0.343
Chr2	8865949	snp	73	56	0.3855	0.2979	0.9041	0.5893	-0.3148
Chr2	8866627	indel	102	76	0.387	0.2918	0.6961	0.3816	-0.3145
Chr2	8885631	snp	62	56	0.3992	0.3059	0.7903	0.4107	-0.3796
Chr2	8909905	indel	78	60	0.3897	0.3	0.6667	0.3667	-0.3
Chr2	8915988	snp	94	64	0.374	0.2945	0.734	0.4375	-0.2965
Chr2	8917074	snp	58	34	0.4178	0.3245	0.8448	0.4118	-0.4331
Chr2	8917162	snp	62	31	0.4194	0.3387	0.7097	0.3226	-0.3871
Chr2	8919658	snp	85	52	0.3864	0.3009	0.9059	0.5192	-0.3867
Chr2	8919668	snp	82	48	0.3999	0.3044	0.939	0.6042	-0.3349
Chr2	8919739	snp	71	54	0.4051	0.3161	0.8592	0.4815	-0.3777
Chr2	8939009	snp	69	57	0.4066	0.3051	0.6522	0.3333	-0.3188
Chr2	8944063	snp	77	48	0.3991	0.3057	0.8052	0.4583	-0.3469
Chr2	8945388	indel	100	105	0.381	0.2876	0.64	0.3524	-0.2876
Chr2	8946038	snp	47	37	0.4204	0.3255	0.6809	0.3243	-0.3565
Chr2	8946668	snp	49	23	0.4508	0.3461	0.6327	0.2609	-0.3718
Chr2	9112733	snp	88	69	0.3849	0.2956	0.6591	0.2609	-0.3982
Chr2	9164938	snp	57	31	0.429	0.3322	0.6491	0.2903	-0.3588
Chr2	9169180	snp	69	76	0.3839	0.2969	0.6232	0.3158	-0.3074
Chr2	9170333	snp	86	93	0.3742	0.2884	0.6744	0.2903	-0.3841
Chr2	9175991	snp	75	88	0.3791	0.2971	0.6933	0.3636	-0.3297
Chr2	9179437	snp	65	54	0.3991	0.31	0.8	0.4444	-0.3556
Chr2	9181378	snp	76	59	0.3923	0.3058	0.8421	0.5085	-0.3336
Chr2	9183968	indel	51	56	0.4114	0.3165	0.8039	0.4643	-0.3396
Chr2	9190056	snp	49	44	0.4235	0.3256	0.7755	0.4091	-0.3664
Chr2	9193168	snp	67	41	0.4103	0.3153	0.8657	0.5366	-0.3291
Chr2	9193330	snp	62	63	0.392	0.3103	0.8548	0.5397	-0.3152
Chr2	9193336	snp	64	71	0.3853	0.3008	0.875	0.5211	-0.3539
Chr2	9194755	snp	111	60	0.3721	0.2874	0.7207	0.4333	-0.2874
Chr2	9196080	indel	93	101	0.3736	0.2862	0.6344	0.297	-0.3374
Chr2	9199028	snp	72	42	0.4147	0.3155	0.7917	0.381	-0.4107
Chr2	9199132	indel	99	58	0.3918	0.3011	0.7879	0.3621	-0.4258
Chr2	9205526	snp	84	82	0.3746	0.2979	0.5595	0.2439	-0.3156
Chr2	9207881	snp	80	81	0.379	0.291	0.7375	0.4198	-0.3177
Chr2	9211079	indel	64	62	0.4103	0.3155	0.875	0.4516	-0.4234
Chr2	9215923	snp	68	57	0.3991	0.3047	0.7206	0.3684	-0.3522
Chr2	9216053	indel	71	87	0.3902	0.2979	0.6901	0.3908	-0.2993
Chr2	9218512	snp	73	36	0.4212	0.3128	0.8493	0.5	-0.3493
Chr2	9219198	snp	91	85	0.3754	0.2892	0.8352	0.4588	-0.3763
Chr2	9219296	snp	92	73	0.3778	0.2895	0.9022	0.589	-0.3131
Chr2	9219981	snp	70	76	0.3808	0.2996	0.8143	0.4868	-0.3274
Chr2	9221684	snp	107	100	0.3642	0.2793	0.7196	0.44	-0.2796
Chr2	9225654	snp	76	61	0.3926	0.3037	0.8289	0.4426	-0.3863
Chr2	9226135	snp	68	51	0.4069	0.3039	0.7353	0.3333	-0.402
Chr2	9226313	snp	95	83	0.3801	0.2927	0.6947	0.3373	-0.3574
Chr2	9227723	indel	54	65	0.3991	0.31	0.7593	0.3231	-0.4362
Chr2	9229823	snp	70	64	0.3969	0.3018	0.7714	0.4062	-0.3652
Chr2	9230307	snp	70	65	0.3923	0.3066	0.6143	0.2154	-0.3989
Chr2	9231118	snp	67	54	0.3986	0.3054	0.8806	0.4444	-0.4362
Chr2	9231129	indel	67	53	0.3996	0.307	0.8955	0.4717	-0.4238
Chr2	9234588	snp	74	60	0.4018	0.3	0.7838	0.4667	-0.3171
Chr2	9234902	snp	65	65	0.4	0.3077	0.6462	0.3231	-0.3231
Chr2	9237017	snp	78	60	0.3897	0.3	0.6667	0.35	-0.3167
Chr2	9239877	snp	76	57	0.3991	0.2982	0.8026	0.4912	-0.3114
Chr2	9241843	indel	56	53	0.3976	0.3063	0.8929	0.566	-0.3268
Chr2	9246079	snp	81	68	0.3778	0.299	0.7778	0.3971	-0.3807
Chr2	9246925	snp	83	69	0.3993	0.3005	0.6386	0.3043	-0.3342
Chr2	9250902	indel	26	30	0.4744	0.359	0.8462	0.4	-0.4462
Chr2	9252750	snp	95	100	0.3753	0.2874	0.6842	0.38	-0.3042
Chr2	9260263	indel	70	65	0.3923	0.3066	0.7857	0.3692	-0.4165
Chr2	9264908	snp	82	90	0.3832	0.2911	0.6585	0.3444	-0.3141
Chr2	9277550	snp	32	10	0.55	0.425	0.625	0.2	-0.425
Chr2	9299779	snp	75	66	0.38	0.3024	0.72	0.4091	-0.3109
Chr2	9314157	snp	75	53	0.3947	0.3026	0.72	0.3962	-0.3238
Chr2	9316333	snp	61	32	0.4221	0.3268	0.9508	0.5938	-0.3571
Chr2	9318756	snp	85	63	0.3808	0.3008	0.8118	0.4921	-0.3197
Chr2	9322751	indel	45	32	0.434	0.3368	0.8444	0.4375	-0.4069
Chr2	9322753	snp	46	30	0.4507	0.342	0.8478	0.4333	-0.4145
Chr2	9322973	snp	60	56	0.4024	0.3083	0.5667	0.25	-0.3167
Chr2	9419045	snp	53	37	0.409	0.3202	0.8113	0.4324	-0.3789
Chr2	9419448	indel	72	56	0.4107	0.3095	0.6667	0.3214	-0.3452
Chr2	9424353	snp	73	70	0.3838	0.2969	0.589	0.2429	-0.3462
Chr2	9425546	snp	79	61	0.3899	0.3013	0.7468	0.4098	-0.337
Chr2	9425977	snp	59	61	0.4048	0.3156	0.7966	0.4754	-0.3212
Chr2	9426111	snp	87	95	0.3739	0.2887	0.6322	0.2842	-0.348
Chr2	9426996	snp	87	74	0.3835	0.2957	0.6667	0.3378	-0.3288
Chr2	9429016	snp	50	50	0.42	0.32	0.82	0.5	-0.32
Chr2	9429035	snp	48	52	0.4038	0.3157	0.8958	0.4808	-0.4151
Chr2	9432567	snp	75	60	0.3967	0.3	0.8	0.4667	-0.3333
Chr2	9434564	snp	50	57	0.4116	0.3091	0.72	0.3333	-0.3867
Chr2	9442219	indel	42	42	0.4286	0.3095	0.8571	0.4286	-0.4286
Chr2	9455601	indel	77	59	0.4041	0.3024	0.7662	0.4407	-0.3256
Chr2	9458536	snp	71	62	0.3839	0.299	0.6338	0.2419	-0.3919
Chr2	9458665	snp	66	66	0.3939	0.303	0.7121	0.2879	-0.4242
Chr2	9476089	snp	91	75	0.3801	0.2947	0.6593	0.36	-0.2993
Chr2	9484664	indel	83	83	0.3735	0.2892	0.6867	0.3976	-0.2892
Chr2	9531842	snp	79	71	0.3876	0.2965	0.7468	0.4225	-0.3243
Chr2	9533157	indel	53	36	0.4214	0.3249	0.9057	0.5278	-0.3779
Chr2	9538592	indel	82	66	0.4013	0.3019	0.7073	0.3939	-0.3134
Chr2	9539636	snp	99	78	0.3854	0.2988	0.8081	0.4231	-0.385
Chr2	9539679	snp	90	51	0.3837	0.2974	0.8778	0.4902	-0.3876
Chr2	9545695	snp	64	69	0.3775	0.305	0.5938	0.2609	-0.3329
Chr2	9547573	snp	69	55	0.3866	0.3033	0.8406	0.4909	-0.3497
Chr2	9547654	snp	84	63	0.3849	0.3016	0.8452	0.5397	-0.3056
Chr2	9552008	snp	53	36	0.4214	0.3249	0.8868	0.4722	-0.4146
Chr2	9553116	snp	98	84	0.3793	0.2908	0.6633	0.2976	-0.3656
Chr2	9554226	snp	74	66	0.3931	0.3051	0.6622	0.3182	-0.344
Chr2	9555364	snp	92	53	0.3909	0.3029	0.587	0.2075	-0.3794
Chr2	9555796	indel	15	23	0.5362	0.4087	0.3333	1.0	0.6667
Chr2	9557215	snp	63	41	0.4131	0.319	0.7937	0.4146	-0.379
Chr2	9561572	snp	93	80	0.3777	0.2899	0.6129	0.3	-0.3129
Chr2	9565391	snp	59	52	0.4188	0.3126	0.8305	0.5	-0.3305
Chr2	9566314	snp	88	72	0.3876	0.2917	0.6932	0.3611	-0.3321
Chr2	9577057	snp	99	51	0.3951	0.3054	0.6364	0.2745	-0.3619
Chr2	9579147	indel	111	107	0.3846	0.2832	0.5315	0.243	-0.2885
Chr2	9658319	snp	44	63	0.4145	0.3193	0.5455	0.2063	-0.3391
Chr2	9669936	snp	99	79	0.3783	0.2947	0.6162	0.3038	-0.3124
Chr2	9759242	snp	65	65	0.4	0.3077	0.6769	0.3692	-0.3077
Chr2	9759312	snp	62	50	0.4097	0.3135	0.7581	0.4	-0.3581
Chr2	9769727	snp	95	72	0.3917	0.302	0.6316	0.2917	-0.3399
Chr2	9770121	snp	93	96	0.376	0.29	0.7634	0.2917	-0.4718
Chr2	9770515	snp	76	59	0.3923	0.3058	0.6447	0.322	-0.3227
Chr2	9788528	snp	85	82	0.3867	0.2917	0.6235	0.3049	-0.3187
Chr2	9790824	indel	111	70	0.3974	0.299	0.7297	0.3857	-0.344
Chr2	9797484	snp	67	29	0.4442	0.3314	0.791	0.4483	-0.3428
Chr2	9800688	indel	50	32	0.43	0.3363	0.82	0.4688	-0.3512
Chr2	9806279	snp	46	24	0.4438	0.3406	0.7391	0.375	-0.3641
Chr2	9807374	snp	56	35	0.4107	0.325	0.7679	0.4286	-0.3393
Chr2	9807784	snp	59	62	0.3997	0.307	0.7458	0.4032	-0.3425
Chr2	9809193	indel	74	68	0.3915	0.2957	0.7973	0.4853	-0.312
Chr2	9813549	snp	82	76	0.3944	0.294	0.6951	0.3947	-0.3004
Chr2	9814612	indel	97	94	0.3829	0.2928	0.6598	0.3617	-0.2981
Chr2	9817673	snp	64	47	0.4036	0.3102	0.7812	0.4468	-0.3344
Chr2	9822596	snp	96	93	0.376	0.29	0.6562	0.3656	-0.2907
Chr2	9827941	snp	73	44	0.4122	0.3123	0.8082	0.4545	-0.3537
Chr2	9832855	snp	77	98	0.3794	0.2941	0.7403	0.4184	-0.3219
Chr2	9833114	snp	74	69	0.3848	0.2971	0.8378	0.5362	-0.3016
Chr2	9836118	snp	44	57	0.4083	0.3186	0.8864	0.5439	-0.3425
Chr2	9847099	indel	61	40	0.4152	0.3152	0.6885	0.3	-0.3885
Chr2	9905048	indel	100	65	0.3854	0.2946	0.67	0.3692	-0.3008
Chr2	9906865	snp	63	55	0.3942	0.303	0.4921	0.1636	-0.3284
Chr2	9907506	snp	74	85	0.3903	0.2927	0.6351	0.3412	-0.294
Chr2	9933500	snp	70	33	0.4074	0.329	0.7857	0.4545	-0.3312
Chr2	9948701	snp	68	37	0.4209	0.3152	0.7059	0.3243	-0.3816
Chr2	9954251	snp	64	58	0.4009	0.3098	0.7344	0.3793	-0.3551
Chr2	9955123	snp	68	73	0.3995	0.2996	0.7206	0.3562	-0.3644
Chr2	9955225	snp	68	77	0.3925	0.2939	0.7794	0.3896	-0.3898
Chr2	9956589	snp	68	52	0.4106	0.3156	0.8824	0.5192	-0.3631
Chr2	9957357	snp	83	83	0.3735	0.2892	0.8313	0.5301	-0.3012
Chr2	9960406	snp	85	81	0.3961	0.2973	0.6588	0.358	-0.3008
Chr2	9960976	snp	54	58	0.4183	0.3123	0.8704	0.5172	-0.3531
Chr2	9965284	snp	40	25	0.46	0.345	0.825	0.32	-0.505
Chr2	9967076	indel	68	58	0.4133	0.3048	0.75	0.3448	-0.4052
Chr2	9967639	indel	51	68	0.4069	0.3039	0.5294	0.1912	-0.3382
Chr2	9981033	snp	81	76	0.3813	0.295	0.6049	0.2895	-0.3155
Chr2	9993069	indel	74	99	0.3728	0.2913	0.6757	0.3434	-0.3322
Chr2	9993724	snp	55	66	0.4091	0.3061	0.5636	0.2121	-0.3515
Chr2	9995893	indel	65	72	0.4006	0.3	0.6	0.25	-0.35
Chr2	9998028	snp	79	87	0.3732	0.2949	0.6709	0.3448	-0.3261
Chr2	10001245	snp	73	83	0.4007	0.2878	0.5479	0.253	-0.2949
Chr2	10014842	snp	60	50	0.3867	0.3067	0.7333	0.42	-0.3133
Chr2	10072291	snp	65	43	0.414	0.3134	0.8462	0.4884	-0.3578
Chr2	10072298	snp	63	42	0.4048	0.3175	0.873	0.4524	-0.4206
Chr2	10078496	snp	77	47	0.3998	0.3125	0.7792	0.3617	-0.4175
Chr2	10078530	snp	73	39	0.4064	0.3123	0.7671	0.4359	-0.3312
Chr2	10079040	indel	85	70	0.3882	0.2958	0.6941	0.3714	-0.3227
Chr2	10081610	snp	58	51	0.3979	0.307	0.8103	0.4706	-0.3398
Chr2	10087743	snp	75	87	0.383	0.2933	0.72	0.4023	-0.3177
Chr2	10088165	snp	88	71	0.3942	0.2929	0.6591	0.3239	-0.3351
Chr2	10090273	snp	76	40	0.4013	0.3079	0.6053	0.275	-0.3303
Chr2	10090454	snp	79	66	0.388	0.3048	0.7089	0.3333	-0.3755
Chr2	10091801	snp	90	71	0.3864	0.2923	0.6556	0.2254	-0.4302
Chr2	10092214	snp	96	76	0.3788	0.2933	0.7188	0.3684	-0.3503
Chr2	10097065	snp	55	45	0.4141	0.3152	0.8182	0.4889	-0.3293
Chr2	10101688	snp	65	69	0.4062	0.3137	0.6615	0.3478	-0.3137
Chr2	10110543	indel	49	52	0.4223	0.3214	0.551	0.1346	-0.4164
Chr2	10110597	snp	42	50	0.4229	0.3219	0.619	0.18	-0.439
Chr2	10110653	indel	32	43	0.4477	0.3459	0.5625	0.1628	-0.3997
Chr2	10145186	snp	67	54	0.3986	0.3054	0.7761	0.4259	-0.3502
Chr2	10146208	snp	86	87	0.3768	0.2951	0.686	0.3678	-0.3182
Chr2	10147435	snp	68	54	0.3954	0.3066	0.6471	0.2593	-0.3878
Chr2	10186335	snp	100	76	0.3742	0.2884	0.64	0.3158	-0.3242
Chr2	10208419	indel	79	57	0.402	0.3085	0.7342	0.2456	-0.4886
Chr2	10212890	indel	83	63	0.3846	0.3014	0.6867	0.3016	-0.3852
Chr2	10235824	snp	84	80	0.3845	0.2929	0.6429	0.3375	-0.3054
Chr2	10249546	indel	48	43	0.4157	0.3154	0.7917	0.4186	-0.3731
Chr2	10249621	snp	36	34	0.4395	0.3448	0.8889	0.5294	-0.3595
Chr2	10249634	snp	38	36	0.4327	0.3289	0.8947	0.5556	-0.3392
Chr2	10250058	snp	84	97	0.3867	0.2947	0.7262	0.4227	-0.3035
Chr2	10250710	snp	95	81	0.3865	0.291	0.6211	0.321	-0.3001
Chr2	10250728	indel	96	93	0.376	0.29	0.5938	0.3011	-0.2927
Chr2	10266993	snp	69	58	0.3991	0.3073	0.6522	0.3448	-0.3073
Chr2	10275508	snp	66	71	0.3807	0.2951	0.697	0.3662	-0.3308
Chr2	10289354	indel	77	89	0.3952	0.3	0.6623	0.3596	-0.3028
Chr2	10296717	snp	75	70	0.3781	0.2962	0.6267	0.2714	-0.3552
Chr2	10296752	indel	82	74	0.3909	0.2989	0.6341	0.2432	-0.3909
Chr2	10297137	snp	57	58	0.3911	0.3043	0.7193	0.3793	-0.34
Chr2	10299008	snp	51	64	0.4053	0.311	0.6863	0.375	-0.3113
Chr2	10299087	indel	58	66	0.4086	0.3067	0.6897	0.3485	-0.3412
Chr2	10307697	snp	89	78	0.3794	0.299	0.618	0.2692	-0.3487
Chr2	10307735	indel	100	89	0.3767	0.2878	0.52	0.2247	-0.2953
Chr2	10307782	indel	93	57	0.395	0.3039	0.5699	0.1404	-0.4295
Chr2	10310378	snp	77	57	0.4122	0.3023	0.8571	0.5088	-0.3484
Chr2	10312618	snp	49	41	0.4385	0.336	0.8776	0.5366	-0.341
Chr2	10312668	snp	44	42	0.4188	0.3247	0.75	0.3571	-0.3929
Chr2	10314641	indel	67	47	0.3992	0.3144	0.7164	0.383	-0.3334
Chr2	10316822	indel	80	41	0.3942	0.3073	0.6375	0.3171	-0.3204
Chr2	10344710	snp	78	67	0.3917	0.3	0.6282	0.3134	-0.3148
Chr2	10345745	snp	73	46	0.4014	0.3097	0.6164	0.3043	-0.3121
Chr2	10353680	snp	15	16	0.5542	0.4208	0.7333	0.25	-0.4833
Chr2	10355282	snp	48	55	0.4042	0.3133	0.875	0.4	-0.475
Chr2	10359490	indel	45	40	0.4139	0.3333	0.4889	0.125	-0.3639
Chr2	10359499	indel	43	34	0.4501	0.3399	0.6047	0.1765	-0.4282
Chr2	10365256	snp	74	59	0.4008	0.3028	0.6892	0.3559	-0.3333
Chr2	10366044	indel	48	32	0.4375	0.3333	0.7917	0.4375	-0.3542
Chr2	10366224	snp	70	42	0.4143	0.3143	0.6429	0.2857	-0.3571
Chr2	10369143	snp	54	71	0.4051	0.3161	0.4815	0.1408	-0.3406
Chr2	10369243	snp	83	77	0.3788	0.299	0.5663	0.1688	-0.3974
Chr2	10370575	snp	93	72	0.392	0.2917	0.6452	0.3194	-0.3257
Chr2	10372275	indel	53	79	0.3948	0.3107	0.4717	0.1519	-0.3198
Chr2	10372796	indel	41	40	0.4323	0.3335	0.4146	0.0	-0.4146
Chr2	10374617	indel	74	82	0.3909	0.2989	0.6081	0.3049	-0.3032
Chr2	10386676	snp	53	44	0.4181	0.3195	0.5472	0.1591	-0.3881
Chr2	10394135	snp	68	56	0.3971	0.3057	0.7647	0.375	-0.3897
Chr2	10404889	indel	103	108	0.3732	0.2867	0.6019	0.3148	-0.2871
Chr2	10414619	snp	76	77	0.3978	0.2963	0.6447	0.2338	-0.411
Chr2	10423665	snp	60	90	0.3833	0.3056	0.5667	0.2556	-0.3111
Chr2	10423769	snp	52	71	0.3952	0.3044	0.6154	0.3099	-0.3055
Chr2	10426407	snp	86	86	0.3721	0.2907	0.7558	0.4302	-0.3256
Chr2	10428014	snp	74	63	0.3887	0.3048	0.6351	0.3175	-0.3177
Chr2	10431285	snp	104	83	0.3716	0.2852	0.7308	0.3494	-0.3814
Chr2	10434474	snp	80	74	0.3953	0.3007	0.6125	0.2973	-0.3152
Chr2	10441137	snp	77	80	0.3773	0.2888	0.7273	0.425	-0.3023
Chr2	10441328	snp	54	50	0.4007	0.3111	0.7778	0.46	-0.3178
Chr2	10443914	indel	60	62	0.3968	0.3086	0.85	0.5323	-0.3177
Chr2	10448844	snp	75	70	0.3781	0.2962	0.8267	0.5	-0.3267
Chr2	10450107	snp	107	63	0.3956	0.3031	0.7477	0.4127	-0.335
Chr2	10450171	indel	120	92	0.3757	0.2848	0.6583	0.3587	-0.2996
Chr2	10452014	indel	56	52	0.408	0.3077	0.875	0.3269	-0.5481
Chr2	10452031	snp	50	38	0.4179	0.3189	0.88	0.3947	-0.4853
Chr2	10452048	snp	45	29	0.433	0.3341	0.8889	0.4483	-0.4406
Chr2	10452902	snp	96	120	0.3604	0.2792	0.6667	0.3417	-0.325
Chr2	10456192	snp	79	79	0.3797	0.3038	0.6582	0.3544	-0.3038
Chr2	10456267	snp	78	67	0.3917	0.3	0.7821	0.4478	-0.3343
Chr2	10456877	snp	82	55	0.386	0.3071	0.8171	0.4727	-0.3443
Chr2	10457665	snp	84	84	0.381	0.2976	0.6786	0.3333	-0.3452
Chr2	10457805	snp	94	97	0.3829	0.2928	0.617	0.3093	-0.3077
Chr2	10457840	indel	107	117	0.374	0.2867	0.5981	0.2735	-0.3246
Chr2	10458273	snp	58	60	0.404	0.3161	0.6724	0.3167	-0.3557
Chr2	10458844	snp	69	62	0.3957	0.3039	0.8986	0.5161	-0.3824
Chr2	10458855	snp	72	57	0.3962	0.3019	0.9028	0.5263	-0.3765
Chr2	10462217	indel	108	117	0.3825	0.2849	0.6111	0.3077	-0.3034
Chr2	10462331	snp	98	75	0.3824	0.2962	0.6939	0.3867	-0.3072
Chr2	10463891	snp	77	78	0.38	0.292	0.6753	0.3462	-0.3292
Chr2	10463917	indel	79	79	0.3797	0.3038	0.6709	0.3165	-0.3544
Chr2	10464115	snp	65	83	0.3965	0.2955	0.7077	0.3253	-0.3824
Chr2	10464139	indel	56	78	0.402	0.3022	0.8214	0.3846	-0.4368
Chr2	10464486	snp	73	58	0.4025	0.3087	0.8493	0.5345	-0.3148
Chr2	10465306	indel	44	60	0.4076	0.3152	0.7727	0.3667	-0.4061
Chr2	10468175	snp	77	57	0.4122	0.3023	0.6494	0.2982	-0.3511
Chr2	10468480	indel	49	54	0.4161	0.3159	0.7347	0.3333	-0.4014
Chr2	10468485	snp	50	46	0.3991	0.3174	0.78	0.3913	-0.3887
Chr2	10468613	snp	55	51	0.3954	0.3184	0.8727	0.4902	-0.3825
Chr2	10468647	indel	58	66	0.4086	0.3067	0.7759	0.4394	-0.3365
Chr2	10469516	snp	75	67	0.3885	0.2951	0.7333	0.4328	-0.3005
Chr2	10469870	snp	89	64	0.4017	0.3021	0.6292	0.3125	-0.3167
Chr2	10473260	snp	71	62	0.3839	0.299	0.7746	0.4516	-0.323
Chr2	10475886	snp	68	63	0.4066	0.3044	0.7206	0.4127	-0.3079
Chr2	10478045	snp	65	35	0.4352	0.3187	0.8308	0.4857	-0.3451
Chr2	10478083	snp	59	40	0.411	0.3119	0.8475	0.475	-0.3725
Chr2	10480407	snp	69	63	0.3885	0.303	0.8261	0.4603	-0.3658
Chr2	10480446	snp	79	63	0.3946	0.3026	0.7342	0.4286	-0.3056
Chr2	10485366	snp	82	59	0.407	0.3041	0.7317	0.4237	-0.308
Chr2	10485415	snp	76	49	0.4176	0.3096	0.8684	0.551	-0.3174
Chr2	10490915	snp	77	51	0.4018	0.3097	0.8182	0.4902	-0.328
Chr2	10491597	indel	63	40	0.4167	0.3214	0.7778	0.45	-0.3278
Chr2	10497924	snp	60	55	0.3955	0.3076	0.6333	0.2909	-0.3424
Chr2	10500824	snp	80	80	0.375	0.3	0.6875	0.2875	-0.4
Chr2	10501491	indel	58	49	0.4085	0.3146	0.4655	0.1224	-0.3431
Chr2	10524210	snp	73	72	0.3662	0.2953	0.7534	0.4306	-0.3229
Chr2	10525807	snp	86	84	0.3774	0.2957	0.6395	0.3333	-0.3062
Chr2	10526997	indel	71	55	0.3851	0.3024	0.6901	0.2909	-0.3992
Chr2	10527066	snp	80	58	0.3974	0.3082	0.65	0.3103	-0.3397
Chr2	10527746	snp	90	76	0.3813	0.2892	0.7778	0.4737	-0.3041
Chr2	10527783	indel	104	99	0.3575	0.2825	0.6731	0.3737	-0.2993
Chr2	10530922	indel	69	102	0.3964	0.2941	0.5942	0.2647	-0.3295
Chr2	10533449	snp	80	82	0.3841	0.2963	0.75	0.4146	-0.3354
Chr2	10544487	snp	74	57	0.3907	0.3073	0.7838	0.4561	-0.3276
Chr2	10554760	indel	57	59	0.3967	0.309	0.7544	0.4068	-0.3476
Chr2	10557288	snp	47	40	0.416	0.3271	0.9149	0.55	-0.3649
Chr2	10557322	indel	45	44	0.4157	0.3253	0.8889	0.5	-0.3889
Chr2	10557352	indel	43	38	0.4406	0.3293	0.8372	0.4737	-0.3635
Chr2	10557686	snp	41	32	0.4505	0.3354	0.9756	0.5312	-0.4444
Chr2	10560104	snp	79	65	0.384	0.298	0.6962	0.3231	-0.3731
Chr2	10568989	snp	63	46	0.4058	0.3147	0.6667	0.3478	-0.3188
Chr2	10578502	snp	45	47	0.4142	0.3225	0.7111	0.2979	-0.4132
Chr2	10586145	snp	82	100	0.3661	0.2854	0.6341	0.33	-0.3041
Chr2	10591456	snp	78	84	0.3874	0.2967	0.5641	0.2381	-0.326
Chr2	10593140	snp	64	46	0.4083	0.3118	0.9062	0.587	-0.3193
Chr2	10601932	snp	58	61	0.3954	0.3067	0.8276	0.4918	-0.3358
Chr2	10602008	indel	71	92	0.3781	0.2936	0.7042	0.4022	-0.3021
Chr2	10603684	snp	65	67	0.3952	0.3052	0.7385	0.4328	-0.3056
Chr2	10607058	snp	68	38	0.4187	0.3166	0.8235	0.5	-0.3235
Chr2	10614728	snp	66	59	0.3901	0.3017	0.8788	0.5593	-0.3195
Chr2	10615569	snp	79	58	0.3826	0.2997	0.7215	0.3966	-0.325
Chr2	10617188	snp	67	69	0.3844	0.3067	0.6418	0.3188	-0.323
Chr2	10617210	indel	77	91	0.3826	0.2917	0.6364	0.2857	-0.3506
Chr2	10618339	snp	71	83	0.3772	0.2985	0.662	0.3614	-0.3005
Chr2	10621804	snp	63	85	0.3808	0.3008	0.6825	0.3765	-0.3061
Chr2	10642899	snp	80	75	0.3733	0.2917	0.625	0.32	-0.305
Chr2	10678631	snp	82	94	0.3804	0.294	0.6585	0.3298	-0.3287
Chr2	10826032	snp	97	88	0.3847	0.2898	0.6082	0.3068	-0.3014
Chr2	10855288	indel	64	67	0.3911	0.3102	0.75	0.4179	-0.3321
Chr2	10855395	indel	82	95	0.376	0.2879	0.6829	0.3789	-0.304
Chr2	10863766	snp	66	63	0.3997	0.3074	0.6061	0.2381	-0.368
Chr2	10864359	snp	76	79	0.3931	0.2923	0.6447	0.2658	-0.3789
Chr2	10869864	indel	97	79	0.371	0.2862	0.7423	0.4304	-0.3119
Chr2	10869874	snp	94	76	0.3763	0.29	0.766	0.4605	-0.3054
Chr2	10875892	snp	79	58	0.3826	0.2997	0.6835	0.3621	-0.3215
Chr2	10877014	snp	74	67	0.3971	0.2975	0.7432	0.3134	-0.4298
Chr2	10889266	snp	58	55	0.4016	0.3078	0.7241	0.3636	-0.3605
Chr2	10897016	snp	81	72	0.3889	0.2978	0.7037	0.4028	-0.3009
Chr2	10897722	snp	73	82	0.3846	0.2949	0.6712	0.3659	-0.3054
Chr2	10901082	snp	110	70	0.3688	0.2948	0.7	0.3429	-0.3571
Chr2	10904972	snp	62	44	0.4172	0.3204	0.6774	0.2955	-0.382
Chr2	10908160	indel	76	60	0.3816	0.3026	0.6316	0.3167	-0.3149
Chr2	10909014	snp	81	55	0.3836	0.2972	0.6914	0.3273	-0.3641
Chr2	10909029	indel	87	72	0.3774	0.2969	0.6552	0.3056	-0.3496
Chr2	10909264	snp	76	63	0.3849	0.3028	0.8553	0.5079	-0.3473
Chr2	10910663	snp	121	78	0.3729	0.2848	0.6281	0.3077	-0.3204
Chr2	10914444	snp	69	66	0.3966	0.3024	0.8406	0.4697	-0.3709
Chr2	10914544	indel	68	61	0.3927	0.3028	0.7794	0.4754	-0.304
Chr2	10932979	snp	90	78	0.3829	0.2991	0.6111	0.2692	-0.3419
Chr2	10953665	snp	70	61	0.3684	0.2885	0.7429	0.377	-0.3658
Chr2	10960851	indel	73	72	0.3662	0.2953	0.6849	0.3611	-0.3238
Chr2	10960936	snp	69	56	0.4032	0.3072	0.8406	0.5	-0.3406
Chr2	10962031	snp	64	32	0.4375	0.3281	0.6875	0.3125	-0.375
Chr2	10978032	snp	58	63	0.4012	0.3046	0.7931	0.4603	-0.3328
Chr2	10978478	snp	88	87	0.3815	0.2915	0.6136	0.3103	-0.3033
Chr2	10979072	indel	109	95	0.3682	0.2827	0.6697	0.3579	-0.3118
Chr2	10980628	snp	81	68	0.3778	0.299	0.679	0.3382	-0.3408
Chr2	10983388	snp	72	64	0.3924	0.2969	0.6944	0.375	-0.3194
Chr2	11067133	snp	45	32	0.434	0.3368	0.7556	0.375	-0.3806
Chr2	11069972	snp	58	57	0.3911	0.3043	0.7586	0.4386	-0.32
Chr2	11081924	snp	77	78	0.38	0.292	0.6753	0.3077	-0.3676
Chr2	11117297	snp	88	75	0.3791	0.2971	0.6364	0.3333	-0.303
Chr2	11162684	indel	73	73	0.3836	0.3014	0.6027	0.2466	-0.3562
Chr2	11176168	snp	75	70	0.3781	0.2962	0.5867	0.2286	-0.3581
Chr2	11181457	snp	75	65	0.3856	0.2995	0.6267	0.3077	-0.319
Chr2	11183104	snp	102	71	0.3709	0.2887	0.6569	0.2958	-0.3611
Chr2	11186192	snp	75	60	0.3967	0.3	0.7733	0.4667	-0.3067
Chr2	11188188	snp	75	52	0.3872	0.3013	0.8133	0.4808	-0.3326
Chr2	11188211	snp	80	62	0.3738	0.2931	0.7875	0.4194	-0.3681
Chr2	11196368	indel	63	52	0.409	0.308	0.7619	0.4423	-0.3196
Chr2	11203958	snp	81	87	0.3802	0.2929	0.6173	0.2989	-0.3184
Chr2	11216502	indel	80	81	0.379	0.291	0.7375	0.3333	-0.4042
Chr2	11219939	indel	78	78	0.3846	0.2949	0.5	0.1795	-0.3205
Chr2	11221570	snp	82	66	0.4013	0.3019	0.5488	0.2121	-0.3367
Chr2	11222545	snp	111	52	0.3867	0.2959	0.5676	0.2692	-0.2983
Chr2	11228300	snp	46	63	0.4058	0.3147	0.5435	0.1905	-0.353
Chr2	11228313	indel	55	63	0.3942	0.303	0.5091	0.1746	-0.3345
Chr2	11233834	indel	53	53	0.3962	0.3208	0.5094	0.1509	-0.3585
Chr2	11242902	snp	84	66	0.4026	0.3041	0.6429	0.2424	-0.4004
Chr2	11244707	snp	85	75	0.378	0.2902	0.7412	0.4133	-0.3278
Chr2	11248148	indel	56	40	0.4071	0.3214	0.6964	0.375	-0.3214
Chr2	11251711	snp	50	54	0.4007	0.3111	0.9	0.5	-0.4
Chr2	11261453	snp	95	86	0.3764	0.2928	0.6526	0.3372	-0.3154
Chr2	11268774	snp	75	43	0.4105	0.3175	0.6	0.2326	-0.3674
Chr2	11271308	indel	72	74	0.3836	0.2887	0.75	0.3649	-0.3851
Chr2	11271310	snp	72	72	0.375	0.2917	0.75	0.3889	-0.3611
Chr2	11285938	snp	53	55	0.412	0.3136	0.8302	0.4909	-0.3393
Chr2	11291260	snp	60	39	0.4231	0.3192	0.7333	0.4103	-0.3231
Chr2	11291567	snp	67	68	0.3782	0.2917	0.6866	0.3529	-0.3336
Chr2	11291998	indel	38	58	0.4111	0.3212	0.9737	0.5345	-0.4392
Chr2	11294985	indel	105	89	0.377	0.2898	0.6571	0.3258	-0.3313
Chr2	11298553	indel	96	91	0.37	0.2925	0.6146	0.2747	-0.3399
Chr2	11299726	snp	80	44	0.3966	0.308	0.7125	0.3864	-0.3261
Chr2	11299827	snp	67	62	0.395	0.3091	0.7015	0.3871	-0.3144
Chr2	11301379	indel	79	88	0.378	0.2923	0.6582	0.3409	-0.3173
Chr2	11303731	snp	91	84	0.3645	0.2857	0.6264	0.3214	-0.3049
Chr2	11313931	snp	62	80	0.3738	0.2931	0.7903	0.475	-0.3153
Chr2	11319512	snp	60	56	0.4024	0.3083	0.9	0.5714	-0.3286
Chr2	11319529	snp	53	49	0.4109	0.3246	0.9811	0.6327	-0.3485
Chr2	11322159	snp	93	72	0.392	0.2917	0.7419	0.4167	-0.3253
Chr2	11340671	snp	75	52	0.3872	0.3013	0.7067	0.3462	-0.3605
Chr2	11344210	indel	74	45	0.4051	0.3105	0.7838	0.3556	-0.4282
Chr2	11360424	snp	65	51	0.4066	0.3113	0.7846	0.3725	-0.4121
Chr2	11376996	snp	94	98	0.3667	0.2829	0.6915	0.3367	-0.3548
Chr2	11412380	snp	76	55	0.3971	0.3124	0.6184	0.2545	-0.3639
Chr2	11422870	snp	90	101	0.3803	0.2856	0.5889	0.2871	-0.3018
Chr2	11447628	indel	80	69	0.3982	0.3042	0.7	0.3913	-0.3087
Chr2	11512164	indel	63	57	0.4035	0.3099	0.8571	0.5263	-0.3308
Chr2	11512250	snp	91	62	0.4006	0.2958	0.6593	0.3226	-0.3368
Chr2	11525661	snp	84	75	0.3762	0.2929	0.6548	0.3333	-0.3214
Chr2	11528528	snp	90	89	0.3747	0.2959	0.6667	0.3708	-0.2959
Chr2	11531080	snp	75	66	0.38	0.3024	0.6933	0.3636	-0.3297
Chr2	11536567	snp	65	48	0.417	0.3093	0.6769	0.25	-0.4269
Chr2	11540711	indel	52	70	0.4022	0.3071	0.9231	0.5714	-0.3516
Chr2	11542252	indel	83	81	0.4016	0.2911	0.6506	0.2469	-0.4037
Chr2	11542284	snp	77	73	0.3905	0.2925	0.5844	0.274	-0.3104
Chr2	11543623	snp	65	68	0.3995	0.3093	0.7077	0.3676	-0.34
Chr2	11543656	indel	56	57	0.4154	0.3108	0.7679	0.4035	-0.3643
Chr2	11546713	indel	78	86	0.3739	0.2841	0.6923	0.3488	-0.3435
Chr2	11546791	snp	69	75	0.3768	0.2968	0.7536	0.44	-0.3136
Chr2	11548379	indel	67	69	0.3844	0.3067	0.597	0.2899	-0.3072
Chr2	11552059	snp	42	26	0.4505	0.3443	0.8571	0.4615	-0.3956
Chr2	11552092	indel	45	27	0.4296	0.3333	0.7556	0.4074	-0.3481
Chr2	11554938	snp	85	62	0.4008	0.3013	0.6941	0.3871	-0.307
Chr2	11556254	snp	102	100	0.3751	0.2782	0.598	0.31	-0.288
Chr2	11559457	snp	72	67	0.3939	0.2946	0.5972	0.2985	-0.2987
Chr2	11593847	snp	80	75	0.3733	0.2917	0.7375	0.44	-0.2975
Chr2	11593880	indel	88	104	0.3785	0.2885	0.6364	0.3173	-0.3191
Chr2	11596921	snp	46	39	0.4314	0.3266	0.6522	0.2564	-0.3958
Chr2	11608404	snp	79	84	0.3867	0.2951	0.6962	0.369	-0.3272
Chr2	11635102	snp	53	43	0.4103	0.3247	0.5094	0.1628	-0.3466
Chr2	11641420	snp	80	76	0.3829	0.2941	0.675	0.3553	-0.3197
Chr2	11671124	indel	88	75	0.3791	0.2971	0.6705	0.3467	-0.3238
Chr2	11671252	snp	84	76	0.3828	0.2926	0.8333	0.4737	-0.3596
Chr2	11674652	snp	35	33	0.4416	0.3472	0.6571	0.303	-0.3541
Chr2	11674734	indel	29	25	0.4621	0.3586	0.7586	0.36	-0.3986
Chr2	11687890	snp	76	53	0.4007	0.3069	0.6842	0.3019	-0.3823
Chr2	11688007	indel	93	87	0.3686	0.2866	0.6559	0.3333	-0.3226
Chr2	11688096	snp	95	85	0.369	0.2916	0.6421	0.3412	-0.3009
Chr2	11697969	indel	64	73	0.3938	0.3022	0.6406	0.3288	-0.3119
Chr2	11717154	snp	82	53	0.3778	0.2957	0.6585	0.3396	-0.3189
Chr2	11725337	snp	87	56	0.3976	0.3071	0.6552	0.3393	-0.3159
Chr2	11737544	snp	81	87	0.3802	0.2929	0.679	0.3793	-0.2997
Chr2	11741301	snp	107	94	0.367	0.2883	0.6168	0.3085	-0.3083
Chr2	11747545	snp	105	95	0.3784	0.2877	0.6	0.2842	-0.3158
Chr2	11750057	snp	76	78	0.3897	0.2976	0.8026	0.4231	-0.3796
Chr2	11757346	snp	59	50	0.4088	0.3149	0.8814	0.56	-0.3214
Chr2	11761515	snp	36	26	0.453	0.3526	0.6667	0.3077	-0.359
Chr2	11764302	snp	89	59	0.3919	0.302	0.7079	0.3729	-0.335
Chr2	11784281	snp	74	65	0.3871	0.3008	0.6892	0.3692	-0.32
Chr2	11798385	snp	101	76	0.3868	0.2884	0.6238	0.3289	-0.2948
Chr2	11802908	snp	83	64	0.3934	0.302	0.6024	0.2969	-0.3055
Chr2	11826756	snp	48	35	0.4065	0.3161	0.8125	0.4286	-0.3839
Chr2	11843898	snp	95	104	0.3765	0.2918	0.6737	0.3654	-0.3083
Chr2	11846483	snp	46	24	0.4438	0.3406	0.7174	0.2917	-0.4257
Chr2	11863134	indel	103	100	0.3776	0.2828	0.5922	0.26	-0.3322
Chr2	11904540	indel	40	17	0.4824	0.3809	0.075	0.5294	0.4544
Chr2	11941741	indel	84	83	0.3754	0.2932	0.6071	0.3012	-0.3059
Chr2	11942881	snp	54	43	0.4195	0.3226	0.5926	0.2093	-0.3833
Chr2	11945366	indel	93	78	0.3999	0.2965	0.5914	0.2821	-0.3093
Chr2	11945435	indel	62	63	0.392	0.3103	0.6452	0.254	-0.3912
Chr2	11947926	indel	50	39	0.4292	0.3297	0.8	0.4615	-0.3385
Chr2	11953747	snp	73	56	0.3855	0.2979	0.5753	0.2321	-0.3432
Chr2	11957132	snp	84	87	0.3777	0.2865	0.5595	0.2644	-0.2952
Chr2	11957742	snp	44	41	0.4329	0.3193	0.25	0.6098	0.3598
Chr2	11959956	indel	80	75	0.3733	0.2917	0.6375	0.3067	-0.3308
Chr2	11960018	snp	94	97	0.3829	0.2928	0.5213	0.2165	-0.3048
Chr2	11961275	snp	45	36	0.4333	0.3333	0.0667	0.4722	0.4056
Chr2	11962169	snp	90	83	0.3922	0.2877	0.5889	0.3012	-0.2877
Chr2	11963768	snp	92	81	0.3841	0.2947	0.6848	0.358	-0.3268
Chr2	11964486	snp	63	44	0.4145	0.3193	0.9524	0.6136	-0.3387
Chr2	11964499	snp	63	48	0.4167	0.3185	0.9365	0.5417	-0.3948
Chr2	11968952	snp	47	42	0.4189	0.3262	0.1489	0.4762	0.3273
Chr2	11971256	snp	63	53	0.3986	0.3073	0.5397	0.1887	-0.351
Chr2	11972024	snp	56	41	0.4037	0.3079	0.625	0.3171	-0.3079
Chr2	11978451	indel	53	35	0.4216	0.3186	0.3396	0.7429	0.4032
Chr2	11978485	snp	51	30	0.4333	0.3333	0.3333	0.7	0.3667
Chr2	11984392	indel	33	42	0.4351	0.3442	0.0	0.6429	0.6429
Chr2	11984419	indel	36	38	0.4327	0.3289	0.0833	0.6053	0.5219
Chr2	11991898	indel	47	67	0.3992	0.3144	0.2128	0.5672	0.3544
Chr2	11993361	indel	56	43	0.412	0.314	0.0536	0.5814	0.5278
Chr2	11996740	snp	81	39	0.4074	0.3096	0.3704	0.7949	0.4245
Chr2	11996815	snp	57	24	0.4298	0.3399	0.1404	0.5	0.3596
Chr2	12055391	snp	33	23	0.4796	0.3623	0.1515	0.5217	0.3702
Chr2	12056640	snp	46	26	0.4498	0.3395	0.1087	0.5	0.3913
Chr2	12060178	snp	43	54	0.4195	0.3226	0.1395	0.5	0.3605
Chr2	12062847	snp	41	22	0.4734	0.3614	0.0244	0.4545	0.4302
Chr2	12062873	snp	49	26	0.4341	0.3297	0.0612	0.5385	0.4772
Chr2	12065699	indel	90	59	0.3902	0.3049	0.5556	0.2373	-0.3183
Chr2	12078398	indel	94	95	0.3754	0.291	0.5532	0.2316	-0.3216
Chr2	12078432	snp	82	82	0.3902	0.2927	0.5732	0.2805	-0.2927
Chr2	12079092	snp	84	63	0.3849	0.3016	0.5714	0.2381	-0.3333
Chr2	12079176	snp	53	43	0.4103	0.3247	0.7925	0.3721	-0.4204
Chr2	12079200	snp	51	40	0.4221	0.3255	0.8235	0.425	-0.3985
Chr2	12081153	snp	32	26	0.4736	0.3726	0.6562	0.2692	-0.387
Chr2	12081611	indel	76	96	0.3788	0.2933	0.7368	0.3542	-0.3827
Chr2	12081945	snp	57	46	0.4092	0.3146	0.8246	0.4348	-0.3898
Chr2	12081964	snp	64	45	0.4118	0.309	0.8281	0.4667	-0.3615
Chr2	12092403	snp	58	32	0.4159	0.3147	0.1724	0.5938	0.4213
Chr2	12095363	snp	99	87	0.3755	0.2887	0.5657	0.2529	-0.3128
Chr2	12110043	snp	72	71	0.3975	0.3005	0.5556	0.2113	-0.3443
Chr2	12122529	snp	48	31	0.42	0.3286	0.0625	0.4516	0.3891
Chr2	12153350	indel	74	46	0.3907	0.3067	0.6351	0.3043	-0.3308
Chr2	12153404	snp	51	32	0.4167	0.3382	0.7843	0.375	-0.4093
Chr2	12153405	snp	52	29	0.4204	0.3322	0.7885	0.4483	-0.3402
Chr2	12159353	snp	66	39	0.4207	0.317	0.5758	0.2308	-0.345
Chr2	12227307	snp	87	90	0.3782	0.2912	0.5057	0.1778	-0.328
Chr2	12331979	snp	75	34	0.4129	0.3133	0.56	0.2059	-0.3541
Chr2	12332662	snp	42	38	0.4348	0.3271	0.5238	0.1842	-0.3396
Chr2	12374382	snp	61	78	0.3993	0.301	0.623	0.2821	-0.3409
Chr2	12379085	snp	102	102	0.3824	0.2941	0.5882	0.2745	-0.3137
Chr2	12379240	indel	117	115	0.3728	0.2767	0.5385	0.2609	-0.2776
Chr2	12381531	snp	73	75	0.389	0.2972	0.5342	0.2267	-0.3076
Chr2	12384048	snp	99	123	0.3619	0.2767	0.5556	0.252	-0.3035
Chr2	12387964	snp	46	49	0.4264	0.323	0.8478	0.4082	-0.4397
Chr2	12390884	snp	53	59	0.4007	0.3099	0.7547	0.3898	-0.3649
Chr2	12390906	snp	53	55	0.412	0.3136	0.7925	0.3818	-0.4106
Chr2	12395200	snp	55	49	0.4212	0.3147	0.8	0.4082	-0.3918
Chr2	12396310	snp	73	59	0.3993	0.3107	0.5342	0.2203	-0.3139
Chr2	12396770	snp	74	52	0.4038	0.3119	0.7973	0.4038	-0.3935
Chr2	12398786	snp	83	64	0.3934	0.302	0.6988	0.3906	-0.3082
Chr2	12402298	snp	51	17	0.4902	0.3725	0.6863	0.1176	-0.5686
Chr2	12403274	snp	66	53	0.4025	0.3122	0.7576	0.3962	-0.3613
Chr2	12403781	snp	42	30	0.4333	0.3381	0.5714	0.2	-0.3714
Chr2	12403934	snp	82	52	0.3931	0.3021	0.6341	0.2885	-0.3457
Chr2	12405864	snp	68	34	0.4118	0.3088	0.6176	0.2059	-0.4118
Chr2	12406204	snp	53	20	0.466	0.3547	0.6038	0.15	-0.4538
Chr2	12408698	indel	131	129	0.3611	0.2772	0.5802	0.2868	-0.2933
Chr2	12409154	snp	53	40	0.4108	0.3288	0.7547	0.425	-0.3297
Chr2	12410336	snp	70	69	0.3965	0.3085	0.7286	0.3913	-0.3373
Chr2	12412612	snp	117	87	0.3817	0.2862	0.5641	0.1839	-0.3802
Chr2	12413637	indel	86	83	0.3853	0.291	0.5233	0.2048	-0.3184
Chr2	12414163	indel	66	88	0.3826	0.2992	0.6212	0.2614	-0.3598
Chr2	12414257	snp	46	42	0.4182	0.3271	0.8261	0.4762	-0.3499
Chr2	12415486	indel	56	49	0.4107	0.3163	0.7857	0.4694	-0.3163
Chr2	12416343	snp	75	78	0.3831	0.2954	0.6267	0.2308	-0.3959
Chr2	12417381	snp	76	91	0.3943	0.2951	0.6842	0.2747	-0.4095
Chr2	12417422	indel	92	97	0.3875	0.288	0.5652	0.2577	-0.3075
Chr2	12417495	snp	80	73	0.3784	0.2885	0.6125	0.2466	-0.3659
Chr2	12420171	indel	52	52	0.4038	0.3269	0.7885	0.3846	-0.4038
Chr2	12420918	indel	83	60	0.4062	0.3052	0.7831	0.4667	-0.3165
Chr2	12422172	indel	93	114	0.3687	0.2818	0.5484	0.2456	-0.3028
Chr2	12422291	snp	88	85	0.3767	0.2936	0.7159	0.3176	-0.3983
Chr2	12423176	snp	45	20	0.4611	0.3667	0.7111	0.3	-0.4111
Chr2	12423497	snp	55	39	0.4089	0.3179	0.7455	0.4103	-0.3352
Chr2	12423741	snp	62	63	0.392	0.3103	0.8065	0.4762	-0.3303
Chr2	12424289	snp	100	85	0.3718	0.2859	0.59	0.2824	-0.3076
Chr2	12424436	snp	121	86	0.3714	0.2943	0.5868	0.2907	-0.2961
Chr2	12430350	snp	109	101	0.3724	0.2792	0.633	0.3267	-0.3063
Chr2	12430764	snp	63	49	0.415	0.3197	0.619	0.2449	-0.3741
Chr2	12431530	snp	85	67	0.3956	0.2943	0.5882	0.2836	-0.3047
Chr2	12435654	indel	65	71	0.3876	0.3029	0.6923	0.3521	-0.3402
Chr2	12435834	snp	99	58	0.3918	0.3011	0.6061	0.2586	-0.3474
Chr2	12436022	indel	76	63	0.3849	0.3028	0.7237	0.3968	-0.3269
Chr2	12436813	snp	85	69	0.3881	0.2975	0.6824	0.2899	-0.3925
Chr2	12437876	indel	57	51	0.4056	0.3189	0.9474	0.5882	-0.3591
Chr2	12438057	indel	79	105	0.3817	0.2903	0.557	0.2667	-0.2903
Chr2	12441421	snp	50	37	0.4249	0.3346	0.8	0.4054	-0.3946
Chr2	12441472	indel	63	37	0.4153	0.3218	0.8095	0.4595	-0.3501
Chr2	12579043	snp	103	84	0.3873	0.2937	0.5922	0.1786	-0.4137
Chr2	12627216	indel	44	31	0.4274	0.3328	0.1818	0.5161	0.3343
Chr2	12631337	snp	57	55	0.4096	0.3193	0.1754	0.5273	0.3518
Chr2	12652863	snp	46	48	0.4058	0.317	0.0217	0.3542	0.3324
Chr2	12652865	indel	46	47	0.3996	0.3122	0.0217	0.3404	0.3187
Chr2	12652908	snp	48	50	0.4092	0.3225	0.0625	0.46	0.3975
Chr2	12655563	indel	69	52	0.3977	0.306	0.1159	0.5192	0.4033
Chr2	12659332	indel	60	69	0.3971	0.3058	0.6333	0.3043	-0.329
Chr2	12663448	indel	92	77	0.3752	0.2904	0.5652	0.2338	-0.3315
Chr2	12670056	snp	74	71	0.3911	0.3028	0.5135	0.1831	-0.3304
Chr2	12674268	snp	46	35	0.4373	0.3335	0.5435	0.1714	-0.372
Chr2	12678391	snp	52	42	0.4212	0.3141	0.7308	0.4048	-0.326
Chr2	12678440	snp	72	70	0.394	0.2976	0.7361	0.3714	-0.3647
Chr2	12712289	snp	41	19	0.4929	0.3748	0.878	0.4737	-0.4044
Chr2	12715316	snp	38	39	0.4265	0.3259	0.7632	0.359	-0.4042
Chr2	12717957	snp	76	57	0.3991	0.2982	0.5395	0.1579	-0.3816
Chr2	12733259	snp	91	78	0.3736	0.2949	0.5055	0.1923	-0.3132
Chr2	12741153	snp	59	77	0.4041	0.3024	0.5932	0.2857	-0.3075
Chr2	12761316	snp	51	25	0.4267	0.3451	0.3529	0.76	0.4071
Chr2	12781130	snp	47	35	0.4377	0.3319	0.1489	0.4857	0.3368
Chr2	12792696	snp	54	48	0.4028	0.3194	0.1481	0.5208	0.3727
Chr2	12798425	snp	71	41	0.4126	0.3167	0.1972	0.5366	0.3394
Chr2	12798483	snp	81	34	0.4172	0.3184	0.1728	0.5588	0.386
Chr2	12840798	snp	71	45	0.4094	0.3152	0.2817	0.6	0.3183
Chr2	12856818	snp	29	33	0.4598	0.3521	0.069	0.5152	0.4462
Chr2	12856837	snp	27	30	0.4704	0.363	0.0741	0.4667	0.3926
Chr2	12858992	snp	70	64	0.3969	0.3018	0.6429	0.2656	-0.3772
Chr2	12969247	indel	86	109	0.3771	0.2878	0.5698	0.2477	-0.3221
Chr2	12970654	snp	107	77	0.3758	0.2874	0.5514	0.2338	-0.3176
Chr2	12971030	snp	90	95	0.383	0.2947	0.6333	0.2316	-0.4018
Chr2	12972558	snp	58	51	0.3979	0.307	0.7586	0.4118	-0.3469
Chr2	12978534	indel	29	12	0.5287	0.4109	0.4138	0.0	-0.4138
Chr2	12978535	indel	24	13	0.5481	0.4135	0.9167	0.0769	-0.8397
Chr2	12978536	indel	24	12	0.5417	0.4167	0.875	0.0833	-0.7917
Chr2	12991722	snp	33	31	0.4487	0.3519	0.7576	0.3548	-0.4027
Chr2	12993307	indel	77	55	0.4	0.3013	0.7143	0.2909	-0.4234
Chr2	12995685	snp	54	81	0.4012	0.3086	0.6111	0.2469	-0.3642
Chr2	12997829	indel	66	56	0.4113	0.3095	0.5758	0.1964	-0.3793
Chr2	12997863	snp	60	44	0.4076	0.3152	0.6167	0.2727	-0.3439
Chr2	13000992	snp	86	78	0.3739	0.2841	0.6628	0.3718	-0.291
Chr2	13004855	snp	74	87	0.3835	0.2957	0.6757	0.3218	-0.3538
Chr2	13005699	snp	42	50	0.4229	0.3219	0.7857	0.4	-0.3857
Chr2	13005767	snp	49	52	0.4223	0.3214	0.7551	0.4038	-0.3513
Chr2	13007292	snp	102	93	0.3744	0.2859	0.5686	0.2796	-0.2891
Chr2	13007879	snp	72	83	0.3775	0.296	0.5972	0.253	-0.3442
Chr2	13008444	snp	61	61	0.4098	0.3115	0.7213	0.377	-0.3443
Chr2	13013535	snp	55	52	0.4024	0.3094	0.8364	0.3654	-0.471
Chr2	13014271	snp	65	44	0.4329	0.3133	0.8154	0.4318	-0.3836
Chr2	13014306	indel	63	40	0.4167	0.3214	0.9683	0.525	-0.4433
Chr2	13014310	indel	69	44	0.4022	0.3152	0.8841	0.5227	-0.3613
Chr2	13014714	snp	52	38	0.419	0.3239	0.8077	0.4474	-0.3603
Chr2	13014787	snp	54	34	0.4281	0.3312	0.8148	0.4706	-0.3442
Chr2	13018413	snp	41	31	0.4343	0.3352	0.8293	0.2903	-0.5389
Chr2	13024206	snp	38	35	0.4316	0.3391	0.8947	0.5143	-0.3805
Chr2	13024228	indel	49	43	0.4177	0.3218	0.7959	0.3721	-0.4238
Chr2	13039254	snp	67	78	0.3917	0.3	0.5672	0.2436	-0.3236
Chr2	13044878	snp	87	85	0.3747	0.2924	0.5747	0.2824	-0.2924
Chr2	13047731	snp	74	48	0.4037	0.3114	0.6892	0.3542	-0.335
Chr2	13047802	snp	63	38	0.4194	0.3241	0.7619	0.4211	-0.3409
Chr2	13048655	snp	35	27	0.4434	0.3439	0.8857	0.4815	-0.4042
Chr2	13048878	indel	67	69	0.3844	0.3067	0.6269	0.3188	-0.308
Chr2	13048935	indel	49	51	0.4218	0.3205	0.8163	0.451	-0.3653
Chr2	13048937	snp	53	56	0.3976	0.3063	0.7358	0.4107	-0.3251
Chr2	13050744	snp	52	34	0.4389	0.3303	0.6923	0.3529	-0.3394
Chr2	13053105	snp	44	41	0.4329	0.3193	0.75	0.3902	-0.3598
Chr2	13053677	snp	67	67	0.3881	0.2985	0.7164	0.4179	-0.2985
Chr2	13055125	snp	54	30	0.4296	0.337	0.5185	0.1	-0.4185
Chr2	13055216	indel	73	40	0.4099	0.3182	0.6027	0.225	-0.3777
Chr2	13056173	snp	61	67	0.4035	0.3066	0.6557	0.3433	-0.3125
Chr2	13057069	snp	68	87	0.384	0.2958	0.6029	0.2989	-0.3041
Chr2	13057899	snp	65	46	0.4033	0.3084	0.7077	0.3261	-0.3816
Chr2	13059159	snp	71	44	0.3979	0.3156	0.6338	0.2955	-0.3383
Chr2	13059249	snp	42	35	0.4286	0.3333	0.9048	0.4	-0.5048
Chr2	13059297	snp	50	33	0.4382	0.3267	0.82	0.3939	-0.4261
Chr2	13060228	snp	45	34	0.4176	0.3294	0.8889	0.5294	-0.3595
Chr2	13060232	snp	49	36	0.4365	0.3305	0.8367	0.4722	-0.3645
Chr2	13060282	indel	57	54	0.3996	0.3012	0.7368	0.3704	-0.3665
Chr2	13060387	snp	53	54	0.4196	0.3113	0.7358	0.3519	-0.384
Chr2	13061254	snp	79	78	0.3901	0.2882	0.5696	0.2692	-0.3004
Chr2	13062740	snp	61	42	0.4028	0.3134	0.5902	0.2381	-0.3521
Chr2	13063975	snp	57	49	0.41	0.3165	0.6491	0.3265	-0.3226
Chr2	13064344	snp	74	87	0.3835	0.2957	0.6351	0.3103	-0.3248
Chr2	13072424	snp	68	39	0.4235	0.3213	0.7941	0.4103	-0.3839
Chr2	13072500	snp	70	47	0.4231	0.3173	0.6429	0.2766	-0.3663
Chr2	13072693	snp	65	61	0.4096	0.309	0.6	0.2131	-0.3869
Chr2	13074117	snp	54	38	0.424	0.3294	0.7407	0.3158	-0.425
Chr2	13074622	snp	39	20	0.4692	0.3667	0.9487	0.55	-0.3987
Chr2	13079223	snp	60	42	0.4262	0.3214	0.9	0.5476	-0.3524
Chr2	13081528	snp	43	46	0.4196	0.3266	0.8605	0.4348	-0.4257
Chr2	13082650	snp	45	51	0.4118	0.3229	0.7778	0.3529	-0.4248
Chr2	13082660	snp	42	55	0.4108	0.3169	0.8571	0.3455	-0.5117
Chr2	13088499	snp	73	61	0.3955	0.2998	0.7945	0.459	-0.3355
Chr2	13088526	snp	70	56	0.4	0.3036	0.7714	0.4643	-0.3071
Chr2	13094116	snp	84	78	0.3874	0.2967	0.619	0.2821	-0.337
Chr2	13095851	snp	84	62	0.3967	0.3034	0.631	0.3226	-0.3084
Chr2	13096231	snp	93	83	0.3723	0.288	0.5806	0.2289	-0.3517
Chr2	13100635	snp	61	40	0.4152	0.3152	0.7377	0.375	-0.3627
Chr2	13102547	snp	72	69	0.3798	0.3019	0.625	0.3188	-0.3062
Chr2	13106831	snp	94	65	0.3815	0.2903	0.6915	0.4	-0.2915
Chr2	13107185	snp	38	40	0.4368	0.3368	0.8684	0.525	-0.3434
Chr2	13111278	snp	68	50	0.4047	0.3112	0.6912	0.38	-0.3112
Chr2	13111281	snp	65	50	0.4046	0.3154	0.7231	0.38	-0.3431
Chr2	13117688	indel	88	83	0.3779	0.289	0.6364	0.3253	-0.3111
Chr2	13118138	snp	37	10	0.5568	0.4216	0.7838	0.3	-0.4838
Chr2	13119711	snp	46	55	0.4012	0.3138	0.7174	0.3818	-0.3356
Chr2	13120761	snp	70	63	0.3857	0.2984	0.8429	0.5397	-0.3032
Chr2	13128980	snp	78	68	0.3797	0.2971	0.5256	0.2059	-0.3198
Chr2	13136169	snp	80	61	0.3893	0.2996	0.7375	0.4262	-0.3113
Chr2	13136351	indel	67	43	0.4176	0.3145	0.7164	0.3953	-0.3211
Chr2	13137113	snp	44	30	0.4379	0.3379	0.5227	0.1333	-0.3894
Chr2	13137325	snp	29	26	0.4629	0.3554	0.5517	0.1538	-0.3979
Chr2	13139164	snp	94	74	0.37	0.2841	0.6596	0.3514	-0.3082
Chr2	13158021	indel	27	24	0.4722	0.3704	0.7778	0.2083	-0.5694
Chr2	13159709	snp	94	119	0.3711	0.2876	0.5213	0.2017	-0.3196
Chr2	13162380	snp	78	66	0.3939	0.3007	0.5641	0.2424	-0.3217
Chr2	13170482	snp	89	65	0.3889	0.2966	0.5169	0.2154	-0.3015
Chr2	13173760	indel	110	102	0.375	0.2854	0.5818	0.2843	-0.2975
Chr2	13180791	snp	74	58	0.3798	0.3001	0.6622	0.2931	-0.3691
Chr2	13184602	snp	88	84	0.3701	0.2922	0.5568	0.25	-0.3068
Chr2	13184620	indel	99	90	0.3778	0.2889	0.5556	0.2111	-0.3444
Chr2	13187946	snp	79	50	0.4109	0.3056	0.6203	0.3	-0.3203
Chr2	13195373	snp	85	92	0.3735	0.2902	0.5294	0.2391	-0.2903
Chr2	13195496	snp	66	60	0.4	0.297	0.7121	0.3667	-0.3455
Chr2	13199126	snp	82	73	0.3846	0.2949	0.6098	0.2192	-0.3906
Chr2	13259406	snp	68	49	0.4031	0.3163	0.75	0.3469	-0.4031
Chr2	13259880	indel	56	53	0.3976	0.3063	0.5536	0.2453	-0.3083
Chr2	13262918	snp	90	59	0.3902	0.3049	0.6778	0.322	-0.3557
Chr2	13268987	indel	90	82	0.3832	0.2911	0.4111	0.0976	-0.3136
Chr2	13269023	snp	86	82	0.3721	0.2842	0.5	0.1951	-0.3049
Chr2	13272183	snp	75	51	0.4118	0.3122	0.56	0.1765	-0.3835
Chr2	13281525	indel	82	80	0.3841	0.2963	0.5732	0.2375	-0.3357
Chr2	13330039	indel	78	73	0.4046	0.2968	0.6026	0.2877	-0.3149
Chr2	13351758	snp	97	73	0.386	0.2971	0.5979	0.2192	-0.3788
Chr2	13354332	snp	86	72	0.376	0.2923	0.6279	0.3056	-0.3224
Chr2	13366673	snp	81	82	0.3746	0.2892	0.5926	0.2439	-0.3487
Chr2	13366942	snp	100	103	0.3776	0.2828	0.68	0.2816	-0.3984
Chr2	13367999	indel	52	66	0.4184	0.3054	0.6923	0.3333	-0.359
Chr2	13368067	snp	53	60	0.3981	0.3082	0.7358	0.3333	-0.4025
Chr2	13373034	snp	98	98	0.3673	0.2857	0.5816	0.2755	-0.3061
Chr2	13374638	snp	58	36	0.4157	0.3257	0.931	0.5278	-0.4033
Chr2	13380321	snp	81	93	0.3708	0.2927	0.6296	0.2258	-0.4038
Chr2	13391512	snp	61	36	0.4185	0.316	0.8689	0.5278	-0.3411
Chr2	13956525	snp	72	55	0.4109	0.3106	0.6111	0.2909	-0.3202
Chr2	14047680	snp	69	67	0.3844	0.3067	0.6377	0.3284	-0.3093
Chr2	14049292	snp	84	71	0.3882	0.2961	0.6429	0.338	-0.3048
Chr2	14050736	snp	58	67	0.3958	0.3049	0.7241	0.3582	-0.3659
Chr2	14050871	snp	86	70	0.3887	0.2957	0.6977	0.3857	-0.312
Chr2	14053206	snp	34	36	0.4395	0.3448	0.8529	0.4722	-0.3807
Chr2	14056868	snp	54	48	0.4028	0.3194	0.6667	0.3125	-0.3542
Chr2	14058490	snp	89	95	0.383	0.2904	0.6067	0.3158	-0.291
Chr2	14059072	snp	109	76	0.3707	0.2854	0.578	0.2895	-0.2885
Chr2	14059906	indel	51	76	0.403	0.3114	0.8039	0.4868	-0.3171
Chr2	14066311	snp	71	63	0.3921	0.2987	0.7042	0.2857	-0.4185
Chr2	14114499	indel	83	54	0.396	0.2941	0.5663	0.2222	-0.344
Chr2	14165530	snp	64	56	0.4152	0.3103	0.5781	0.25	-0.3281
Chr2	14172795	snp	61	41	0.4042	0.3147	0.7705	0.439	-0.3315
Chr2	14174710	snp	73	49	0.4062	0.3106	0.5753	0.2245	-0.3509
Chr2	14177499	snp	81	96	0.3816	0.2878	0.6173	0.2917	-0.3256
Chr2	14177706	snp	67	77	0.3801	0.295	0.7313	0.3506	-0.3807
Chr2	14178202	snp	81	70	0.3797	0.2926	0.5432	0.2286	-0.3146
Chr2	14182698	snp	91	60	0.3817	0.2938	0.5165	0.1833	-0.3332
Chr2	14183479	snp	74	98	0.3858	0.2943	0.527	0.2143	-0.3127
Chr2	14186300	snp	75	70	0.3781	0.2962	0.64	0.2714	-0.3686
Chr2	14187100	snp	75	51	0.4118	0.3122	0.6933	0.3529	-0.3404
Chr2	14187144	snp	82	39	0.4131	0.3118	0.622	0.2821	-0.3399
Chr2	14218976	snp	83	65	0.3965	0.2955	0.5783	0.2	-0.3783
Chr2	14255950	snp	89	80	0.373	0.2942	0.6854	0.3875	-0.2979
Chr2	14256312	snp	63	49	0.415	0.3197	0.7302	0.3469	-0.3832
Chr2	14256676	snp	38	23	0.4497	0.3535	0.7105	0.3043	-0.4062
Chr2	14268521	snp	59	48	0.3902	0.3121	0.7627	0.3333	-0.4294
Chr2	14268553	snp	60	57	0.3868	0.3096	0.6833	0.3509	-0.3325
Chr2	14269496	indel	25	21	0.4971	0.3867	0.72	0.2857	-0.4343
Chr2	14269537	snp	28	12	0.5238	0.4167	0.6786	0.25	-0.4286
Chr2	14286800	snp	79	42	0.4075	0.3174	0.5316	0.1905	-0.3412
Chr2	14295997	snp	88	94	0.3677	0.2875	0.5227	0.2128	-0.31
Chr2	14356922	snp	64	49	0.4161	0.3128	0.7031	0.3878	-0.3154
Chr2	14389590	snp	73	79	0.3865	0.2956	0.7397	0.3671	-0.3726
Chr2	14389604	indel	87	86	0.3768	0.2951	0.6437	0.3256	-0.3181
Chr2	14391873	snp	29	29	0.4828	0.3448	0.6552	0.2414	-0.4138
Chr2	14392246	indel	42	31	0.4493	0.3287	0.8095	0.4194	-0.3902
Chr2	14395849	snp	90	88	0.3816	0.2922	0.6	0.3068	-0.2932
Chr2	14395932	indel	111	112	0.3806	0.2827	0.5676	0.25	-0.3176
Chr2	14398904	snp	62	37	0.4128	0.316	0.7258	0.3784	-0.3474
Chr2	14399018	snp	65	62	0.3975	0.306	0.5538	0.2419	-0.3119
Chr2	14399402	indel	44	34	0.4332	0.3316	0.5455	0.2059	-0.3396
Chr2	14399410	snp	46	38	0.4142	0.3238	0.587	0.2368	-0.3501
Chr2	14404713	snp	78	85	0.3789	0.2944	0.5897	0.2941	-0.2956
Chr2	14404720	indel	86	88	0.3679	0.278	0.593	0.2955	-0.2976
Chr2	14404814	indel	42	34	0.437	0.3361	0.6667	0.2059	-0.4608
Chr2	14415374	snp	68	33	0.4131	0.3266	0.8529	0.4242	-0.4287
Chr2	14415390	snp	66	33	0.4242	0.3333	0.7727	0.3939	-0.3788
Chr2	14415528	snp	92	56	0.403	0.3005	0.5978	0.2857	-0.3121
Chr2	14415838	snp	74	81	0.3782	0.303	0.7027	0.3704	-0.3323
Chr2	14416336	snp	109	96	0.3652	0.2831	0.5321	0.1771	-0.355
Chr2	14416670	snp	78	74	0.3822	0.2976	0.641	0.3108	-0.3302
Chr2	14419252	snp	29	40	0.4586	0.3517	0.6552	0.3	-0.3552
Chr2	14421299	snp	120	80	0.375	0.2875	0.55	0.2	-0.35
Chr2	14422801	snp	102	87	0.3739	0.2874	0.5686	0.2184	-0.3502
Chr2	14424252	snp	83	80	0.3765	0.289	0.5783	0.25	-0.3283
Chr2	14426091	snp	83	103	0.3754	0.2917	0.5422	0.2136	-0.3286
Chr2	14426540	snp	79	73	0.3865	0.2956	0.5696	0.1507	-0.4189
Chr2	14427967	snp	103	72	0.3781	0.2964	0.5631	0.2639	-0.2992
Chr2	14428752	snp	91	71	0.3883	0.2914	0.5934	0.2817	-0.3117
Chr2	14433044	snp	48	53	0.4104	0.3141	0.7083	0.3585	-0.3498
Chr2	14437159	snp	85	56	0.384	0.2973	0.6941	0.3393	-0.3548
Chr2	14437212	snp	75	45	0.4089	0.3111	0.8267	0.4667	-0.36
Chr2	14437295	snp	83	56	0.3832	0.2922	0.7229	0.3929	-0.33
Chr2	14437526	snp	81	48	0.4066	0.3102	0.7654	0.4375	-0.3279
Chr2	14440146	snp	61	46	0.4116	0.3083	0.7541	0.3261	-0.428
Chr2	14442463	snp	38	30	0.4368	0.3386	0.5526	0.2	-0.3526
Chr2	14444648	snp	51	26	0.4351	0.3386	0.6078	0.2692	-0.3386
Chr2	14444670	snp	56	30	0.4369	0.3321	0.625	0.2667	-0.3583
Chr2	14444873	indel	63	32	0.4157	0.3234	0.619	0.25	-0.369
Chr2	14444884	snp	54	32	0.4306	0.3345	0.6852	0.2812	-0.4039
Chr2	14458617	snp	56	39	0.419	0.3205	0.7679	0.2821	-0.4858
Chr2	14509788	snp	89	101	0.3752	0.2872	0.5843	0.2376	-0.3466
Chr2	14533583	indel	68	85	0.3882	0.2941	0.5588	0.2471	-0.3118
Chr2	14540367	snp	76	61	0.3926	0.3037	0.5789	0.2131	-0.3658
Chr2	14542678	snp	60	45	0.4	0.3111	0.5833	0.2667	-0.3167
Chr2	14546139	snp	95	83	0.3801	0.2927	0.6316	0.241	-0.3906
Chr2	14550099	snp	67	53	0.3996	0.307	0.806	0.434	-0.372
Chr2	14564211	snp	69	49	0.404	0.3138	0.6087	0.2857	-0.323
Chr2	14565372	snp	60	46	0.4043	0.3101	0.6833	0.3261	-0.3572
Chr2	14567663	snp	65	43	0.414	0.3134	0.6462	0.3023	-0.3438
Chr2	14568169	snp	70	83	0.3904	0.2957	0.6571	0.3373	-0.3198
Chr2	14574421	indel	70	68	0.3937	0.3063	0.7429	0.25	-0.4929
Chr2	14574695	indel	60	67	0.3953	0.3005	0.7167	0.2836	-0.4331
Chr2	14574736	snp	58	55	0.4016	0.3078	0.7759	0.2545	-0.5213
Chr2	14576095	snp	49	59	0.4095	0.3172	0.7143	0.3559	-0.3584
Chr2	14581489	snp	107	69	0.3695	0.2844	0.5607	0.2464	-0.3144
Chr2	14631333	snp	67	79	0.3837	0.2942	0.6119	0.2278	-0.3841
Chr2	14631435	snp	63	79	0.3946	0.3026	0.5873	0.2278	-0.3595
Chr2	14631881	snp	63	52	0.409	0.308	0.746	0.3077	-0.4383
Chr2	14631923	snp	55	44	0.4	0.3182	0.7636	0.25	-0.5136
Chr2	14632122	snp	83	44	0.3981	0.307	0.6024	0.25	-0.3524
Chr2	14632222	snp	90	60	0.3833	0.3056	0.5778	0.2167	-0.3611
Chr2	14632588	snp	58	48	0.4052	0.3175	0.7586	0.4375	-0.3211
Chr2	14634038	snp	68	30	0.4167	0.3255	0.8529	0.5	-0.3529
Chr2	14636125	snp	58	40	0.4207	0.3207	0.7759	0.45	-0.3259
Chr2	14642965	snp	74	44	0.4066	0.3163	0.5676	0.1591	-0.4085
Chr2	14648628	snp	49	36	0.4365	0.3305	0.7551	0.3333	-0.4218
Chr2	14649345	snp	91	95	0.3737	0.2923	0.5385	0.2211	-0.3174
Chr2	14665601	indel	79	45	0.3975	0.3091	0.6329	0.3111	-0.3218
Chr2	14669421	snp	56	21	0.4702	0.3571	0.8393	0.4762	-0.3631
Chr2	14671474	snp	29	29	0.4828	0.3448	0.7586	0.4138	-0.3448
Chr2	14677252	snp	84	60	0.4	0.3048	0.5357	0.1667	-0.369
Chr2	14683997	indel	91	82	0.3799	0.2873	0.6813	0.2317	-0.4496
Chr2	14684086	snp	68	53	0.4062	0.3094	0.6029	0.2642	-0.3388
Chr2	14686126	indel	97	63	0.3877	0.3011	0.5876	0.2222	-0.3654
Chr2	14686724	snp	54	34	0.4281	0.3312	0.6111	0.1765	-0.4346
Chr2	14691194	snp	73	60	0.3879	0.3057	0.6712	0.2833	-0.3879
Chr2	14691402	snp	57	66	0.4091	0.3062	0.4737	0.1667	-0.307
Chr2	14692759	snp	73	78	0.4046	0.2968	0.6027	0.2821	-0.3207
Chr2	14694765	snp	113	109	0.359	0.28	0.5398	0.211	-0.3288
Chr2	14697706	snp	74	66	0.3931	0.3051	0.5405	0.197	-0.3436
Chr2	14698294	snp	101	61	0.385	0.2925	0.5248	0.1803	-0.3444
Chr2	14698480	snp	89	95	0.383	0.2904	0.5618	0.2105	-0.3513
Chr2	14716108	snp	86	63	0.3834	0.2977	0.4651	0.1429	-0.3223
Chr2	14745462	snp	66	67	0.398	0.2942	0.6061	0.2388	-0.3673
Chr2	14758994	snp	31	23	0.4698	0.3619	0.6774	0.1739	-0.5035
Chr2	14758996	snp	31	25	0.4774	0.3652	0.6774	0.16	-0.5174
Chr2	14759023	snp	52	40	0.4173	0.3212	0.6731	0.25	-0.4231
Chr2	14759432	snp	72	43	0.4151	0.3178	0.5972	0.2558	-0.3414
Chr2	14759702	snp	61	36	0.4185	0.316	0.6066	0.2778	-0.3288
Chr2	14759707	snp	59	35	0.4252	0.3254	0.6102	0.2571	-0.353
Chr2	14761314	snp	56	76	0.3891	0.2979	0.5357	0.1974	-0.3383
Chr2	14761364	indel	68	104	0.3801	0.2924	0.5294	0.2019	-0.3275
Chr2	14763150	indel	84	42	0.4167	0.3095	0.7381	0.3571	-0.381
Chr2	14768721	snp	66	62	0.3998	0.3128	0.5303	0.1613	-0.369
Chr2	14768841	snp	73	55	0.3938	0.2936	0.5205	0.1818	-0.3387
Chr2	14768929	indel	96	80	0.3792	0.2896	0.5625	0.25	-0.3125
Chr2	14778054	snp	29	35	0.4384	0.3409	0.5517	0.1714	-0.3803
Chr2	14779010	indel	23	24	0.4891	0.3659	0.5652	0.125	-0.4402
Chr2	14780695	snp	91	89	0.3792	0.289	0.5165	0.191	-0.3255
Chr2	14791800	snp	80	73	0.3784	0.2885	0.5875	0.2877	-0.2998
Chr2	14796673	snp	70	80	0.3875	0.2982	0.5143	0.1625	-0.3518
Chr2	14797622	snp	90	81	0.3778	0.2889	0.6222	0.3333	-0.2889
Chr2	14799300	snp	83	70	0.3904	0.2957	0.5301	0.2286	-0.3015
Chr2	14803375	snp	104	91	0.3832	0.2981	0.5577	0.2308	-0.3269
Chr2	14806984	indel	97	75	0.3834	0.2925	0.5876	0.2133	-0.3743
Chr2	14810233	indel	54	55	0.4125	0.3047	0.5926	0.1455	-0.4471
Chr2	14810903	indel	94	85	0.3772	0.2926	0.5851	0.2824	-0.3028
Chr2	14827883	snp	84	119	0.3803	0.2913	0.5119	0.2185	-0.2934
Chr2	14835328	snp	57	81	0.4003	0.3067	0.5439	0.1111	-0.4327
Chr2	14840362	snp	80	84	0.3845	0.2929	0.7	0.3214	-0.3786
Chr2	14841371	snp	81	51	0.4038	0.3137	0.5309	0.1765	-0.3544
Chr2	14841422	snp	83	61	0.3917	0.301	0.5542	0.1967	-0.3575
Chr2	14841510	snp	60	34	0.4186	0.3206	0.7333	0.4118	-0.3216
Chr2	14842292	snp	67	64	0.3911	0.3102	0.5672	0.2188	-0.3484
Chr2	14847946	snp	78	90	0.3829	0.2991	0.5256	0.1889	-0.3368
Chr2	14848900	snp	53	82	0.3778	0.2957	0.5283	0.1585	-0.3698
Chr2	14849045	snp	56	64	0.4152	0.3103	0.6964	0.3125	-0.3839
Chr2	14849076	snp	55	45	0.4141	0.3152	0.8	0.4667	-0.3333
Chr2	14850244	snp	67	78	0.3917	0.3	0.4478	0.1282	-0.3196
Chr2	14850279	snp	68	68	0.4118	0.3088	0.4412	0.1176	-0.3235
Chr2	14867405	snp	84	73	0.3891	0.2921	0.6548	0.2877	-0.3671
Chr2	14868162	snp	63	84	0.3849	0.3016	0.5873	0.2619	-0.3254
Chr2	14869366	snp	111	106	0.3695	0.276	0.5586	0.1981	-0.3604
Chr2	14871242	snp	66	82	0.4013	0.3019	0.5758	0.2195	-0.3562
Chr2	14873079	snp	96	78	0.3806	0.2909	0.5625	0.2308	-0.3317
Chr2	14876279	snp	64	61	0.397	0.2979	0.4375	0.0328	-0.4047
Chr2	14876419	snp	73	95	0.3755	0.288	0.589	0.2421	-0.3469
Chr2	14876814	indel	89	76	0.3805	0.2929	0.4494	0.1316	-0.3179
Chr2	14883562	snp	96	91	0.37	0.2925	0.5729	0.2527	-0.3202
Chr2	14892231	snp	83	77	0.3788	0.299	0.5783	0.2727	-0.3056
Chr2	14917352	snp	79	68	0.3833	0.2943	0.4937	0.1912	-0.3025
Chr2	14919745	snp	40	37	0.4399	0.3277	0.825	0.4865	-0.3385
Chr2	14920116	snp	36	38	0.4327	0.3289	0.5	0.1316	-0.3684
Chr2	14920201	snp	52	73	0.4075	0.3061	0.6346	0.2877	-0.3469
Chr2	14920204	snp	52	71	0.3952	0.3044	0.6346	0.2958	-0.3388
Chr2	14922368	indel	63	73	0.3827	0.3098	0.5873	0.274	-0.3133
Chr2	14943990	snp	69	74	0.3848	0.2971	0.6087	0.3108	-0.2979
Chr2	14946014	snp	52	49	0.4223	0.3214	0.4808	0.1429	-0.3379
Chr2	14946017	snp	52	50	0.4138	0.3131	0.5	0.14	-0.36
Chr2	14951771	snp	72	58	0.3803	0.3051	0.5278	0.2069	-0.3209
Chr2	14958671	snp	70	79	0.3861	0.2982	0.4714	0.0886	-0.3828
Chr2	14960283	indel	123	111	0.3683	0.2764	0.6179	0.3333	-0.2846
Chr2	14960444	snp	70	46	0.4174	0.3161	0.5714	0.2391	-0.3323
Chr2	14960473	indel	60	41	0.4138	0.3228	0.5333	0.1707	-0.3626
Chr2	14960730	snp	45	60	0.4	0.3111	0.4	0.05	-0.35
Chr2	14963290	indel	51	42	0.4146	0.3179	0.4902	0.1667	-0.3235
Chr2	14974815	snp	83	77	0.3788	0.299	0.5542	0.2338	-0.3205
Chr2	14984057	snp	79	73	0.3865	0.2956	0.4937	0.1507	-0.343
Chr2	14998855	snp	64	96	0.3906	0.2969	0.625	0.2292	-0.3958
Chr2	14998871	indel	65	95	0.3895	0.2955	0.6462	0.2316	-0.4146
Chr2	15000681	snp	116	113	0.3611	0.2801	0.5345	0.2301	-0.3044
Chr2	15004250	snp	86	97	0.3781	0.2864	0.5233	0.2268	-0.2965
Chr2	15005147	snp	79	96	0.3674	0.2853	0.5949	0.2604	-0.3345
Chr2	15009344	snp	59	42	0.4189	0.3208	0.8983	0.5	-0.3983
Chr2	15009345	snp	59	46	0.4053	0.3084	0.8814	0.5	-0.3814
Chr2	15009603	snp	65	62	0.3975	0.306	0.8	0.4516	-0.3484
Chr2	15010314	snp	59	51	0.3981	0.3081	0.6949	0.2745	-0.4204
Chr2	15010394	indel	50	71	0.4042	0.302	0.64	0.338	-0.302
Chr2	15012056	snp	18	21	0.5	0.3889	0.5556	0.1429	-0.4127
Chr2	15014942	snp	50	28	0.43	0.3386	0.78	0.2857	-0.4943
Chr2	15014947	snp	52	23	0.4599	0.3495	0.8077	0.3478	-0.4599
Chr2	15015007	indel	77	33	0.4113	0.3203	0.6104	0.2727	-0.3377
Chr2	15021590	snp	89	121	0.3707	0.2844	0.5393	0.2066	-0.3327
Chr2	15023971	snp	72	46	0.4094	0.3164	0.5417	0.2174	-0.3243
Chr2	15026118	snp	60	69	0.3971	0.3058	0.7167	0.4058	-0.3109
Chr2	15026522	snp	81	79	0.3872	0.2996	0.5185	0.1899	-0.3286
Chr2	15026797	snp	71	66	0.3807	0.2951	0.7465	0.3485	-0.398
Chr2	15027979	snp	63	50	0.3943	0.3073	0.746	0.22	-0.526
Chr2	15028077	snp	74	57	0.3907	0.3073	0.7838	0.4211	-0.3627
Chr2	15028852	snp	42	30	0.4333	0.3381	0.6905	0.3	-0.3905
Chr2	15029018	snp	50	36	0.4222	0.3267	0.8	0.3889	-0.4111
Chr2	15031082	indel	94	78	0.3753	0.2919	0.5745	0.2308	-0.3437
Chr2	15032280	snp	86	75	0.3839	0.2915	0.6279	0.3067	-0.3212
Chr2	15033525	snp	85	90	0.3837	0.2908	0.5882	0.2778	-0.3105
Chr2	15033626	indel	111	114	0.3694	0.2883	0.5856	0.2719	-0.3137
Chr2	15033733	snp	76	72	0.3801	0.2931	0.6711	0.3472	-0.3238
Chr2	15035218	snp	53	34	0.4206	0.3246	0.9057	0.4412	-0.4645
Chr2	15035369	snp	49	41	0.4385	0.336	0.8571	0.4878	-0.3693
Chr2	15035387	indel	58	55	0.4016	0.3078	0.7241	0.2727	-0.4514
Chr2	15041135	snp	80	59	0.3913	0.3002	0.7	0.3051	-0.3949
Chr2	15041391	snp	109	67	0.3861	0.3011	0.5413	0.2239	-0.3174
Chr2	15043168	indel	66	53	0.4025	0.3122	0.6061	0.2264	-0.3796
Chr2	15043186	snp	65	47	0.4157	0.3129	0.6462	0.2128	-0.4334
Chr2	15043324	indel	51	29	0.4348	0.3313	0.5882	0.2414	-0.3469
Chr2	15043374	snp	43	27	0.4479	0.3454	0.5349	0.1111	-0.4238
Chr2	15043714	snp	97	54	0.3883	0.3018	0.6392	0.2593	-0.3799
Chr2	15044234	snp	51	49	0.4218	0.3205	0.8235	0.4286	-0.395
Chr2	15044663	snp	49	41	0.4385	0.336	0.4898	0.1463	-0.3435
Chr2	15044739	snp	65	75	0.3856	0.2995	0.4462	0.1467	-0.2995
Chr2	15046274	snp	69	56	0.4032	0.3072	0.6522	0.25	-0.4022
Chr2	15047994	snp	66	81	0.3866	0.2985	0.6818	0.3704	-0.3114
Chr2	15048671	snp	77	97	0.3871	0.2943	0.6753	0.2887	-0.3867
Chr2	15050160	snp	74	46	0.3907	0.3067	0.5135	0.1304	-0.3831
Chr2	15050250	snp	54	59	0.3927	0.3107	0.6296	0.2034	-0.4262
Chr2	15054395	snp	43	40	0.4244	0.3262	0.814	0.475	-0.339
Chr2	15054725	indel	44	42	0.4188	0.3247	0.8182	0.4048	-0.4134
Chr2	15054733	snp	50	36	0.4222	0.3267	0.88	0.3889	-0.4911
Chr2	15054817	indel	57	44	0.4083	0.3186	0.6667	0.25	-0.4167
Chr2	15056815	indel	64	20	0.4531	0.3562	0.5	0.05	-0.45
Chr2	15056849	snp	64	38	0.4145	0.3191	0.5469	0.2105	-0.3363
Chr2	15059636	snp	49	79	0.4007	0.3035	0.6122	0.2658	-0.3464
Chr2	15062887	snp	49	54	0.4161	0.3159	0.7347	0.4074	-0.3273
Chr2	15063834	indel	57	79	0.402	0.3085	0.6491	0.3038	-0.3453
Chr2	15063914	snp	49	54	0.4161	0.3159	0.9184	0.5556	-0.3628
Chr2	15064342	snp	79	65	0.384	0.298	0.7468	0.4462	-0.3007
Chr2	15065262	snp	37	25	0.4638	0.3557	0.6486	0.24	-0.4086
Chr2	15065696	indel	49	43	0.4177	0.3218	0.7143	0.3488	-0.3654
Chr2	15066279	indel	65	27	0.4422	0.3345	0.9385	0.5926	-0.3459
Chr2	15069231	snp	87	92	0.3841	0.2965	0.5172	0.2174	-0.2999
Chr2	15070012	snp	92	91	0.3653	0.2787	0.587	0.2198	-0.3672
Chr2	15070891	snp	93	64	0.3874	0.2965	0.6344	0.3281	-0.3063
Chr2	15071196	snp	58	34	0.4178	0.3245	0.8448	0.4412	-0.4037
Chr2	15072001	snp	64	45	0.4118	0.309	0.7031	0.3333	-0.3698
Chr2	15072046	snp	74	43	0.4161	0.314	0.6351	0.2558	-0.3793
Chr2	15072924	snp	75	70	0.3781	0.2962	0.6267	0.3	-0.3267
Chr2	15072984	snp	77	54	0.3992	0.3086	0.7143	0.3704	-0.3439
Chr2	15074941	snp	75	84	0.3762	0.2929	0.6667	0.3333	-0.3333
Chr2	15075681	snp	81	49	0.3976	0.3074	0.5926	0.2653	-0.3273
Chr2	15075768	snp	87	43	0.4092	0.3181	0.6437	0.3256	-0.3181
Chr2	15076511	snp	84	66	0.4026	0.3041	0.631	0.2424	-0.3885
Chr2	15080528	snp	50	31	0.4297	0.3297	0.82	0.3871	-0.4329
Chr2	15080555	indel	56	51	0.4114	0.3165	0.6786	0.3529	-0.3256
Chr2	15084745	indel	106	108	0.3716	0.289	0.5849	0.287	-0.2979
Chr2	15084829	snp	84	77	0.3842	0.29	0.5714	0.2727	-0.2987
Chr2	15085009	snp	61	53	0.3981	0.3087	0.7705	0.3962	-0.3743
Chr2	15085043	snp	52	36	0.4209	0.3291	0.8462	0.5	-0.3462
Chr2	15085477	snp	79	76	0.3931	0.2923	0.6456	0.3289	-0.3166
Chr2	15086513	snp	79	69	0.3939	0.3049	0.8354	0.4783	-0.3572
Chr2	15086655	snp	61	69	0.4018	0.3022	0.7705	0.4203	-0.3502
Chr2	15086838	snp	46	29	0.4453	0.3381	0.8696	0.4483	-0.4213
Chr2	15088494	snp	83	71	0.3772	0.2985	0.5542	0.2394	-0.3148
Chr2	15089052	snp	85	61	0.3965	0.3049	0.5882	0.2295	-0.3587
Chr2	15090466	snp	75	65	0.3856	0.2995	0.6267	0.2154	-0.4113
Chr2	15092615	snp	53	49	0.4109	0.3246	0.7736	0.3469	-0.4266
Chr2	15092626	snp	56	51	0.4114	0.3165	0.6786	0.3137	-0.3648
Chr2	15092927	snp	91	78	0.3736	0.2949	0.5495	0.2308	-0.3187
Chr2	15106979	indel	116	100	0.3779	0.2869	0.6207	0.31	-0.3107
Chr2	15107911	snp	46	61	0.4116	0.3083	0.6522	0.2131	-0.4391
Chr2	15124824	snp	56	43	0.412	0.314	0.8571	0.3721	-0.485
Chr2	15124853	snp	55	36	0.4111	0.3222	0.8364	0.4167	-0.4197
Chr2	15142824	snp	80	71	0.384	0.2949	0.4875	0.1831	-0.3044
Chr2	15153571	snp	43	43	0.4186	0.3256	0.8605	0.5116	-0.3488
Chr2	15155023	snp	88	85	0.3767	0.2936	0.5909	0.2824	-0.3086
Chr2	15155301	snp	75	69	0.3768	0.2968	0.7067	0.3768	-0.3299
Chr2	15155312	indel	81	80	0.379	0.291	0.6543	0.35	-0.3043
Chr2	15157619	snp	61	49	0.4108	0.3128	0.7869	0.449	-0.3379
Chr2	15157654	indel	64	43	0.4084	0.3147	0.7812	0.4651	-0.3161
Chr2	15157669	snp	56	38	0.4248	0.3346	0.7857	0.3947	-0.391
Chr2	15159546	snp	30	20	0.4833	0.3667	0.6333	0.25	-0.3833
Chr2	15161062	snp	65	26	0.4462	0.3385	0.9077	0.4615	-0.4462
Chr2	15161103	snp	78	33	0.4196	0.3182	0.7564	0.4242	-0.3322
Chr2	15163787	snp	64	40	0.4156	0.3219	0.8438	0.5	-0.3438
Chr2	15165307	snp	103	74	0.3743	0.2894	0.5728	0.2162	-0.3566
Chr2	15171935	indel	87	68	0.384	0.2958	0.5402	0.0735	-0.4667
Chr2	15172295	snp	65	75	0.3856	0.2995	0.6154	0.2	-0.4154
Chr2	15177312	snp	62	64	0.4103	0.3155	0.6452	0.2969	-0.3483
Chr2	15177385	snp	63	54	0.3889	0.3042	0.6825	0.3333	-0.3492
Chr2	15177488	snp	53	46	0.4212	0.324	0.8302	0.4783	-0.3519
Chr2	15177882	snp	54	49	0.4161	0.3159	0.7778	0.3673	-0.4104
Chr2	15178228	snp	74	80	0.3953	0.3007	0.6216	0.3125	-0.3091
Chr2	15179783	snp	54	48	0.4028	0.3194	0.7407	0.4167	-0.3241
Chr2	15185133	snp	59	46	0.4053	0.3084	0.8305	0.5217	-0.3088
Chr2	15185134	snp	58	49	0.4085	0.3146	0.8448	0.5102	-0.3346
Chr2	15185729	snp	72	66	0.3914	0.2955	0.6806	0.3182	-0.3624
Chr2	15185894	snp	75	55	0.3976	0.297	0.5867	0.2727	-0.3139
Chr2	15186270	snp	77	52	0.4181	0.3109	0.6494	0.3269	-0.3224
Chr2	15214870	snp	66	39	0.4207	0.317	0.6061	0.2308	-0.3753
Chr2	15215382	snp	54	40	0.4167	0.3306	0.6296	0.175	-0.4546
Chr2	15218794	indel	42	34	0.437	0.3361	0.4762	0.8235	0.3473
Chr2	15247395	snp	42	40	0.4155	0.3179	0.6667	0.275	-0.3917
Chr2	15247399	snp	50	38	0.4179	0.3189	0.6	0.2632	-0.3368
Chr2	15248647	indel	49	35	0.4245	0.3306	0.8367	0.4857	-0.351
Chr2	15249665	snp	129	100	0.3677	0.2804	0.5736	0.24	-0.3336
Chr2	15249681	snp	123	104	0.3723	0.2806	0.5447	0.2308	-0.3139
Chr2	15252348	snp	79	71	0.3876	0.2965	0.5696	0.2535	-0.3161
Chr2	15260272	indel	85	74	0.3903	0.2927	0.5765	0.2297	-0.3467
Chr2	15276330	snp	81	47	0.4148	0.3139	0.5185	0.1915	-0.327
Chr2	15305306	snp	70	72	0.394	0.2976	0.6286	0.2778	-0.3508
Chr2	15308283	indel	74	79	0.3744	0.2951	0.3919	0.0633	-0.3286
Chr2	15308522	snp	70	66	0.4004	0.3052	0.4286	0.1061	-0.3225
Chr2	15310031	snp	35	36	0.4365	0.3262	0.6857	0.3333	-0.3524
Chr2	15310106	indel	21	35	0.4762	0.3619	0.6667	0.2571	-0.4095
Chr2	15313005	snp	45	29	0.433	0.3341	0.6444	0.2414	-0.4031
Chr2	15319562	snp	90	70	0.3921	0.2921	0.5556	0.2143	-0.3413
Chr2	15324839	snp	74	60	0.4018	0.3	0.5	0.2	-0.3
Chr2	15344628	snp	84	72	0.3869	0.2996	0.6071	0.2917	-0.3155
Chr2	15355428	snp	86	63	0.3834	0.2977	0.6628	0.3175	-0.3453
Chr2	15355522	snp	73	35	0.4231	0.3249	0.8493	0.4	-0.4493
Chr2	15355534	snp	74	37	0.4054	0.3243	0.8649	0.4595	-0.4054
Chr2	15356192	snp	58	47	0.4039	0.3147	0.6207	0.2553	-0.3654
Chr2	15356848	indel	50	46	0.3991	0.3174	0.7	0.2826	-0.4174
Chr2	15356890	snp	52	46	0.4172	0.3253	0.6154	0.2174	-0.398
Chr2	15372319	snp	94	88	0.3677	0.2875	0.6064	0.3068	-0.2996
Chr2	15387900	snp	74	57	0.3907	0.3073	0.6216	0.2632	-0.3585
Chr2	15402661	snp	56	41	0.4037	0.3079	0.6964	0.3171	-0.3794
Chr2	15404149	indel	85	71	0.3841	0.2923	0.5882	0.1831	-0.4051
Chr2	15406038	snp	56	56	0.4107	0.3214	0.6607	0.2679	-0.3929
Chr2	15406933	snp	54	38	0.424	0.3294	0.7778	0.3684	-0.4094
Chr2	15407092	snp	55	53	0.412	0.3136	0.6545	0.2642	-0.3904
Chr2	15409299	indel	28	29	0.4729	0.3645	0.9643	0.5517	-0.4126
Chr2	15409366	indel	42	34	0.437	0.3361	0.7381	0.3529	-0.3852
Chr2	15410101	indel	80	86	0.3843	0.2956	0.625	0.3256	-0.2994
Chr2	15411584	snp	82	71	0.3928	0.3008	0.6829	0.3803	-0.3026
Chr2	15411609	snp	76	66	0.3892	0.2994	0.7105	0.4091	-0.3014
Chr2	15412940	snp	47	18	0.4586	0.3605	0.8085	0.4444	-0.3641
Chr2	15412945	snp	49	18	0.466	0.3639	0.8367	0.4444	-0.3923
Chr2	15413747	snp	53	61	0.3981	0.3087	0.7547	0.4426	-0.3121
Chr2	15413909	snp	42	47	0.4189	0.3262	0.881	0.4894	-0.3916
Chr2	15415006	indel	74	78	0.3822	0.2976	0.6757	0.3077	-0.368
Chr2	15415029	snp	66	61	0.4006	0.3085	0.7121	0.3279	-0.3843
Chr2	15416429	snp	54	45	0.4111	0.3148	0.9074	0.4889	-0.4185
Chr2	15416438	snp	57	51	0.4056	0.3189	0.8596	0.451	-0.4087
Chr2	15418592	snp	86	52	0.386	0.3014	0.7558	0.4423	-0.3135
Chr2	15419808	indel	81	58	0.3908	0.302	0.716	0.4138	-0.3023
Chr2	15420524	snp	57	46	0.4092	0.3146	0.6316	0.3043	-0.3272
Chr2	15421941	indel	74	76	0.3887	0.2948	0.5	0.1974	-0.3026
Chr2	15431573	indel	58	56	0.3867	0.3017	0.5862	0.2321	-0.3541
Chr2	15459071	snp	114	101	0.3629	0.2839	0.5526	0.2574	-0.2952
Chr2	15459810	snp	49	31	0.424	0.3305	0.7347	0.3871	-0.3476
Chr2	15460649	snp	65	53	0.4073	0.31	0.7385	0.3585	-0.38
Chr2	15460706	snp	85	53	0.3969	0.2979	0.7176	0.3396	-0.378
Chr2	15464958	snp	53	48	0.4104	0.3141	0.4906	0.1667	-0.3239
Chr2	15468704	snp	68	60	0.4147	0.3118	0.5882	0.1833	-0.4049
Chr2	15473560	snp	53	37	0.409	0.3202	0.8868	0.5135	-0.3733
Chr2	15479096	snp	79	61	0.3899	0.3013	0.6835	0.3607	-0.3229
Chr2	15479219	snp	62	42	0.4155	0.3187	0.7258	0.4048	-0.321
Chr2	15481566	snp	76	41	0.4066	0.3087	0.7763	0.3902	-0.3861
Chr2	15482194	snp	119	88	0.3743	0.2898	0.5966	0.2386	-0.358
Chr2	15482420	snp	94	82	0.3804	0.294	0.617	0.2561	-0.3609
Chr2	15482636	snp	49	34	0.4226	0.3247	0.7755	0.4412	-0.3343
Chr2	15483277	snp	85	87	0.3747	0.2924	0.5882	0.2644	-0.3239
Chr2	15483359	snp	89	85	0.3811	0.2924	0.5393	0.1882	-0.3511
Chr2	15483606	indel	111	116	0.3755	0.2838	0.5946	0.2414	-0.3532
Chr2	15484526	snp	61	52	0.4001	0.3124	0.8852	0.4808	-0.4045
Chr2	15484528	snp	63	52	0.409	0.308	0.8571	0.5	-0.3571
Chr2	15485776	snp	57	36	0.4137	0.3304	0.7368	0.3889	-0.348
Chr2	15486150	snp	55	61	0.4048	0.3085	0.5273	0.2131	-0.3142
Chr2	15486595	indel	26	23	0.49	0.3829	0.6538	0.2609	-0.393
Chr2	15488207	snp	63	47	0.4272	0.3056	0.7937	0.4681	-0.3256
Chr2	15488584	snp	78	64	0.3914	0.3017	0.5513	0.2031	-0.3482
Chr2	15488640	snp	55	54	0.4125	0.3047	0.4909	0.1667	-0.3242
Chr2	15492726	snp	88	75	0.3791	0.2971	0.5682	0.24	-0.3282
Chr2	15494280	snp	71	64	0.3853	0.3008	0.6338	0.2344	-0.3994
Chr2	15496661	snp	88	75	0.3791	0.2971	0.5682	0.2533	-0.3148
Chr2	15499067	snp	48	35	0.4065	0.3161	0.3542	0.0286	-0.3256
Chr2	15499070	snp	45	36	0.4333	0.3333	0.3778	0.0278	-0.35
Chr2	15499453	indel	72	47	0.4113	0.3197	0.6389	0.1702	-0.4687
Chr2	15499739	snp	58	48	0.4052	0.3175	0.5517	0.1875	-0.3642
Chr2	15502306	snp	57	43	0.4117	0.3125	0.614	0.2558	-0.3582
Chr2	15502442	snp	55	39	0.4089	0.3179	0.6909	0.3333	-0.3576
Chr2	15503455	snp	61	57	0.4078	0.3072	0.5902	0.2807	-0.3095
Chr2	15506168	indel	85	65	0.3846	0.2941	0.6706	0.3385	-0.3321
Chr2	15506719	snp	88	82	0.3891	0.2935	0.625	0.3049	-0.3201
Chr2	15509768	snp	79	102	0.3939	0.3028	0.6203	0.2941	-0.3261
Chr2	15510583	snp	101	90	0.3803	0.2856	0.5644	0.2444	-0.3199
Chr2	15510859	snp	79	63	0.3946	0.3026	0.5823	0.2381	-0.3442
Chr2	15511447	snp	75	59	0.3713	0.2963	0.5867	0.2203	-0.3663
Chr2	15513493	snp	53	43	0.4103	0.3247	0.4528	0.093	-0.3598
Chr2	15514849	snp	80	78	0.3798	0.2901	0.5125	0.1923	-0.3202
Chr2	15515160	snp	75	74	0.3811	0.3011	0.6	0.2162	-0.3838
Chr2	15515254	indel	72	81	0.3889	0.2978	0.5556	0.2346	-0.321
Chr2	15515292	indel	75	86	0.3839	0.2915	0.5333	0.2326	-0.3008
Chr2	15518464	snp	32	34	0.4577	0.3382	0.5625	0.1765	-0.386
Chr2	15518901	snp	79	58	0.3826	0.2997	0.6709	0.2759	-0.395
Chr2	15519172	snp	29	45	0.433	0.3341	0.4483	0.1111	-0.3372
Chr2	15520731	snp	53	34	0.4206	0.3246	0.8868	0.5294	-0.3574
Chr2	15522061	indel	48	30	0.4292	0.3333	0.8333	0.5	-0.3333
Chr2	15522078	indel	41	26	0.4484	0.3443	1.0	0.5769	-0.4231
Chr2	15522192	snp	51	35	0.4364	0.3361	0.7451	0.3429	-0.4022
Chr2	15523020	indel	58	71	0.4065	0.2982	0.6724	0.2676	-0.4048
Chr2	15523081	snp	59	41	0.4117	0.3154	0.7797	0.4146	-0.365
Chr2	15524406	indel	66	85	0.3845	0.2934	0.6061	0.2	-0.4061
Chr2	15524450	snp	60	63	0.4008	0.3032	0.75	0.2857	-0.4643
Chr2	15524465	snp	60	53	0.3981	0.3082	0.7667	0.3585	-0.4082
Chr2	15525845	snp	81	56	0.3946	0.3124	0.6667	0.3393	-0.3274
Chr2	15527449	snp	78	72	0.3825	0.2917	0.5641	0.25	-0.3141
Chr2	15527542	snp	78	69	0.3868	0.3043	0.6154	0.2754	-0.34
Chr2	15529707	snp	56	46	0.4115	0.3191	0.5714	0.2174	-0.354
Chr2	15529773	snp	52	43	0.4092	0.3202	0.6154	0.186	-0.4293
Chr2	15532553	snp	57	40	0.4241	0.3189	0.7719	0.45	-0.3219
Chr2	15532592	indel	67	60	0.3953	0.3005	0.6567	0.3	-0.3567
Chr2	15535770	snp	81	68	0.3778	0.299	0.6049	0.25	-0.3549
Chr2	15546601	snp	73	70	0.3838	0.2969	0.6438	0.2	-0.4438
Chr2	15546648	indel	65	52	0.4154	0.3154	0.7077	0.3654	-0.3423
Chr2	15546731	snp	57	41	0.4129	0.3145	0.8947	0.3902	-0.5045
Chr2	15546743	snp	57	40	0.4241	0.3189	0.8772	0.35	-0.5272
Chr2	15550569	snp	84	75	0.3762	0.2929	0.5119	0.1867	-0.3252
Chr2	15554278	snp	83	83	0.3735	0.2892	0.5422	0.2289	-0.3133
Chr2	15558844	snp	61	52	0.4001	0.3124	0.623	0.3077	-0.3153
Chr2	15559673	snp	57	53	0.4012	0.3174	0.6842	0.2264	-0.4578
Chr2	15559734	indel	62	52	0.4014	0.312	0.6774	0.25	-0.4274
Chr2	15560465	snp	57	37	0.4139	0.3314	0.7368	0.4054	-0.3314
Chr2	15560850	indel	38	31	0.4406	0.3472	0.7105	0.3548	-0.3557
Chr2	15561233	indel	57	73	0.4004	0.3028	0.8246	0.3973	-0.4273
Chr2	15561781	snp	91	107	0.3586	0.2794	0.6044	0.215	-0.3894
Chr2	15566138	snp	65	61	0.4096	0.309	0.7538	0.3279	-0.426
Chr2	15566929	snp	100	100	0.37	0.29	0.56	0.23	-0.33
Chr2	15569192	snp	56	43	0.412	0.314	0.875	0.5349	-0.3401
Chr2	15571571	snp	29	28	0.4729	0.3645	0.7241	0.3571	-0.367
Chr2	15576713	indel	92	94	0.3751	0.2815	0.5761	0.266	-0.3101
Chr2	15576725	snp	95	74	0.3781	0.2939	0.6421	0.3243	-0.3178
Chr2	15576782	snp	102	84	0.3648	0.2829	0.5196	0.2143	-0.3053
Chr2	15583777	snp	121	99	0.3774	0.2828	0.5702	0.2323	-0.3379
Chr2	15589295	snp	82	69	0.3931	0.2923	0.6707	0.3333	-0.3374
Chr2	15620015	snp	60	60	0.4167	0.3167	0.5167	0.2	-0.3167
Chr2	15622318	snp	64	59	0.3994	0.3096	0.5469	0.1695	-0.3774
Chr2	15622849	snp	77	79	0.3985	0.2949	0.5195	0.1899	-0.3296
Chr2	15623071	snp	40	39	0.4423	0.341	0.775	0.359	-0.416
Chr2	15723896	snp	32	18	0.4965	0.3785	0.6562	0.1111	-0.5451
Chr2	15726173	snp	34	56	0.4097	0.3204	0.5294	0.1607	-0.3687
Chr2	15770647	indel	70	64	0.3969	0.3018	0.5429	0.2344	-0.3085
Chr2	15777572	indel	63	45	0.4095	0.3143	0.9206	0.5556	-0.3651
Chr2	15777903	snp	93	93	0.3763	0.2796	0.6237	0.2258	-0.3978
Chr2	15784913	indel	79	93	0.3755	0.2888	0.5696	0.2796	-0.2901
Chr2	15786258	snp	40	34	0.4279	0.3309	0.775	0.4412	-0.3338
Chr2	15788927	snp	84	67	0.3889	0.2964	0.5357	0.2239	-0.3118
Chr2	15793503	snp	62	50	0.4097	0.3135	0.8387	0.42	-0.4187
Chr2	15793509	snp	64	42	0.4107	0.3177	0.8438	0.4524	-0.3914
Chr2	15796469	indel	46	44	0.4229	0.3281	0.913	0.5455	-0.3676
Chr2	15797616	snp	90	83	0.3922	0.2877	0.5222	0.2048	-0.3174
Chr2	15801437	snp	56	72	0.4107	0.3095	0.8036	0.4167	-0.3869
Chr2	15801890	snp	68	55	0.4003	0.3094	0.5882	0.2364	-0.3519
Chr2	15802023	snp	98	85	0.3691	0.2797	0.5612	0.2588	-0.3024
Chr2	15805564	snp	71	39	0.4016	0.312	0.6197	0.3077	-0.312
Chr2	15808375	snp	83	73	0.4007	0.2878	0.6506	0.3562	-0.2944
Chr2	15808470	snp	68	89	0.3792	0.2902	0.6765	0.2809	-0.3956
Chr2	15808733	indel	76	81	0.3813	0.295	0.6053	0.2716	-0.3337
Chr2	15808819	snp	59	66	0.3901	0.3017	0.5932	0.2727	-0.3205
Chr2	15808894	snp	50	48	0.4092	0.3225	0.72	0.3125	-0.4075
Chr2	15818242	snp	104	91	0.3832	0.2981	0.5481	0.1978	-0.3503
Chr2	15845184	snp	81	69	0.3784	0.2904	0.5679	0.2174	-0.3505
Chr2	15853051	snp	93	83	0.3723	0.288	0.5591	0.253	-0.3061
Chr2	15857243	indel	70	73	0.3838	0.2969	0.6	0.1644	-0.4356
Chr2	15857968	indel	82	102	0.3757	0.2929	0.6707	0.3235	-0.3472
Chr2	15858010	snp	89	112	0.3643	0.2873	0.6292	0.2946	-0.3346
Chr2	15859558	indel	66	61	0.4006	0.3085	0.5758	0.2459	-0.3299
Chr2	15859636	snp	88	71	0.3942	0.2929	0.625	0.2394	-0.3856
Chr2	15859770	snp	43	31	0.4434	0.3413	0.7674	0.2581	-0.5094
Chr2	15859792	indel	37	23	0.4747	0.3608	0.5676	0.1739	-0.3937
Chr2	15860946	indel	107	92	0.3751	0.2888	0.514	0.1739	-0.3401
Chr2	15860985	indel	106	91	0.392	0.2868	0.5849	0.2418	-0.3431
Chr2	15862773	snp	91	50	0.3993	0.2985	0.6484	0.24	-0.4084
Chr2	15862897	snp	79	37	0.4116	0.312	0.7215	0.3784	-0.3431
Chr2	15862945	snp	66	41	0.4169	0.3219	0.7879	0.439	-0.3489
Chr2	15863021	snp	80	74	0.3953	0.3007	0.6875	0.3108	-0.3767
Chr2	15863031	snp	80	78	0.3798	0.2901	0.6875	0.3077	-0.3798
Chr2	15866433	snp	66	52	0.4184	0.3054	0.5909	0.2692	-0.3217
Chr2	15871801	snp	92	68	0.3798	0.2922	0.5652	0.2059	-0.3593
Chr2	15872740	snp	87	90	0.3782	0.2912	0.6437	0.3	-0.3437
Chr2	15883024	snp	66	87	0.3762	0.2957	0.5909	0.2874	-0.3036
Chr2	15883432	indel	80	54	0.4028	0.3106	0.6	0.2037	-0.3963
Chr2	15883437	snp	73	45	0.4131	0.3139	0.6438	0.2444	-0.3994
Chr2	15883831	snp	74	64	0.3932	0.2998	0.5541	0.25	-0.3041
Chr2	15884448	snp	87	75	0.383	0.2933	0.5862	0.2667	-0.3195
Chr2	15884582	snp	66	53	0.4025	0.3122	0.7424	0.4151	-0.3273
Chr2	15890764	snp	57	60	0.3868	0.3096	0.6316	0.3	-0.3316
Chr2	15891811	snp	52	34	0.4389	0.3303	0.8269	0.4706	-0.3563
Chr2	15893154	snp	107	81	0.3739	0.2925	0.6542	0.3333	-0.3209
Chr2	15893359	snp	70	61	0.3684	0.2885	0.8	0.459	-0.341
Chr2	15893375	snp	65	59	0.4044	0.3056	0.7846	0.4407	-0.3439
Chr2	15893497	snp	84	67	0.3889	0.2964	0.6429	0.3134	-0.3294
Chr2	15893593	snp	109	80	0.3822	0.2888	0.6239	0.2875	-0.3364
Chr2	15893819	snp	111	80	0.3713	0.2876	0.6036	0.225	-0.3786
Chr2	15894001	snp	85	79	0.3912	0.2998	0.6235	0.2658	-0.3577
Chr2	15894137	snp	75	65	0.3856	0.2995	0.68	0.3231	-0.3569
Chr2	15897984	snp	74	49	0.4098	0.3149	0.7973	0.449	-0.3483
Chr2	15899363	indel	65	78	0.3821	0.2974	0.6	0.2436	-0.3564
Chr2	15899506	indel	83	75	0.3796	0.294	0.5783	0.2667	-0.3116
Chr2	15899709	snp	103	68	0.3705	0.2884	0.6602	0.1912	-0.469
Chr2	15899894	snp	76	77	0.3978	0.2963	0.6053	0.2857	-0.3195
Chr2	15901690	indel	48	33	0.4261	0.3314	0.7917	0.4545	-0.3371
Chr2	15903085	snp	103	81	0.3789	0.2916	0.5437	0.1605	-0.3832
Chr2	15903252	snp	70	40	0.4179	0.3143	0.6714	0.325	-0.3464
Chr2	15904549	snp	98	103	0.372	0.2802	0.5918	0.233	-0.3588
Chr2	15904981	snp	78	58	0.3988	0.3011	0.6538	0.3448	-0.309
Chr2	15905550	snp	101	103	0.3635	0.2836	0.6139	0.3204	-0.2935
Chr2	15908819	snp	92	71	0.3781	0.2936	0.5652	0.2535	-0.3117
Chr2	15911151	indel	82	84	0.3746	0.2979	0.6098	0.25	-0.3598
Chr2	15911263	snp	80	57	0.3993	0.309	0.7375	0.3158	-0.4217
Chr2	15911366	snp	69	57	0.4066	0.3051	0.6377	0.2982	-0.3394
Chr2	15911465	snp	40	22	0.4523	0.3568	0.85	0.4545	-0.3955
Chr2	15919239	snp	65	95	0.3895	0.2955	0.6308	0.3053	-0.3255
Chr2	15920808	snp	62	60	0.3968	0.3086	0.7258	0.35	-0.3758
Chr2	15921898	snp	110	66	0.3758	0.297	0.6	0.2727	-0.3273
Chr2	15923516	snp	33	40	0.4576	0.347	0.697	0.325	-0.372
Chr2	15924243	snp	116	85	0.365	0.2858	0.5948	0.2118	-0.3831
Chr2	15924509	snp	103	88	0.3827	0.2963	0.6602	0.3182	-0.342
Chr2	15926178	snp	84	50	0.399	0.3076	0.75	0.34	-0.41
Chr2	15926252	snp	76	58	0.3911	0.3008	0.7105	0.3276	-0.3829
Chr2	15927968	snp	114	75	0.36	0.2832	0.6316	0.1733	-0.4582
Chr2	15928174	indel	95	58	0.3777	0.2906	0.5684	0.2586	-0.3098
Chr2	15928968	snp	75	51	0.4118	0.3122	0.7067	0.3333	-0.3733
Chr2	15929006	snp	76	49	0.4176	0.3096	0.7368	0.3265	-0.4103
Chr2	15930568	snp	86	89	0.3839	0.2912	0.6977	0.3034	-0.3943
Chr2	15936434	snp	72	80	0.4	0.3042	0.5556	0.25	-0.3056
Chr2	15937150	indel	67	78	0.3917	0.3	0.5075	0.1667	-0.3408
Chr2	15937529	snp	83	74	0.3986	0.2963	0.6024	0.2568	-0.3457
Chr2	15937764	snp	63	48	0.4167	0.3185	0.8413	0.5208	-0.3204
Chr2	15943154	snp	115	126	0.3721	0.2747	0.4957	0.1667	-0.329
Chr2	15948160	indel	63	75	0.3886	0.301	0.5714	0.2533	-0.3181
Chr2	15960546	indel	83	93	0.3723	0.288	0.6265	0.2366	-0.3899
Chr2	15966839	snp	110	103	0.3808	0.2989	0.5909	0.2621	-0.3288
Chr2	15966873	snp	98	101	0.3696	0.2867	0.6531	0.2178	-0.4352
Chr2	15970898	snp	59	59	0.4068	0.3051	0.6949	0.339	-0.3559
Chr2	15970900	snp	59	55	0.3895	0.3072	0.6949	0.3455	-0.3495
Chr2	15973410	snp	94	99	0.3625	0.2864	0.617	0.2626	-0.3544
Chr2	15973432	snp	83	88	0.3779	0.289	0.6988	0.2955	-0.4033
Chr2	15973639	snp	147	146	0.3585	0.2773	0.5714	0.1712	-0.4002
Chr2	15973757	snp	148	136	0.3637	0.2725	0.5608	0.2132	-0.3476
Chr2	15984883	snp	135	103	0.3721	0.2867	0.4519	0.1456	-0.3062
Chr2	15986921	snp	82	80	0.3841	0.2963	0.5366	0.1375	-0.3991
Chr2	15987477	snp	170	164	0.3491	0.2723	0.3882	0.1159	-0.2724
Chr2	15991464	snp	116	112	0.3621	0.2811	0.5345	0.2054	-0.3291
Chr2	15994923	indel	126	166	0.3699	0.2809	0.5079	0.1627	-0.3453
Chr2	16013832	snp	95	81	0.3865	0.291	0.5474	0.2346	-0.3128
Chr2	16016488	snp	75	72	0.3883	0.2939	0.56	0.2639	-0.2961
Chr2	16016905	snp	88	80	0.3841	0.2943	0.6023	0.1625	-0.4398
Chr2	16042956	snp	115	97	0.3658	0.2875	0.5478	0.2474	-0.3004
Chr2	16045530	snp	71	76	0.3866	0.3011	0.5915	0.2368	-0.3547
Chr2	16046597	snp	73	62	0.3922	0.2963	0.5753	0.2258	-0.3495
Chr2	16047556	snp	90	53	0.3981	0.2981	0.5444	0.2264	-0.318
Chr2	16048296	indel	33	28	0.4578	0.3506	0.0	0.3929	0.3929
Chr2	16057055	snp	85	78	0.3789	0.2944	0.6235	0.2308	-0.3928
Chr2	16058485	snp	65	40	0.4135	0.3154	0.4923	0.15	-0.3423
Chr2	16058723	snp	46	71	0.4179	0.3141	0.587	0.2254	-0.3616
Chr2	16064070	snp	92	91	0.3653	0.2787	0.6087	0.3297	-0.279
Chr2	16066310	snp	97	77	0.3871	0.2943	0.6082	0.2597	-0.3485
Chr2	16076117	indel	46	32	0.4266	0.3302	0.5652	0.1875	-0.3777
Chr2	16081025	snp	104	84	0.3741	0.2871	0.5481	0.2381	-0.31
Chr2	16086882	indel	123	100	0.3798	0.2898	0.6748	0.29	-0.3848
Chr2	16086908	snp	92	89	0.3731	0.2926	0.5978	0.236	-0.3619
Chr2	16088625	snp	91	68	0.4093	0.3025	0.5714	0.2206	-0.3508
Chr2	16089020	snp	92	111	0.3748	0.2856	0.6196	0.2613	-0.3583
Chr2	16097071	snp	119	99	0.3625	0.2783	0.5798	0.2323	-0.3475
Chr2	16101949	snp	75	92	0.3791	0.2936	0.6667	0.2717	-0.3949
Chr2	16107429	snp	96	90	0.3701	0.2868	0.5938	0.2556	-0.3382
Chr2	16107469	snp	92	85	0.3735	0.2902	0.587	0.2706	-0.3164
Chr2	16126831	snp	107	75	0.3889	0.2942	0.5514	0.2267	-0.3247
Chr2	16127989	indel	80	82	0.3841	0.2963	0.5875	0.2561	-0.3314
Chr2	16131665	snp	82	92	0.381	0.2972	0.5732	0.1957	-0.3775
Chr2	16138915	snp	92	83	0.368	0.2881	0.6413	0.3494	-0.2919
Chr2	16145498	snp	67	89	0.3755	0.2968	0.7313	0.3483	-0.383
Chr2	16147052	snp	96	103	0.3733	0.2907	0.5833	0.2621	-0.3212
Chr2	16147998	snp	90	101	0.3803	0.2856	0.6111	0.297	-0.3141
Chr2	16152802	snp	82	89	0.3872	0.2923	0.5854	0.2697	-0.3157
Chr2	16158041	snp	94	89	0.3633	0.2828	0.5957	0.2697	-0.3261
Chr2	16158385	snp	62	74	0.3906	0.2995	0.5	0.1622	-0.3378
Chr2	16160332	snp	17	26	0.4977	0.3824	0.6471	0.1923	-0.4548
Chr2	16166498	snp	112	64	0.3906	0.2946	0.6161	0.25	-0.3661
Chr2	16176675	snp	66	52	0.4184	0.3054	0.5303	0.1346	-0.3957
Chr2	16177687	snp	91	52	0.3984	0.2967	0.6703	0.2885	-0.3819
Chr2	16181902	snp	76	45	0.4035	0.3073	0.75	0.4222	-0.3278
Chr2	16205218	snp	95	57	0.3895	0.3018	0.7158	0.2105	-0.5053
Chr2	16228110	indel	95	83	0.3801	0.2927	0.5684	0.2289	-0.3395
Chr2	16228985	snp	98	82	0.3868	0.2927	0.5102	0.2073	-0.3029
Chr2	16235204	snp	82	78	0.3837	0.2983	0.6585	0.2949	-0.3637
Chr2	16243964	indel	87	102	0.3739	0.2874	0.5517	0.2451	-0.3066
Chr2	16249801	snp	66	44	0.3939	0.3182	0.6061	0.25	-0.3561
Chr2	16250460	snp	92	57	0.3823	0.2971	0.663	0.3333	-0.3297
Chr2	16250898	snp	67	50	0.4012	0.3122	0.6866	0.26	-0.4266
Chr2	16269176	snp	87	72	0.3774	0.2969	0.5057	0.1944	-0.3113
Chr2	16321735	snp	74	69	0.3848	0.2971	0.6081	0.3043	-0.3038
Chr2	16327875	snp	69	82	0.3931	0.2923	0.6377	0.2683	-0.3694
Chr2	16329053	snp	93	116	0.369	0.2851	0.6129	0.2931	-0.3198
Chr2	16330574	snp	94	98	0.3667	0.2829	0.5638	0.2041	-0.3597
Chr2	16337346	indel	65	77	0.396	0.2955	0.7692	0.3766	-0.3926
Chr2	16345226	snp	73	55	0.3938	0.2936	0.6027	0.3091	-0.2936
Chr2	16345299	snp	63	35	0.419	0.3206	0.6349	0.3143	-0.3206
Chr2	16346510	snp	62	75	0.3953	0.3069	0.5968	0.2667	-0.3301
Chr2	16347916	snp	93	70	0.3776	0.2951	0.4731	0.1714	-0.3017
Chr2	16361427	snp	93	88	0.3795	0.2951	0.6022	0.1932	-0.409
Chr2	16361474	snp	95	81	0.3865	0.291	0.5789	0.1852	-0.3938
Chr2	16364160	snp	31	31	0.4516	0.3548	0.5806	0.1613	-0.4194
Chr2	16371927	snp	94	72	0.3859	0.2999	0.5957	0.2917	-0.3041
Chr2	16386286	snp	92	73	0.3778	0.2895	0.663	0.3562	-0.3069
Chr2	16386821	snp	76	86	0.3788	0.2959	0.5658	0.2674	-0.2983
Chr2	16465709	snp	77	32	0.3937	0.3186	0.7662	0.375	-0.3912
Chr2	16699756	snp	62	52	0.4014	0.312	0.7742	0.4423	-0.3319
Chr2	16913657	snp	95	87	0.3739	0.2887	0.5895	0.2874	-0.3021
Chr2	17058474	indel	43	34	0.4501	0.3399	0.4651	0.0	-0.4651
Chr2	17058538	snp	29	23	0.4723	0.3688	0.4483	0.0	-0.4483
Chr2	17310291	snp	53	53	0.3962	0.3208	0.3774	0.7358	0.3585
Chr2	17325403	snp	45	25	0.4578	0.3511	0.4222	0.8	0.3778
Chr2	17691007	snp	54	69	0.3953	0.3076	0.4444	0.1014	-0.343
Chr2	17699735	snp	105	84	0.3738	0.2929	0.5524	0.1905	-0.3619
Chr2	17708970	snp	103	64	0.387	0.3029	0.6019	0.1719	-0.4301
Chr2	17709116	snp	105	105	0.3714	0.2952	0.6095	0.219	-0.3905
Chr2	17712063	snp	98	98	0.3673	0.2857	0.5408	0.2245	-0.3163
Chr2	17956156	snp	76	59	0.3923	0.3058	0.8158	0.4746	-0.3412
Chr2	17978840	snp	66	44	0.3939	0.3182	0.6515	0.3182	-0.3333
Chr2	17994064	snp	66	40	0.4121	0.3129	0.5909	0.275	-0.3159
Chr2	18023648	snp	92	79	0.3756	0.2906	0.4674	0.1519	-0.3155
Chr2	18033083	snp	117	96	0.3563	0.2775	0.5812	0.2396	-0.3416
Chr2	18076926	snp	97	111	0.3753	0.2955	0.5155	0.1892	-0.3263
Chr2	18151763	snp	76	62	0.3867	0.2992	0.6579	0.3065	-0.3514
Chr2	18157763	snp	66	52	0.4184	0.3054	0.5909	0.2115	-0.3794
Chr2	18178853	snp	77	75	0.383	0.2925	0.5974	0.2533	-0.3441
Chr2	18208679	snp	52	42	0.4212	0.3141	0.8077	0.4762	-0.3315
Chr2	18208783	snp	56	42	0.3988	0.3155	0.7679	0.4524	-0.3155
Chr2	18209957	snp	62	46	0.4208	0.3247	0.5968	0.2174	-0.3794
Chr2	18242210	snp	161	112	0.3634	0.2752	0.3913	0.1161	-0.2752
Chr2	18266707	snp	102	88	0.3779	0.2923	0.4902	0.7955	0.3053
Chr2	18816448	snp	92	101	0.374	0.2858	0.6196	0.2475	-0.372
Chr2	18816625	snp	104	104	0.375	0.2788	0.6346	0.2212	-0.4135
Chr2	18826888	snp	72	51	0.406	0.2998	0.5278	0.1961	-0.3317
Chr2	19055913	indel	51	40	0.4221	0.3255	0.3725	0.75	0.3775
Chr2	19075508	snp	71	74	0.3911	0.3028	0.7042	0.2973	-0.4069
Chr2	19083045	snp	57	25	0.4568	0.3439	0.7018	0.2	-0.5018
Chr2	19095254	snp	53	55	0.412	0.3136	0.6415	0.2909	-0.3506
Chr2	19099894	snp	77	84	0.3842	0.29	0.6753	0.369	-0.3063
Chr2	19100435	snp	81	55	0.3836	0.2972	0.7407	0.3455	-0.3953
Chr2	19100970	snp	70	55	0.4091	0.3169	0.8286	0.3818	-0.4468
Chr2	19101001	snp	78	61	0.3993	0.301	0.7821	0.3607	-0.4214
Chr2	19101726	snp	85	86	0.3804	0.2978	0.7059	0.3605	-0.3454
Chr2	19102065	snp	102	100	0.3751	0.2782	0.5784	0.22	-0.3584
Chr2	19128104	snp	91	65	0.3802	0.2923	0.6813	0.2769	-0.4044
Chr2	19128193	snp	82	68	0.3985	0.2934	0.6951	0.2647	-0.4304
Chr2	19249128	snp	45	33	0.4384	0.3333	0.6444	0.303	-0.3414
Chr2	19297135	snp	49	39	0.4218	0.3349	0.6531	0.3077	-0.3454
Chr2	19297209	indel	75	76	0.3896	0.2981	0.7067	0.3684	-0.3382
Chr2	19310821	snp	75	83	0.3796	0.294	0.6	0.2892	-0.3108
Chr2	19325334	snp	72	50	0.3978	0.3033	0.6528	0.1	-0.5528
Chr2	19327134	indel	62	31	0.4194	0.3387	0.7903	0.4194	-0.371
Chr2	19622083	snp	48	33	0.4261	0.3314	0.7083	0.3636	-0.3447
Chr2	19637431	snp	59	60	0.4099	0.3102	0.6271	0.3	-0.3271
Chr2	19648658	snp	74	34	0.4197	0.3251	0.5135	0.8824	0.3688
Chr2	19661753	snp	91	81	0.3822	0.2876	0.5165	0.8395	0.323
Chr2	19662509	snp	85	86	0.3804	0.2978	0.5412	0.8721	0.3309
Chr2	19691835	snp	81	49	0.3976	0.3074	0.6667	0.2653	-0.4014
Chr2	19694278	snp	58	44	0.3997	0.3143	0.7759	0.4545	-0.3213
Chr2	19700027	indel	47	39	0.4157	0.3262	0.6596	0.3333	-0.3262
Chr2	19706787	snp	58	36	0.4157	0.3257	0.6724	0.3333	-0.3391
Chr2	19727679	snp	84	64	0.3802	0.2917	0.6667	0.3125	-0.3542
Chr2	19742628	snp	87	75	0.383	0.2933	0.6207	0.2267	-0.394
Chr2	19744677	snp	73	58	0.4025	0.3087	0.5479	0.2241	-0.3238
Chr2	19745636	snp	83	44	0.3981	0.307	0.5904	0.2727	-0.3176
Chr2	19748812	snp	83	64	0.3934	0.302	0.6747	0.3281	-0.3466
Chr2	19780045	snp	20	16	0.55	0.425	0.8	0.3125	-0.4875
Chr2	19784994	snp	59	66	0.3901	0.3017	0.7119	0.3333	-0.3785
Chr2	19785449	snp	72	70	0.394	0.2976	0.6528	0.2714	-0.3813
Chr2	19790804	indel	81	93	0.3708	0.2927	0.642	0.3226	-0.3194
Chr2	19795334	indel	70	70	0.3857	0.3	0.6143	0.3143	-0.3
Chr2	19797348	snp	68	35	0.408	0.3214	0.75	0.4286	-0.3214
Chr2	19802610	snp	40	35	0.425	0.3321	0.675	0.2286	-0.4464
Chr2	19819117	snp	75	89	0.3871	0.2944	0.5867	0.2809	-0.3058
Chr2	19822376	snp	66	56	0.4113	0.3095	0.6212	0.2679	-0.3534
Chr2	19835540	snp	75	69	0.3768	0.2968	0.76	0.4203	-0.3397
Chr2	20037154	snp	77	78	0.38	0.292	0.6623	0.2692	-0.3931
Chr2	20037156	snp	73	64	0.3938	0.3022	0.6712	0.3125	-0.3587
Chr2	20067671	snp	103	81	0.3789	0.2916	0.5146	0.1975	-0.317
Chr2	20071827	snp	72	68	0.3848	0.2998	0.4722	0.1176	-0.3546
Chr2	20087572	snp	96	70	0.389	0.2902	0.5417	0.2143	-0.3274
Chr2	20089540	snp	92	91	0.3653	0.2787	0.4239	0.0879	-0.336
Chr2	20094554	snp	52	48	0.4038	0.3157	0.8269	0.4167	-0.4103
Chr2	20100135	snp	77	94	0.375	0.2923	0.5584	0.1596	-0.3989
Chr2	20369492	snp	83	72	0.3775	0.296	0.5783	0.2639	-0.3144
Chr2	20373266	snp	86	78	0.3739	0.2841	0.5814	0.2692	-0.3122
Chr2	20393242	snp	46	58	0.4108	0.3081	0.5435	0.2241	-0.3193
Chr2	20418058	indel	29	19	0.4955	0.3739	0.6897	0.3158	-0.3739
Chr2	20418407	snp	43	29	0.4451	0.3416	0.6047	0.1724	-0.4322
Chr2	20429101	snp	66	76	0.3892	0.2994	0.6061	0.2632	-0.3429
Chr2	20484958	snp	76	82	0.3944	0.294	0.6842	0.3293	-0.3549
Chr2	20486594	snp	91	90	0.3698	0.2921	0.6374	0.3	-0.3374
Chr2	20488347	snp	61	52	0.4001	0.3124	0.7377	0.4231	-0.3146
Chr2	20502672	snp	68	58	0.4133	0.3048	0.6618	0.3103	-0.3514
Chr2	20509765	snp	66	56	0.4113	0.3095	0.5152	0.125	-0.3902
Chr2	20545551	snp	71	84	0.3882	0.2961	0.6479	0.25	-0.3979
Chr2	20587224	indel	61	55	0.4048	0.3085	0.6066	0.2727	-0.3338
Chr2	20590857	snp	96	88	0.3731	0.2917	0.5625	0.2386	-0.3239
Chr2	20610784	snp	43	32	0.4477	0.3459	0.814	0.375	-0.439
Chr2	20610812	snp	48	43	0.4157	0.3154	0.6667	0.2791	-0.3876
Chr2	20616024	indel	38	46	0.4142	0.3238	0.6579	0.2826	-0.3753
Chr2	20633448	snp	74	76	0.3887	0.2948	0.5811	0.2632	-0.3179
Chr2	20653886	snp	99	93	0.3711	0.2838	0.6869	0.3978	-0.289
Chr2	20653945	snp	105	90	0.3825	0.2889	0.6095	0.2667	-0.3429
Chr2	20654431	snp	66	51	0.4046	0.3119	0.6061	0.2549	-0.3512
Chr2	20660552	snp	119	96	0.3789	0.2865	0.6471	0.3229	-0.3241
Chr2	20665022	snp	82	68	0.3985	0.2934	0.6585	0.3235	-0.335
Chr2	20739810	indel	31	26	0.4665	0.3573	0.7097	0.3077	-0.402
Chr2	20758820	snp	68	79	0.3833	0.2943	0.5294	0.2025	-0.3269
Chr2	20774387	snp	89	72	0.3851	0.2998	0.6292	0.1806	-0.4487
Chr2	20776200	indel	48	40	0.4375	0.3333	0.75	0.4	-0.35
Chr2	20777589	snp	100	84	0.38	0.2914	0.63	0.3095	-0.3205
Chr2	20779436	snp	74	61	0.3941	0.2975	0.5811	0.2623	-0.3188
Chr2	20788130	snp	50	41	0.4229	0.3254	0.64	0.2927	-0.3473
Chr2	20789092	snp	64	39	0.4123	0.3185	0.5781	0.2308	-0.3474
Chr2	20790064	snp	52	45	0.4021	0.3115	0.6538	0.2889	-0.365
Chr2	20790413	snp	69	46	0.4058	0.3043	0.6957	0.3261	-0.3696
Chr2	20790995	indel	76	59	0.3923	0.3058	0.6711	0.322	-0.349
Chr2	20791302	snp	92	95	0.3778	0.2868	0.6087	0.2526	-0.3561
Chr2	20792145	snp	86	71	0.3798	0.2905	0.6163	0.3099	-0.3064
Chr2	20792841	indel	65	72	0.4006	0.3	0.6769	0.3333	-0.3436
Chr2	20792970	indel	52	42	0.4212	0.3141	0.6538	0.3095	-0.3443
Chr2	20793729	indel	55	63	0.3942	0.303	0.6364	0.2698	-0.3665
Chr2	20794486	indel	78	83	0.3716	0.2955	0.5769	0.2651	-0.3119
Chr2	20795209	indel	82	73	0.3846	0.2949	0.5488	0.2466	-0.3022
Chr2	20812306	snp	85	97	0.3703	0.2847	0.6	0.2784	-0.3216
Chr2	20813702	snp	96	85	0.3853	0.2983	0.6667	0.2118	-0.4549
Chr2	20816458	snp	67	72	0.3939	0.2946	0.6418	0.2639	-0.3779
Chr2	20818608	snp	60	56	0.4024	0.3083	0.6167	0.2679	-0.3488
Chr2	20824461	snp	36	39	0.4359	0.3397	0.8056	0.4103	-0.3953
Chr2	20826778	snp	74	55	0.3936	0.3079	0.6351	0.3091	-0.326
Chr2	20826826	snp	69	51	0.3964	0.3009	0.6377	0.3137	-0.324
Chr2	20827410	snp	67	39	0.4152	0.3215	0.6866	0.3333	-0.3532
Chr2	20834322	snp	89	99	0.3667	0.2858	0.6629	0.2121	-0.4508
Chr2	20842530	snp	76	64	0.3849	0.2969	0.7368	0.4062	-0.3306
Chr2	20842575	snp	79	64	0.3993	0.2959	0.7722	0.4375	-0.3347
Chr2	20842918	snp	99	64	0.4066	0.298	0.6465	0.2969	-0.3496
Chr2	20850428	snp	63	50	0.3943	0.3073	0.619	0.26	-0.359
Chr2	20855642	indel	98	112	0.3648	0.2832	0.5408	0.2321	-0.3087
Chr2	20863539	snp	58	80	0.3974	0.3082	0.5345	0.2125	-0.322
Chr2	20863714	snp	66	69	0.3966	0.3024	0.5758	0.2319	-0.3439
Chr2	20865214	snp	48	38	0.4243	0.33	0.875	0.4474	-0.4276
Chr2	20865377	snp	78	118	0.3709	0.2892	0.6154	0.2458	-0.3696
Chr2	20865984	indel	106	115	0.3619	0.2857	0.5472	0.2609	-0.2863
Chr2	20876185	indel	71	87	0.3902	0.2979	0.5352	0.2069	-0.3283
Chr2	20876198	indel	72	83	0.3775	0.296	0.4861	0.1566	-0.3295
Chr2	20876392	snp	47	48	0.4136	0.3223	0.6383	0.25	-0.3883
Chr2	20876605	indel	85	58	0.3813	0.2935	0.5647	0.1897	-0.3751
Chr2	20877817	snp	76	72	0.3801	0.2931	0.6316	0.2917	-0.3399
Chr2	20878073	snp	85	76	0.3845	0.2904	0.6353	0.2368	-0.3985
Chr2	20878715	snp	100	82	0.3661	0.2854	0.55	0.2561	-0.2939
Chr2	20879916	snp	63	80	0.3859	0.3052	0.5714	0.25	-0.3214
Chr2	20884597	snp	47	37	0.4204	0.3255	0.8723	0.5405	-0.3318
Chr2	20884648	snp	58	77	0.3957	0.305	0.7414	0.3506	-0.3907
Chr2	20885040	indel	58	79	0.3826	0.2997	0.6379	0.3038	-0.3341
Chr2	20887422	indel	76	63	0.3849	0.3028	0.6184	0.2381	-0.3803
Chr2	20887427	indel	69	65	0.4062	0.3137	0.6232	0.3077	-0.3155
Chr2	20887528	snp	76	46	0.3896	0.3061	0.5395	0.2174	-0.3221
Chr2	20887763	snp	73	68	0.3995	0.2996	0.5616	0.2353	-0.3263
Chr2	20888983	snp	47	64	0.4036	0.3102	0.6596	0.1719	-0.4877
Chr2	20894454	snp	50	46	0.3991	0.3174	0.6	0.2391	-0.3609
Chr2	20895041	snp	92	70	0.3957	0.2991	0.587	0.2857	-0.3012
Chr2	20902995	snp	85	85	0.3765	0.2941	0.6353	0.2941	-0.3412
Chr2	20905483	snp	85	107	0.3791	0.2919	0.6	0.2897	-0.3103
Chr2	20905633	snp	98	78	0.3789	0.2873	0.6429	0.3462	-0.2967
Chr2	20909971	snp	92	108	0.3829	0.2806	0.5652	0.2407	-0.3245
Chr2	20910151	snp	89	89	0.3708	0.2921	0.573	0.2247	-0.3483
Chr2	20910727	snp	57	53	0.4012	0.3174	0.7018	0.3774	-0.3244
Chr2	20925923	snp	80	71	0.384	0.2949	0.6625	0.338	-0.3245
Chr2	20952462	snp	70	77	0.3844	0.2987	0.6286	0.2987	-0.3299
Chr2	20952462	indel	67	77	0.3801	0.295	0.5821	0.2857	-0.2964
Chr2	21095534	snp	63	48	0.4167	0.3185	0.5556	0.1667	-0.3889
Chr2	21156853	snp	17	16	0.5257	0.4044	0.7059	0.1875	-0.5184
Chr2	21173002	snp	38	42	0.4348	0.3271	0.6316	0.2857	-0.3459
Chr2	21178827	snp	29	31	0.4638	0.356	0.7586	0.3871	-0.3715
Chr2	21195742	snp	72	61	0.4005	0.301	0.6111	0.2623	-0.3488
Chr2	21195822	snp	69	56	0.4032	0.3072	0.6377	0.3214	-0.3163
Chr2	21216465	snp	108	104	0.3835	0.2892	0.7222	0.3077	-0.4145
Chr2	21219329	snp	79	72	0.382	0.3036	0.5696	0.2639	-0.3057
Chr2	21219585	snp	83	93	0.3723	0.288	0.6867	0.3763	-0.3104
Chr2	21241442	snp	40	34	0.4279	0.3309	0.525	0.1471	-0.3779
Chr2	21246239	snp	55	42	0.4108	0.3169	0.6909	0.3333	-0.3576
Chr2	23655992	snp	85	62	0.4008	0.3013	0.6118	0.2742	-0.3376
Chr2	23666271	snp	18	13	0.5684	0.4359	0.6111	0.1538	-0.4573
Chr2	23670419	snp	39	31	0.4467	0.3383	0.7179	0.3548	-0.3631
Chr2	23682712	snp	45	53	0.4147	0.3182	0.5778	0.2453	-0.3325
Chr2	23684383	snp	50	42	0.4229	0.3219	0.64	0.3095	-0.3305
Chr2	23685768	snp	64	65	0.3954	0.3017	0.7188	0.3231	-0.3957
Chr2	23689701	snp	66	69	0.3966	0.3024	0.6212	0.2899	-0.3314
Chr2	23706777	snp	67	44	0.4145	0.3107	0.7015	0.3182	-0.3833
Chr2	23715083	indel	90	64	0.3757	0.2965	0.5889	0.2188	-0.3701
Chr2	23717156	snp	116	87	0.3707	0.2816	0.5517	0.2414	-0.3103
Chr2	23722858	snp	86	66	0.3925	0.2992	0.6279	0.2879	-0.34
Chr2	23738851	snp	82	60	0.3886	0.2976	0.622	0.2833	-0.3386
Chr2	23756322	snp	91	82	0.3799	0.2873	0.6484	0.2927	-0.3557
Chr2	23759090	snp	56	66	0.4113	0.3095	0.6964	0.3636	-0.3328
Chr2	23771208	indel	52	38	0.419	0.3239	0.8654	0.4474	-0.418
Chr2	23771237	snp	52	39	0.4231	0.3205	0.7885	0.3846	-0.4038
Chr2	23778195	snp	70	74	0.3973	0.3012	0.7286	0.3378	-0.3907
Chr2	23781643	snp	47	47	0.4043	0.3191	0.6383	0.2553	-0.383
Chr2	23783530	snp	107	58	0.3891	0.3029	0.6262	0.2586	-0.3675
Chr2	23787604	snp	83	80	0.3765	0.289	0.5904	0.2	-0.3904
Chr2	23788048	snp	86	63	0.3834	0.2977	0.6279	0.2698	-0.3581
Chr2	23792333	snp	89	57	0.3844	0.2973	0.5955	0.2456	-0.3499
Chr2	23796391	snp	106	91	0.392	0.2868	0.6415	0.3077	-0.3338
Chr2	23805496	snp	75	72	0.3883	0.2939	0.72	0.2917	-0.4283
Chr2	23807209	snp	54	36	0.4259	0.3241	0.9259	0.5278	-0.3981
Chr2	23809672	snp	95	104	0.3765	0.2918	0.6105	0.2788	-0.3317
Chr2	23809866	snp	74	64	0.3932	0.2998	0.7297	0.3594	-0.3704
Chr2	23809927	snp	78	59	0.4087	0.3099	0.7051	0.3729	-0.3322
Chr2	23811154	snp	92	86	0.3802	0.2932	0.6848	0.2209	-0.4639
Chr2	23815105	snp	72	98	0.3716	0.2883	0.5694	0.2653	-0.3041
Chr2	23816685	snp	32	20	0.475	0.3625	0.75	0.25	-0.5
Chr2	23821573	snp	77	58	0.3957	0.305	0.7403	0.4138	-0.3265
Chr2	23822964	snp	50	70	0.4086	0.3171	0.7	0.3286	-0.3714
Chr2	23850946	snp	67	71	0.3809	0.3004	0.6269	0.3099	-0.317
Chr2	23853449	snp	92	81	0.3841	0.2947	0.6304	0.2963	-0.3341
Chr2	23853802	snp	65	51	0.4066	0.3113	0.5846	0.2549	-0.3297
Chr2	23855277	snp	62	73	0.3922	0.2963	0.5161	0.2192	-0.297
Chr2	23858878	snp	82	85	0.3867	0.2917	0.6707	0.2824	-0.3884
Chr2	23903298	indel	28	44	0.4318	0.3409	0.5	0.1364	-0.3636
Chr2	23926099	snp	73	62	0.3922	0.2963	0.6301	0.2581	-0.3721
Chr2	23926102	snp	74	59	0.4008	0.3028	0.6351	0.2542	-0.3809
Chr2	23926379	snp	55	48	0.4042	0.3133	0.8	0.4583	-0.3417
Chr2	23931408	snp	73	53	0.4086	0.306	0.6712	0.3208	-0.3505
Chr2	23939011	snp	78	82	0.3837	0.2983	0.5769	0.1951	-0.3818
Chr2	24174802	snp	80	70	0.3875	0.2982	0.5875	0.2714	-0.3161
Chr2	24179958	snp	55	82	0.386	0.3071	0.6182	0.3049	-0.3133
Chr2	24182039	snp	99	61	0.3855	0.2986	0.7879	0.459	-0.3289
Chr2	24182240	snp	106	64	0.3824	0.291	0.5472	0.25	-0.2972
Chr2	24200931	snp	23	23	0.4783	0.3913	0.5652	0.1739	-0.3913
Chr2	24209537	snp	114	81	0.3824	0.2891	0.6228	0.2593	-0.3635
Chr2	24212481	snp	27	30	0.4704	0.363	0.5926	0.2	-0.3926
Chr2	24213315	snp	86	95	0.3764	0.2928	0.6395	0.3368	-0.3027
Chr2	24217984	snp	60	53	0.3981	0.3082	0.6	0.283	-0.317
Chr2	24221818	snp	100	80	0.38	0.29	0.65	0.3	-0.35
Chr2	24221898	snp	87	72	0.3774	0.2969	0.6092	0.2917	-0.3175
Chr2	24233415	snp	71	63	0.3921	0.2987	0.5211	0.2063	-0.3148
Chr2	24237155	snp	68	85	0.3882	0.2941	0.6471	0.3059	-0.3412
Chr2	24242280	snp	87	117	0.3817	0.2862	0.6092	0.3162	-0.293
Chr2	24244693	snp	102	92	0.3753	0.2926	0.7059	0.3696	-0.3363
Chr2	24247069	snp	82	66	0.4013	0.3019	0.561	0.2576	-0.3034
Chr2	24776431	snp	57	55	0.4096	0.3193	0.6842	0.3636	-0.3206
Chr2	24782308	indel	102	104	0.3678	0.2832	0.5882	0.2885	-0.2998
Chr2	24806573	snp	61	33	0.4108	0.3224	0.6885	0.3636	-0.3249
Chr2	24806633	snp	49	30	0.4476	0.3327	0.6939	0.3	-0.3939
Chr2	24849040	snp	91	77	0.3826	0.2917	0.5604	0.1818	-0.3786
Chr2	24866477	snp	40	37	0.4399	0.3277	0.6	0.2432	-0.3568
Chr2	25128889	snp	62	42	0.4155	0.3187	0.6774	0.2619	-0.4155
Chr2	25138074	snp	82	58	0.3907	0.3036	0.5488	0.2414	-0.3074
Chr2	25166580	snp	45	33	0.4384	0.3333	0.6889	0.3333	-0.3556
Chr2	25171183	snp	51	36	0.4281	0.3333	0.7647	0.3889	-0.3758
Chr2	25188130	snp	55	58	0.4016	0.3078	0.7091	0.3103	-0.3987
Chr2	25232510	snp	52	60	0.4064	0.3051	0.7885	0.4167	-0.3718
Chr2	25233898	snp	87	62	0.3949	0.3003	0.7931	0.4677	-0.3254
Chr2	25236953	snp	65	90	0.394	0.3026	0.6615	0.2667	-0.3949
Chr2	25241365	snp	100	96	0.3679	0.2858	0.67	0.2708	-0.3992
Chr2	25248879	snp	96	96	0.3646	0.2813	0.6042	0.2396	-0.3646
Chr2	25252132	snp	81	74	0.3782	0.303	0.6049	0.2432	-0.3617
Chr2	25261496	snp	76	87	0.3852	0.2999	0.5789	0.2644	-0.3146
Chr2	25266749	snp	90	110	0.3758	0.2828	0.6222	0.3091	-0.3131
Chr2	25266842	snp	80	110	0.3852	0.292	0.6375	0.3	-0.3375
Chr2	25271785	snp	92	62	0.3885	0.2928	0.5543	0.2419	-0.3124
Chr2	25272613	snp	110	81	0.3862	0.29	0.6818	0.2346	-0.4473
Chr2	25272733	snp	106	83	0.3728	0.2947	0.6415	0.2651	-0.3764
Chr2	25436668	snp	45	41	0.4228	0.3274	0.5778	0.2195	-0.3583
Chr2	25446967	snp	51	36	0.4281	0.3333	0.6667	0.3056	-0.3611
Chr2	25460885	snp	72	90	0.3806	0.2944	0.625	0.3111	-0.3139
Chr2	25522626	snp	65	41	0.415	0.3212	0.5385	0.1707	-0.3677
Chr2	25540127	snp	44	24	0.4583	0.3485	0.7045	0.25	-0.4545
Chr2	25804107	snp	60	68	0.4147	0.3118	0.6333	0.2206	-0.4127
Chr2	25804859	snp	86	76	0.3788	0.2959	0.593	0.25	-0.343
Chr2	25860877	snp	90	63	0.3825	0.3	0.5556	0.254	-0.3016
Chr2	25908992	snp	34	27	0.4608	0.3573	0.8235	0.4074	-0.4161
Chr2	25913005	snp	55	32	0.4278	0.3318	0.6364	0.2812	-0.3551
Chr2	25913017	indel	58	31	0.4166	0.3281	0.6034	0.2258	-0.3776
Chr2	25919587	indel	50	43	0.4177	0.3242	0.64	0.2326	-0.4074
Chr2	25932900	snp	54	26	0.4345	0.339	0.6852	0.1154	-0.5698
Chr2	26010920	snp	71	46	0.4179	0.3141	0.5211	0.1957	-0.3255
Chr2	26282410	snp	74	55	0.3936	0.3079	0.6622	0.3091	-0.3531
Chr2	26282476	snp	61	48	0.4177	0.321	0.6721	0.3125	-0.3596
Chr2	26296908	snp	104	107	0.3666	0.2819	0.5577	0.215	-0.3427
Chr2	26314028	snp	79	97	0.371	0.2862	0.443	0.1443	-0.2987
Chr2	26409839	snp	91	77	0.3826	0.2917	0.6813	0.3117	-0.3696
Chr2	26416607	snp	114	97	0.3635	0.2925	0.6228	0.2887	-0.3341
Chr2	26423133	snp	114	107	0.3665	0.2829	0.6579	0.3458	-0.3121
Chr2	26435016	snp	84	81	0.384	0.2945	0.5833	0.2716	-0.3117
Chr2	26436168	snp	47	45	0.4142	0.3225	0.7234	0.3111	-0.4123
Chr2	26538880	snp	60	52	0.4064	0.3051	0.4833	0.7885	0.3051
Chr2	26552772	snp	62	68	0.3975	0.3112	0.5806	0.8971	0.3164
Chr2	26627760	snp	69	60	0.3971	0.3058	0.5362	0.2	-0.3362
Chr2	26639811	snp	55	59	0.3895	0.3072	0.6	0.2542	-0.3458
Chr2	26657559	snp	41	44	0.4329	0.3193	0.5854	0.25	-0.3354
Chr2	26660906	snp	109	83	0.3863	0.2921	0.6789	0.3494	-0.3295
Chr2	26678293	snp	33	26	0.4662	0.3531	0.6667	0.2308	-0.4359
Chr2	26765227	snp	94	94	0.383	0.2872	0.5532	0.2553	-0.2979
Chr2	27013221	indel	26	29	0.4629	0.3554	0.5769	0.1034	-0.4735
Chr2	27015985	indel	39	34	0.4351	0.3394	0.4872	0.1471	-0.3401
Chr2	27016834	snp	95	71	0.3745	0.2936	0.6526	0.3099	-0.3428
Chr2	27021654	snp	83	64	0.3934	0.302	0.5904	0.2812	-0.3091
Chr2	27022005	snp	85	78	0.3789	0.2944	0.5529	0.2564	-0.2965
Chr2	27022699	snp	72	56	0.4107	0.3095	0.5972	0.2679	-0.3294
Chr2	27023546	indel	69	63	0.3885	0.303	0.6522	0.3492	-0.303
Chr2	27028607	snp	76	64	0.3849	0.2969	0.6053	0.2969	-0.3084
Chr2	27029177	snp	69	77	0.3939	0.2955	0.6232	0.2468	-0.3764
Chr2	27029252	indel	90	74	0.3781	0.2868	0.5778	0.2162	-0.3616
Chr2	27029292	indel	88	74	0.371	0.2942	0.5568	0.2568	-0.3001
Chr2	27029560	indel	73	66	0.3977	0.3026	0.5068	0.1667	-0.3402
Chr2	27032048	snp	80	66	0.3883	0.297	0.6125	0.2576	-0.3549
Chr2	27032894	snp	52	43	0.4092	0.3202	0.5385	0.1628	-0.3757
Chr2	27035016	indel	69	45	0.4213	0.313	0.6812	0.3333	-0.3478
Chr2	27035078	snp	48	35	0.4065	0.3161	0.6667	0.2	-0.4667
Chr2	27035163	snp	37	25	0.4638	0.3557	0.5676	0.12	-0.4476
Chr2	27038565	snp	54	33	0.4226	0.3249	0.8519	0.4545	-0.3973
Chr2	27038659	snp	47	31	0.4345	0.3466	0.5532	0.1935	-0.3596
Chr2	27038830	snp	91	87	0.375	0.2915	0.6813	0.2874	-0.394
Chr2	27040035	snp	58	45	0.4008	0.3123	0.8966	0.5556	-0.341
Chr2	27040089	snp	84	48	0.3899	0.3065	0.75	0.4375	-0.3125
Chr2	27040617	snp	75	78	0.3831	0.2954	0.72	0.4231	-0.2969
Chr2	27041107	snp	73	63	0.3827	0.3098	0.6301	0.2222	-0.4079
Chr2	27041489	snp	78	77	0.38	0.292	0.6154	0.2727	-0.3427
Chr2	27045403	snp	44	22	0.4773	0.3409	0.8864	0.5455	-0.3409
Chr2	27052146	snp	46	61	0.4116	0.3083	0.5217	0.2131	-0.3086
Chr2	27055987	snp	44	49	0.4235	0.3256	0.5455	0.1633	-0.3822
Chr2	27059804	indel	42	18	0.4683	0.373	0.8095	0.3889	-0.4206
Chr2	27060897	snp	38	48	0.4243	0.33	0.5789	0.1667	-0.4123
Chr2	27064368	snp	73	54	0.3935	0.3049	0.6986	0.3889	-0.3097
Chr2	27065265	indel	98	70	0.3837	0.3	0.6735	0.2571	-0.4163
Chr2	27065475	snp	45	26	0.4359	0.3427	0.7556	0.3462	-0.4094
Chr2	27065485	snp	37	24	0.4696	0.3694	0.8108	0.375	-0.4358
Chr2	27066935	snp	52	44	0.4161	0.3112	0.5577	0.1136	-0.4441
Chr2	27067109	snp	77	73	0.3905	0.2925	0.5974	0.274	-0.3234
Chr2	27068090	indel	54	42	0.4101	0.3175	0.5556	0.2143	-0.3413
Chr2	27069490	snp	54	70	0.3968	0.3053	0.463	0.1571	-0.3058
Chr2	27070719	indel	19	14	0.5226	0.4173	0.7368	0.2143	-0.5226
Chr2	27071631	snp	61	60	0.4189	0.3079	0.7377	0.4	-0.3377
Chr2	27072048	snp	60	58	0.404	0.3161	0.9	0.5517	-0.3483
Chr2	27072059	indel	56	63	0.4028	0.3115	0.8929	0.4921	-0.4008
Chr2	27072919	snp	65	49	0.3959	0.3039	0.9231	0.6122	-0.3108
Chr2	27072946	indel	55	53	0.412	0.3136	0.9273	0.5472	-0.3801
Chr2	27073852	indel	84	103	0.3873	0.2937	0.619	0.2913	-0.3278
Chr2	27074207	snp	75	96	0.3783	0.2888	0.72	0.3125	-0.4075
Chr2	27074232	indel	88	132	0.375	0.2841	0.5795	0.25	-0.3295
Chr2	27076057	snp	89	88	0.3897	0.2993	0.618	0.3068	-0.3112
Chr2	27076425	indel	12	12	0.5833	0.5	0.5833	0.0833	-0.5
Chr2	27076543	snp	54	51	0.4074	0.3126	0.6852	0.2941	-0.3911
Chr2	27077605	snp	92	92	0.3913	0.2935	0.5978	0.25	-0.3478
Chr2	27079544	snp	96	75	0.3783	0.2888	0.6458	0.2933	-0.3525
Chr2	27080056	snp	110	104	0.3778	0.285	0.5	0.1923	-0.3077
Chr2	27081793	snp	64	51	0.4053	0.311	0.75	0.3137	-0.4363
Chr2	27081850	snp	77	59	0.4041	0.3024	0.6883	0.322	-0.3663
Chr2	27083693	snp	90	89	0.3747	0.2959	0.6	0.3034	-0.2966
Chr2	27083896	snp	68	69	0.4005	0.2992	0.7353	0.4348	-0.3005
Chr2	27084740	snp	84	67	0.3889	0.2964	0.6786	0.3731	-0.3054
Chr2	27087342	snp	92	117	0.3685	0.2893	0.5652	0.265	-0.3003
Chr2	27087446	indel	139	124	0.3624	0.2791	0.5612	0.2661	-0.295
Chr2	27087517	snp	96	67	0.3862	0.298	0.7083	0.3731	-0.3352
Chr2	27088148	snp	65	37	0.4262	0.3181	0.8308	0.4324	-0.3983
Chr2	27090000	snp	73	37	0.3884	0.3184	0.7671	0.4324	-0.3347
Chr2	27092648	snp	58	47	0.4039	0.3147	0.7931	0.383	-0.4101
Chr2	27093600	indel	48	28	0.4256	0.3363	0.5625	0.1786	-0.3839
Chr2	27094765	snp	30	40	0.45	0.3417	0.5	0.15	-0.35
Chr2	27096421	snp	69	64	0.3775	0.305	0.5362	0.2031	-0.3331
Chr2	27101643	snp	89	68	0.3792	0.2902	0.6629	0.3235	-0.3394
Chr2	27105495	snp	72	62	0.3992	0.3024	0.7917	0.4839	-0.3078
Chr2	27105686	snp	64	92	0.3947	0.305	0.6562	0.3261	-0.3302
Chr2	27106322	snp	60	55	0.3955	0.3076	0.7167	0.4	-0.3167
Chr2	27108382	snp	108	78	0.3718	0.2906	0.6019	0.2179	-0.3839
Chr2	27109553	snp	103	71	0.3863	0.293	0.6019	0.2817	-0.3203
Chr2	27111096	snp	67	72	0.3939	0.2946	0.7761	0.4583	-0.3178
Chr2	27113504	snp	91	71	0.3883	0.2914	0.5934	0.2958	-0.2976
Chr2	27142758	snp	56	51	0.4114	0.3165	0.5357	0.1765	-0.3592
Chr2	27169511	snp	64	60	0.3865	0.3052	0.7344	0.4	-0.3344
Chr2	27171761	snp	77	59	0.4041	0.3024	0.6234	0.2712	-0.3522
Chr2	27171876	snp	69	54	0.3953	0.3076	0.8261	0.4444	-0.3816
Chr2	27184227	indel	70	84	0.3952	0.3024	0.7429	0.4167	-0.3262
Chr2	27194320	snp	54	69	0.3953	0.3076	0.5741	0.2319	-0.3422
Chr2	27197179	snp	71	60	0.3939	0.2939	0.6056	0.2667	-0.339
Chr2	27200111	snp	73	61	0.3955	0.2998	0.5068	0.1967	-0.3101
Chr2	27208227	indel	68	52	0.4106	0.3156	0.6471	0.2885	-0.3586
Chr2	27208320	snp	56	40	0.4071	0.3214	0.7679	0.35	-0.4179
Chr2	27208375	snp	56	40	0.4071	0.3214	0.6786	0.325	-0.3536
Chr2	27233098	snp	93	93	0.3763	0.2796	0.5161	0.2366	-0.2796
Chr2	27245417	indel	68	55	0.4003	0.3094	0.6324	0.3091	-0.3233
Chr2	27270695	indel	76	56	0.3891	0.2979	0.6053	0.2857	-0.3195
Chr2	27270769	snp	47	34	0.4374	0.3279	0.7021	0.2941	-0.408
Chr2	27270772	snp	45	34	0.4176	0.3294	0.6889	0.2647	-0.4242
Chr2	27277912	snp	32	33	0.4479	0.3542	0.5312	0.1212	-0.41
Chr2	27280049	indel	73	62	0.3922	0.2963	0.4795	0.1129	-0.3665
Chr2	27280530	indel	90	100	0.3711	0.2933	0.6556	0.36	-0.2956
Chr2	27280795	indel	96	89	0.3756	0.2855	0.5417	0.2472	-0.2945
Chr2	27282076	snp	97	81	0.3779	0.2893	0.5567	0.2593	-0.2974
Chr2	27282255	snp	102	84	0.3648	0.2829	0.6471	0.2619	-0.3852
Chr2	27282530	snp	65	76	0.3939	0.2994	0.4923	0.1579	-0.3344
Chr2	27283013	snp	78	80	0.3798	0.2901	0.641	0.2125	-0.4285
Chr2	27283392	indel	111	92	0.3748	0.2856	0.6216	0.2935	-0.3281
Chr2	27289850	snp	92	79	0.3756	0.2906	0.6848	0.3544	-0.3304
Chr2	27293073	snp	64	31	0.4315	0.3337	0.7344	0.3548	-0.3795
Chr2	27296066	snp	64	57	0.403	0.3169	0.6562	0.2632	-0.3931
Chr2	27296160	snp	64	64	0.3906	0.3125	0.7188	0.2812	-0.4375
Chr2	27296726	indel	64	52	0.399	0.3077	0.7656	0.4423	-0.3233
Chr2	27296825	snp	70	67	0.4009	0.3119	0.7143	0.3582	-0.3561
Chr2	27297647	snp	76	36	0.4225	0.3173	0.6579	0.3333	-0.3246
Chr2	27298764	snp	72	45	0.4139	0.3167	0.6944	0.3111	-0.3833
Chr2	27299507	snp	71	68	0.3838	0.3065	0.7887	0.4559	-0.3329
Chr2	27300249	snp	81	75	0.3857	0.2943	0.716	0.4133	-0.3027
Chr2	27300439	snp	74	54	0.3899	0.3068	0.7027	0.3889	-0.3138
Chr2	27301098	snp	89	53	0.3988	0.3049	0.8315	0.4906	-0.3409
Chr2	27301722	snp	94	86	0.3864	0.2885	0.7234	0.3256	-0.3978
Chr2	27302062	snp	89	70	0.3966	0.2997	0.5393	0.2	-0.3393
Chr2	27302443	snp	61	45	0.416	0.3166	0.8197	0.4667	-0.353
Chr2	27303329	snp	106	107	0.372	0.2858	0.7264	0.3084	-0.418
Chr2	27306742	snp	68	26	0.431	0.3314	0.9265	0.5	-0.4265
Chr2	27309143	snp	89	72	0.3851	0.2998	0.6067	0.25	-0.3567
Chr2	27314815	snp	96	73	0.3823	0.293	0.6146	0.2603	-0.3543
Chr2	27315264	snp	73	50	0.3901	0.3068	0.6849	0.3	-0.3849
Chr2	27315322	snp	59	30	0.4294	0.3277	0.8644	0.3667	-0.4977
Chr2	27315418	snp	78	46	0.4047	0.306	0.7692	0.3913	-0.3779
Chr2	27321880	snp	63	62	0.392	0.3103	0.6349	0.2903	-0.3446
Chr2	27324868	indel	68	41	0.4132	0.3095	0.4853	0.1463	-0.339
Chr2	27331683	snp	66	37	0.4279	0.3272	0.7121	0.2432	-0.4689
Chr2	27336721	snp	65	85	0.3846	0.2941	0.5385	0.1765	-0.362
Chr2	27339678	snp	89	83	0.3907	0.2974	0.6292	0.2771	-0.3521
Chr2	27340938	snp	80	50	0.41	0.305	0.775	0.46	-0.315
Chr2	27341268	snp	65	63	0.3927	0.3028	0.6923	0.3175	-0.3748
Chr2	27341528	snp	108	50	0.3759	0.2926	0.7037	0.28	-0.4237
Chr2	27342295	snp	74	62	0.3906	0.2995	0.6081	0.3065	-0.3017
Chr2	27345018	snp	56	54	0.4167	0.3075	0.7679	0.4074	-0.3604
Chr2	27348418	indel	98	74	0.3858	0.2943	0.5714	0.2568	-0.3147
Chr2	27348698	snp	87	80	0.3856	0.2897	0.5747	0.25	-0.3247
Chr2	27349642	snp	61	79	0.3899	0.3013	0.4754	0.1392	-0.3362
Chr2	27349671	snp	52	71	0.3952	0.3044	0.4038	0.0986	-0.3053
Chr2	27350797	snp	104	101	0.3661	0.2867	0.6442	0.3069	-0.3373
Chr2	27351025	snp	99	79	0.3783	0.2947	0.6465	0.3038	-0.3427
Chr2	27352495	snp	57	31	0.429	0.3322	0.7193	0.2903	-0.429
Chr2	27353113	snp	95	101	0.3835	0.2918	0.6421	0.3267	-0.3154
Chr2	27362984	snp	75	52	0.3872	0.3013	0.7333	0.4231	-0.3103
Chr2	27364606	snp	67	66	0.398	0.2942	0.5821	0.2576	-0.3245
Chr2	27368104	snp	48	32	0.4375	0.3333	0.9583	0.5312	-0.4271
Chr2	27368155	snp	46	25	0.4626	0.3504	0.9783	0.52	-0.4583
Chr2	27368262	snp	55	44	0.4	0.3182	0.8	0.25	-0.55
Chr2	27368403	snp	62	35	0.418	0.3235	0.6452	0.2857	-0.3594
Chr2	27375354	snp	88	69	0.3849	0.2956	0.6818	0.3768	-0.305
Chr2	27375811	snp	82	73	0.3846	0.2949	0.6098	0.2603	-0.3495
Chr2	27385218	snp	83	57	0.3919	0.2997	0.5904	0.2632	-0.3272
Chr2	27387438	indel	57	63	0.4035	0.3099	0.6842	0.3492	-0.335
Chr2	27394651	snp	78	77	0.38	0.292	0.6538	0.3247	-0.3292
Chr2	27394966	snp	47	28	0.4316	0.3457	0.8085	0.4286	-0.3799
Chr2	27396593	snp	93	82	0.3841	0.2872	0.6129	0.2927	-0.3202
Chr2	27397408	snp	85	84	0.3852	0.3014	0.6353	0.2857	-0.3496
Chr2	27399320	snp	84	54	0.3889	0.2963	0.8452	0.4815	-0.3638
Chr2	27399335	snp	72	45	0.4139	0.3167	0.9167	0.5333	-0.3833
Chr2	27399445	snp	70	86	0.3887	0.2957	0.7	0.3372	-0.3628
Chr2	27399456	indel	73	104	0.384	0.2825	0.6301	0.2885	-0.3417
Chr2	27403299	snp	83	78	0.3716	0.2955	0.7229	0.4103	-0.3126
Chr2	27403545	indel	99	87	0.3755	0.2887	0.5859	0.1954	-0.3905
Chr2	27403566	snp	93	80	0.3777	0.2899	0.6129	0.2	-0.4129
Chr2	27426814	snp	50	46	0.3991	0.3174	0.9	0.5	-0.4
Chr2	27426993	snp	76	59	0.3923	0.3058	0.6579	0.3051	-0.3528
Chr2	27430359	indel	91	136	0.3652	0.2809	0.5934	0.2794	-0.314
Chr2	27430663	indel	82	95	0.376	0.2879	0.6707	0.3368	-0.3339
Chr2	27430803	indel	54	64	0.4126	0.3084	0.7222	0.4062	-0.316
Chr2	27431539	indel	69	80	0.3982	0.3042	0.5652	0.25	-0.3152
Chr2	27435377	snp	56	31	0.4205	0.3312	0.8214	0.4194	-0.4021
Chr2	27435409	snp	51	29	0.4348	0.3313	0.8039	0.3448	-0.4591
Chr2	27436786	indel	69	69	0.3768	0.2899	0.5217	0.1159	-0.4058
Chr2	27437063	snp	45	43	0.4088	0.3178	0.8444	0.4186	-0.4258
Chr2	27437421	indel	82	99	0.3803	0.3016	0.561	0.2424	-0.3186
Chr2	27437468	snp	85	76	0.3845	0.2904	0.6353	0.3158	-0.3195
Chr2	27458376	indel	118	94	0.3776	0.293	0.5847	0.2766	-0.3082
Chr2	27459049	snp	63	31	0.4224	0.3287	0.8254	0.4839	-0.3415
Chr2	27459136	indel	72	46	0.4094	0.3164	0.6111	0.2826	-0.3285
Chr2	27459171	snp	60	31	0.422	0.3263	0.6667	0.2581	-0.4086
Chr2	27459334	snp	66	46	0.4012	0.3169	0.5758	0.1739	-0.4018
Chr2	27462738	snp	122	71	0.3692	0.2849	0.6393	0.338	-0.3013
Chr2	27463367	snp	68	45	0.4092	0.3147	0.7794	0.3556	-0.4239
Chr2	27463417	snp	66	59	0.3901	0.3017	0.7879	0.3051	-0.4828
Chr2	27463586	snp	104	103	0.3723	0.2845	0.6154	0.2913	-0.3241
Chr2	27463798	snp	84	94	0.3832	0.2931	0.5714	0.2766	-0.2948
Chr2	27468188	snp	69	50	0.3832	0.3067	0.7246	0.36	-0.3646
Chr2	27468297	snp	74	70	0.3973	0.3012	0.6892	0.2714	-0.4178
Chr2	27469015	snp	67	64	0.3911	0.3102	0.6269	0.3125	-0.3144
Chr2	27470009	snp	68	43	0.4145	0.3092	0.7206	0.3256	-0.395
Chr2	27470904	snp	67	65	0.3952	0.3052	0.7612	0.3538	-0.4073
Chr2	27471447	snp	114	79	0.3726	0.2888	0.6491	0.3165	-0.3327
Chr2	27471596	snp	116	91	0.3826	0.2902	0.6379	0.2308	-0.4072
Chr2	27483854	indel	83	60	0.4062	0.3052	0.6024	0.2167	-0.3857
Chr2	27490138	snp	74	54	0.3899	0.3068	0.6351	0.3148	-0.3203
Chr2	27498183	snp	101	71	0.3874	0.2926	0.6733	0.3099	-0.3634
Chr2	27498685	snp	93	60	0.3844	0.2989	0.6129	0.2833	-0.3296
Chr2	27499352	snp	67	86	0.3842	0.2897	0.7015	0.3372	-0.3643
Chr2	27499922	indel	106	81	0.3728	0.29	0.6509	0.358	-0.2929
Chr2	27502984	snp	91	89	0.3792	0.289	0.6813	0.3483	-0.333
Chr2	27503432	snp	85	80	0.3949	0.2993	0.6588	0.3375	-0.3213
Chr2	27504428	snp	59	44	0.4102	0.3147	0.7627	0.4091	-0.3536
Chr2	27513752	snp	95	93	0.3744	0.2877	0.6316	0.1935	-0.438
Chr2	27525024	snp	83	82	0.3823	0.2864	0.6386	0.2805	-0.3581
Chr2	27525997	indel	108	86	0.3781	0.2881	0.5278	0.2209	-0.3068
Chr2	27526441	snp	110	114	0.3641	0.2796	0.6818	0.3509	-0.3309
Chr2	27530279	snp	65	55	0.3958	0.3091	0.6615	0.1818	-0.4797
Chr2	27530420	snp	73	53	0.4086	0.306	0.6712	0.3396	-0.3316
Chr2	27532397	indel	57	29	0.4265	0.3388	0.614	0.1379	-0.4761
Chr2	27533622	snp	59	77	0.4041	0.3024	0.4915	0.1818	-0.3097
Chr2	27536841	snp	90	89	0.3747	0.2959	0.6111	0.2921	-0.319
Chr2	27537317	snp	56	63	0.4028	0.3115	0.5714	0.2222	-0.3492
Chr2	27537395	indel	91	90	0.3698	0.2921	0.5604	0.2111	-0.3493
Chr2	27539136	snp	80	76	0.3829	0.2941	0.5	0.1711	-0.3289
Chr2	27541959	snp	95	85	0.369	0.2916	0.6947	0.3059	-0.3889
Chr2	27542945	snp	78	59	0.4087	0.3099	0.7949	0.3559	-0.4389
Chr2	27542964	snp	74	51	0.4025	0.3079	0.7838	0.3922	-0.3916
Chr2	27545988	snp	58	41	0.4142	0.3238	0.3621	0.0244	-0.3377
Chr2	27550812	snp	69	42	0.4193	0.3199	0.5362	0.1667	-0.3696
Chr2	27551964	indel	70	61	0.3684	0.2885	0.6571	0.2787	-0.3785
Chr2	27552088	snp	57	59	0.3967	0.309	0.5614	0.1695	-0.3919
Chr2	27586774	snp	82	98	0.3868	0.2927	0.6463	0.2959	-0.3504
Chr2	27586849	snp	78	70	0.3883	0.3026	0.6282	0.2286	-0.3996
Chr2	27600230	indel	75	33	0.4242	0.3224	0.7733	0.3939	-0.3794
Chr2	27600541	indel	86	71	0.3798	0.2905	0.5698	0.1972	-0.3726
Chr2	27601374	snp	70	85	0.3882	0.2958	0.7286	0.3294	-0.3992
Chr2	27603866	snp	96	74	0.3778	0.2903	0.6042	0.2162	-0.388
Chr2	27605020	snp	99	74	0.3728	0.2913	0.6364	0.3378	-0.2985
Chr2	27612068	snp	76	67	0.383	0.3032	0.5789	0.2687	-0.3103
Chr2	27617672	snp	76	83	0.3776	0.2953	0.4605	0.1566	-0.3039
Chr2	27621225	snp	59	71	0.3903	0.3001	0.5254	0.1408	-0.3846
Chr2	27621378	snp	93	93	0.3763	0.2796	0.6237	0.2473	-0.3763
Chr2	27625097	snp	109	91	0.3767	0.2887	0.5872	0.2747	-0.3124
Chr2	27629879	snp	46	61	0.4116	0.3083	0.4348	0.0984	-0.3364
Chr2	27630099	snp	77	65	0.396	0.2955	0.6623	0.2769	-0.3854
Chr2	27634452	indel	89	79	0.3843	0.2931	0.5618	0.2658	-0.296
Chr2	27634554	snp	70	72	0.394	0.2976	0.6714	0.3333	-0.3381
Chr2	27635890	snp	86	77	0.3798	0.2908	0.6512	0.1948	-0.4564
Chr2	27636938	snp	96	98	0.3829	0.2885	0.6458	0.3469	-0.2989
Chr2	27639580	snp	81	85	0.3961	0.2973	0.6173	0.3176	-0.2996
Chr2	27639858	snp	83	78	0.3716	0.2955	0.5663	0.2564	-0.3099
Chr2	27641270	snp	67	59	0.3795	0.3008	0.5522	0.2373	-0.315
Chr2	27643349	snp	94	85	0.3772	0.2926	0.617	0.2706	-0.3464
Chr2	27643670	snp	68	67	0.3782	0.2917	0.6912	0.3433	-0.3479
Chr2	27643682	indel	70	67	0.4009	0.3119	0.6714	0.2537	-0.4177
Chr2	27643714	snp	69	66	0.3966	0.3024	0.6522	0.2879	-0.3643
Chr2	27645026	snp	59	45	0.4102	0.316	0.6102	0.2889	-0.3213
Chr2	27647099	snp	87	79	0.3732	0.2949	0.6552	0.3418	-0.3134
Chr2	27649858	snp	94	83	0.3782	0.2959	0.6915	0.2892	-0.4023
Chr2	27652487	snp	73	31	0.4132	0.3221	0.6849	0.2903	-0.3946
Chr2	27654616	snp	97	96	0.3898	0.2944	0.6082	0.2812	-0.327
Chr2	27657200	indel	23	20	0.5022	0.3957	0.6957	0.15	-0.5457
Chr2	27657207	indel	31	27	0.4636	0.3584	0.7742	0.2222	-0.552
Chr2	27657217	indel	26	30	0.4744	0.359	0.5769	0.1	-0.4769
Chr2	27657251	snp	52	49	0.4223	0.3214	0.7885	0.2857	-0.5027
Chr2	27657260	indel	50	48	0.4092	0.3225	0.86	0.2917	-0.5683
Chr2	27658356	snp	88	81	0.388	0.2991	0.6477	0.2593	-0.3885
Chr2	27659151	snp	69	39	0.4136	0.32	0.6087	0.2821	-0.3266
Chr2	27660481	snp	60	59	0.4099	0.3102	0.45	0.1186	-0.3314
Chr2	27661556	indel	98	87	0.3747	0.2904	0.7143	0.2299	-0.4844
Chr2	27661656	snp	72	60	0.3889	0.2972	0.7222	0.3833	-0.3389
Chr2	27665275	snp	81	86	0.3781	0.2924	0.7284	0.3256	-0.4028
Chr2	27668536	snp	62	77	0.3913	0.2985	0.5161	0.2078	-0.3083
Chr2	27669192	snp	74	59	0.4008	0.3028	0.6757	0.3051	-0.3706
Chr2	27676875	indel	109	98	0.3585	0.28	0.5963	0.3163	-0.28
Chr2	27677397	indel	46	50	0.3991	0.3174	0.3478	0.02	-0.3278
Chr2	27677977	indel	55	54	0.4125	0.3047	0.4	0.0926	-0.3074
Chr2	27678493	indel	72	77	0.3885	0.303	0.5972	0.2857	-0.3115
Chr2	27679219	snp	41	66	0.4169	0.3219	0.561	0.1515	-0.4095
Chr2	27679467	snp	62	57	0.4157	0.3147	0.5	0.1053	-0.3947
Chr2	27679470	indel	64	53	0.3927	0.3037	0.5156	0.1132	-0.4024
Chr2	27683461	snp	90	48	0.3875	0.3028	0.6444	0.3125	-0.3319
Chr2	27683549	indel	67	39	0.4152	0.3215	0.6567	0.2051	-0.4516
Chr2	27683553	indel	63	43	0.4227	0.3189	0.6508	0.2791	-0.3717
Chr2	27683984	snp	90	70	0.3921	0.2921	0.5556	0.2571	-0.2984
Chr2	27685487	snp	83	72	0.3775	0.296	0.6506	0.3333	-0.3173
Chr2	27686028	snp	60	59	0.4099	0.3102	0.4833	0.1525	-0.3308
Chr2	27687972	indel	68	41	0.4132	0.3095	0.5588	0.1951	-0.3637
Chr2	27689018	snp	67	78	0.3917	0.3	0.4776	0.1538	-0.3238
Chr2	27689809	snp	78	57	0.3974	0.305	0.6026	0.2632	-0.3394
Chr2	27691331	snp	52	56	0.408	0.3077	0.4423	0.0714	-0.3709
Chr2	27691354	indel	47	59	0.4053	0.3163	0.4043	0.0508	-0.3534
Chr2	27691376	snp	40	57	0.4241	0.3189	0.325	0.0	-0.325
Chr2	27691515	indel	66	75	0.38	0.3024	0.5606	0.2533	-0.3073
Chr2	27691579	indel	73	62	0.3922	0.2963	0.6301	0.2419	-0.3882
Chr2	27691650	snp	69	47	0.4104	0.3108	0.6667	0.2766	-0.3901
Chr2	27694558	snp	42	24	0.4405	0.3452	0.6667	0.2917	-0.375
Chr2	27699132	snp	80	85	0.3949	0.2993	0.6125	0.3059	-0.3066
Chr2	27699838	snp	69	49	0.404	0.3138	0.5797	0.2653	-0.3144
Chr2	27711147	indel	34	44	0.4332	0.3316	0.7059	0.2955	-0.4104
Chr2	27713315	indel	52	75	0.3872	0.3013	0.4615	0.1333	-0.3282
Chr2	27713461	snp	67	72	0.3939	0.2946	0.4627	0.1528	-0.3099
Chr2	27714269	snp	69	42	0.4193	0.3199	0.5797	0.1905	-0.3892
Chr2	27717103	snp	47	53	0.4095	0.3107	0.7021	0.3019	-0.4002
Chr2	27718215	snp	73	71	0.3884	0.294	0.6164	0.2113	-0.4052
Chr2	27721262	snp	104	80	0.3798	0.2894	0.5577	0.225	-0.3327
Chr2	27730693	snp	53	75	0.3947	0.3026	0.6415	0.3333	-0.3082
Chr2	27730712	indel	42	65	0.3982	0.3198	0.7381	0.3077	-0.4304
Chr2	27730738	snp	28	51	0.4433	0.3417	0.8214	0.3137	-0.5077
Chr2	27730829	snp	52	47	0.4116	0.3196	0.7115	0.2553	-0.4562
Chr2	27730841	indel	56	51	0.4114	0.3165	0.6786	0.3137	-0.3648
Chr2	27733446	indel	91	45	0.3922	0.3045	0.5495	0.2444	-0.305
Chr2	27734608	snp	71	36	0.4124	0.3161	0.6338	0.3056	-0.3282
Chr2	27734749	snp	67	49	0.4237	0.3177	0.7313	0.2449	-0.4864
Chr2	27734869	snp	66	64	0.401	0.3063	0.6364	0.3281	-0.3082
Chr2	27746030	indel	55	59	0.3895	0.3072	0.5455	0.1864	-0.359
Chr2	27749968	snp	91	107	0.3586	0.2794	0.5275	0.1869	-0.3406
Chr2	27750343	snp	65	77	0.396	0.2955	0.5692	0.2597	-0.3095
Chr2	27750457	snp	59	55	0.3895	0.3072	0.5424	0.2182	-0.3242
Chr2	27751036	snp	73	50	0.3901	0.3068	0.5205	0.16	-0.3605
Chr2	27751304	snp	84	86	0.3774	0.2957	0.5952	0.2907	-0.3045
Chr2	27754029	snp	69	61	0.4018	0.3022	0.5507	0.2459	-0.3048
Chr2	27754131	snp	71	57	0.3916	0.3044	0.5352	0.2281	-0.3071
Chr2	27756840	snp	129	98	0.3736	0.2838	0.6047	0.2449	-0.3598
Chr2	27758445	snp	72	93	0.392	0.2917	0.6389	0.3441	-0.2948
Chr2	27758884	indel	88	91	0.387	0.2946	0.6932	0.3077	-0.3855
Chr2	27759534	indel	77	92	0.3752	0.2904	0.5584	0.2283	-0.3302
Chr2	27761584	snp	90	104	0.3641	0.2863	0.5889	0.25	-0.3389
Chr2	27761971	indel	61	81	0.3839	0.3058	0.5246	0.1481	-0.3764
Chr2	27762041	snp	67	71	0.3809	0.3004	0.6269	0.2535	-0.3733
Chr2	27767145	snp	82	43	0.4016	0.3131	0.6341	0.3023	-0.3318
Chr2	27768302	indel	55	58	0.4016	0.3078	0.5273	0.2069	-0.3204
Chr2	27772660	snp	92	87	0.3841	0.2965	0.6304	0.2989	-0.3316
Chr2	27773552	snp	95	91	0.3737	0.2923	0.6632	0.3407	-0.3225
Chr2	27778299	snp	99	68	0.389	0.2935	0.5556	0.25	-0.3056
Chr2	27786079	snp	77	43	0.4011	0.3135	0.5714	0.186	-0.3854
Chr2	27786093	indel	66	45	0.4091	0.3121	0.4697	0.1556	-0.3141
Chr2	27788764	snp	70	67	0.4009	0.3119	0.6429	0.3284	-0.3145
Chr2	27791837	snp	73	62	0.3922	0.2963	0.6164	0.2903	-0.3261
Chr2	27792425	indel	115	65	0.3746	0.2829	0.6957	0.2923	-0.4033
Chr2	27793495	indel	89	85	0.3811	0.2924	0.6517	0.2706	-0.3811
Chr2	27793676	snp	81	85	0.3961	0.2973	0.6049	0.2706	-0.3344
Chr2	27795619	snp	77	52	0.4181	0.3109	0.5714	0.25	-0.3214
Chr2	27797439	snp	101	85	0.3655	0.2869	0.604	0.2588	-0.3451
Chr2	27797714	snp	88	90	0.3816	0.2922	0.5341	0.2222	-0.3119
Chr2	27821974	snp	81	68	0.3778	0.299	0.5556	0.2206	-0.335
Chr2	27822906	snp	61	85	0.3965	0.3049	0.541	0.1882	-0.3527
Chr2	27822962	snp	59	83	0.3866	0.2996	0.5254	0.1807	-0.3447
Chr2	27837874	indel	78	58	0.3988	0.3011	0.641	0.2759	-0.3652
Chr2	27837937	indel	70	57	0.3965	0.3018	0.5857	0.2807	-0.305
Chr2	27838286	snp	50	62	0.4097	0.3135	0.46	0.0806	-0.3794
Chr2	27839579	indel	106	89	0.3763	0.29	0.6226	0.2697	-0.353
Chr2	27839584	snp	86	86	0.3721	0.2907	0.5581	0.2326	-0.3256
Chr2	27846655	snp	45	47	0.4142	0.3225	0.6889	0.3617	-0.3272
Chr2	27848214	indel	72	120	0.3833	0.2917	0.6528	0.3417	-0.3111
Chr2	27848221	snp	76	128	0.3771	0.2854	0.6579	0.3359	-0.322
Chr2	27848237	indel	75	128	0.3795	0.2884	0.6	0.3047	-0.2953
Chr2	27848387	snp	75	108	0.3704	0.2881	0.6133	0.3056	-0.3078
Chr2	27850450	indel	53	44	0.4181	0.3195	0.717	0.2727	-0.4443
Chr2	27855055	indel	68	58	0.4133	0.3048	0.7206	0.3448	-0.3758
Chr2	27855866	snp	74	39	0.3936	0.3153	0.7703	0.2821	-0.4882
Chr2	27856783	indel	74	91	0.3891	0.292	0.6757	0.3297	-0.346
Chr2	27856793	snp	77	97	0.3871	0.2943	0.6753	0.3196	-0.3557
Chr2	27861757	indel	50	40	0.415	0.325	0.64	0.3	-0.34
Chr2	27869616	snp	41	36	0.4295	0.3354	0.5854	0.25	-0.3354
Chr2	27888367	snp	95	83	0.3801	0.2927	0.6	0.253	-0.347
Chr2	27891094	snp	23	12	0.529	0.4094	0.5217	0.0833	-0.4384
Chr2	27891395	indel	115	100	0.3704	0.2817	0.6435	0.23	-0.4135
Chr2	27895022	snp	10	12	0.6333	0.4667	0.5	0.0	-0.5
Chr2	27907059	indel	47	38	0.4351	0.3337	0.6596	0.2632	-0.3964
Chr2	27907098	snp	53	35	0.4216	0.3186	0.6792	0.2571	-0.4221
Chr2	27907133	indel	55	37	0.4113	0.3214	0.7818	0.4324	-0.3494
Chr2	27959834	snp	109	89	0.3735	0.2789	0.5688	0.2697	-0.2991
Chr2	27966409	snp	82	80	0.3841	0.2963	0.6341	0.2625	-0.3716
Chr2	27966517	snp	80	70	0.3875	0.2982	0.5375	0.2143	-0.3232
Chr2	27967197	snp	63	60	0.4008	0.3032	0.4286	0.05	-0.3786
Chr2	27967788	snp	76	69	0.3839	0.2969	0.6579	0.3188	-0.3391
Chr2	27969351	indel	95	95	0.3789	0.2842	0.6211	0.3158	-0.3053
Chr2	27972143	snp	45	41	0.4228	0.3274	0.6667	0.1951	-0.4715
Chr2	27972225	indel	51	47	0.4113	0.3179	0.6078	0.2766	-0.3312
Chr2	27975838	snp	114	100	0.3928	0.2893	0.6404	0.23	-0.4104
Chr2	27976915	snp	97	84	0.3867	0.2947	0.6186	0.2857	-0.3328
Chr2	27977299	snp	98	73	0.3831	0.2961	0.6327	0.3151	-0.3176
Chr2	27978514	indel	110	79	0.3875	0.2926	0.5273	0.2278	-0.2994
Chr2	27979084	snp	70	75	0.3781	0.2962	0.5714	0.2533	-0.3181
Chr2	27979183	snp	79	82	0.3881	0.3023	0.6329	0.2317	-0.4012
Chr2	27984103	indel	20	17	0.5235	0.4059	0.7	0.1765	-0.5235
Chr2	27984737	indel	83	75	0.3796	0.294	0.6265	0.3067	-0.3198
Chr2	27985032	snp	79	73	0.3865	0.2956	0.7342	0.2877	-0.4465
Chr2	27985282	snp	84	65	0.3744	0.294	0.631	0.2615	-0.3694
Chr2	27986867	snp	72	63	0.3889	0.3036	0.6667	0.3492	-0.3175
Chr2	27986913	indel	65	52	0.4154	0.3154	0.7692	0.4231	-0.3462
Chr2	27991167	snp	83	82	0.3823	0.2864	0.5904	0.2561	-0.3343
Chr2	27991279	snp	84	92	0.3768	0.2888	0.5833	0.2935	-0.2899
Chr2	28000160	snp	79	69	0.3939	0.3049	0.5823	0.2754	-0.3069
Chr2	28001348	snp	47	51	0.4113	0.3179	0.8298	0.4118	-0.418
Chr2	28001767	snp	73	45	0.4131	0.3139	0.863	0.5111	-0.3519
Chr2	28002820	snp	46	46	0.4348	0.3261	0.7609	0.3913	-0.3696
Chr2	28009096	indel	68	67	0.3782	0.2917	0.6176	0.3134	-0.3042
Chr2	28009398	snp	93	84	0.3844	0.2961	0.6559	0.2976	-0.3583
Chr2	28010012	snp	98	100	0.382	0.2906	0.6122	0.25	-0.3622
Chr2	28016084	indel	66	55	0.4091	0.3061	0.6515	0.3273	-0.3242
Chr2	28016236	indel	37	40	0.4399	0.3277	0.8108	0.425	-0.3858
Chr2	28016244	indel	33	37	0.4365	0.3423	0.6364	0.2162	-0.4201
Chr2	28020575	indel	60	16	0.475	0.3708	0.6667	0.1875	-0.4792
Chr2	28021210	indel	36	25	0.4578	0.3467	0.6944	0.32	-0.3744
Chr2	28021973	snp	62	50	0.4097	0.3135	0.6129	0.14	-0.4729
Chr2	28024531	snp	63	36	0.4206	0.3175	0.7619	0.4167	-0.3452
Chr2	28025715	snp	59	61	0.4048	0.3156	0.7288	0.3934	-0.3354
Chr2	28025902	snp	66	54	0.404	0.3098	0.8636	0.5	-0.3636
Chr2	28025939	snp	63	61	0.389	0.306	0.8571	0.4426	-0.4145
Chr2	28026469	indel	69	54	0.3953	0.3076	0.7536	0.3889	-0.3647
Chr2	28026515	snp	73	60	0.3879	0.3057	0.7123	0.35	-0.3623
Chr2	28026535	indel	65	48	0.417	0.3093	0.8154	0.5	-0.3154
Chr2	28026969	snp	60	39	0.4231	0.3192	0.6833	0.3333	-0.35
Chr2	28029644	snp	70	50	0.4086	0.3171	0.6857	0.34	-0.3457
Chr2	28030382	snp	79	58	0.3826	0.2997	0.7595	0.4483	-0.3112
Chr2	28033070	snp	64	61	0.397	0.2979	0.6562	0.3443	-0.312
Chr2	28033090	indel	65	71	0.3876	0.3029	0.6769	0.338	-0.3389
Chr2	28033869	snp	94	80	0.3721	0.2915	0.6383	0.275	-0.3633
Chr2	28035103	snp	99	88	0.3725	0.2866	0.5859	0.2955	-0.2904
Chr2	28035490	snp	76	61	0.3926	0.3037	0.7105	0.3443	-0.3663
Chr2	28035569	snp	80	54	0.4028	0.3106	0.7375	0.3704	-0.3671
Chr2	28035956	indel	97	83	0.3724	0.2863	0.701	0.3614	-0.3396
Chr2	28036404	snp	66	32	0.4309	0.3258	0.8182	0.375	-0.4432
Chr2	28036415	snp	65	30	0.4385	0.3256	0.8308	0.4	-0.4308
Chr2	28036420	indel	64	30	0.4302	0.3292	0.7969	0.4	-0.3969
Chr2	28036817	snp	90	91	0.3698	0.2921	0.6222	0.2967	-0.3255
Chr2	28038012	indel	60	81	0.4043	0.3037	0.7333	0.3827	-0.3506
Chr2	28041701	indel	64	52	0.399	0.3077	0.7344	0.4038	-0.3305
Chr2	28041768	snp	78	76	0.3897	0.2976	0.6282	0.2763	-0.3519
Chr2	28041783	snp	77	75	0.383	0.2925	0.6364	0.2667	-0.3697
Chr2	28044731	snp	99	86	0.3613	0.2866	0.6566	0.2791	-0.3775
Chr2	28049288	snp	104	55	0.3907	0.2977	0.7404	0.2727	-0.4677
Chr2	28055267	snp	83	63	0.3846	0.3014	0.759	0.3016	-0.4574
Chr2	28055268	indel	84	68	0.3971	0.306	0.7619	0.2941	-0.4678
Chr2	28055335	indel	85	70	0.3882	0.2958	0.6	0.2429	-0.3571
Chr2	28055741	snp	92	73	0.3778	0.2895	0.6522	0.2192	-0.433
Chr2	28057208	snp	90	87	0.3782	0.2912	0.6444	0.2874	-0.3571
Chr2	28057314	snp	70	38	0.4105	0.3241	0.8857	0.5263	-0.3594
Chr2	28057445	snp	61	35	0.4319	0.3208	0.8197	0.4857	-0.334
Chr2	28057506	snp	53	59	0.4007	0.3099	0.7358	0.2881	-0.4477
Chr2	28057687	snp	68	76	0.3947	0.298	0.5735	0.1711	-0.4025
Chr2	28057798	indel	73	55	0.3938	0.2936	0.6301	0.1636	-0.4665
Chr2	28059605	snp	74	68	0.3915	0.2957	0.6757	0.2941	-0.3816
Chr2	28062133	indel	84	50	0.399	0.3076	0.5952	0.24	-0.3552
Chr2	28066878	snp	53	41	0.4188	0.3267	0.6792	0.2927	-0.3866
Chr2	28066942	snp	37	32	0.4569	0.3446	0.6216	0.2188	-0.4029
Chr2	28067817	snp	31	31	0.4516	0.3548	0.5806	0.1613	-0.4194
Chr2	28067864	indel	47	17	0.4668	0.3605	0.8511	0.2941	-0.5569
Chr2	28067871	indel	38	16	0.4967	0.3816	0.8684	0.375	-0.4934
Chr2	28067872	indel	37	15	0.5045	0.3946	1.0	0.3333	-0.6667
Chr2	28067879	snp	40	20	0.475	0.375	0.825	0.35	-0.475
Chr2	28067990	snp	58	62	0.4038	0.3037	0.431	0.1129	-0.3181
Chr2	28069739	snp	103	97	0.3679	0.2806	0.5825	0.2784	-0.3042
Chr2	28070844	snp	70	84	0.3952	0.3024	0.5714	0.2619	-0.3095
Chr2	28070955	snp	60	68	0.4147	0.3118	0.8333	0.4412	-0.3922
Chr2	28071241	snp	86	90	0.392	0.2915	0.6163	0.3	-0.3163
Chr2	28071574	snp	105	87	0.3639	0.2874	0.6381	0.3448	-0.2933
Chr2	28072128	snp	70	56	0.4	0.3036	0.5571	0.1964	-0.3607
Chr2	28076043	snp	74	61	0.3941	0.2975	0.6351	0.3115	-0.3237
Chr2	28079536	snp	102	82	0.3757	0.2929	0.7647	0.4024	-0.3623
Chr2	28079724	snp	56	35	0.4107	0.325	0.875	0.5143	-0.3607
Chr2	28080871	snp	42	40	0.4155	0.3179	0.7143	0.375	-0.3393
Chr2	28081704	snp	96	73	0.3823	0.293	0.7188	0.411	-0.3078
Chr2	28081864	snp	58	45	0.4008	0.3123	0.8621	0.5333	-0.3287
Chr2	28081879	snp	60	59	0.4099	0.3102	0.8	0.4237	-0.3763
Chr2	28085177	snp	110	119	0.3687	0.28	0.5636	0.2521	-0.3115
Chr2	28085608	snp	73	38	0.407	0.3154	0.6438	0.3158	-0.328
Chr2	28090317	snp	79	63	0.3946	0.3026	0.5949	0.2381	-0.3568
Chr2	28091648	snp	85	100	0.3718	0.2859	0.5882	0.28	-0.3082
Chr2	28092602	snp	79	47	0.3938	0.3092	0.6835	0.3191	-0.3644
Chr2	28093922	snp	37	54	0.4219	0.3238	0.8378	0.463	-0.3749
Chr2	28095058	snp	75	55	0.3976	0.297	0.7067	0.4	-0.3067
Chr2	28097078	indel	62	88	0.3878	0.3043	0.5484	0.2386	-0.3098
Chr2	28097236	snp	70	89	0.3966	0.2997	0.6429	0.3371	-0.3058
Chr2	28098486	snp	24	47	0.4734	0.3484	0.5833	0.234	-0.3493
Chr2	28099361	indel	56	54	0.4167	0.3075	0.8214	0.4259	-0.3955
Chr2	28099366	snp	53	51	0.404	0.3111	0.8302	0.4314	-0.3988
Chr2	28100379	snp	57	43	0.4117	0.3125	0.6316	0.2791	-0.3525
Chr2	28102067	snp	91	89	0.3792	0.289	0.6154	0.2472	-0.3682
Chr2	28102578	snp	64	49	0.4161	0.3128	0.8438	0.5306	-0.3131
Chr2	28102603	snp	71	58	0.4065	0.2982	0.831	0.5	-0.331
Chr2	28104470	snp	67	79	0.3837	0.2942	0.5672	0.2658	-0.3013
Chr2	28105337	indel	70	57	0.3965	0.3018	0.6429	0.2982	-0.3446
Chr2	28105980	snp	61	54	0.3922	0.3139	0.7705	0.4074	-0.3631
Chr2	28105986	indel	63	60	0.4008	0.3032	0.7619	0.3667	-0.3952
Chr2	28106958	snp	88	74	0.371	0.2942	0.6023	0.2838	-0.3185
Chr2	28109394	snp	105	65	0.3839	0.296	0.6286	0.2462	-0.3824
Chr2	28112259	snp	72	82	0.3865	0.3008	0.7361	0.378	-0.3581
Chr2	28112318	snp	72	88	0.3876	0.2917	0.75	0.3409	-0.4091
Chr2	28114006	snp	86	79	0.3781	0.2875	0.5814	0.2911	-0.2903
Chr2	28114202	snp	58	43	0.4166	0.3228	0.8966	0.4651	-0.4314
Chr2	28115362	snp	95	80	0.3737	0.2882	0.6105	0.225	-0.3855
Chr2	28115552	snp	126	74	0.3938	0.293	0.5794	0.2703	-0.3091
Chr2	28117222	snp	86	72	0.376	0.2923	0.6628	0.3472	-0.3156
Chr2	28137079	snp	120	68	0.3755	0.2848	0.6583	0.2794	-0.3789
Chr2	28152746	snp	74	56	0.4044	0.3055	0.6081	0.2321	-0.376
Chr2	28155880	snp	59	62	0.3997	0.307	0.678	0.2742	-0.4038
Chr2	28185161	snp	67	34	0.4192	0.3187	0.5821	0.2353	-0.3468
Chr2	28208722	snp	89	64	0.4017	0.3021	0.5281	0.2031	-0.325
Chr2	28209089	indel	70	51	0.4095	0.3098	0.8143	0.4902	-0.3241
Chr2	28209257	snp	84	41	0.3961	0.3049	0.7857	0.4634	-0.3223
Chr2	28209315	snp	90	47	0.4002	0.3021	0.6667	0.3617	-0.305
Chr2	28209529	snp	72	44	0.4015	0.3106	0.8194	0.4091	-0.4104
Chr2	28209537	snp	71	38	0.4129	0.3217	0.8169	0.3947	-0.4222
Chr2	28209685	snp	64	60	0.3865	0.3052	0.7031	0.35	-0.3531
Chr2	28210158	snp	52	43	0.4092	0.3202	0.7692	0.4419	-0.3274
Chr2	28227518	snp	60	53	0.3981	0.3082	0.8167	0.4906	-0.3261
Chr2	28231302	snp	89	70	0.3966	0.2997	0.618	0.3143	-0.3037
Chr2	28235596	indel	71	47	0.4064	0.3141	0.6761	0.3404	-0.3356
Chr2	28235616	snp	59	42	0.4189	0.3208	0.7458	0.4048	-0.341
Chr2	28237722	snp	64	34	0.4292	0.329	0.7344	0.3824	-0.352
Chr2	28255885	snp	59	57	0.3967	0.309	0.7627	0.4035	-0.3592
Chr2	28255918	snp	58	54	0.4183	0.3123	0.7586	0.4259	-0.3327
Chr2	28258375	snp	69	60	0.3971	0.3058	0.6232	0.3167	-0.3065
Chr2	28258544	snp	64	38	0.4145	0.3191	0.6094	0.1842	-0.4252
Chr2	28278716	snp	64	61	0.397	0.2979	0.5469	0.2295	-0.3174
Chr2	28307481	snp	93	83	0.3723	0.288	0.6237	0.2892	-0.3345
Chr2	28321315	indel	72	52	0.406	0.3109	0.6806	0.2308	-0.4498
Chr2	28321939	snp	69	37	0.3964	0.3153	0.7391	0.3784	-0.3608
Chr2	28322111	snp	73	86	0.3818	0.2942	0.6301	0.3023	-0.3278
Chr2	28329515	snp	56	45	0.4206	0.323	0.7143	0.3778	-0.3365
Chr2	28330604	snp	82	70	0.385	0.2972	0.6341	0.3286	-0.3056
Chr2	28337505	indel	95	70	0.3774	0.2955	0.6421	0.3429	-0.2992
Chr2	28338276	snp	43	25	0.4577	0.3442	0.7907	0.4	-0.3907
Chr2	28339499	snp	86	74	0.3796	0.2901	0.6279	0.2703	-0.3576
Chr2	28341264	indel	54	47	0.4058	0.3105	0.7593	0.4043	-0.355
Chr2	28341973	snp	59	58	0.4173	0.3162	0.7119	0.2586	-0.4532
Chr2	28342503	snp	46	48	0.4058	0.317	0.5652	0.2083	-0.3569
Chr2	28342690	snp	76	50	0.4026	0.3053	0.5921	0.24	-0.3521
Chr2	28345572	snp	84	73	0.3891	0.2921	0.6786	0.3288	-0.3498
Chr2	28347508	snp	60	70	0.3905	0.3048	0.6833	0.2714	-0.4119
Chr2	28350632	snp	119	76	0.3791	0.2907	0.6218	0.3026	-0.3192
Chr2	28352453	snp	41	37	0.437	0.3316	0.8293	0.3514	-0.4779
Chr2	28389207	snp	98	85	0.3691	0.2797	0.5816	0.1765	-0.4052
Chr2	28404533	snp	39	54	0.4217	0.3248	0.3846	0.0556	-0.3291
Chr2	28407656	snp	95	66	0.3963	0.3021	0.6211	0.303	-0.318
Chr2	28423941	snp	53	56	0.3976	0.3063	0.8113	0.3393	-0.472
Chr2	28467901	snp	49	38	0.4248	0.3287	0.8367	0.5	-0.3367
Chr2	28529243	indel	29	27	0.4674	0.3563	0.6897	0.3333	-0.3563
Chr2	28568563	snp	77	63	0.3939	0.3045	0.6883	0.3016	-0.3867
Chr2	28569745	indel	62	54	0.3996	0.2933	0.8871	0.4815	-0.4056
Chr2	28569763	snp	59	46	0.4053	0.3084	0.8136	0.3478	-0.4657
Chr2	28569787	snp	64	58	0.4009	0.3098	0.7344	0.3966	-0.3378
Chr2	28571763	snp	81	80	0.379	0.291	0.5679	0.225	-0.3429
Chr2	28585220	snp	64	78	0.3914	0.3017	0.6562	0.3205	-0.3357
Chr2	28588873	snp	78	48	0.4183	0.3109	0.7564	0.3958	-0.3606
Chr2	28591485	snp	58	49	0.4085	0.3146	0.7931	0.4694	-0.3237
Chr2	28594932	snp	48	43	0.4157	0.3154	0.6667	0.3488	-0.3178
Chr2	28600230	snp	45	39	0.4291	0.3265	0.8	0.4359	-0.3641
Chr2	28600278	indel	65	40	0.4135	0.3154	0.8154	0.475	-0.3404
Chr2	28600297	snp	61	39	0.4136	0.3203	0.8197	0.4872	-0.3325
Chr2	28609578	snp	60	59	0.4099	0.3102	0.7	0.3559	-0.3441
Chr2	28610330	snp	64	65	0.3954	0.3017	0.6562	0.3538	-0.3024
Chr2	28617412	indel	72	81	0.3889	0.2978	0.6667	0.3086	-0.358
Chr2	28618390	snp	54	54	0.3889	0.2963	0.5185	0.2222	-0.2963
Chr2	28622796	snp	73	72	0.3662	0.2953	0.6986	0.3611	-0.3375
Chr2	28629208	indel	30	31	0.4441	0.3452	0.4667	0.0968	-0.3699
Chr2	28630293	snp	96	66	0.3807	0.2917	0.5833	0.2727	-0.3106
Chr2	28630388	snp	87	58	0.3966	0.2989	0.7586	0.4138	-0.3448
Chr2	28630465	snp	79	65	0.384	0.298	0.7848	0.4615	-0.3233
Chr2	28632406	indel	56	49	0.4107	0.3163	0.7321	0.3878	-0.3444
Chr2	28632432	snp	71	45	0.4094	0.3152	0.6761	0.3333	-0.3427
Chr2	28633310	snp	55	47	0.4085	0.311	0.8909	0.5319	-0.359
Chr2	28641156	snp	75	30	0.4133	0.32	0.7067	0.3667	-0.34
Chr2	28641207	snp	63	35	0.419	0.3206	0.7143	0.2286	-0.4857
Chr2	28651843	snp	74	67	0.3971	0.2975	0.5811	0.2836	-0.2975
Chr2	28652526	snp	58	71	0.4065	0.2982	0.6207	0.2113	-0.4094
Chr2	28653016	indel	97	89	0.3714	0.289	0.6186	0.3146	-0.3039
Chr2	28657064	snp	40	43	0.4244	0.3262	0.9	0.5349	-0.3651
Chr2	28657069	snp	42	43	0.4324	0.3383	0.881	0.5116	-0.3693
Chr2	28659158	indel	70	48	0.4071	0.3131	0.5571	0.1667	-0.3905
Chr2	28662791	snp	59	56	0.3977	0.3057	0.7797	0.4464	-0.3332
Chr2	28662865	indel	74	70	0.3973	0.3012	0.7568	0.4	-0.3568
Chr2	28667614	snp	66	54	0.404	0.3098	0.7576	0.4444	-0.3131
Chr2	28667621	snp	61	51	0.3941	0.3124	0.8197	0.4902	-0.3295
Chr2	28668082	snp	77	55	0.4	0.3013	0.6753	0.2727	-0.4026
Chr2	28700710	snp	73	74	0.3886	0.2942	0.6986	0.3649	-0.3338
Chr2	28706958	snp	71	78	0.3875	0.294	0.6479	0.2692	-0.3787
Chr2	28728406	snp	80	79	0.3837	0.2953	0.7	0.3797	-0.3203
Chr2	28769702	snp	67	42	0.4126	0.323	0.5373	0.119	-0.4183
Chr2	28769774	snp	88	61	0.3778	0.2958	0.625	0.2623	-0.3627
Chr2	28773440	indel	39	34	0.4351	0.3394	0.4615	0.1176	-0.3439
Chr2	28773830	snp	51	33	0.4314	0.3351	0.6078	0.2121	-0.3957
Chr2	28773874	indel	75	44	0.4112	0.3139	0.7733	0.2955	-0.4779
Chr2	28798691	snp	58	44	0.3997	0.3143	0.7931	0.4773	-0.3158
Chr2	28808724	snp	62	38	0.4244	0.3192	0.7742	0.4474	-0.3268
Chr2	28927117	indel	44	43	0.4239	0.3319	0.6591	0.3256	-0.3335
Chr2	28961113	snp	82	78	0.3837	0.2983	0.5976	0.2692	-0.3283
Chr2	29020821	snp	75	52	0.3872	0.3013	0.8133	0.4423	-0.371
Chr2	29038643	snp	69	73	0.3919	0.3081	0.7101	0.3973	-0.3129
Chr2	29040257	snp	60	53	0.3981	0.3082	0.7667	0.4151	-0.3516
Chr2	29045069	snp	60	52	0.4064	0.3051	0.7	0.3462	-0.3538
Chr2	29056500	indel	73	79	0.3865	0.2956	0.726	0.4177	-0.3083
Chr2	29056501	snp	72	80	0.4	0.3042	0.6667	0.3375	-0.3292
Chr2	29167031	indel	78	66	0.3939	0.3007	0.6282	0.2879	-0.3403
Chr2	29198461	indel	58	72	0.3803	0.3051	0.8276	0.5	-0.3276
Chr2	29214524	snp	64	42	0.4107	0.3177	0.7031	0.3333	-0.3698
Chr2	29273654	snp	86	83	0.3853	0.291	0.5581	0.253	-0.3051
Chr2	29276741	snp	90	67	0.3706	0.297	0.5667	0.2537	-0.3129
Chr2	29283143	snp	80	88	0.3841	0.2943	0.6125	0.25	-0.3625
Chr2	29314572	indel	52	52	0.4038	0.3269	0.7308	0.4038	-0.3269
Chr2	29320670	snp	58	53	0.4239	0.3155	0.7069	0.3585	-0.3484
Chr2	29326563	snp	90	89	0.3747	0.2959	0.6667	0.3596	-0.3071
Chr2	29329910	snp	52	46	0.4172	0.3253	0.8269	0.5	-0.3269
Chr2	29329940	indel	47	45	0.4142	0.3225	0.8298	0.4667	-0.3631
Chr2	29338701	snp	66	75	0.38	0.3024	0.6515	0.28	-0.3715
Chr2	29367250	snp	48	48	0.3958	0.3125	0.7708	0.4583	-0.3125
Chr2	29401953	snp	112	62	0.3865	0.2935	0.5446	0.2419	-0.3027
Chr2	29439966	snp	48	43	0.4157	0.3154	0.6458	0.3256	-0.3203
Chr2	29443261	snp	40	34	0.4279	0.3309	0.725	0.2059	-0.5191
Chr2	29462932	snp	75	80	0.3733	0.2917	0.6667	0.3625	-0.3042
Chr2	29574190	snp	83	64	0.3934	0.302	0.6988	0.3906	-0.3082
Chr2	29574258	snp	69	40	0.4062	0.3101	0.7826	0.45	-0.3326
Chr2	29574356	snp	74	56	0.4044	0.3055	0.7027	0.2679	-0.4348
Chr2	29576243	snp	87	44	0.3942	0.3036	0.5632	0.2045	-0.3587
Chr2	29590922	snp	51	40	0.4221	0.3255	0.902	0.575	-0.327
Chr2	29590923	snp	51	40	0.4221	0.3255	0.902	0.55	-0.352
Chr2	29590954	indel	67	61	0.4035	0.3066	0.7612	0.4098	-0.3514
Chr2	29628295	snp	82	67	0.3844	0.2949	0.5976	0.2537	-0.3438
Chr2	29666823	indel	55	50	0.4091	0.3164	0.6727	0.32	-0.3527
Chr2	29677613	snp	55	36	0.4111	0.3222	0.7273	0.3611	-0.3662
Chr2	29694239	snp	46	38	0.4142	0.3238	0.7826	0.4474	-0.3352
Chr2	29695077	snp	54	88	0.4036	0.3043	0.6481	0.2955	-0.3527
Chr2	29705938	snp	77	65	0.396	0.2955	0.7532	0.4	-0.3532
Chr2	29717927	indel	111	101	0.3742	0.2912	0.4955	0.1881	-0.3074
Chr2	29719901	snp	51	41	0.4127	0.3152	0.6078	0.2927	-0.3152
Chr2	29720968	snp	53	47	0.4095	0.3107	0.8868	0.5106	-0.3762
Chr2	29749068	snp	66	50	0.3879	0.3073	0.6061	0.26	-0.3461
Chr2	29866620	snp	76	62	0.3867	0.2992	0.7237	0.3871	-0.3366
Chr2	29866780	snp	46	47	0.3996	0.3122	0.8696	0.4894	-0.3802
Chr2	29889146	snp	73	61	0.3955	0.2998	0.5479	0.2295	-0.3184
Chr2	29896173	snp	55	52	0.4024	0.3094	0.8182	0.4808	-0.3374
Chr2	29896869	indel	59	43	0.4218	0.3205	0.661	0.3256	-0.3354
Chr2	29924981	snp	79	83	0.3793	0.2931	0.5949	0.3012	-0.2937
Chr2	30244886	snp	81	67	0.3805	0.2967	0.6296	0.2836	-0.346
Chr2	30267304	snp	68	38	0.4187	0.3166	0.6029	0.2632	-0.3398
Chr2	30267521	snp	58	40	0.4207	0.3207	0.6207	0.3	-0.3207
Chr2	30621434	indel	49	60	0.4014	0.3068	0.7551	0.35	-0.4051
Chr2	30699416	indel	57	75	0.3902	0.2968	0.4912	0.1333	-0.3579
Chr2	30713256	snp	65	44	0.4329	0.3133	0.4769	0.1364	-0.3406
Chr2	30734958	snp	67	46	0.4108	0.3076	0.7015	0.2826	-0.4189
Chr2	30734975	indel	69	48	0.3913	0.3062	0.6522	0.25	-0.4022
Chr2	30734999	snp	64	47	0.4036	0.3102	0.6719	0.2553	-0.4166
Chr2	30785983	snp	60	36	0.4278	0.3333	0.6833	0.3333	-0.35
Chr2	30802676	snp	54	53	0.4196	0.3113	0.7593	0.3396	-0.4196
Chr2	30848629	snp	50	73	0.3901	0.3068	0.56	0.2466	-0.3134
Chr2	30931896	snp	56	50	0.405	0.3143	0.3571	0.04	-0.3171
Chr2	30944479	snp	47	33	0.4294	0.3295	0.8511	0.4848	-0.3662
Chr2	30944480	snp	49	38	0.4248	0.3287	0.8571	0.4737	-0.3835
Chr2	30946653	snp	47	39	0.4157	0.3262	0.7872	0.359	-0.4283
Chr2	30996915	snp	83	76	0.3776	0.2953	0.5904	0.2895	-0.3009
Chr2	31234879	snp	74	46	0.3907	0.3067	0.4865	0.1087	-0.3778
Chr2	31269075	indel	48	39	0.4103	0.3189	0.9167	0.5897	-0.3269
Chr2	31269107	snp	68	53	0.4062	0.3094	0.75	0.3962	-0.3538
Chr2	31272614	snp	56	57	0.4154	0.3108	0.7679	0.4561	-0.3117
Chr2	31277048	snp	63	51	0.4071	0.3119	0.6984	0.3137	-0.3847
Chr2	31453297	indel	46	32	0.4266	0.3302	0.4565	0.0938	-0.3628
Chr2	31619809	snp	70	58	0.3808	0.3059	0.6429	0.3276	-0.3153
Chr2	31622158	snp	48	16	0.4792	0.375	0.6667	0.125	-0.5417
Chr2	32123438	snp	49	39	0.4218	0.3349	0.7143	0.359	-0.3553
Chr2	32123452	indel	50	45	0.4133	0.3267	0.68	0.3333	-0.3467
Chr2	32197335	snp	72	53	0.3954	0.3032	0.5972	0.2642	-0.3331
Chr2	32279649	snp	76	87	0.3852	0.2999	0.5921	0.2874	-0.3047
Chr2	32279708	indel	62	81	0.402	0.2995	0.7258	0.3086	-0.4172
Chr2	32282292	snp	60	71	0.3939	0.2939	0.55	0.2394	-0.3106
Chr2	32294660	snp	60	62	0.3968	0.3086	0.5833	0.2419	-0.3414
Chr2	32404086	snp	24	33	0.4773	0.3674	0.625	0.2424	-0.3826
Chr2	32561957	indel	17	8	0.6324	0.5074	1.0	0.25	-0.75
Chr2	32561960	indel	20	9	0.5889	0.4667	0.85	0.1111	-0.7389
Chr2	32792666	snp	43	28	0.4477	0.3389	0.6279	0.2857	-0.3422
Chr2	32794319	snp	70	42	0.4143	0.3143	0.6	0.1667	-0.4333
Chr2	32996590	snp	86	77	0.3798	0.2908	0.5814	0.2727	-0.3087
Chr2	33242857	snp	25	20	0.48	0.38	0.64	0.25	-0.39
Chr2	33298728	snp	47	43	0.4231	0.3261	0.7234	0.3953	-0.3281
Chr2	33376710	snp	43	62	0.407	0.314	0.5581	0.1935	-0.3646
Chr2	33427431	indel	61	75	0.3921	0.3019	0.6885	0.3733	-0.3152
Chr2	33451123	snp	53	32	0.4163	0.3284	0.7358	0.4062	-0.3296
Chr2	33472986	snp	73	39	0.4064	0.3123	0.726	0.4103	-0.3158
Chr2	33473905	snp	53	53	0.3962	0.3208	0.5472	0.2075	-0.3396
Chr2	33474355	snp	44	36	0.4394	0.3359	0.4545	0.1111	-0.3434
Chr2	33478040	snp	30	29	0.4575	0.3563	0.6667	0.2069	-0.4598
Chr2	33478699	snp	46	27	0.4388	0.343	0.8478	0.4074	-0.4404
Chr2	33482989	snp	72	55	0.4109	0.3106	0.4583	0.1455	-0.3129
Chr2	33488251	snp	34	37	0.4428	0.3426	0.7941	0.2703	-0.5238
Chr2	33488321	snp	33	39	0.4242	0.3333	0.7273	0.2308	-0.4965
Chr2	33489472	snp	48	35	0.4065	0.3161	0.5833	0.1714	-0.4119
Chr2	33490120	snp	90	91	0.3698	0.2921	0.4444	0.1209	-0.3236
Chr2	33490835	snp	45	47	0.4142	0.3225	0.6889	0.3404	-0.3485
Chr2	33499015	indel	76	101	0.3868	0.2884	0.4474	0.1287	-0.3187
Chr2	33499030	snp	74	91	0.3891	0.292	0.5	0.1319	-0.3681
Chr2	33499444	snp	51	47	0.4113	0.3179	0.549	0.1702	-0.3788
Chr2	33500128	snp	38	44	0.4258	0.3313	0.6316	0.2045	-0.427
Chr2	33502331	snp	67	49	0.4237	0.3177	0.5522	0.2245	-0.3277
Chr2	33502538	snp	56	48	0.4196	0.3155	0.5357	0.1875	-0.3482
Chr2	33502555	snp	56	48	0.4196	0.3155	0.5179	0.1875	-0.3304
Chr2	33504657	snp	34	19	0.4721	0.3669	0.6765	0.2632	-0.4133
Chr2	33505277	indel	35	31	0.4488	0.3456	0.5143	0.871	0.3567
Chr2	33505538	snp	28	28	0.4643	0.3571	0.6071	0.2143	-0.3929
Chr2	33506097	snp	37	36	0.4279	0.3408	0.7027	0.3056	-0.3971
Chr2	33506176	indel	26	30	0.4744	0.359	0.7308	0.3	-0.4308
Chr2	33507170	snp	32	30	0.475	0.3563	0.4062	0.0333	-0.3729
Chr2	33507603	snp	34	39	0.4351	0.3394	0.6765	0.3077	-0.3688
Chr2	33512265	snp	34	20	0.4824	0.3676	0.8529	0.35	-0.5029
Chr2	33514602	snp	35	20	0.4857	0.3643	0.8286	0.45	-0.3786
Chr2	33517397	indel	32	25	0.4562	0.3588	0.5	0.12	-0.38
Chr2	33519926	indel	28	34	0.4622	0.3487	1.0	0.5882	-0.4118
Chr2	33521394	indel	76	79	0.3931	0.2923	0.3947	0.0886	-0.3061
Chr2	33553215	snp	31	27	0.4636	0.3584	0.4839	0.1111	-0.3728
Chr2	33553310	snp	43	27	0.4479	0.3454	0.5814	0.2222	-0.3592
Chr2	33553689	snp	48	33	0.4261	0.3314	0.625	0.1818	-0.4432
Chr2	33553693	snp	46	30	0.4507	0.342	0.6304	0.2	-0.4304
Chr2	33558867	indel	86	93	0.3742	0.2884	0.407	0.1183	-0.2887
Chr2	33560715	snp	35	18	0.4651	0.3778	0.7143	0.2778	-0.4365
Chr2	33561528	snp	54	26	0.4345	0.339	0.5741	0.1923	-0.3818
Chr2	33563473	snp	55	44	0.4	0.3182	0.6182	0.2727	-0.3455
Chr2	33563598	snp	43	38	0.4406	0.3293	0.6512	0.3158	-0.3354
Chr2	33564038	snp	38	23	0.4497	0.3535	0.7105	0.3043	-0.4062
Chr2	33565764	indel	65	43	0.414	0.3134	0.6	0.2326	-0.3674
Chr2	33568757	snp	31	29	0.4638	0.356	0.6774	0.2414	-0.436
Chr2	33573942	snp	32	39	0.4423	0.3429	0.6562	0.2821	-0.3742
Chr2	33575455	snp	38	36	0.4327	0.3289	0.5526	0.1389	-0.4137
Chr2	33576474	snp	42	27	0.4444	0.3439	0.6429	0.2963	-0.3466
Chr2	33577967	snp	37	27	0.4535	0.3524	0.7027	0.3333	-0.3694
Chr2	33578520	snp	63	44	0.4145	0.3193	0.6032	0.2273	-0.3759
Chr2	33578546	snp	52	40	0.4173	0.3212	0.6731	0.225	-0.4481
Chr2	33583525	snp	33	50	0.4382	0.3267	0.4242	0.08	-0.3442
Chr2	33588642	snp	43	45	0.4088	0.3178	0.6512	0.2889	-0.3623
Chr2	33598579	snp	58	33	0.43	0.3307	0.6034	0.2727	-0.3307
Chr2	33598803	snp	54	34	0.4281	0.3312	0.537	0.2059	-0.3312
Chr2	33599118	snp	83	71	0.3772	0.2985	0.3735	0.0704	-0.3031
Chr2	33599138	indel	101	82	0.376	0.2883	0.4257	0.0976	-0.3282
Chr2	33599997	snp	43	24	0.4564	0.3508	0.6977	0.25	-0.4477
Chr2	33600006	snp	40	20	0.475	0.375	0.725	0.3	-0.425
Chr2	33602239	indel	48	29	0.4325	0.342	0.4375	0.069	-0.3685
Chr2	33602258	snp	42	36	0.4444	0.3333	0.4524	0.0556	-0.3968
Chr2	33602428	snp	26	14	0.522	0.4066	0.6923	0.2857	-0.4066
Chr2	33605937	snp	48	40	0.4375	0.3333	0.75	0.35	-0.4
Chr2	33615633	indel	35	29	0.4384	0.3409	0.7143	0.1724	-0.5419
Chr2	33617189	snp	50	47	0.426	0.3234	0.56	0.234	-0.326
Chr2	33617579	snp	45	52	0.4021	0.3115	0.5778	0.1923	-0.3855
Chr2	33618920	snp	72	61	0.4005	0.301	0.4861	0.1311	-0.355
Chr2	33619000	snp	64	50	0.405	0.3181	0.4531	0.1	-0.3531
Chr2	33619392	indel	46	60	0.4043	0.3101	0.5	0.1833	-0.3167
Chr2	33621823	indel	29	19	0.4955	0.3739	0.8276	0.4211	-0.4065
Chr2	33621830	snp	31	19	0.4907	0.3735	0.7742	0.3158	-0.4584
Chr2	33625353	snp	40	21	0.4798	0.3619	0.875	0.4762	-0.3988
Chr2	33625608	indel	52	34	0.4389	0.3303	0.5962	0.2059	-0.3903
Chr2	33625616	snp	52	33	0.4196	0.3287	0.5962	0.1818	-0.4143
Chr2	33625759	snp	54	53	0.4196	0.3113	0.5741	0.2264	-0.3477
Chr2	33628818	snp	61	49	0.4108	0.3128	0.7705	0.3265	-0.444
Chr2	33628959	snp	49	38	0.4248	0.3287	0.6735	0.3421	-0.3314
Chr2	33629079	snp	52	48	0.4038	0.3157	0.6346	0.2708	-0.3638
Chr2	33629423	snp	44	26	0.4493	0.3462	0.7045	0.3462	-0.3584
Chr2	33630548	snp	54	50	0.4007	0.3111	0.5185	0.18	-0.3385
Chr2	33631147	snp	41	31	0.4343	0.3352	0.5854	0.2258	-0.3596
Chr2	33631394	indel	56	34	0.4097	0.3204	0.4643	0.0588	-0.4055
Chr2	33631503	snp	41	21	0.4483	0.3519	0.4878	0.0476	-0.4402
Chr2	33631859	snp	82	57	0.3945	0.3032	0.4878	0.1579	-0.3299
Chr2	33632133	snp	69	71	0.3874	0.2997	0.4638	0.1549	-0.3088
Chr2	33632202	snp	48	35	0.4065	0.3161	0.6875	0.3143	-0.3732
Chr2	33632221	snp	54	41	0.4101	0.3144	0.6296	0.2927	-0.3369
Chr2	33632663	snp	47	45	0.4142	0.3225	0.7021	0.2667	-0.4355
Chr2	33640084	snp	28	23	0.4689	0.3665	0.5357	0.0435	-0.4922
Chr2	33650051	snp	44	35	0.4364	0.3331	0.7045	0.2857	-0.4188
Chr2	33653446	snp	39	25	0.4523	0.3497	0.4872	0.08	-0.4072
Chr2	33655321	snp	60	75	0.3967	0.3	0.4	0.0933	-0.3067
Chr2	33655546	snp	45	27	0.4296	0.3333	0.7778	0.4074	-0.3704
Chr2	33730163	snp	29	42	0.4384	0.335	0.7241	0.3095	-0.4146
Chr2	33734199	snp	56	33	0.4167	0.322	0.5357	0.1515	-0.3842
Chr2	33746160	snp	33	23	0.4796	0.3623	0.7576	0.3913	-0.3663
Chr2	33746489	snp	83	79	0.3793	0.2931	0.4337	0.1392	-0.2945
Chr2	33751755	snp	37	31	0.4499	0.3479	0.7568	0.3226	-0.4342
Chr2	33754096	snp	43	48	0.4157	0.3154	0.6047	0.2292	-0.3755
Chr2	33754105	snp	45	48	0.4153	0.3181	0.6222	0.2083	-0.4139
Chr2	33763149	snp	56	51	0.4114	0.3165	0.625	0.2353	-0.3897
Chr2	33766215	snp	84	69	0.3799	0.295	0.4405	0.1304	-0.31
Chr2	33771972	snp	86	72	0.376	0.2923	0.4186	0.125	-0.2936
Chr2	33775264	indel	93	62	0.3871	0.2903	0.4301	0.1129	-0.3172
Chr2	33779178	snp	58	57	0.3911	0.3043	0.5172	0.193	-0.3243
Chr2	33779234	snp	56	40	0.4071	0.3214	0.4821	0.15	-0.3321
Chr2	33783365	snp	30	20	0.4833	0.3667	0.8667	0.5	-0.3667
Chr2	33793185	indel	36	34	0.4395	0.3448	0.7222	0.3529	-0.3693
Chr2	33800042	snp	29	42	0.4384	0.335	0.6897	0.2381	-0.4516
Chr2	33800629	snp	34	31	0.4421	0.3454	0.7941	0.3226	-0.4715
Chr2	33800697	indel	49	63	0.415	0.3197	0.5306	0.2063	-0.3243
Chr2	33813259	snp	37	21	0.4852	0.3629	0.7027	0.2857	-0.417
Chr2	33815212	snp	30	24	0.4667	0.3667	0.6667	0.2917	-0.375
Chr2	33815395	snp	46	42	0.4182	0.3271	0.5652	0.2143	-0.3509
Chr2	33821108	snp	58	38	0.4111	0.3212	0.4483	0.0526	-0.3956
Chr2	33825155	snp	43	21	0.4396	0.3444	0.6512	0.2857	-0.3654
Chr2	33826282	snp	53	53	0.3962	0.3208	0.8302	0.3585	-0.4717
Chr2	33850872	indel	60	57	0.3868	0.3096	0.45	0.1404	-0.3096
Chr2	33865450	snp	51	55	0.3954	0.3184	0.4902	0.1636	-0.3266
Chr2	33866094	snp	38	35	0.4316	0.3391	0.8158	0.3429	-0.4729
Chr2	33866132	snp	26	23	0.49	0.3829	0.8846	0.4783	-0.4064
Chr2	33866373	snp	58	50	0.4014	0.3117	0.569	0.24	-0.329
Chr2	33866690	snp	74	60	0.4018	0.3	0.473	0.15	-0.323
Chr2	33867200	snp	69	56	0.4032	0.3072	0.4203	0.1071	-0.3131
Chr2	33867273	snp	58	64	0.4009	0.3098	0.4655	0.125	-0.3405
Chr2	33867802	snp	66	72	0.3914	0.2955	0.4848	0.1389	-0.346
Chr2	33868138	indel	58	20	0.4724	0.3569	0.7586	0.3	-0.4586
Chr2	33869608	snp	51	34	0.4118	0.3235	0.7451	0.2941	-0.451
Chr2	33869716	snp	40	23	0.4576	0.3576	0.825	0.4348	-0.3902
Chr2	33870203	snp	74	77	0.3807	0.2948	0.4595	0.1429	-0.3166
Chr2	33871210	snp	98	106	0.3731	0.2874	0.4286	0.1321	-0.2965
Chr2	33876857	snp	37	27	0.4535	0.3524	0.7297	0.3704	-0.3594
Chr2	33876937	snp	28	13	0.5137	0.4121	0.8571	0.2308	-0.6264
Chr2	33882601	snp	51	34	0.4118	0.3235	0.6667	0.2647	-0.402
Chr2	33884722	snp	98	85	0.3691	0.2797	0.4184	0.1059	-0.3125
Chr2	33886011	snp	47	29	0.4505	0.3412	0.7234	0.3448	-0.3786
Chr2	33886077	snp	34	22	0.4759	0.361	0.8235	0.3636	-0.4599
Chr2	33886393	snp	49	32	0.4235	0.338	0.7959	0.2188	-0.5772
Chr2	33886423	snp	57	42	0.416	0.317	0.6491	0.2381	-0.411
Chr2	33893595	snp	81	55	0.3836	0.2972	0.4444	0.0727	-0.3717
Chr2	33893700	snp	56	33	0.4167	0.322	0.6429	0.1818	-0.461
Chr2	33894228	snp	45	30	0.4444	0.3444	0.6444	0.3	-0.3444
Chr2	33895154	snp	26	30	0.4744	0.359	0.6538	0.2333	-0.4205
Chr2	33899716	snp	42	39	0.4267	0.3352	0.619	0.2821	-0.337
Chr2	33900156	snp	33	43	0.4412	0.3432	0.6061	0.2326	-0.3735
Chr2	33917811	indel	73	81	0.3749	0.2982	0.411	0.1111	-0.2998
Chr2	33918520	snp	58	33	0.43	0.3307	0.3793	0.0303	-0.349
Chr2	33926656	snp	37	36	0.4279	0.3408	0.5676	0.2222	-0.3453
Chr2	33928440	snp	59	32	0.428	0.3289	0.4915	0.1562	-0.3353
Chr2	33929975	snp	55	39	0.4089	0.3179	0.6182	0.2821	-0.3361
Chr2	33930961	snp	39	34	0.4351	0.3394	0.641	0.2941	-0.3469
Chr2	33936902	snp	50	21	0.4543	0.3619	0.58	0.1905	-0.3895
Chr2	33937711	snp	58	50	0.4014	0.3117	0.5862	0.18	-0.4062
Chr2	33937983	snp	43	53	0.4103	0.3247	0.6512	0.2453	-0.4059
Chr2	33973788	snp	35	45	0.4349	0.3302	0.6286	0.2667	-0.3619
Chr2	33974207	indel	47	29	0.4505	0.3412	0.617	0.1724	-0.4446
Chr2	33987739	snp	51	49	0.4218	0.3205	0.4706	0.1224	-0.3481
Chr2	33989557	snp	44	53	0.4181	0.3195	0.6364	0.1698	-0.4666
Chr2	33990209	snp	45	24	0.4528	0.3417	0.7333	0.375	-0.3583
Chr2	33990318	snp	42	23	0.4534	0.3468	0.6429	0.2609	-0.382
Chr2	34005159	snp	72	68	0.3848	0.2998	0.4583	0.1471	-0.3113
Chr2	34006293	snp	45	40	0.4139	0.3333	0.6889	0.225	-0.4639
Chr2	34006422	snp	56	51	0.4114	0.3165	0.6071	0.2549	-0.3522
Chr2	34006450	snp	59	51	0.3981	0.3081	0.5932	0.2353	-0.3579
Chr2	34006756	snp	70	70	0.3857	0.3	0.5	0.1429	-0.3571
Chr2	34022968	snp	45	21	0.4635	0.3556	0.5778	0.1905	-0.3873
Chr2	34146373	snp	29	25	0.4621	0.3586	0.6897	0.24	-0.4497
Chr2	34146389	indel	37	31	0.4499	0.3479	0.6216	0.1935	-0.4281
Chr2	34152582	snp	55	39	0.4089	0.3179	0.5273	0.1538	-0.3734
Chr2	34187529	snp	75	56	0.3895	0.3005	0.4667	0.1071	-0.3595
Chr2	34211609	snp	64	48	0.4115	0.3125	0.5625	0.125	-0.4375
Chr2	34211658	snp	56	36	0.4206	0.3175	0.5893	0.1667	-0.4226
Chr2	34211755	indel	71	58	0.4065	0.2982	0.4648	0.1379	-0.3269
Chr2	34229965	snp	78	56	0.402	0.3022	0.3974	0.0714	-0.326
Chr2	34231821	indel	45	34	0.4176	0.3294	0.5778	0.2059	-0.3719
Chr2	34237056	snp	86	88	0.3679	0.278	0.3488	0.0682	-0.2807
Chr2	34237773	snp	49	39	0.4218	0.3349	0.6327	0.1795	-0.4532
Chr2	34237814	snp	53	45	0.4147	0.3182	0.4528	0.1333	-0.3195
Chr2	34240154	snp	22	23	0.4704	0.3775	0.7727	0.3913	-0.3814
Chr2	34240378	snp	59	32	0.428	0.3289	0.6441	0.2188	-0.4253
Chr2	34240447	snp	82	59	0.407	0.3041	0.4268	0.1186	-0.3082
Chr2	34243411	indel	23	36	0.4614	0.3587	0.913	0.4722	-0.4408
Chr2	34244081	indel	73	66	0.3977	0.3026	0.4384	0.1061	-0.3323
Chr2	34244345	snp	44	23	0.4585	0.3528	0.7045	0.2174	-0.4872
Chr2	34265430	snp	35	54	0.4196	0.3222	0.5429	0.1667	-0.3762
Chr2	34267177	snp	66	58	0.4086	0.3067	0.5455	0.2069	-0.3386
Chr2	34267221	snp	62	57	0.4157	0.3147	0.5806	0.2281	-0.3526
Chr2	34271804	indel	31	21	0.4885	0.3902	0.8065	0.381	-0.4255
Chr2	34272081	snp	37	30	0.4378	0.3423	0.7568	0.3	-0.4568
Chr2	34272123	snp	46	43	0.4196	0.3266	0.5217	0.186	-0.3357
Chr2	34273324	snp	45	36	0.4333	0.3333	0.6444	0.2778	-0.3667
Chr2	34411036	snp	38	32	0.4457	0.3405	0.6842	0.3438	-0.3405
Chr2	34411362	snp	59	33	0.4427	0.3313	0.5763	0.2424	-0.3338
Chr2	34412522	snp	19	25	0.4842	0.3768	0.7895	0.36	-0.4295
Chr2	34412528	snp	23	27	0.4799	0.38	0.7391	0.2963	-0.4428
Chr2	34415070	snp	30	23	0.4754	0.3725	0.6	0.2174	-0.3826
Chr2	34498182	snp	75	69	0.3768	0.2968	0.4267	0.1159	-0.3107
Chr2	34518176	snp	58	48	0.4052	0.3175	0.431	0.0833	-0.3477
Chr2	34518502	indel	51	51	0.4314	0.3333	0.6078	0.2549	-0.3529
Chr2	34518504	snp	51	47	0.4113	0.3179	0.6275	0.234	-0.3934
Chr2	34518575	snp	44	55	0.4	0.3182	0.5682	0.1455	-0.4227
Chr2	34523547	indel	73	89	0.3977	0.2969	0.3836	0.0674	-0.3161
Chr2	34523671	snp	64	63	0.4033	0.307	0.5	0.1746	-0.3254
Chr2	34523977	indel	23	17	0.5038	0.4015	0.8696	0.3529	-0.5166
Chr2	34526256	snp	30	21	0.4762	0.3762	0.6	0.1905	-0.4095
Chr2	34541754	snp	46	24	0.4438	0.3406	0.5217	0.1667	-0.3551
Chr2	34593516	snp	78	41	0.4009	0.3136	0.4872	0.1707	-0.3164
Chr2	34593834	snp	92	70	0.3957	0.2991	0.4022	0.1	-0.3022
Chr2	34821568	indel	104	70	0.3876	0.2926	0.3654	0.0429	-0.3225
Chr2	34850357	snp	50	36	0.4222	0.3267	0.56	0.2222	-0.3378
Chr2	34852079	snp	20	10	0.6	0.45	0.65	0.2	-0.45
Chr2	34853078	snp	66	51	0.4046	0.3119	0.5758	0.2157	-0.3601
Chr2	34889864	snp	60	68	0.4147	0.3118	0.4833	0.1324	-0.351
Chr2	34889994	snp	49	44	0.4235	0.3256	0.6531	0.25	-0.4031
Chr2	34901185	snp	57	27	0.4405	0.3372	0.5088	0.1111	-0.3977
Chr2	34901203	snp	65	27	0.4422	0.3345	0.4615	0.0741	-0.3875
Chr2	34909139	snp	40	30	0.45	0.3417	0.5	0.1	-0.4
Chr2	34909223	snp	63	30	0.4413	0.3302	0.4286	0.0	-0.4286
Chr3	2683	indel	47	42	0.4189	0.3262	0.6596	0.3095	-0.3501
Chr3	2715	snp	50	43	0.4177	0.3242	0.68	0.2791	-0.4009
Chr3	2756	snp	46	33	0.4361	0.332	0.7609	0.4242	-0.3366
Chr3	4388	snp	66	80	0.3883	0.297	0.5	0.175	-0.325
Chr3	4881	snp	65	35	0.4352	0.3187	0.7385	0.4	-0.3385
Chr3	5476	indel	75	52	0.3872	0.3013	0.5733	0.1923	-0.381
Chr3	5511	snp	69	35	0.4112	0.323	0.7246	0.2	-0.5246
Chr3	5551	snp	58	22	0.4451	0.3464	0.7759	0.2273	-0.5486
Chr3	7140	snp	88	54	0.4036	0.3043	0.4545	0.1111	-0.3434
Chr3	8750	snp	68	58	0.4133	0.3048	0.6765	0.1897	-0.4868
Chr3	8771	snp	62	45	0.4168	0.3118	0.7097	0.2222	-0.4875
Chr3	10734	snp	87	75	0.383	0.2933	0.4023	0.1067	-0.2956
Chr3	12408	snp	86	83	0.3853	0.291	0.5233	0.1084	-0.4148
Chr3	13937	snp	92	85	0.3735	0.2902	0.3804	0.0353	-0.3451
Chr3	14561	snp	56	32	0.4286	0.3304	0.5536	0.1562	-0.3973
Chr3	14642	snp	60	46	0.4043	0.3101	0.4667	0.1087	-0.358
Chr3	14889	snp	90	63	0.3825	0.3	0.5222	0.2222	-0.3
Chr3	16145	snp	100	104	0.3723	0.2888	0.44	0.1058	-0.3342
Chr3	16593	snp	72	92	0.3883	0.2953	0.4861	0.163	-0.3231
Chr3	19497	snp	56	33	0.4167	0.322	0.7679	0.2424	-0.5254
Chr3	20204	snp	91	92	0.3653	0.2787	0.4615	0.163	-0.2985
Chr3	22198	snp	68	34	0.4118	0.3088	0.6324	0.2647	-0.3676
Chr3	22223	snp	72	45	0.4139	0.3167	0.5972	0.2	-0.3972
Chr3	22948	snp	76	81	0.3813	0.295	0.4737	0.1728	-0.3008
Chr3	23544	snp	70	58	0.3808	0.3059	0.4429	0.1207	-0.3222
Chr3	26926	snp	61	43	0.4053	0.3206	0.541	0.2093	-0.3317
Chr3	26985	snp	66	40	0.4121	0.3129	0.5455	0.175	-0.3705
Chr3	27303	snp	42	38	0.4348	0.3271	0.7381	0.2368	-0.5013
Chr3	29092	snp	51	40	0.4221	0.3255	0.549	0.15	-0.399
Chr3	29669	snp	37	30	0.4378	0.3423	0.7568	0.3	-0.4568
Chr3	29690	snp	40	26	0.4462	0.35	0.8	0.3077	-0.4923
Chr3	30738	snp	79	68	0.3833	0.2943	0.4304	0.0882	-0.3421
Chr3	31369	snp	106	62	0.3795	0.2934	0.3962	0.0806	-0.3156
Chr3	31878	snp	65	79	0.384	0.298	0.4923	0.1519	-0.3404
Chr3	33985	snp	62	43	0.407	0.314	0.4677	0.1163	-0.3515
Chr3	34135	snp	67	69	0.3844	0.3067	0.4478	0.1304	-0.3173
Chr3	35642	snp	70	52	0.4022	0.3071	0.4429	0.0769	-0.3659
Chr3	36661	snp	84	46	0.4022	0.3049	0.5833	0.2609	-0.3225
Chr3	36766	snp	77	46	0.393	0.3058	0.6364	0.2174	-0.419
Chr3	36820	indel	72	49	0.4014	0.305	0.7222	0.3878	-0.3345
Chr3	36859	snp	51	27	0.4466	0.3377	0.8235	0.3704	-0.4532
Chr3	36905	snp	54	32	0.4306	0.3345	0.7222	0.3438	-0.3785
Chr3	36989	snp	85	54	0.3978	0.302	0.4588	0.1481	-0.3107
Chr3	37127	snp	95	64	0.3863	0.2977	0.4947	0.1562	-0.3385
Chr3	37603	snp	69	86	0.3932	0.3006	0.5217	0.1512	-0.3706
Chr3	38511	snp	56	30	0.4369	0.3321	0.5357	0.1667	-0.369
Chr3	38782	snp	61	41	0.4042	0.3147	0.5738	0.1951	-0.3786
Chr3	39701	indel	77	60	0.39	0.2996	0.3896	0.0833	-0.3063
Chr3	39712	indel	65	52	0.4154	0.3154	0.4154	0.0769	-0.3385
Chr3	40174	snp	100	103	0.3776	0.2828	0.44	0.0874	-0.3526
Chr3	40563	snp	55	41	0.4231	0.3197	0.4909	0.122	-0.369
Chr3	41480	snp	63	38	0.4194	0.3241	0.6508	0.1842	-0.4666
Chr3	41580	snp	55	26	0.442	0.3469	0.7273	0.3462	-0.3811
Chr3	41586	snp	57	25	0.4568	0.3439	0.7368	0.32	-0.4168
Chr3	42203	snp	82	42	0.4094	0.313	0.4634	0.0714	-0.392
Chr3	42491	snp	38	24	0.4496	0.3553	0.7105	0.25	-0.4605
Chr3	42506	snp	37	24	0.4696	0.3694	0.7297	0.25	-0.4797
Chr3	43317	snp	96	95	0.3815	0.2876	0.5	0.1684	-0.3316
Chr3	44418	snp	102	90	0.3706	0.2908	0.5294	0.1778	-0.3516
Chr3	44577	snp	104	93	0.3811	0.2855	0.3846	0.0968	-0.2878
Chr3	46558	snp	92	57	0.3823	0.2971	0.3913	0.0877	-0.3036
Chr3	47092	indel	85	58	0.3813	0.2935	0.5647	0.2414	-0.3233
Chr3	50320	snp	73	53	0.4086	0.306	0.4658	0.1509	-0.3148
Chr3	52574	snp	86	50	0.406	0.3079	0.4767	0.06	-0.4167
Chr3	54393	snp	69	38	0.4088	0.3127	0.4783	0.1053	-0.373
Chr3	55019	snp	58	48	0.4052	0.3175	0.5862	0.1875	-0.3987
Chr3	55073	snp	59	60	0.4099	0.3102	0.6102	0.1167	-0.4935
Chr3	55717	snp	96	61	0.3789	0.2927	0.4479	0.1475	-0.3004
Chr3	56311	snp	106	76	0.3744	0.2902	0.4717	0.1184	-0.3533
Chr3	57024	indel	40	28	0.4429	0.3393	0.675	0.2857	-0.3893
Chr3	59169	snp	47	29	0.4505	0.3412	0.8723	0.4483	-0.4241
Chr3	59438	snp	48	41	0.4162	0.3216	0.75	0.3659	-0.3841
Chr3	60735	snp	46	30	0.4507	0.342	0.5	0.1	-0.4
Chr3	60778	snp	58	40	0.4207	0.3207	0.5	0.125	-0.375
Chr3	60928	snp	47	35	0.4377	0.3319	0.6383	0.2286	-0.4097
Chr3	63142	snp	56	41	0.4037	0.3079	0.5357	0.1463	-0.3894
Chr3	63415	indel	103	86	0.3754	0.2921	0.5049	0.093	-0.4118
Chr3	63528	snp	83	72	0.3775	0.296	0.4458	0.1389	-0.3069
Chr3	63769	snp	93	81	0.3708	0.2927	0.4731	0.1358	-0.3373
Chr3	63985	snp	97	98	0.375	0.2821	0.433	0.1224	-0.3105
Chr3	67546	snp	86	113	0.3735	0.2899	0.4419	0.115	-0.3268
Chr3	70413	snp	46	64	0.4083	0.3118	0.5	0.1875	-0.3125
Chr3	70471	snp	63	51	0.4071	0.3119	0.4921	0.1569	-0.3352
Chr3	71696	snp	102	71	0.3709	0.2887	0.4706	0.1549	-0.3157
Chr3	72191	snp	74	84	0.3877	0.2876	0.5541	0.2024	-0.3517
Chr3	72265	snp	79	63	0.3946	0.3026	0.6203	0.1587	-0.4615
Chr3	73880	snp	68	42	0.4132	0.3172	0.6471	0.2857	-0.3613
Chr3	73923	snp	50	28	0.43	0.3386	0.92	0.4286	-0.4914
Chr3	74196	snp	54	38	0.424	0.3294	0.5926	0.1316	-0.461
Chr3	74253	snp	48	33	0.4261	0.3314	0.7083	0.2424	-0.4659
Chr3	74397	snp	58	46	0.4108	0.3081	0.6034	0.1522	-0.4513
Chr3	74516	snp	51	36	0.4281	0.3333	0.5686	0.2222	-0.3464
Chr3	75601	snp	87	68	0.384	0.2958	0.5287	0.1471	-0.3817
Chr3	76449	snp	82	69	0.3931	0.2923	0.439	0.1159	-0.3231
Chr3	78450	indel	62	37	0.4128	0.316	0.5645	0.2162	-0.3483
Chr3	79043	snp	46	25	0.4626	0.3504	0.7826	0.36	-0.4226
Chr3	79838	snp	93	89	0.3814	0.2906	0.4409	0.0899	-0.351
Chr3	80065	snp	73	49	0.4062	0.3106	0.5616	0.1224	-0.4392
Chr3	80147	snp	71	40	0.3993	0.3106	0.5211	0.15	-0.3711
Chr3	80150	indel	72	42	0.4147	0.3155	0.5	0.1667	-0.3333
Chr3	80355	snp	64	48	0.4115	0.3125	0.5781	0.1042	-0.474
Chr3	80426	snp	44	19	0.4641	0.3589	0.7955	0.3158	-0.4797
Chr3	80474	snp	43	22	0.4693	0.3552	0.7442	0.3182	-0.426
Chr3	80542	snp	54	45	0.4111	0.3148	0.537	0.1778	-0.3593
Chr3	80859	snp	90	70	0.3921	0.2921	0.5222	0.1286	-0.3937
Chr3	81128	snp	37	14	0.5058	0.39	0.5405	0.1429	-0.3977
Chr3	81129	snp	39	14	0.5037	0.3956	0.5385	0.1429	-0.3956
Chr3	81534	snp	72	65	0.4006	0.3	0.6528	0.2615	-0.3912
Chr3	81612	snp	57	38	0.4211	0.3158	0.8246	0.4737	-0.3509
Chr3	82262	snp	98	88	0.3813	0.2894	0.4388	0.1477	-0.291
Chr3	82716	snp	56	47	0.4115	0.3203	0.6607	0.3404	-0.3203
Chr3	82944	snp	58	56	0.3867	0.3017	0.5172	0.1429	-0.3744
Chr3	83018	snp	58	39	0.4244	0.3223	0.7759	0.1795	-0.5964
Chr3	83095	indel	78	87	0.3798	0.3011	0.6154	0.1839	-0.4315
Chr3	83937	snp	55	55	0.4182	0.3091	0.7636	0.1818	-0.5818
Chr3	85168	snp	97	81	0.3779	0.2893	0.4845	0.1235	-0.3611
Chr3	85434	snp	81	71	0.3885	0.2932	0.4568	0.1127	-0.3441
Chr3	85901	snp	84	91	0.3645	0.2857	0.4405	0.1429	-0.2976
Chr3	86862	indel	73	53	0.4086	0.306	0.589	0.2075	-0.3815
Chr3	86922	snp	57	35	0.414	0.3173	0.7544	0.3714	-0.383
Chr3	87394	snp	48	27	0.4398	0.3403	0.8333	0.2222	-0.6111
Chr3	87438	snp	64	28	0.433	0.3348	0.6406	0.2143	-0.4263
Chr3	87676	snp	37	19	0.4922	0.3627	0.8108	0.3684	-0.4424
Chr3	87715	snp	43	22	0.4693	0.3552	0.6977	0.3182	-0.3795
Chr3	89013	snp	64	33	0.4167	0.3239	0.7344	0.2727	-0.4616
Chr3	89152	snp	87	81	0.3802	0.2929	0.4023	0.0988	-0.3035
Chr3	89430	snp	55	45	0.4141	0.3152	0.6545	0.2667	-0.3879
Chr3	89610	snp	40	25	0.46	0.345	0.7	0.24	-0.46
Chr3	89677	indel	47	36	0.4196	0.3245	0.5319	0.0556	-0.4764
Chr3	89861	snp	83	65	0.3965	0.2955	0.4337	0.0923	-0.3414
Chr3	90059	snp	73	70	0.3838	0.2969	0.4521	0.1143	-0.3378
Chr3	91489	snp	45	27	0.4296	0.3333	0.6222	0.1481	-0.4741
Chr3	91640	snp	63	32	0.4157	0.3234	0.5873	0.0312	-0.5561
Chr3	92154	snp	72	60	0.3889	0.2972	0.5556	0.25	-0.3056
Chr3	93377	snp	77	65	0.396	0.2955	0.5065	0.1692	-0.3373
Chr3	94190	snp	65	61	0.4096	0.309	0.6	0.2623	-0.3377
Chr3	94256	indel	93	88	0.3795	0.2951	0.4946	0.1364	-0.3583
Chr3	94395	snp	61	26	0.4414	0.3373	0.7377	0.2692	-0.4685
Chr3	94425	indel	54	30	0.4296	0.337	0.8889	0.4667	-0.4222
Chr3	94436	snp	55	20	0.4636	0.3591	0.8909	0.4	-0.4909
Chr3	94438	snp	56	22	0.4529	0.3442	0.8393	0.3182	-0.5211
Chr3	94837	snp	91	63	0.3944	0.2979	0.5495	0.2222	-0.3272
Chr3	95791	snp	71	63	0.3921	0.2987	0.6338	0.2698	-0.364
Chr3	95848	snp	76	58	0.3911	0.3008	0.6053	0.2931	-0.3122
Chr3	96501	snp	104	91	0.3832	0.2981	0.4808	0.1099	-0.3709
Chr3	97497	snp	72	88	0.3876	0.2917	0.4444	0.1136	-0.3308
Chr3	98057	snp	103	67	0.3833	0.2975	0.4951	0.1493	-0.3459
Chr3	98890	snp	40	23	0.4576	0.3576	0.625	0.1739	-0.4511
Chr3	99463	snp	87	63	0.3968	0.3027	0.4598	0.1111	-0.3487
Chr3	99684	snp	68	50	0.4047	0.3112	0.4706	0.12	-0.3506
Chr3	99759	snp	55	40	0.4227	0.3273	0.5273	0.2	-0.3273
Chr3	101084	snp	78	73	0.4046	0.2968	0.4487	0.1507	-0.298
Chr3	101440	snp	91	62	0.4006	0.2958	0.4615	0.129	-0.3325
Chr3	102322	snp	86	75	0.3839	0.2915	0.5233	0.1867	-0.3366
Chr3	102406	snp	75	53	0.3947	0.3026	0.56	0.1509	-0.4091
Chr3	102765	snp	70	75	0.3781	0.2962	0.4571	0.1067	-0.3505
Chr3	103129	snp	52	42	0.4212	0.3141	0.7692	0.2857	-0.4835
Chr3	103133	snp	51	39	0.4299	0.3228	0.7843	0.2821	-0.5023
Chr3	105275	snp	86	68	0.3748	0.2958	0.4419	0.1029	-0.3389
Chr3	105436	snp	69	50	0.3832	0.3067	0.6522	0.12	-0.5322
Chr3	106062	snp	66	52	0.4184	0.3054	0.6212	0.2692	-0.352
Chr3	106162	snp	61	49	0.4108	0.3128	0.7049	0.3265	-0.3784
Chr3	106456	snp	101	101	0.3762	0.2871	0.4356	0.1287	-0.3069
Chr3	107475	snp	89	73	0.3977	0.2969	0.5169	0.137	-0.3799
Chr3	107577	snp	82	55	0.386	0.3071	0.5488	0.1091	-0.4397
Chr3	108132	snp	59	46	0.4053	0.3084	0.6949	0.1522	-0.5427
Chr3	108148	snp	51	41	0.4127	0.3152	0.7059	0.1951	-0.5108
Chr3	109571	snp	60	56	0.4024	0.3083	0.65	0.3393	-0.3107
Chr3	109729	snp	54	45	0.4111	0.3148	0.6296	0.3111	-0.3185
Chr3	110857	snp	62	34	0.4231	0.3292	0.4194	0.0882	-0.3311
Chr3	111766	snp	97	99	0.3679	0.2852	0.4639	0.1616	-0.3023
Chr3	112153	snp	102	113	0.3791	0.284	0.5392	0.1858	-0.3534
Chr3	113138	snp	73	72	0.3662	0.2953	0.589	0.2361	-0.3529
Chr3	113224	snp	76	78	0.3897	0.2976	0.4868	0.1667	-0.3202
Chr3	113782	snp	81	105	0.3683	0.2924	0.4568	0.1238	-0.333
Chr3	114055	snp	63	91	0.3944	0.2979	0.5714	0.1429	-0.4286
Chr3	114892	snp	58	39	0.4244	0.3223	0.4828	0.0769	-0.4058
Chr3	117306	snp	53	55	0.412	0.3136	0.6415	0.2727	-0.3688
Chr3	117316	indel	54	58	0.4183	0.3123	0.6667	0.2759	-0.3908
Chr3	117429	snp	48	40	0.4375	0.3333	0.75	0.2	-0.55
Chr3	117471	indel	54	48	0.4028	0.3194	0.7037	0.2917	-0.412
Chr3	117495	snp	58	50	0.4014	0.3117	0.6897	0.18	-0.5097
Chr3	117680	snp	57	45	0.4175	0.3135	0.6842	0.2889	-0.3953
Chr3	117720	snp	67	51	0.3989	0.3102	0.6119	0.2745	-0.3374
Chr3	118257	snp	75	93	0.3888	0.2955	0.56	0.1828	-0.3772
Chr3	118540	snp	57	30	0.4351	0.3333	0.7544	0.4	-0.3544
Chr3	118643	snp	59	37	0.4178	0.3234	0.678	0.3514	-0.3266
Chr3	119366	snp	55	40	0.4227	0.3273	0.6727	0.3	-0.3727
Chr3	119446	snp	53	39	0.4204	0.3203	0.7736	0.2308	-0.5428
Chr3	119543	indel	81	72	0.3889	0.2978	0.5556	0.0972	-0.4583
Chr3	119736	snp	49	50	0.4147	0.3135	0.6531	0.22	-0.4331
Chr3	120145	snp	47	33	0.4294	0.3295	0.766	0.2727	-0.4932
Chr3	120284	snp	60	59	0.4099	0.3102	0.4833	0.1525	-0.3308
Chr3	120332	snp	67	59	0.3795	0.3008	0.4925	0.1864	-0.3061
Chr3	120523	snp	78	60	0.3897	0.3	0.5513	0.1167	-0.4346
Chr3	120748	snp	76	79	0.3931	0.2923	0.5	0.1392	-0.3608
Chr3	122088	snp	78	75	0.3831	0.2954	0.4615	0.1067	-0.3549
Chr3	122215	snp	76	40	0.4013	0.3079	0.5658	0.15	-0.4158
Chr3	122271	snp	79	49	0.4007	0.3035	0.557	0.1633	-0.3937
Chr3	122371	indel	86	59	0.3873	0.2982	0.6279	0.2373	-0.3906
Chr3	122522	snp	77	54	0.3992	0.3086	0.6623	0.2407	-0.4216
Chr3	122857	snp	82	63	0.3887	0.2985	0.4634	0.1587	-0.3047
Chr3	122996	snp	76	69	0.3839	0.2969	0.4868	0.1014	-0.3854
Chr3	123175	snp	75	59	0.3713	0.2963	0.56	0.1186	-0.4414
Chr3	124110	snp	66	35	0.4229	0.3203	0.5	0.1143	-0.3857
Chr3	124857	snp	76	77	0.3978	0.2963	0.5526	0.2078	-0.3448
Chr3	125859	snp	47	38	0.4351	0.3337	0.7234	0.3684	-0.355
Chr3	126537	snp	34	32	0.4577	0.3382	0.5	0.1562	-0.3438
Chr3	126690	indel	56	43	0.412	0.314	0.4107	0.7442	0.3335
Chr3	126696	indel	54	47	0.4058	0.3105	0.6667	0.3404	-0.3262
Chr3	126767	snp	64	72	0.3924	0.2969	0.5312	0.1111	-0.4201
Chr3	127104	snp	75	56	0.3895	0.3005	0.5467	0.1607	-0.386
Chr3	127106	indel	60	39	0.4231	0.3192	0.6667	0.2308	-0.4359
Chr3	130691	snp	84	48	0.3899	0.3065	0.7024	0.1875	-0.5149
Chr3	130739	snp	87	51	0.4003	0.3056	0.6092	0.1373	-0.4719
Chr3	131049	snp	56	65	0.3887	0.2964	0.6071	0.2615	-0.3456
Chr3	131143	snp	52	43	0.4092	0.3202	0.6731	0.3256	-0.3475
Chr3	131712	snp	65	41	0.415	0.3212	0.5692	0.1951	-0.3741
Chr3	131770	snp	68	50	0.4047	0.3112	0.5441	0.22	-0.3241
Chr3	133494	snp	62	47	0.4104	0.3085	0.5968	0.1489	-0.4478
Chr3	133543	snp	48	18	0.4653	0.3611	0.8958	0.4444	-0.4514
Chr3	133801	snp	43	22	0.4693	0.3552	0.9302	0.4545	-0.4757
Chr3	133850	snp	71	50	0.4042	0.302	0.6197	0.2	-0.4197
Chr3	134025	indel	63	94	0.3946	0.2999	0.5397	0.1809	-0.3588
Chr3	134081	snp	83	91	0.3865	0.288	0.4819	0.1319	-0.3501
Chr3	134703	snp	48	45	0.4153	0.3181	0.6667	0.1778	-0.4889
Chr3	134750	snp	58	52	0.3952	0.305	0.5862	0.1923	-0.3939
Chr3	135540	snp	90	82	0.3832	0.2911	0.4111	0.1098	-0.3014
Chr3	135696	snp	95	75	0.3804	0.2905	0.5368	0.16	-0.3768
Chr3	136736	snp	51	35	0.4364	0.3361	0.6667	0.2571	-0.4095
Chr3	136926	snp	58	46	0.4108	0.3081	0.6724	0.2609	-0.4115
Chr3	137326	snp	37	40	0.4399	0.3277	0.7297	0.4	-0.3297
Chr3	137548	indel	38	43	0.4406	0.3293	0.7632	0.4186	-0.3446
Chr3	138280	snp	84	90	0.3833	0.2929	0.4762	0.1667	-0.3095
Chr3	140346	indel	39	32	0.4423	0.3429	0.5128	0.0938	-0.4191
Chr3	140764	snp	83	64	0.3934	0.302	0.4578	0.125	-0.3328
Chr3	141270	snp	65	38	0.4138	0.317	0.6308	0.2632	-0.3676
Chr3	141739	snp	53	35	0.4216	0.3186	0.6415	0.2571	-0.3844
Chr3	141982	snp	96	96	0.3646	0.2813	0.4479	0.1146	-0.3333
Chr3	143195	snp	68	38	0.4187	0.3166	0.4706	0.0789	-0.3916
Chr3	143328	snp	99	67	0.3893	0.2979	0.4444	0.1045	-0.34
Chr3	144488	snp	56	29	0.4347	0.3337	0.6786	0.3103	-0.3682
Chr3	144498	snp	52	24	0.4423	0.3429	0.7115	0.3333	-0.3782
Chr3	145158	snp	67	42	0.4126	0.323	0.5821	0.2381	-0.344
Chr3	145227	snp	58	33	0.43	0.3307	0.6552	0.2727	-0.3824
Chr3	145349	snp	55	24	0.4644	0.35	0.8727	0.5	-0.3727
Chr3	145462	snp	82	66	0.4013	0.3019	0.5366	0.1364	-0.4002
Chr3	145570	snp	94	87	0.3705	0.2888	0.5745	0.1609	-0.4135
Chr3	145714	snp	74	68	0.3915	0.2957	0.6351	0.2353	-0.3998
Chr3	145918	snp	67	38	0.4163	0.3181	0.5522	0.2105	-0.3417
Chr3	146061	snp	46	23	0.4565	0.3478	0.6957	0.2609	-0.4348
Chr3	146083	snp	49	38	0.4248	0.3287	0.6939	0.2368	-0.457
Chr3	147489	snp	46	56	0.4115	0.3191	0.5435	0.2143	-0.3292
Chr3	147820	indel	38	16	0.4967	0.3816	0.5526	0.0625	-0.4901
Chr3	148198	snp	80	43	0.4174	0.3154	0.6	0.2326	-0.3674
Chr3	148202	indel	79	45	0.3975	0.3091	0.6076	0.2222	-0.3854
Chr3	150171	indel	51	31	0.4168	0.3359	0.9216	0.5806	-0.3409
Chr3	150482	snp	37	26	0.4563	0.3524	0.9459	0.4615	-0.4844
Chr3	151528	snp	93	85	0.3766	0.2886	0.5376	0.2471	-0.2906
Chr3	152403	snp	69	58	0.3991	0.3073	0.5797	0.1897	-0.3901
Chr3	152629	snp	46	42	0.4182	0.3271	0.4565	0.119	-0.3375
Chr3	152995	indel	66	56	0.4113	0.3095	0.5455	0.1964	-0.349
Chr3	153018	snp	66	51	0.4046	0.3119	0.5152	0.1765	-0.3387
Chr3	153145	snp	62	58	0.4038	0.3037	0.5	0.1897	-0.3103
Chr3	153984	snp	98	101	0.3696	0.2867	0.4796	0.1188	-0.3608
Chr3	154060	indel	91	83	0.3865	0.288	0.4505	0.1566	-0.2939
Chr3	154435	snp	76	68	0.3947	0.298	0.4605	0.1324	-0.3282
Chr3	154612	snp	62	56	0.3992	0.3059	0.6613	0.3036	-0.3577
Chr3	154986	snp	79	78	0.3901	0.2882	0.443	0.1538	-0.2892
Chr3	157139	snp	53	44	0.4181	0.3195	0.6792	0.3182	-0.3611
Chr3	157264	snp	87	73	0.379	0.2937	0.5632	0.1918	-0.3714
Chr3	157310	indel	100	90	0.3711	0.2933	0.47	0.1667	-0.3033
Chr3	159285	snp	84	75	0.3762	0.2929	0.4762	0.1733	-0.3029
Chr3	160398	snp	91	102	0.3605	0.2805	0.4945	0.1275	-0.3671
Chr3	160827	snp	87	89	0.3847	0.293	0.4598	0.1124	-0.3474
Chr3	161289	snp	85	65	0.3846	0.2941	0.4118	0.1077	-0.3041
Chr3	161775	snp	91	56	0.4011	0.3022	0.5385	0.1429	-0.3956
Chr3	162036	snp	52	32	0.4303	0.3293	0.7308	0.3125	-0.4183
Chr3	162218	snp	83	53	0.3969	0.3021	0.6145	0.2264	-0.388
Chr3	163156	snp	64	43	0.4084	0.3147	0.8594	0.4651	-0.3943
Chr3	163157	snp	64	42	0.4107	0.3177	0.8906	0.4524	-0.4382
Chr3	163338	snp	96	82	0.3686	0.294	0.5208	0.122	-0.3989
Chr3	165383	snp	62	56	0.3992	0.3059	0.5161	0.1964	-0.3197
Chr3	165669	snp	89	60	0.3912	0.3006	0.5843	0.2167	-0.3676
Chr3	165735	snp	84	67	0.3889	0.2964	0.5476	0.2388	-0.3088
Chr3	165961	snp	92	94	0.3751	0.2815	0.5652	0.1809	-0.3844
Chr3	166063	snp	104	96	0.3694	0.2869	0.5	0.1875	-0.3125
Chr3	166439	snp	87	81	0.3802	0.2929	0.4943	0.1235	-0.3708
Chr3	166671	snp	91	100	0.3774	0.2833	0.5604	0.14	-0.4204
Chr3	166826	snp	115	102	0.3688	0.2761	0.4783	0.1765	-0.3018
Chr3	167162	snp	89	90	0.3747	0.2959	0.4831	0.1	-0.3831
Chr3	167319	snp	57	34	0.437	0.3313	0.7544	0.3824	-0.372
Chr3	167464	snp	65	44	0.4329	0.3133	0.6462	0.3182	-0.328
Chr3	167908	snp	60	44	0.4076	0.3152	0.7	0.3636	-0.3364
Chr3	167910	snp	60	47	0.4004	0.3124	0.7333	0.2979	-0.4355
Chr3	168186	snp	54	44	0.4184	0.3258	0.6296	0.2955	-0.3342
Chr3	168486	snp	74	58	0.3798	0.3001	0.527	0.1207	-0.4063
Chr3	168573	snp	78	59	0.4087	0.3099	0.5128	0.0847	-0.4281
Chr3	169282	snp	90	79	0.3774	0.29	0.4889	0.1899	-0.299
Chr3	169366	snp	75	69	0.3768	0.2968	0.5333	0.1739	-0.3594
Chr3	170134	snp	75	69	0.3768	0.2968	0.4533	0.1304	-0.3229
Chr3	170704	snp	60	44	0.4076	0.3152	0.6167	0.1818	-0.4348
Chr3	170789	snp	78	67	0.3917	0.3	0.4872	0.1493	-0.3379
Chr3	170940	indel	57	51	0.4056	0.3189	0.6491	0.2549	-0.3942
Chr3	170971	snp	44	33	0.4318	0.3409	0.8182	0.303	-0.5152
Chr3	171041	snp	47	26	0.437	0.3396	0.7872	0.3846	-0.4026
Chr3	171865	snp	77	72	0.3885	0.303	0.3896	0.0694	-0.3202
Chr3	172626	snp	79	53	0.3948	0.3107	0.481	0.1132	-0.3678
Chr3	173598	snp	55	37	0.4113	0.3214	0.6364	0.2973	-0.3391
Chr3	173920	snp	97	100	0.372	0.2861	0.5052	0.11	-0.3952
Chr3	174836	snp	76	48	0.3947	0.307	0.4737	0.1667	-0.307
Chr3	178748	snp	64	71	0.3853	0.3008	0.5312	0.1831	-0.3482
Chr3	180093	snp	77	57	0.4122	0.3023	0.5325	0.1754	-0.357
Chr3	180270	indel	54	42	0.4101	0.3175	0.7963	0.3095	-0.4868
Chr3	180272	snp	53	37	0.409	0.3202	0.7358	0.3243	-0.4115
Chr3	180303	snp	44	33	0.4318	0.3409	0.7727	0.303	-0.4697
Chr3	180915	indel	28	27	0.4907	0.3796	0.8929	0.4444	-0.4484
Chr3	180955	snp	26	42	0.4505	0.3443	0.7692	0.2619	-0.5073
Chr3	181296	snp	41	29	0.4315	0.3482	0.6829	0.1379	-0.545
Chr3	181366	snp	56	46	0.4115	0.3191	0.5357	0.1087	-0.427
Chr3	183135	snp	60	38	0.4149	0.3219	0.8167	0.4211	-0.3956
Chr3	183208	snp	65	59	0.4044	0.3056	0.5692	0.2203	-0.3489
Chr3	183334	snp	57	51	0.4056	0.3189	0.5614	0.1569	-0.4045
Chr3	183826	snp	34	16	0.511	0.3934	0.8529	0.3125	-0.5404
Chr3	183861	snp	55	37	0.4113	0.3214	0.5818	0.1892	-0.3926
Chr3	185470	snp	88	95	0.3652	0.2801	0.4886	0.1474	-0.3413
Chr3	185748	snp	60	52	0.4064	0.3051	0.5167	0.2115	-0.3051
Chr3	186529	snp	43	54	0.4195	0.3226	0.6279	0.2037	-0.4242
Chr3	187036	snp	59	31	0.4183	0.3248	0.661	0.3226	-0.3384
Chr3	187043	snp	49	34	0.4226	0.3247	0.7347	0.2647	-0.47
Chr3	190741	snp	57	30	0.4351	0.3333	0.4737	0.1333	-0.3404
Chr3	191176	snp	76	79	0.3931	0.2923	0.4868	0.0759	-0.4109
Chr3	191321	snp	63	75	0.3886	0.301	0.4286	0.0933	-0.3352
Chr3	193473	indel	68	71	0.3838	0.3065	0.5294	0.0986	-0.4308
Chr3	193475	snp	66	67	0.398	0.2942	0.4848	0.0896	-0.3953
Chr3	195179	snp	60	27	0.437	0.3315	0.8333	0.2222	-0.6111
Chr3	195212	snp	60	20	0.4333	0.35	0.8333	0.25	-0.5833
Chr3	195292	snp	92	46	0.3913	0.3043	0.5326	0.0652	-0.4674
Chr3	195734	snp	78	56	0.402	0.3022	0.6026	0.1607	-0.4418
Chr3	195791	snp	72	35	0.4095	0.3246	0.5833	0.2571	-0.3262
Chr3	196384	snp	62	33	0.437	0.324	0.629	0.2424	-0.3866
Chr3	200559	snp	48	34	0.435	0.3309	0.6667	0.3235	-0.3431
Chr3	201702	indel	97	104	0.3658	0.2855	0.4021	0.1154	-0.2867
Chr3	202508	snp	103	73	0.3685	0.2909	0.4854	0.1918	-0.2937
Chr3	203771	snp	113	129	0.368	0.2817	0.4602	0.1318	-0.3284
Chr3	205551	snp	68	59	0.3893	0.3036	0.5588	0.1525	-0.4063
Chr3	206533	snp	49	45	0.429	0.3215	0.5306	0.1333	-0.3973
Chr3	207125	snp	45	40	0.4139	0.3333	0.6667	0.25	-0.4167
Chr3	207135	indel	41	33	0.4405	0.3385	0.6829	0.2727	-0.4102
Chr3	207150	snp	40	28	0.4429	0.3393	0.7	0.25	-0.45
Chr3	207308	snp	72	53	0.3954	0.3032	0.5972	0.1887	-0.4085
Chr3	207532	snp	103	93	0.3858	0.2956	0.4951	0.172	-0.3231
Chr3	207999	snp	93	103	0.3858	0.2956	0.5376	0.1456	-0.392
Chr3	208177	indel	100	88	0.3718	0.2859	0.44	0.1364	-0.3036
Chr3	208793	snp	62	56	0.3992	0.3059	0.7419	0.3214	-0.4205
Chr3	209211	indel	58	32	0.4159	0.3147	0.6897	0.3438	-0.3459
Chr3	209599	snp	59	43	0.4218	0.3205	0.5932	0.2558	-0.3374
Chr3	209752	snp	61	31	0.4151	0.3316	0.7213	0.3871	-0.3342
Chr3	210600	snp	71	60	0.3939	0.2939	0.4648	0.1167	-0.3481
Chr3	210742	snp	77	39	0.4066	0.3164	0.5195	0.1282	-0.3913
Chr3	213176	indel	45	47	0.4142	0.3225	0.6	0.1915	-0.4085
Chr3	213210	snp	45	48	0.4153	0.3181	0.4667	0.1458	-0.3208
Chr3	213424	snp	38	18	0.4649	0.3596	0.5526	0.1111	-0.4415
Chr3	214496	snp	93	71	0.3809	0.2938	0.5591	0.2113	-0.3479
Chr3	214619	snp	71	22	0.452	0.347	0.831	0.3636	-0.4673
Chr3	214629	snp	72	29	0.432	0.329	0.7361	0.3448	-0.3913
Chr3	215108	snp	89	80	0.373	0.2942	0.6292	0.2125	-0.4167
Chr3	215370	indel	85	64	0.3857	0.2994	0.4941	0.1875	-0.3066
Chr3	215803	indel	78	52	0.391	0.2949	0.6154	0.25	-0.3654
Chr3	215923	snp	89	72	0.3851	0.2998	0.5056	0.1528	-0.3528
Chr3	216122	snp	115	107	0.3694	0.2842	0.4435	0.1589	-0.2846
Chr3	216299	snp	66	44	0.3939	0.3182	0.5758	0.2273	-0.3485
Chr3	216570	snp	58	51	0.3979	0.307	0.6552	0.2157	-0.4395
Chr3	216965	snp	52	38	0.419	0.3239	0.7308	0.2632	-0.4676
Chr3	217076	snp	59	54	0.3927	0.3107	0.678	0.2593	-0.4187
Chr3	220700	snp	58	37	0.4147	0.3234	0.6552	0.3243	-0.3308
Chr3	222219	snp	80	62	0.3738	0.2931	0.475	0.1774	-0.2976
Chr3	223015	indel	81	51	0.4038	0.3137	0.7654	0.4314	-0.3341
Chr3	223414	snp	82	91	0.3799	0.2873	0.4268	0.0769	-0.3499
Chr3	223579	snp	72	74	0.3836	0.2887	0.4583	0.1216	-0.3367
Chr3	223754	snp	62	74	0.3906	0.2995	0.5323	0.1622	-0.3701
Chr3	224323	snp	77	77	0.4026	0.2987	0.5974	0.1818	-0.4156
Chr3	224845	indel	44	27	0.4478	0.3426	0.75	0.3333	-0.4167
Chr3	224898	indel	38	21	0.4724	0.3609	0.9211	0.2857	-0.6353
Chr3	225113	snp	42	37	0.4247	0.3346	0.6905	0.3243	-0.3662
Chr3	225148	indel	78	63	0.3913	0.301	0.4744	0.1587	-0.3156
Chr3	225905	indel	64	72	0.3924	0.2969	0.5469	0.1806	-0.3663
Chr3	225917	snp	59	61	0.4048	0.3156	0.6102	0.0984	-0.5118
Chr3	226162	snp	68	55	0.4003	0.3094	0.5735	0.2	-0.3735
Chr3	226218	snp	52	25	0.4508	0.3515	0.7885	0.4	-0.3885
Chr3	226221	indel	52	27	0.448	0.3383	0.7692	0.3704	-0.3989
Chr3	226304	snp	50	39	0.4292	0.3297	0.7	0.3077	-0.3923
Chr3	226388	snp	54	39	0.4217	0.3248	0.5926	0.2564	-0.3362
Chr3	226421	snp	56	41	0.4037	0.3079	0.5893	0.1951	-0.3942
Chr3	226541	snp	49	32	0.4235	0.338	0.5918	0.25	-0.3418
Chr3	226584	snp	60	50	0.3867	0.3067	0.4667	0.16	-0.3067
Chr3	226795	snp	50	19	0.4695	0.3642	0.8	0.3158	-0.4842
Chr3	230495	snp	117	98	0.3812	0.2841	0.453	0.1327	-0.3203
Chr3	231337	snp	58	74	0.3798	0.3001	0.5862	0.1351	-0.4511
Chr3	233341	snp	83	70	0.3904	0.2957	0.494	0.1571	-0.3368
Chr3	233733	snp	50	31	0.4297	0.3297	0.66	0.3226	-0.3374
Chr3	234538	indel	52	45	0.4021	0.3115	0.6346	0.2889	-0.3457
Chr3	238631	snp	90	98	0.3828	0.2918	0.4667	0.1429	-0.3238
Chr3	239319	snp	49	32	0.4235	0.338	0.6939	0.3125	-0.3814
Chr3	239392	snp	50	36	0.4222	0.3267	0.66	0.2778	-0.3822
Chr3	239458	snp	61	49	0.4108	0.3128	0.5738	0.1633	-0.4105
Chr3	239552	indel	93	112	0.3773	0.286	0.5161	0.1161	-0.4001
Chr3	239659	snp	68	43	0.4145	0.3092	0.8088	0.3953	-0.4135
Chr3	242626	snp	87	67	0.3877	0.2946	0.4598	0.1194	-0.3404
Chr3	243810	snp	74	51	0.4025	0.3079	0.5405	0.2157	-0.3249
Chr3	244020	snp	86	66	0.3925	0.2992	0.6279	0.2879	-0.34
Chr3	244049	snp	76	65	0.3939	0.2994	0.6842	0.2923	-0.3919
Chr3	244444	snp	54	39	0.4217	0.3248	0.6111	0.2821	-0.3291
Chr3	244461	snp	57	33	0.4258	0.3333	0.614	0.2424	-0.3716
Chr3	244771	snp	107	78	0.3791	0.2928	0.4486	0.1538	-0.2948
Chr3	244925	snp	95	70	0.3774	0.2955	0.4632	0.1143	-0.3489
Chr3	245380	snp	100	65	0.3854	0.2946	0.45	0.1385	-0.3115
Chr3	246311	snp	76	90	0.3813	0.2892	0.4737	0.1778	-0.2959
Chr3	246807	snp	67	36	0.4258	0.3234	0.5672	0.2222	-0.3449
Chr3	246821	indel	65	36	0.4299	0.3278	0.6923	0.2778	-0.4145
Chr3	246842	snp	54	35	0.4196	0.3222	0.6481	0.2571	-0.391
Chr3	247019	snp	78	62	0.3983	0.3052	0.6282	0.1774	-0.4508
Chr3	247064	snp	61	53	0.3981	0.3087	0.6066	0.2264	-0.3801
Chr3	247589	snp	91	80	0.3768	0.2945	0.4396	0.1125	-0.3271
Chr3	248586	snp	88	60	0.3932	0.3023	0.5227	0.1667	-0.3561
Chr3	248952	snp	41	18	0.4851	0.3631	0.7561	0.2222	-0.5339
Chr3	249189	snp	75	53	0.3947	0.3026	0.4933	0.1698	-0.3235
Chr3	249702	snp	36	23	0.4614	0.3587	0.8056	0.4348	-0.3708
Chr3	250839	snp	54	37	0.4219	0.3238	0.6296	0.2703	-0.3594
Chr3	252302	snp	64	50	0.405	0.3181	0.4062	0.06	-0.3463
Chr3	252319	snp	56	56	0.4107	0.3214	0.4286	0.1071	-0.3214
Chr3	252835	snp	89	78	0.3794	0.299	0.4719	0.1282	-0.3437
Chr3	254172	snp	50	25	0.44	0.34	0.5	0.16	-0.34
Chr3	254173	snp	52	29	0.4204	0.3322	0.5	0.1379	-0.3621
Chr3	254217	snp	41	30	0.4472	0.3407	0.7561	0.1667	-0.5894
Chr3	254422	snp	77	55	0.4	0.3013	0.5714	0.1455	-0.426
Chr3	254901	snp	55	38	0.4297	0.3225	0.6909	0.3158	-0.3751
Chr3	255600	snp	101	84	0.3635	0.2867	0.4851	0.1786	-0.3066
Chr3	256019	snp	57	55	0.4096	0.3193	0.5263	0.1818	-0.3445
Chr3	256068	snp	70	70	0.3857	0.3	0.3857	0.0714	-0.3143
Chr3	256098	snp	77	73	0.3905	0.2925	0.4286	0.0685	-0.3601
Chr3	257017	snp	109	90	0.3648	0.2866	0.4312	0.1333	-0.2979
Chr3	264105	snp	36	38	0.4327	0.3289	0.4722	0.1053	-0.367
Chr3	264319	snp	75	80	0.3733	0.2917	0.48	0.1625	-0.3175
Chr3	264374	snp	97	95	0.373	0.2817	0.4742	0.1684	-0.3058
Chr3	264469	snp	50	74	0.3973	0.3086	0.38	0.0676	-0.3124
Chr3	265495	snp	69	34	0.4024	0.3269	0.4783	0.1471	-0.3312
Chr3	265522	snp	61	32	0.4221	0.3268	0.541	0.1875	-0.3535
Chr3	266081	snp	81	75	0.3857	0.2943	0.3951	0.0933	-0.3017
Chr3	270834	indel	94	100	0.3715	0.2915	0.4681	0.13	-0.3381
Chr3	270945	snp	103	85	0.3758	0.2887	0.4563	0.1059	-0.3504
Chr3	271062	snp	57	28	0.4348	0.3296	0.7018	0.3571	-0.3446
Chr3	271076	snp	64	31	0.4315	0.3337	0.6562	0.2903	-0.3659
Chr3	273247	snp	59	67	0.3795	0.3008	0.5424	0.1791	-0.3633
Chr3	275764	snp	44	21	0.4665	0.3506	0.5682	0.1905	-0.3777
Chr3	276042	snp	55	61	0.4048	0.3085	0.3636	0.0492	-0.3145
Chr3	276315	snp	91	78	0.3736	0.2949	0.4505	0.1026	-0.348
Chr3	278736	snp	46	34	0.4169	0.3223	0.587	0.2647	-0.3223
Chr3	279521	snp	19	41	0.4929	0.3748	0.4737	0.0732	-0.4005
Chr3	279828	snp	86	80	0.3843	0.2956	0.4419	0.125	-0.3169
Chr3	279939	snp	90	75	0.3711	0.2933	0.4778	0.12	-0.3578
Chr3	280101	indel	67	59	0.3795	0.3008	0.5522	0.2373	-0.315
Chr3	280185	indel	75	71	0.385	0.2967	0.6267	0.2113	-0.4154
Chr3	280258	snp	93	86	0.3742	0.2884	0.4946	0.1163	-0.3783
Chr3	281206	snp	31	25	0.4774	0.3652	0.9032	0.32	-0.5832
Chr3	283350	indel	102	89	0.3717	0.2911	0.5294	0.1124	-0.4171
Chr3	284129	snp	128	87	0.3661	0.2857	0.5078	0.1839	-0.3239
Chr3	284303	snp	98	74	0.3858	0.2943	0.4898	0.1757	-0.3141
Chr3	287653	snp	46	25	0.4626	0.3504	0.7174	0.36	-0.3574
Chr3	288247	snp	71	51	0.3991	0.309	0.6197	0.1373	-0.4825
Chr3	288297	snp	38	18	0.4649	0.3596	0.7895	0.2778	-0.5117
Chr3	288373	snp	21	23	0.501	0.3789	0.4762	0.0435	-0.4327
Chr3	289200	snp	70	55	0.4091	0.3169	0.5571	0.1455	-0.4117
Chr3	289317	snp	50	50	0.42	0.32	0.54	0.22	-0.32
Chr3	291382	snp	26	24	0.4808	0.3654	0.6154	0.25	-0.3654
Chr3	291399	snp	28	27	0.4907	0.3796	0.6071	0.2222	-0.3849
Chr3	292425	snp	37	39	0.4435	0.3423	0.4595	0.0513	-0.4082
Chr3	292799	snp	80	47	0.3997	0.3032	0.525	0.1489	-0.3761
Chr3	293163	snp	74	62	0.3906	0.2995	0.4189	0.0484	-0.3705
Chr3	293464	snp	66	69	0.3966	0.3024	0.4091	0.1014	-0.3076
Chr3	294409	snp	73	72	0.3662	0.2953	0.4521	0.1389	-0.3132
Chr3	297948	snp	88	78	0.391	0.2957	0.4659	0.1154	-0.3505
Chr3	309384	snp	83	84	0.3754	0.2932	0.494	0.1667	-0.3273
Chr3	309385	snp	83	85	0.3955	0.2991	0.494	0.1765	-0.3175
Chr3	310606	snp	88	91	0.387	0.2946	0.3523	0.0549	-0.2973
Chr3	310718	snp	93	71	0.3809	0.2938	0.3871	0.0704	-0.3167
Chr3	313032	snp	45	22	0.4586	0.3495	0.5778	0.0909	-0.4869
Chr3	313265	snp	55	44	0.4	0.3182	0.6	0.2273	-0.3727
Chr3	313303	indel	65	58	0.3973	0.3093	0.4923	0.1724	-0.3199
Chr3	313326	snp	60	46	0.4043	0.3101	0.5833	0.2174	-0.3659
Chr3	313914	snp	69	47	0.4104	0.3108	0.5507	0.0851	-0.4656
Chr3	316880	indel	58	67	0.3958	0.3049	0.5	0.0896	-0.4104
Chr3	317411	snp	45	25	0.4578	0.3511	0.6222	0.24	-0.3822
Chr3	317609	snp	74	66	0.3931	0.3051	0.5676	0.1818	-0.3857
Chr3	317654	snp	53	35	0.4216	0.3186	0.6604	0.2857	-0.3747
Chr3	318341	snp	37	37	0.4324	0.3243	0.7838	0.2432	-0.5405
Chr3	318854	indel	43	53	0.4103	0.3247	0.5349	0.1887	-0.3462
Chr3	319691	snp	68	74	0.3915	0.2957	0.5441	0.1622	-0.382
Chr3	319784	snp	19	25	0.4842	0.3768	0.5789	0.16	-0.4189
Chr3	331830	snp	62	48	0.3999	0.3098	0.8226	0.5	-0.3226
Chr3	336189	snp	75	51	0.4118	0.3122	0.6133	0.1569	-0.4565
Chr3	336389	snp	62	45	0.4168	0.3118	0.6774	0.3333	-0.3441
Chr3	338046	snp	76	97	0.3749	0.2971	0.5526	0.2062	-0.3464
Chr3	338920	snp	123	60	0.3837	0.2943	0.4797	0.1667	-0.313
Chr3	339183	snp	95	71	0.3745	0.2936	0.4632	0.1408	-0.3223
Chr3	339544	snp	53	32	0.4163	0.3284	0.7358	0.2812	-0.4546
Chr3	339546	snp	53	30	0.4314	0.327	0.7358	0.3	-0.4358
Chr3	340306	snp	63	50	0.3943	0.3073	0.4286	0.12	-0.3086
Chr3	340971	snp	68	74	0.3915	0.2957	0.4412	0.1216	-0.3196
Chr3	344119	snp	56	37	0.4257	0.3272	0.5179	0.1892	-0.3287
Chr3	347252	snp	69	54	0.3953	0.3076	0.5942	0.1667	-0.4275
Chr3	347437	snp	97	72	0.3784	0.2947	0.4742	0.125	-0.3492
Chr3	347859	snp	91	85	0.3754	0.2892	0.4835	0.1882	-0.2953
Chr3	348053	snp	98	83	0.3732	0.2871	0.4796	0.1205	-0.3591
Chr3	348225	snp	45	21	0.4635	0.3556	0.6	0.1429	-0.4571
Chr3	348345	snp	71	37	0.4233	0.319	0.5493	0.0811	-0.4682
Chr3	352393	snp	100	101	0.3645	0.2848	0.43	0.1386	-0.2914
Chr3	352714	snp	77	80	0.3773	0.2888	0.3766	0.075	-0.3016
Chr3	353186	snp	86	80	0.3843	0.2956	0.4302	0.05	-0.3802
Chr3	354055	snp	92	72	0.3883	0.2953	0.3913	0.0556	-0.3357
Chr3	354150	snp	78	70	0.3883	0.3026	0.4231	0.0571	-0.3659
Chr3	354337	snp	109	113	0.359	0.28	0.4404	0.1504	-0.2899
Chr3	355063	snp	71	53	0.3933	0.3037	0.6338	0.1698	-0.464
Chr3	355633	snp	46	35	0.4373	0.3335	0.5435	0.1429	-0.4006
Chr3	355843	snp	59	46	0.4053	0.3084	0.661	0.2609	-0.4001
Chr3	357238	snp	95	65	0.3895	0.2955	0.4421	0.1385	-0.3036
Chr3	357760	snp	70	61	0.3684	0.2885	0.5	0.1148	-0.3852
Chr3	357861	snp	39	30	0.459	0.341	0.9487	0.4333	-0.5154
Chr3	357862	snp	39	28	0.4579	0.3498	0.9487	0.4643	-0.4844
Chr3	358174	indel	94	72	0.3859	0.2999	0.5106	0.0694	-0.4412
Chr3	358520	indel	38	47	0.4351	0.3337	0.4211	0.0851	-0.3359
Chr3	362119	snp	50	28	0.43	0.3386	0.46	0.1071	-0.3529
Chr3	362366	snp	50	24	0.4533	0.3467	0.62	0.2083	-0.4117
Chr3	362421	snp	57	35	0.414	0.3173	0.5263	0.2	-0.3263
Chr3	363659	indel	85	97	0.3703	0.2847	0.5412	0.2062	-0.335
Chr3	365023	snp	70	51	0.4095	0.3098	0.5857	0.2157	-0.37
Chr3	365029	indel	74	55	0.3936	0.3079	0.5541	0.2182	-0.3359
Chr3	366200	snp	76	56	0.3891	0.2979	0.5263	0.1786	-0.3477
Chr3	367751	indel	88	56	0.3815	0.2987	0.5568	0.1964	-0.3604
Chr3	367758	snp	93	69	0.3806	0.2903	0.4839	0.1304	-0.3534
Chr3	368095	snp	71	53	0.3933	0.3037	0.4366	0.0943	-0.3423
Chr3	368380	snp	49	36	0.4365	0.3305	0.5918	0.0833	-0.5085
Chr3	368480	snp	92	60	0.3906	0.2978	0.4783	0.1167	-0.3616
Chr3	368860	snp	84	70	0.3952	0.3024	0.4405	0.1286	-0.3119
Chr3	371797	snp	56	55	0.4058	0.3146	0.6607	0.2182	-0.4425
Chr3	372456	snp	54	39	0.4217	0.3248	0.8333	0.4872	-0.3462
Chr3	374300	indel	53	53	0.3962	0.3208	0.6415	0.283	-0.3585
Chr3	374333	snp	43	40	0.4244	0.3262	0.7209	0.375	-0.3459
Chr3	374737	indel	55	27	0.4303	0.3387	0.5636	0.2222	-0.3414
Chr3	374748	snp	54	26	0.4345	0.339	0.5926	0.2308	-0.3618
Chr3	375876	snp	35	24	0.4512	0.3655	0.7429	0.25	-0.4929
Chr3	379480	snp	64	48	0.4115	0.3125	0.7031	0.3125	-0.3906
Chr3	379497	snp	60	52	0.4064	0.3051	0.7333	0.2885	-0.4449
Chr3	379672	snp	72	61	0.4005	0.301	0.5694	0.1639	-0.4055
Chr3	379743	snp	44	35	0.4364	0.3331	0.7727	0.2857	-0.487
Chr3	379870	snp	43	33	0.4412	0.3432	0.7442	0.303	-0.4412
Chr3	380172	snp	87	81	0.3802	0.2929	0.4828	0.0988	-0.384
Chr3	380745	snp	73	71	0.3884	0.294	0.4795	0.1549	-0.3245
Chr3	380839	snp	74	77	0.3807	0.2948	0.5541	0.1558	-0.3982
Chr3	381698	snp	80	90	0.3778	0.2958	0.5	0.1333	-0.3667
Chr3	382220	snp	74	66	0.3931	0.3051	0.6351	0.2121	-0.423
Chr3	382273	indel	71	61	0.3999	0.3059	0.6761	0.2295	-0.4465
Chr3	382407	snp	52	25	0.4508	0.3515	0.7115	0.36	-0.3515
Chr3	382424	snp	52	26	0.4423	0.3269	0.6923	0.3462	-0.3462
Chr3	382465	snp	59	44	0.4102	0.3147	0.6271	0.25	-0.3771
Chr3	382653	snp	49	35	0.4245	0.3306	0.7551	0.2286	-0.5265
Chr3	383100	indel	115	95	0.3638	0.2851	0.4261	0.1263	-0.2998
Chr3	385961	indel	54	37	0.4219	0.3238	0.6667	0.2703	-0.3964
Chr3	386168	snp	58	61	0.3954	0.3067	0.6207	0.2459	-0.3748
Chr3	386310	snp	42	27	0.4444	0.3439	0.7619	0.4074	-0.3545
Chr3	393430	indel	98	53	0.3914	0.2961	0.5102	0.0943	-0.4159
Chr3	394108	indel	74	70	0.3973	0.3012	0.4865	0.1143	-0.3722
Chr3	394154	snp	66	52	0.4184	0.3054	0.4242	0.0962	-0.3281
Chr3	394224	snp	60	54	0.4056	0.3093	0.3833	0.0556	-0.3278
Chr3	394554	indel	81	108	0.3673	0.287	0.3086	0.0	-0.3086
Chr3	394587	indel	98	117	0.3812	0.2841	0.449	0.1111	-0.3379
Chr3	396177	snp	119	115	0.3746	0.2804	0.4538	0.1652	-0.2886
Chr3	396681	snp	89	89	0.3708	0.2921	0.5169	0.1685	-0.3483
Chr3	396711	indel	96	91	0.37	0.2925	0.4688	0.1319	-0.3369
Chr3	397921	snp	96	90	0.3701	0.2868	0.4479	0.0778	-0.3701
Chr3	399207	snp	97	59	0.3923	0.3002	0.5876	0.1356	-0.452
Chr3	401125	snp	71	58	0.4065	0.2982	0.4789	0.1207	-0.3582
Chr3	401218	snp	79	59	0.3948	0.3066	0.5443	0.0678	-0.4765
Chr3	401682	snp	74	45	0.4051	0.3105	0.6216	0.2889	-0.3327
Chr3	402377	snp	101	68	0.3845	0.2909	0.5446	0.25	-0.2946
Chr3	403423	snp	92	82	0.381	0.2972	0.4783	0.1463	-0.3319
Chr3	403441	snp	95	85	0.369	0.2916	0.4737	0.1529	-0.3207
Chr3	404338	snp	83	61	0.3917	0.301	0.4217	0.1148	-0.3069
Chr3	404572	snp	51	34	0.4118	0.3235	0.5098	0.0882	-0.4216
Chr3	405278	indel	74	39	0.3936	0.3153	0.5	0.1282	-0.3718
Chr3	408011	snp	77	80	0.3773	0.2888	0.4026	0.1	-0.3026
Chr3	408912	indel	92	67	0.3944	0.2982	0.5543	0.1493	-0.4051
Chr3	410352	snp	53	31	0.44	0.3408	0.8113	0.4516	-0.3597
Chr3	410669	snp	79	58	0.3826	0.2997	0.4557	0.1379	-0.3178
Chr3	411861	indel	31	32	0.4587	0.3387	0.7742	0.3125	-0.4617
Chr3	411878	indel	39	32	0.4423	0.3429	0.7179	0.3125	-0.4054
Chr3	411890	snp	46	42	0.4182	0.3271	0.6739	0.2857	-0.3882
Chr3	417256	indel	97	98	0.375	0.2821	0.4227	0.1327	-0.29
Chr3	417514	indel	105	100	0.381	0.2876	0.3905	0.09	-0.3005
Chr3	418589	snp	75	53	0.3947	0.3026	0.4667	0.1132	-0.3535
Chr3	418928	snp	82	70	0.385	0.2972	0.3293	0.0286	-0.3007
Chr3	419970	indel	97	89	0.3714	0.289	0.4742	0.1461	-0.3282
Chr3	421876	indel	93	42	0.3978	0.3041	0.5269	0.2143	-0.3126
Chr3	423091	indel	96	86	0.3852	0.2909	0.3854	0.0814	-0.304
Chr3	423586	indel	120	83	0.3756	0.2904	0.45	0.1446	-0.3054
Chr3	425012	snp	95	75	0.3804	0.2905	0.4	0.0667	-0.3333
Chr3	430648	snp	48	27	0.4398	0.3403	0.8958	0.4444	-0.4514
Chr3	430845	snp	57	46	0.4092	0.3146	0.5965	0.1957	-0.4008
Chr3	430951	indel	86	80	0.3843	0.2956	0.4651	0.15	-0.3151
Chr3	431079	snp	83	79	0.3793	0.2931	0.4578	0.1266	-0.3312
Chr3	431326	snp	69	55	0.3866	0.3033	0.5942	0.2	-0.3942
Chr3	431396	snp	48	30	0.4292	0.3333	0.8333	0.4	-0.4333
Chr3	431457	snp	56	27	0.4385	0.3327	0.6429	0.2963	-0.3466
Chr3	434453	indel	96	77	0.3784	0.2953	0.4792	0.1299	-0.3493
Chr3	435394	snp	83	44	0.3981	0.307	0.5542	0.2273	-0.3269
Chr3	435434	snp	76	48	0.3947	0.307	0.6184	0.2292	-0.3893
Chr3	436239	snp	55	35	0.4286	0.3299	0.5636	0.1714	-0.3922
Chr3	436258	snp	56	34	0.4097	0.3204	0.5893	0.1765	-0.4128
Chr3	436832	snp	63	32	0.4157	0.3234	0.6825	0.2812	-0.4013
Chr3	436910	snp	44	18	0.4697	0.3687	0.75	0.3333	-0.4167
Chr3	436955	snp	59	33	0.4427	0.3313	0.6441	0.2121	-0.4319
Chr3	437259	snp	77	77	0.4026	0.2987	0.4935	0.1948	-0.2987
Chr3	437368	snp	73	59	0.3993	0.3107	0.5753	0.1356	-0.4397
Chr3	437391	indel	78	78	0.3846	0.2949	0.5	0.0897	-0.4103
Chr3	438071	snp	111	81	0.3827	0.286	0.4054	0.0988	-0.3066
Chr3	438563	snp	72	74	0.3836	0.2887	0.4861	0.1622	-0.3239
Chr3	439646	snp	34	27	0.4608	0.3573	0.7059	0.2963	-0.4096
Chr3	439675	snp	40	32	0.4562	0.35	0.775	0.3438	-0.4313
Chr3	439802	snp	72	49	0.4014	0.305	0.7083	0.2449	-0.4634
Chr3	439903	snp	63	36	0.4206	0.3175	0.746	0.2778	-0.4683
Chr3	440705	snp	53	22	0.4597	0.3499	0.9057	0.4545	-0.4511
Chr3	441309	snp	58	56	0.3867	0.3017	0.6379	0.1607	-0.4772
Chr3	441369	snp	62	37	0.4128	0.316	0.5323	0.2162	-0.316
Chr3	441542	snp	114	101	0.3629	0.2839	0.5	0.1584	-0.3416
Chr3	441890	snp	90	47	0.4002	0.3021	0.5	0.1915	-0.3085
Chr3	442519	snp	55	45	0.4141	0.3152	0.4727	0.1556	-0.3172
Chr3	442623	snp	24	22	0.4811	0.3864	0.7083	0.3182	-0.3902
Chr3	443629	snp	76	55	0.3971	0.3124	0.5	0.1455	-0.3545
Chr3	444550	snp	81	83	0.4016	0.2911	0.4568	0.1084	-0.3484
Chr3	444674	snp	92	74	0.3922	0.2985	0.4239	0.0541	-0.3699
Chr3	444883	snp	78	63	0.3913	0.301	0.5513	0.1111	-0.4402
Chr3	445149	snp	51	32	0.4167	0.3382	0.6275	0.2812	-0.3462
Chr3	445543	snp	89	61	0.3772	0.2971	0.5169	0.1311	-0.3857
Chr3	445782	indel	105	107	0.3708	0.2837	0.5619	0.1215	-0.4404
Chr3	446048	snp	93	72	0.392	0.2917	0.4839	0.1667	-0.3172
Chr3	446126	snp	72	60	0.3889	0.2972	0.5417	0.2167	-0.325
Chr3	447880	snp	22	9	0.6162	0.4596	0.8636	0.2222	-0.6414
Chr3	447916	indel	13	9	0.6239	0.5043	0.7692	0.0	-0.7692
Chr3	448467	snp	81	70	0.3797	0.2926	0.3951	0.0857	-0.3093
Chr3	448474	snp	83	65	0.3965	0.2955	0.3855	0.0615	-0.324
Chr3	449619	snp	101	86	0.3727	0.2878	0.3861	0.093	-0.2931
Chr3	452602	snp	65	66	0.3893	0.3002	0.6308	0.2576	-0.3732
Chr3	453572	snp	65	63	0.3927	0.3028	0.4154	0.0952	-0.3201
Chr3	454633	snp	45	44	0.4157	0.3253	0.4667	0.0909	-0.3758
Chr3	456684	snp	94	71	0.3819	0.289	0.4574	0.1127	-0.3448
Chr3	456795	snp	84	61	0.3731	0.2941	0.5119	0.1311	-0.3808
Chr3	456903	snp	46	24	0.4438	0.3406	0.6304	0.125	-0.5054
Chr3	457461	snp	66	72	0.3914	0.2955	0.4848	0.0833	-0.4015
Chr3	457583	snp	72	78	0.3825	0.2917	0.5417	0.141	-0.4006
Chr3	457605	snp	69	68	0.4005	0.2992	0.5942	0.1912	-0.403
Chr3	458407	indel	88	59	0.3831	0.2978	0.4659	0.1356	-0.3303
Chr3	459738	snp	87	79	0.3732	0.2949	0.4138	0.0886	-0.3252
Chr3	461139	snp	77	71	0.3806	0.2983	0.5714	0.1831	-0.3883
Chr3	461760	snp	28	11	0.5487	0.4253	0.8571	0.3636	-0.4935
Chr3	461767	indel	28	16	0.5179	0.3929	0.75	0.3125	-0.4375
Chr3	461931	snp	104	84	0.3741	0.2871	0.4904	0.1071	-0.3832
Chr3	462105	snp	77	70	0.3844	0.2987	0.5455	0.1143	-0.4312
Chr3	462156	indel	100	72	0.3783	0.2883	0.58	0.1389	-0.4411
Chr3	462468	snp	63	14	0.4841	0.381	0.9206	0.2857	-0.6349
Chr3	466285	snp	107	79	0.379	0.2926	0.4579	0.1139	-0.344
Chr3	468421	snp	49	60	0.4014	0.3068	0.4082	0.0833	-0.3248
Chr3	469286	snp	89	74	0.3813	0.2915	0.4494	0.1486	-0.3008
Chr3	470156	snp	70	62	0.3811	0.2991	0.5857	0.2742	-0.3115
Chr3	470244	snp	100	80	0.38	0.29	0.47	0.1	-0.37
Chr3	470452	snp	73	53	0.4086	0.306	0.4658	0.0943	-0.3714
Chr3	470460	snp	72	54	0.3981	0.3056	0.4444	0.0741	-0.3704
Chr3	471121	snp	67	53	0.3996	0.307	0.6119	0.2453	-0.3667
Chr3	474959	snp	51	37	0.4308	0.3275	0.8235	0.4324	-0.3911
Chr3	474960	snp	54	33	0.4226	0.3249	0.7963	0.4545	-0.3418
Chr3	476902	snp	56	75	0.3895	0.3005	0.5	0.1467	-0.3533
Chr3	478118	snp	47	35	0.4377	0.3319	0.7021	0.2286	-0.4736
Chr3	478128	snp	41	29	0.4315	0.3482	0.7805	0.3448	-0.4357
Chr3	478440	indel	71	44	0.3979	0.3156	0.6197	0.2727	-0.347
Chr3	478451	snp	72	43	0.4151	0.3178	0.625	0.2791	-0.3459
Chr3	478578	snp	50	32	0.43	0.3363	0.68	0.2812	-0.3988
Chr3	478595	snp	51	37	0.4308	0.3275	0.6667	0.1892	-0.4775
Chr3	480782	snp	47	37	0.4204	0.3255	0.7234	0.3784	-0.345
Chr3	480910	snp	58	47	0.4039	0.3147	0.6034	0.1915	-0.412
Chr3	480955	snp	64	43	0.4084	0.3147	0.4844	0.1163	-0.3681
Chr3	481127	snp	43	47	0.4231	0.3261	0.6977	0.1702	-0.5275
Chr3	481416	snp	76	50	0.4026	0.3053	0.5263	0.2	-0.3263
Chr3	481517	snp	58	44	0.3997	0.3143	0.6724	0.2273	-0.4451
Chr3	482323	snp	110	86	0.3841	0.2926	0.4364	0.1395	-0.2968
Chr3	482847	snp	56	50	0.405	0.3143	0.6071	0.24	-0.3671
Chr3	482866	indel	51	34	0.4118	0.3235	0.7059	0.3529	-0.3529
Chr3	483207	snp	40	29	0.4586	0.3517	0.825	0.4138	-0.4112
Chr3	483224	snp	43	30	0.4481	0.3411	0.7442	0.4	-0.3442
Chr3	483242	indel	46	41	0.43	0.3271	0.6304	0.2683	-0.3621
Chr3	483367	snp	61	41	0.4042	0.3147	0.5574	0.0732	-0.4842
Chr3	483378	indel	59	38	0.4166	0.3189	0.5424	0.1842	-0.3582
Chr3	484504	snp	69	55	0.3866	0.3033	0.5942	0.2	-0.3942
Chr3	484603	snp	45	19	0.476	0.3649	0.7556	0.3684	-0.3871
Chr3	485083	snp	82	71	0.3928	0.3008	0.4268	0.0563	-0.3705
Chr3	486351	snp	76	40	0.4013	0.3079	0.6579	0.35	-0.3079
Chr3	486874	snp	53	55	0.412	0.3136	0.8113	0.4	-0.4113
Chr3	487048	snp	47	37	0.4204	0.3255	0.8085	0.4324	-0.3761
Chr3	487261	indel	53	29	0.4346	0.3312	0.8302	0.4138	-0.4164
Chr3	487659	snp	58	50	0.4014	0.3117	0.7241	0.3	-0.4241
Chr3	487699	indel	53	31	0.44	0.3408	0.8679	0.5161	-0.3518
Chr3	487763	snp	50	29	0.4476	0.3462	0.74	0.3448	-0.3952
Chr3	487834	indel	79	76	0.3931	0.2923	0.5063	0.1316	-0.3748
Chr3	487850	snp	78	67	0.3917	0.3	0.4872	0.1642	-0.323
Chr3	490610	snp	32	16	0.5	0.375	0.5938	0.1875	-0.4062
Chr3	490892	indel	49	27	0.4346	0.3401	0.7347	0.3704	-0.3643
Chr3	492432	indel	97	89	0.3714	0.289	0.4433	0.1348	-0.3085
Chr3	493232	indel	94	102	0.3834	0.2885	0.5213	0.2059	-0.3154
Chr3	493629	snp	88	86	0.3679	0.278	0.5568	0.1628	-0.394
Chr3	496607	snp	66	48	0.4148	0.3144	0.5606	0.2083	-0.3523
Chr3	496941	snp	56	34	0.4097	0.3204	0.625	0.2647	-0.3603
Chr3	496973	snp	64	32	0.4375	0.3281	0.5938	0.25	-0.3438
Chr3	497175	snp	92	73	0.3778	0.2895	0.4457	0.1233	-0.3224
Chr3	497760	snp	58	32	0.4159	0.3147	0.5862	0.25	-0.3362
Chr3	498370	snp	49	52	0.4223	0.3214	0.6327	0.2115	-0.4211
Chr3	498574	snp	53	25	0.4558	0.3457	0.7925	0.32	-0.4725
Chr3	498840	snp	104	101	0.3661	0.2867	0.4231	0.1287	-0.2944
Chr3	499626	snp	102	109	0.3747	0.2841	0.5	0.1743	-0.3257
Chr3	500024	snp	44	37	0.4441	0.3292	0.8636	0.4054	-0.4582
Chr3	501549	indel	62	63	0.392	0.3103	0.7419	0.1905	-0.5515
Chr3	502192	snp	71	69	0.3874	0.2997	0.5634	0.2319	-0.3315
Chr3	502266	snp	47	41	0.4338	0.3243	0.8723	0.3902	-0.4821
Chr3	502314	snp	59	48	0.3902	0.3121	0.6949	0.375	-0.3199
Chr3	502776	indel	106	78	0.3701	0.29	0.5094	0.1923	-0.3171
Chr3	502841	snp	84	65	0.3744	0.294	0.5238	0.1692	-0.3546
Chr3	504146	snp	55	37	0.4113	0.3214	0.7091	0.3784	-0.3307
Chr3	504159	snp	48	37	0.4234	0.3361	0.8125	0.3243	-0.4882
Chr3	504525	snp	55	63	0.3942	0.303	0.4727	0.1429	-0.3299
Chr3	505285	snp	62	46	0.4208	0.3247	0.5	0.1522	-0.3478
Chr3	506217	snp	79	64	0.3993	0.2959	0.4937	0.1406	-0.353
Chr3	507125	indel	90	97	0.3597	0.2781	0.4	0.1031	-0.2969
Chr3	507162	snp	84	92	0.3768	0.2888	0.4762	0.1087	-0.3675
Chr3	507436	snp	99	88	0.3725	0.2866	0.4242	0.0909	-0.3333
Chr3	508844	snp	96	72	0.3889	0.2986	0.4062	0.0972	-0.309
Chr3	508884	indel	88	56	0.3815	0.2987	0.4091	0.0893	-0.3198
Chr3	512911	snp	82	68	0.3985	0.2934	0.4146	0.1176	-0.297
Chr3	514774	snp	72	88	0.3876	0.2917	0.4722	0.0909	-0.3813
Chr3	520458	snp	117	89	0.3709	0.2837	0.4103	0.1124	-0.2979
Chr3	522942	snp	83	81	0.4016	0.2911	0.3976	0.0741	-0.3235
Chr3	523597	snp	99	80	0.3956	0.2941	0.4242	0.125	-0.2992
Chr3	524490	indel	135	101	0.3646	0.283	0.4815	0.1287	-0.3528
Chr3	525430	snp	94	81	0.3688	0.2875	0.4681	0.1235	-0.3446
Chr3	525678	snp	92	75	0.3791	0.2936	0.4783	0.1333	-0.3449
Chr3	525716	indel	90	68	0.3801	0.2944	0.4333	0.1029	-0.3304
Chr3	527705	indel	53	44	0.4181	0.3195	0.5283	0.2045	-0.3238
Chr3	527713	indel	64	52	0.399	0.3077	0.4219	0.0769	-0.345
Chr3	536453	snp	50	31	0.4297	0.3297	0.76	0.4194	-0.3406
Chr3	536475	snp	53	24	0.4481	0.3498	0.7925	0.4167	-0.3758
Chr3	537203	snp	43	34	0.4501	0.3399	0.7907	0.4118	-0.3789
Chr3	537270	snp	39	41	0.424	0.3252	0.7179	0.2439	-0.474
Chr3	537339	snp	69	79	0.3939	0.3049	0.5362	0.1266	-0.4096
Chr3	537340	snp	69	80	0.3982	0.3042	0.5507	0.15	-0.4007
Chr3	539147	snp	41	32	0.4505	0.3354	0.6829	0.3438	-0.3392
Chr3	541355	snp	50	31	0.4297	0.3297	0.7	0.2903	-0.4097
Chr3	542322	snp	56	42	0.3988	0.3155	0.5893	0.2381	-0.3512
Chr3	542978	snp	67	72	0.3939	0.2946	0.5821	0.25	-0.3321
Chr3	543394	snp	56	42	0.3988	0.3155	0.5893	0.2381	-0.3512
Chr3	543463	snp	41	22	0.4734	0.3614	0.8293	0.3636	-0.4656
Chr3	543658	snp	75	43	0.4105	0.3175	0.52	0.186	-0.334
Chr3	543798	snp	40	25	0.46	0.345	0.725	0.24	-0.485
Chr3	543818	snp	41	18	0.4851	0.3631	0.7805	0.2222	-0.5583
Chr3	543820	indel	38	23	0.4497	0.3535	0.7368	0.2174	-0.5195
Chr3	543910	snp	58	58	0.3966	0.3103	0.6034	0.1897	-0.4138
Chr3	544287	snp	42	33	0.4351	0.3442	0.7381	0.3939	-0.3442
Chr3	545217	snp	53	29	0.4346	0.3312	0.6415	0.3103	-0.3312
Chr3	545414	snp	32	26	0.4736	0.3726	0.5	0.0769	-0.4231
Chr3	545463	snp	33	19	0.4944	0.3732	0.6667	0.1579	-0.5088
Chr3	545666	snp	57	56	0.4154	0.3108	0.6491	0.2321	-0.417
Chr3	545797	snp	47	39	0.4157	0.3262	0.7872	0.3333	-0.4539
Chr3	545964	snp	64	63	0.4033	0.307	0.5312	0.2222	-0.309
Chr3	546314	snp	47	20	0.467	0.3596	0.9362	0.5	-0.4362
Chr3	546523	snp	65	42	0.3982	0.3198	0.6	0.2143	-0.3857
Chr3	546565	snp	64	41	0.4123	0.3236	0.5938	0.1951	-0.3986
Chr3	547171	snp	81	57	0.4003	0.3067	0.5309	0.1228	-0.4081
Chr3	547299	snp	95	80	0.3737	0.2882	0.5368	0.2	-0.3368
Chr3	548112	snp	84	62	0.3967	0.3034	0.5	0.1935	-0.3065
Chr3	548738	indel	81	90	0.3778	0.2889	0.4815	0.1	-0.3815
Chr3	548981	indel	81	54	0.4012	0.3086	0.642	0.3148	-0.3272
Chr3	549024	snp	73	30	0.4224	0.326	0.8082	0.4	-0.4082
Chr3	549471	snp	55	38	0.4297	0.3225	0.6909	0.2368	-0.4541
Chr3	549504	snp	52	28	0.4231	0.3324	0.7308	0.3214	-0.4093
Chr3	550684	snp	45	45	0.4222	0.3333	0.4222	0.0667	-0.3556
Chr3	550808	indel	56	51	0.4114	0.3165	0.4464	0.098	-0.3484
Chr3	550916	snp	57	51	0.4056	0.3189	0.5614	0.1569	-0.4045
Chr3	551137	snp	56	45	0.4206	0.323	0.5714	0.2222	-0.3492
Chr3	551177	snp	60	57	0.3868	0.3096	0.55	0.1754	-0.3746
Chr3	551332	snp	72	66	0.3914	0.2955	0.4861	0.1667	-0.3194
Chr3	551875	snp	48	33	0.4261	0.3314	0.7292	0.2424	-0.4867
Chr3	552143	indel	43	29	0.4451	0.3416	0.7907	0.3103	-0.4804
Chr3	552270	snp	74	57	0.3907	0.3073	0.5541	0.2281	-0.326
Chr3	552365	indel	56	55	0.4058	0.3146	0.7321	0.3091	-0.4231
Chr3	552385	snp	50	50	0.42	0.32	0.82	0.42	-0.4
Chr3	560184	indel	90	75	0.3711	0.2933	0.4556	0.16	-0.2956
Chr3	567085	snp	58	50	0.4014	0.3117	0.4483	0.08	-0.3683
Chr3	567086	snp	58	53	0.4239	0.3155	0.4483	0.0755	-0.3728
Chr3	567165	snp	61	28	0.4309	0.3372	0.5738	0.0714	-0.5023
Chr3	567226	snp	67	38	0.4163	0.3181	0.4925	0.1579	-0.3346
Chr3	569124	snp	84	80	0.3845	0.2929	0.3452	0.0375	-0.3077
Chr3	571056	snp	82	91	0.3799	0.2873	0.4146	0.1099	-0.3047
Chr3	572155	indel	95	65	0.3895	0.2955	0.5158	0.1077	-0.4081
Chr3	573563	snp	91	122	0.3644	0.2795	0.4835	0.1311	-0.3524
Chr3	573679	snp	77	109	0.381	0.2976	0.4675	0.1284	-0.3391
Chr3	573727	snp	65	89	0.3889	0.2966	0.5077	0.1798	-0.3279
Chr3	604960	indel	62	66	0.3998	0.3128	0.6452	0.2879	-0.3573
Chr3	605000	snp	48	42	0.4167	0.3155	0.8333	0.4286	-0.4048
Chr3	605096	snp	40	35	0.425	0.3321	0.675	0.2857	-0.3893
Chr3	605195	indel	55	60	0.3955	0.3076	0.6	0.1667	-0.4333
Chr3	609958	snp	104	93	0.3811	0.2855	0.4519	0.1613	-0.2906
Chr3	617394	snp	35	30	0.4524	0.3476	0.7429	0.3667	-0.3762
Chr3	618047	snp	103	86	0.3754	0.2921	0.4466	0.0698	-0.3768
Chr3	626199	snp	98	99	0.3713	0.2887	0.4388	0.1414	-0.2974
Chr3	632741	snp	59	22	0.4569	0.3436	0.4237	0.0455	-0.3783
Chr3	638089	snp	80	98	0.3781	0.2918	0.4625	0.0918	-0.3707
Chr3	638188	snp	98	79	0.3778	0.2937	0.4694	0.1392	-0.3301
Chr3	649449	snp	93	75	0.3888	0.2955	0.5376	0.16	-0.3776
Chr3	660979	snp	79	59	0.3948	0.3066	0.481	0.1356	-0.3454
Chr3	661284	snp	71	84	0.3882	0.2961	0.4085	0.0714	-0.337
Chr3	661442	snp	71	69	0.3874	0.2997	0.4507	0.1449	-0.3058
Chr3	662505	indel	90	91	0.3698	0.2921	0.4111	0.0989	-0.3122
Chr3	663157	indel	39	26	0.4487	0.3462	0.7692	0.3077	-0.4615
Chr3	663317	snp	36	14	0.5357	0.4087	0.7222	0.2857	-0.4365
Chr3	663361	indel	36	14	0.5357	0.4087	0.6389	0.0714	-0.5675
Chr3	663888	snp	67	39	0.4152	0.3215	0.5821	0.1795	-0.4026
Chr3	663916	snp	58	35	0.4325	0.33	0.5172	0.1143	-0.403
Chr3	665547	snp	51	42	0.4146	0.3179	0.8039	0.4048	-0.3992
Chr3	668774	snp	78	66	0.3939	0.3007	0.4872	0.1515	-0.3357
Chr3	669383	snp	90	71	0.3864	0.2923	0.4778	0.1127	-0.3651
Chr3	670578	snp	61	49	0.4108	0.3128	0.5574	0.1429	-0.4145
Chr3	671767	snp	30	39	0.459	0.341	0.6667	0.3077	-0.359
Chr3	672130	snp	54	56	0.4167	0.3075	0.537	0.1607	-0.3763
Chr3	673644	snp	67	33	0.4292	0.3247	0.7612	0.4242	-0.337
Chr3	673873	snp	73	33	0.4396	0.3321	0.589	0.1515	-0.4375
Chr3	674069	snp	97	98	0.375	0.2821	0.5052	0.1837	-0.3215
Chr3	674208	snp	70	60	0.3905	0.3048	0.7429	0.3833	-0.3595
Chr3	674666	snp	91	53	0.3825	0.3025	0.4945	0.1321	-0.3624
Chr3	675254	indel	89	70	0.3966	0.2997	0.5393	0.1857	-0.3536
Chr3	675321	snp	79	43	0.4089	0.3073	0.6329	0.186	-0.4469
Chr3	675375	snp	61	37	0.4289	0.3217	0.7049	0.2432	-0.4617
Chr3	675489	snp	60	22	0.4485	0.3515	0.75	0.3636	-0.3864
Chr3	675548	snp	61	31	0.4151	0.3316	0.8689	0.4194	-0.4495
Chr3	676606	snp	61	59	0.4048	0.3156	0.5738	0.2203	-0.3534
Chr3	678288	snp	77	83	0.3788	0.299	0.5325	0.1687	-0.3638
Chr3	692628	snp	68	80	0.3919	0.3029	0.6471	0.1	-0.5471
Chr3	693382	snp	63	41	0.4131	0.319	0.6508	0.2927	-0.3581
Chr3	694332	snp	55	33	0.4242	0.3333	0.6182	0.2121	-0.4061
Chr3	694535	snp	59	40	0.411	0.3119	0.5763	0.25	-0.3263
Chr3	696426	indel	27	25	0.4637	0.3526	0.4815	0.12	-0.3615
Chr3	696455	snp	42	44	0.4188	0.3247	0.4762	0.1136	-0.3626
Chr3	696735	snp	84	81	0.384	0.2945	0.5595	0.2593	-0.3003
Chr3	696845	snp	64	35	0.425	0.3259	0.8438	0.4286	-0.4152
Chr3	696852	snp	69	39	0.4136	0.32	0.7826	0.4103	-0.3724
Chr3	696901	indel	94	56	0.3982	0.3024	0.617	0.25	-0.367
Chr3	697230	snp	61	45	0.416	0.3166	0.7541	0.2	-0.5541
Chr3	697482	snp	54	38	0.424	0.3294	0.6296	0.2895	-0.3402
Chr3	697935	snp	63	23	0.4451	0.3464	0.5238	0.1739	-0.3499
Chr3	699122	snp	68	50	0.4047	0.3112	0.6176	0.28	-0.3376
Chr3	699228	indel	96	131	0.3663	0.2787	0.4688	0.1221	-0.3466
Chr3	699333	snp	56	51	0.4114	0.3165	0.7679	0.3529	-0.4149
Chr3	699634	snp	87	63	0.3968	0.3027	0.4483	0.1111	-0.3372
Chr3	699693	indel	93	72	0.392	0.2917	0.4516	0.1389	-0.3127
Chr3	701723	snp	91	82	0.3799	0.2873	0.5275	0.2195	-0.308
Chr3	702966	snp	51	46	0.4211	0.3231	0.6471	0.1739	-0.4731
Chr3	703771	snp	76	71	0.3866	0.3011	0.4342	0.0845	-0.3497
Chr3	704571	snp	69	68	0.4005	0.2992	0.5217	0.2059	-0.3159
Chr3	705331	indel	91	92	0.3653	0.2787	0.5495	0.1957	-0.3538
Chr3	705564	snp	103	90	0.3713	0.2852	0.5049	0.1444	-0.3604
Chr3	706059	snp	70	86	0.3887	0.2957	0.5	0.1744	-0.3256
Chr3	706697	snp	77	83	0.3788	0.299	0.4805	0.1446	-0.3359
Chr3	707265	snp	96	95	0.3815	0.2876	0.4688	0.1684	-0.3003
Chr3	708467	snp	76	57	0.3991	0.2982	0.4474	0.1228	-0.3246
Chr3	708592	snp	74	44	0.4066	0.3163	0.4459	0.0909	-0.355
Chr3	708703	snp	55	50	0.4091	0.3164	0.5091	0.16	-0.3491
Chr3	708738	indel	60	61	0.4189	0.3079	0.5333	0.1967	-0.3366
Chr3	709152	snp	63	60	0.4008	0.3032	0.6667	0.3333	-0.3333
Chr3	709858	indel	54	38	0.424	0.3294	0.6852	0.2895	-0.3957
Chr3	710070	indel	88	97	0.3847	0.2898	0.4659	0.0928	-0.3731
Chr3	710166	snp	67	67	0.3881	0.2985	0.4776	0.1194	-0.3582
Chr3	710594	snp	72	96	0.3889	0.2986	0.4861	0.1771	-0.309
Chr3	711173	snp	53	62	0.3999	0.3028	0.434	0.1129	-0.3211
Chr3	712647	snp	38	26	0.4656	0.3502	0.8158	0.3846	-0.4312
Chr3	715074	snp	65	64	0.3954	0.3017	0.4615	0.1562	-0.3053
Chr3	715113	snp	55	58	0.4016	0.3078	0.6	0.2414	-0.3586
Chr3	715537	snp	47	70	0.4231	0.3173	0.6383	0.2571	-0.3812
Chr3	715610	snp	43	52	0.4092	0.3202	0.7442	0.2115	-0.5326
Chr3	715759	snp	34	25	0.4447	0.3482	0.7941	0.36	-0.4341
Chr3	715797	snp	34	41	0.4426	0.335	0.7059	0.2195	-0.4864
Chr3	719447	snp	53	28	0.4313	0.3329	0.7547	0.3214	-0.4333
Chr3	719496	snp	47	36	0.4196	0.3245	0.7234	0.3056	-0.4178
Chr3	719878	snp	74	64	0.3932	0.2998	0.4189	0.1094	-0.3095
Chr3	720061	snp	81	81	0.3827	0.2963	0.4815	0.1481	-0.3333
Chr3	720411	snp	63	54	0.3889	0.3042	0.6508	0.2778	-0.373
Chr3	720443	snp	70	57	0.3965	0.3018	0.6	0.2456	-0.3544
Chr3	721213	snp	42	29	0.4384	0.335	0.5952	0.2069	-0.3883
Chr3	721714	snp	40	24	0.4667	0.3583	0.775	0.375	-0.4
Chr3	721848	indel	109	127	0.3678	0.2826	0.4128	0.1181	-0.2947
Chr3	722012	snp	84	91	0.3645	0.2857	0.5119	0.1209	-0.391
Chr3	722451	snp	67	41	0.4103	0.3153	0.6866	0.3415	-0.3451
Chr3	722469	snp	70	48	0.4071	0.3131	0.6571	0.2917	-0.3655
Chr3	722714	snp	53	54	0.4196	0.3113	0.6604	0.3148	-0.3456
Chr3	723261	snp	58	37	0.4147	0.3234	0.7759	0.2973	-0.4786
Chr3	723283	snp	60	27	0.437	0.3315	0.8167	0.3704	-0.4463
Chr3	723786	snp	64	49	0.4161	0.3128	0.625	0.2041	-0.4209
Chr3	723910	snp	46	33	0.4361	0.332	0.8043	0.3333	-0.471
Chr3	723928	snp	50	40	0.415	0.325	0.7	0.25	-0.45
Chr3	723968	indel	72	56	0.4107	0.3095	0.5556	0.1964	-0.3591
Chr3	723985	indel	71	42	0.4054	0.3156	0.5915	0.2619	-0.3296
Chr3	724234	snp	79	71	0.3876	0.2965	0.5696	0.169	-0.4006
Chr3	724294	snp	65	34	0.4149	0.3213	0.6615	0.2353	-0.4262
Chr3	724418	snp	83	56	0.3832	0.2922	0.5301	0.2143	-0.3158
Chr3	724908	snp	68	39	0.4235	0.3213	0.7353	0.2564	-0.4789
Chr3	725352	snp	78	55	0.3823	0.2944	0.4615	0.1273	-0.3343
Chr3	725531	snp	57	36	0.4137	0.3304	0.4912	0.1389	-0.3523
Chr3	726025	snp	45	59	0.4102	0.316	0.5778	0.2034	-0.3744
Chr3	726420	snp	89	85	0.3811	0.2924	0.5169	0.1294	-0.3874
Chr3	726544	snp	87	81	0.3802	0.2929	0.5057	0.1358	-0.3699
Chr3	728047	snp	90	72	0.3806	0.2944	0.4	0.0972	-0.3028
Chr3	729579	snp	61	58	0.3954	0.3067	0.6393	0.2414	-0.398
Chr3	731617	snp	54	15	0.4926	0.3815	0.7407	0.2667	-0.4741
Chr3	731693	indel	76	42	0.401	0.3083	0.5	0.1429	-0.3571
Chr3	731840	snp	79	60	0.3981	0.3004	0.5316	0.1333	-0.3983
Chr3	732699	snp	97	94	0.3829	0.2928	0.4021	0.1064	-0.2957
Chr3	733320	snp	25	30	0.4733	0.3733	0.56	0.1667	-0.3933
Chr3	734316	snp	17	17	0.5294	0.4118	0.5882	0.1765	-0.4118
Chr3	735513	snp	87	66	0.3762	0.2957	0.4483	0.0909	-0.3574
Chr3	771762	snp	46	24	0.4438	0.3406	0.4348	0.0	-0.4348
Chr3	805959	snp	91	105	0.3758	0.2872	0.3956	0.0857	-0.3099
Chr3	828580	snp	90	101	0.3803	0.2856	0.4889	0.1584	-0.3305
Chr3	829564	snp	90	77	0.3733	0.2883	0.4333	0.0909	-0.3424
Chr3	833943	snp	83	80	0.3765	0.289	0.3976	0.1	-0.2976
Chr3	839707	snp	65	83	0.3965	0.2955	0.4615	0.1084	-0.3531
Chr3	840450	snp	90	75	0.3711	0.2933	0.4444	0.0933	-0.3511
Chr3	852954	indel	48	35	0.4065	0.3161	0.5833	0.2286	-0.3548
Chr3	853659	snp	59	69	0.4026	0.3058	0.4576	0.1014	-0.3562
Chr3	860057	snp	85	113	0.3783	0.287	0.5412	0.1858	-0.3553
Chr3	863249	snp	62	41	0.4174	0.319	0.4194	0.0732	-0.3462
Chr3	888232	snp	68	67	0.3782	0.2917	0.4118	0.0896	-0.3222
Chr3	894707	indel	90	76	0.3813	0.2892	0.5222	0.0921	-0.4301
Chr3	895950	snp	89	75	0.3871	0.2944	0.4045	0.1067	-0.2978
Chr3	896306	indel	54	57	0.3996	0.3012	0.4815	0.0702	-0.4113
Chr3	897370	snp	77	89	0.3952	0.3	0.4286	0.1124	-0.3162
Chr3	897772	indel	105	83	0.3624	0.2834	0.5238	0.1687	-0.3551
Chr3	897939	snp	88	72	0.3876	0.2917	0.4659	0.1667	-0.2992
Chr3	899434	snp	92	71	0.3781	0.2936	0.5326	0.1408	-0.3918
Chr3	899509	indel	93	71	0.3809	0.2938	0.4946	0.1549	-0.3397
Chr3	899955	snp	69	84	0.3799	0.295	0.4203	0.0952	-0.3251
Chr3	901293	snp	88	64	0.392	0.304	0.3977	0.0781	-0.3196
Chr3	902480	indel	117	106	0.3639	0.2884	0.4872	0.1887	-0.2985
Chr3	902992	snp	79	63	0.3946	0.3026	0.5823	0.1587	-0.4235
Chr3	903266	indel	104	81	0.3782	0.2902	0.4327	0.1358	-0.2969
Chr3	904363	snp	93	73	0.3712	0.2919	0.5484	0.0685	-0.4799
Chr3	906472	snp	57	65	0.4005	0.3082	0.386	0.0769	-0.309
Chr3	906522	snp	60	59	0.4099	0.3102	0.4	0.0339	-0.3661
Chr3	907460	snp	29	43	0.4451	0.3416	0.4483	0.0233	-0.425
Chr3	907499	indel	45	50	0.4133	0.3267	0.4889	0.04	-0.4489
Chr3	908140	snp	63	63	0.3968	0.3016	0.4286	0.0952	-0.3333
Chr3	909341	indel	86	81	0.3781	0.2924	0.4884	0.0988	-0.3896
Chr3	910313	snp	85	78	0.3789	0.2944	0.4706	0.1538	-0.3167
Chr3	910698	snp	86	80	0.3843	0.2956	0.4419	0.1375	-0.3044
Chr3	919691	snp	81	70	0.3797	0.2926	0.5556	0.1571	-0.3984
Chr3	920773	snp	79	65	0.384	0.298	0.5063	0.1846	-0.3217
Chr3	921980	snp	91	86	0.3764	0.2917	0.4396	0.1279	-0.3117
Chr3	924268	indel	117	106	0.3639	0.2884	0.4615	0.1415	-0.32
Chr3	944045	indel	37	30	0.4378	0.3423	0.5946	0.0667	-0.5279
Chr3	953767	snp	40	39	0.4423	0.341	0.6	0.0769	-0.5231
Chr3	958878	snp	80	63	0.3859	0.3052	0.5375	0.127	-0.4105
Chr3	971399	snp	49	57	0.41	0.3165	0.551	0.2105	-0.3405
Chr3	971632	snp	47	53	0.4095	0.3107	0.617	0.2075	-0.4095
Chr3	971726	snp	66	62	0.3998	0.3128	0.5455	0.1452	-0.4003
Chr3	974469	snp	81	56	0.3946	0.3124	0.4938	0.125	-0.3688
Chr3	974673	indel	55	52	0.4024	0.3094	0.4545	0.1154	-0.3392
Chr3	974702	snp	49	50	0.4147	0.3135	0.4898	0.12	-0.3698
Chr3	975203	snp	103	116	0.3659	0.2809	0.4951	0.1552	-0.34
Chr3	975680	indel	48	33	0.4261	0.3314	0.5208	0.1818	-0.339
Chr3	979850	indel	78	84	0.3874	0.2967	0.6026	0.1429	-0.4597
Chr3	1029233	snp	75	70	0.3781	0.2962	0.5067	0.1429	-0.3638
Chr3	1034469	snp	74	59	0.4008	0.3028	0.5541	0.2373	-0.3168
Chr3	1034696	snp	46	29	0.4453	0.3381	0.7391	0.3103	-0.4288
Chr3	1035715	snp	42	38	0.4348	0.3271	0.7143	0.1316	-0.5827
Chr3	1036312	snp	99	69	0.3882	0.2978	0.4848	0.058	-0.4269
Chr3	1038358	indel	66	52	0.4184	0.3054	0.4848	0.1346	-0.3502
Chr3	1038360	snp	63	53	0.3986	0.3073	0.5079	0.1132	-0.3947
Chr3	1040378	snp	79	49	0.4007	0.3035	0.6456	0.2041	-0.4415
Chr3	1040578	indel	96	66	0.3807	0.2917	0.5104	0.1667	-0.3438
Chr3	1041652	indel	86	70	0.3887	0.2957	0.5	0.1571	-0.3429
Chr3	1042862	snp	65	92	0.388	0.2973	0.4	0.087	-0.313
Chr3	1043745	snp	78	74	0.3822	0.2976	0.4231	0.1216	-0.3015
Chr3	1045441	snp	59	52	0.4188	0.3126	0.5424	0.1538	-0.3885
Chr3	1046158	indel	53	32	0.4163	0.3284	0.8113	0.2812	-0.5301
Chr3	1046163	snp	57	38	0.4211	0.3158	0.7719	0.2632	-0.5088
Chr3	1046447	snp	59	52	0.4188	0.3126	0.6271	0.25	-0.3771
Chr3	1047114	snp	63	42	0.4048	0.3175	0.6667	0.3095	-0.3571
Chr3	1047261	snp	54	40	0.4167	0.3306	0.7407	0.275	-0.4657
Chr3	1047262	snp	55	43	0.4097	0.3239	0.7273	0.3256	-0.4017
Chr3	1047577	indel	51	25	0.4267	0.3451	0.8235	0.44	-0.3835
Chr3	1047579	indel	46	24	0.4438	0.3406	0.8696	0.4583	-0.4112
Chr3	1047591	snp	52	26	0.4423	0.3269	0.7308	0.3846	-0.3462
Chr3	1049607	snp	80	68	0.3919	0.3029	0.5	0.0882	-0.4118
Chr3	1050918	snp	47	33	0.4294	0.3295	0.4894	0.0606	-0.4288
Chr3	1050980	indel	46	17	0.4604	0.3734	0.6087	0.2353	-0.3734
Chr3	1051150	snp	47	32	0.4395	0.3371	0.5319	0.0938	-0.4382
Chr3	1051968	snp	67	47	0.3992	0.3144	0.5075	0.1277	-0.3798
Chr3	1052086	snp	54	35	0.4196	0.3222	0.5926	0.1714	-0.4212
Chr3	1052372	snp	52	33	0.4196	0.3287	0.6346	0.2424	-0.3922
Chr3	1052403	snp	55	31	0.4328	0.332	0.6545	0.2903	-0.3642
Chr3	1053541	snp	72	58	0.3803	0.3051	0.625	0.2069	-0.4181
Chr3	1053624	snp	78	67	0.3917	0.3	0.5128	0.209	-0.3039
Chr3	1053871	snp	73	73	0.3836	0.3014	0.5479	0.137	-0.411
Chr3	1060105	snp	79	59	0.3948	0.3066	0.6076	0.2881	-0.3195
Chr3	1060146	snp	70	51	0.4095	0.3098	0.6286	0.3137	-0.3148
Chr3	1060471	snp	78	52	0.391	0.2949	0.5	0.1923	-0.3077
Chr3	1060545	snp	47	36	0.4196	0.3245	0.6809	0.3333	-0.3475
Chr3	1061493	snp	99	71	0.373	0.2885	0.4747	0.1831	-0.2916
Chr3	1061833	snp	96	81	0.3816	0.2878	0.4792	0.1605	-0.3187
Chr3	1062064	snp	98	86	0.3742	0.281	0.4184	0.0465	-0.3719
Chr3	1064089	snp	89	65	0.3889	0.2966	0.5506	0.2154	-0.3352
Chr3	1064326	snp	78	36	0.4188	0.3141	0.6026	0.1667	-0.4359
Chr3	1064365	snp	79	28	0.4173	0.3219	0.5696	0.1429	-0.4268
Chr3	1064606	snp	77	45	0.4121	0.316	0.5325	0.1556	-0.3769
Chr3	1064693	snp	58	22	0.4451	0.3464	0.7931	0.3182	-0.4749
Chr3	1064748	snp	63	30	0.4413	0.3302	0.619	0.2	-0.419
Chr3	1065636	snp	31	35	0.4488	0.3456	0.8387	0.4286	-0.4101
Chr3	1065893	snp	39	17	0.4751	0.3725	0.8718	0.3529	-0.5189
Chr3	1067712	snp	109	127	0.3678	0.2826	0.4587	0.1575	-0.3012
Chr3	1070074	snp	49	34	0.4226	0.3247	0.7959	0.3824	-0.4136
Chr3	1070488	snp	53	38	0.4161	0.3217	0.6792	0.2895	-0.3898
Chr3	1074739	snp	68	58	0.4133	0.3048	0.6029	0.2414	-0.3616
Chr3	1074835	snp	51	32	0.4167	0.3382	0.7647	0.4062	-0.3585
Chr3	1075237	snp	51	30	0.4333	0.3333	0.6275	0.1333	-0.4941
Chr3	1075255	indel	54	39	0.4217	0.3248	0.5556	0.1282	-0.4274
Chr3	1075288	snp	50	33	0.4382	0.3267	0.4	0.0606	-0.3394
Chr3	1075955	snp	51	33	0.4314	0.3351	0.7647	0.2727	-0.492
Chr3	1075977	indel	60	46	0.4043	0.3101	0.6	0.2174	-0.3826
Chr3	1076070	snp	53	67	0.3996	0.307	0.5283	0.209	-0.3193
Chr3	1076560	snp	46	38	0.4142	0.3238	0.6304	0.2632	-0.3673
Chr3	1076571	indel	51	47	0.4113	0.3179	0.5882	0.2128	-0.3755
Chr3	1077194	snp	46	40	0.4391	0.3293	0.6087	0.25	-0.3587
Chr3	1077354	snp	53	51	0.404	0.3111	0.6415	0.2745	-0.367
Chr3	1077541	indel	53	37	0.409	0.3202	0.7736	0.4324	-0.3412
Chr3	1079777	snp	55	54	0.4125	0.3047	0.5273	0.2037	-0.3236
Chr3	1083259	snp	68	27	0.4183	0.335	0.5588	0.1481	-0.4107
Chr3	1084870	snp	75	64	0.3988	0.3023	0.5467	0.2344	-0.3123
Chr3	1085112	snp	80	76	0.3829	0.2941	0.4875	0.1316	-0.3559
Chr3	1085255	snp	94	64	0.374	0.2945	0.4255	0.1094	-0.3162
Chr3	1085290	snp	87	69	0.3883	0.2959	0.4023	0.087	-0.3153
Chr3	1085727	snp	61	82	0.3916	0.3009	0.4754	0.0976	-0.3778
Chr3	1086833	indel	92	70	0.3957	0.2991	0.4565	0.1	-0.3565
Chr3	1089296	indel	69	38	0.4088	0.3127	0.5942	0.1842	-0.41
Chr3	1089474	indel	34	30	0.4471	0.3431	0.5882	0.2333	-0.3549
Chr3	1089770	snp	64	67	0.3911	0.3102	0.4844	0.1493	-0.3351
Chr3	1090138	snp	50	35	0.4171	0.3257	0.54	0.1143	-0.4257
Chr3	1090309	snp	55	30	0.4364	0.3303	0.5636	0.1667	-0.397
Chr3	1095424	snp	61	49	0.4108	0.3128	0.4918	0.1224	-0.3694
Chr3	1095567	indel	79	62	0.4036	0.2999	0.481	0.0968	-0.3842
Chr3	1095575	snp	73	57	0.4004	0.3028	0.4658	0.0702	-0.3956
Chr3	1098407	snp	80	79	0.3837	0.2953	0.4375	0.1266	-0.3109
Chr3	1101305	indel	83	90	0.3922	0.2877	0.4458	0.1444	-0.3013
Chr3	1102556	snp	55	65	0.3958	0.3091	0.4364	0.0462	-0.3902
Chr3	1103527	snp	61	42	0.4028	0.3134	0.459	0.0714	-0.3876
Chr3	1107259	snp	87	86	0.3768	0.2951	0.5057	0.1977	-0.3081
Chr3	1129267	snp	74	78	0.3822	0.2976	0.5811	0.2308	-0.3503
Chr3	1136662	snp	77	110	0.3727	0.2818	0.5325	0.2	-0.3325
Chr3	1138610	snp	86	70	0.3887	0.2957	0.4535	0.1429	-0.3106
Chr3	1139746	snp	75	54	0.3948	0.297	0.4933	0.1852	-0.3081
Chr3	1139859	indel	90	73	0.3782	0.2883	0.5333	0.1096	-0.4237
Chr3	1139919	snp	75	57	0.3902	0.2968	0.4	0.0526	-0.3474
Chr3	1145416	snp	73	77	0.3905	0.2925	0.411	0.1169	-0.2941
Chr3	1167676	indel	68	57	0.3991	0.3047	0.4118	0.1053	-0.3065
Chr3	1169107	snp	65	48	0.417	0.3093	0.6769	0.1875	-0.4894
Chr3	1169293	snp	69	22	0.4519	0.3399	0.7971	0.4545	-0.3426
Chr3	1170101	snp	62	48	0.3999	0.3098	0.5323	0.1667	-0.3656
Chr3	1183812	snp	79	55	0.4037	0.3096	0.519	0.1818	-0.3372
Chr3	1185928	snp	83	88	0.3779	0.289	0.4096	0.1136	-0.296
Chr3	1197854	snp	81	51	0.4038	0.3137	0.5309	0.1373	-0.3936
Chr3	1197893	snp	57	39	0.4035	0.3158	0.5088	0.1795	-0.3293
Chr3	1198233	snp	79	92	0.3756	0.2906	0.5316	0.2065	-0.3251
Chr3	1198984	snp	69	42	0.4193	0.3199	0.6232	0.1905	-0.4327
Chr3	1199027	snp	63	37	0.4153	0.3218	0.6349	0.2162	-0.4187
Chr3	1199957	snp	54	46	0.4211	0.3221	0.6481	0.2174	-0.4308
Chr3	1200076	snp	83	64	0.3934	0.302	0.5542	0.125	-0.4292
Chr3	1200248	snp	71	62	0.3839	0.299	0.5775	0.2097	-0.3678
Chr3	1200417	snp	63	40	0.4167	0.3214	0.7302	0.3	-0.4302
Chr3	1202205	snp	55	29	0.4332	0.3348	0.5455	0.1724	-0.373
Chr3	1202581	snp	83	48	0.4039	0.3085	0.506	0.125	-0.381
Chr3	1202650	indel	82	59	0.407	0.3041	0.5244	0.1864	-0.3379
Chr3	1203027	snp	98	83	0.3732	0.2871	0.4694	0.1687	-0.3007
Chr3	1203811	snp	87	77	0.389	0.296	0.5862	0.2338	-0.3524
Chr3	1204614	snp	92	70	0.3957	0.2991	0.5109	0.1857	-0.3252
Chr3	1205292	snp	79	63	0.3946	0.3026	0.6076	0.2222	-0.3854
Chr3	1205363	snp	49	17	0.479	0.3613	0.898	0.5294	-0.3685
Chr3	1205499	snp	74	49	0.4098	0.3149	0.5676	0.2449	-0.3227
Chr3	1205778	indel	56	37	0.4257	0.3272	0.7143	0.2703	-0.444
Chr3	1206001	snp	62	34	0.4231	0.3292	0.6774	0.1765	-0.5009
Chr3	1208462	snp	57	34	0.437	0.3313	0.614	0.2647	-0.3493
Chr3	1208695	snp	68	49	0.4031	0.3163	0.6471	0.2041	-0.443
Chr3	1208732	snp	61	46	0.4116	0.3083	0.623	0.1739	-0.449
Chr3	1208983	indel	53	50	0.4147	0.3192	0.5849	0.26	-0.3249
Chr3	1210460	snp	50	43	0.4177	0.3242	0.68	0.186	-0.494
Chr3	1210469	snp	50	40	0.415	0.325	0.7	0.225	-0.475
Chr3	1210644	snp	49	31	0.424	0.3305	0.7959	0.3548	-0.4411
Chr3	1210744	snp	47	40	0.416	0.3271	0.7021	0.375	-0.3271
Chr3	1215962	snp	57	35	0.414	0.3173	0.7193	0.3429	-0.3764
Chr3	1215977	snp	65	42	0.3982	0.3198	0.6462	0.2857	-0.3604
Chr3	1216123	indel	68	76	0.3947	0.298	0.4853	0.1579	-0.3274
Chr3	1216138	snp	74	81	0.3782	0.303	0.4595	0.1481	-0.3113
Chr3	1216299	snp	57	49	0.41	0.3165	0.5614	0.2245	-0.3369
Chr3	1216360	snp	62	59	0.3997	0.307	0.5484	0.2373	-0.3111
Chr3	1216650	snp	97	91	0.3644	0.2833	0.5258	0.1209	-0.4049
Chr3	1217951	indel	36	25	0.4578	0.3467	1.0	0.4	-0.6
Chr3	1217955	snp	51	33	0.4314	0.3351	0.7451	0.303	-0.4421
Chr3	1217976	indel	41	30	0.4472	0.3407	0.878	0.4333	-0.4447
Chr3	1217999	snp	62	55	0.405	0.3059	0.6129	0.2364	-0.3765
Chr3	1218209	snp	39	17	0.4751	0.3725	0.8718	0.4706	-0.4012
Chr3	1218213	snp	37	15	0.5045	0.3946	0.8649	0.4	-0.4649
Chr3	1218972	snp	35	24	0.4512	0.3655	0.5143	0.125	-0.3893
Chr3	1219359	snp	52	50	0.4138	0.3131	0.6538	0.08	-0.5738
Chr3	1219393	indel	62	64	0.4103	0.3155	0.6129	0.0625	-0.5504
Chr3	1220744	indel	59	75	0.3713	0.2963	0.4576	0.12	-0.3376
Chr3	1220749	indel	57	70	0.3965	0.3018	0.4561	0.1286	-0.3276
Chr3	1220785	snp	70	79	0.3861	0.2982	0.4429	0.038	-0.4049
Chr3	1221014	snp	74	79	0.3744	0.2951	0.4189	0.1013	-0.3177
Chr3	1222189	snp	57	49	0.41	0.3165	0.6667	0.2857	-0.381
Chr3	1222269	indel	88	58	0.3836	0.2978	0.625	0.2241	-0.4009
Chr3	1222393	snp	92	68	0.3798	0.2922	0.5326	0.1765	-0.3561
Chr3	1223297	indel	40	30	0.45	0.3417	0.9	0.5	-0.4
Chr3	1223497	snp	44	25	0.4527	0.3509	0.8636	0.48	-0.3836
Chr3	1223633	snp	43	23	0.457	0.3498	0.9302	0.4783	-0.452
Chr3	1223657	snp	56	35	0.4107	0.325	0.6964	0.3714	-0.325
Chr3	1224622	snp	63	35	0.419	0.3206	0.8254	0.3714	-0.454
Chr3	1225439	snp	55	46	0.4012	0.3138	0.6182	0.1739	-0.4443
Chr3	1225468	snp	60	32	0.4292	0.325	0.7167	0.25	-0.4667
Chr3	1225635	snp	38	22	0.4713	0.3589	0.5789	0.1364	-0.4426
Chr3	1226531	snp	80	38	0.4059	0.3158	0.5375	0.2105	-0.327
Chr3	1226631	snp	61	35	0.4319	0.3208	0.7377	0.3429	-0.3948
Chr3	1227944	snp	69	61	0.4018	0.3022	0.6377	0.2951	-0.3426
Chr3	1227996	snp	52	35	0.4247	0.3297	0.9423	0.4857	-0.4566
Chr3	1228040	snp	58	38	0.4111	0.3212	0.8621	0.5	-0.3621
Chr3	1228123	snp	68	65	0.3995	0.3093	0.6471	0.3077	-0.3394
Chr3	1228246	snp	58	59	0.4173	0.3162	0.6897	0.2881	-0.4015
Chr3	1228313	snp	65	58	0.3973	0.3093	0.5538	0.1724	-0.3814
Chr3	1228370	indel	84	70	0.3952	0.3024	0.4405	0.1286	-0.3119
Chr3	1229078	snp	73	61	0.3955	0.2998	0.4932	0.1803	-0.3128
Chr3	1229708	snp	95	121	0.3776	0.2845	0.5053	0.1901	-0.3152
Chr3	1229847	snp	55	45	0.4141	0.3152	0.6545	0.2667	-0.3879
Chr3	1230465	snp	52	42	0.4212	0.3141	0.6923	0.3333	-0.359
Chr3	1230513	snp	48	33	0.4261	0.3314	0.7917	0.4242	-0.3674
Chr3	1231030	snp	50	44	0.4164	0.3164	0.7	0.2273	-0.4727
Chr3	1231044	indel	55	52	0.4024	0.3094	0.6364	0.2692	-0.3671
Chr3	1231297	snp	67	102	0.3775	0.2902	0.5224	0.0882	-0.4342
Chr3	1231455	snp	73	94	0.3917	0.2989	0.5616	0.117	-0.4446
Chr3	1231600	snp	53	44	0.4181	0.3195	0.6981	0.3182	-0.3799
Chr3	1231615	snp	48	46	0.4058	0.317	0.7083	0.3261	-0.3822
Chr3	1232713	snp	45	41	0.4228	0.3274	0.4222	0.0732	-0.3491
Chr3	1233301	snp	59	65	0.4044	0.3056	0.4915	0.1385	-0.3531
Chr3	1233374	snp	40	18	0.4833	0.3667	0.85	0.2778	-0.5722
Chr3	1233385	indel	39	22	0.4534	0.3601	0.9231	0.2727	-0.6503
Chr3	1233423	snp	36	16	0.5069	0.3819	0.9444	0.25	-0.6944
Chr3	1233757	indel	49	43	0.4177	0.3218	0.7143	0.3256	-0.3887
Chr3	1233784	indel	50	31	0.4297	0.3297	0.9	0.5484	-0.3516
Chr3	1234863	indel	40	20	0.475	0.375	0.925	0.5	-0.425
Chr3	1234899	snp	45	23	0.4502	0.3411	0.7556	0.3913	-0.3643
Chr3	1234902	indel	43	22	0.4693	0.3552	0.8372	0.4091	-0.4281
Chr3	1235088	snp	50	37	0.4249	0.3346	0.62	0.2703	-0.3497
Chr3	1236371	indel	78	80	0.3798	0.2901	0.5128	0.1875	-0.3253
Chr3	1236681	indel	62	56	0.3992	0.3059	0.6613	0.2679	-0.3934
Chr3	1236782	snp	81	61	0.3839	0.3058	0.5185	0.1803	-0.3382
Chr3	1236893	indel	71	50	0.4042	0.302	0.6338	0.3	-0.3338
Chr3	1237935	snp	64	44	0.4162	0.3168	0.5625	0.2045	-0.358
Chr3	1238196	snp	42	47	0.4189	0.3262	0.5952	0.2128	-0.3825
Chr3	1238386	snp	52	58	0.3952	0.305	0.6154	0.2586	-0.3568
Chr3	1240199	snp	67	51	0.3989	0.3102	0.4776	0.1569	-0.3207
Chr3	1240268	snp	68	64	0.4044	0.3051	0.5735	0.125	-0.4485
Chr3	1240416	snp	51	42	0.4146	0.3179	0.7255	0.3333	-0.3922
Chr3	1240427	snp	56	41	0.4037	0.3079	0.6786	0.3415	-0.3371
Chr3	1240762	snp	98	74	0.3858	0.2943	0.4286	0.1081	-0.3205
Chr3	1242018	indel	49	34	0.4226	0.3247	0.8571	0.5	-0.3571
Chr3	1242278	indel	82	64	0.3979	0.3045	0.5488	0.2031	-0.3457
Chr3	1242599	snp	56	34	0.4097	0.3204	0.8393	0.4118	-0.4275
Chr3	1243674	snp	57	32	0.4265	0.3289	0.6667	0.25	-0.4167
Chr3	1243928	indel	68	67	0.3782	0.2917	0.5441	0.1791	-0.365
Chr3	1245815	snp	52	19	0.4626	0.3623	0.9231	0.4737	-0.4494
Chr3	1245850	snp	65	28	0.4423	0.3352	0.8308	0.4643	-0.3665
Chr3	1247295	snp	76	72	0.3801	0.2931	0.4079	0.0972	-0.3107
Chr3	1248198	indel	90	67	0.3706	0.297	0.4778	0.1791	-0.2987
Chr3	1251022	snp	81	44	0.4004	0.3011	0.4815	0.1591	-0.3224
Chr3	1251120	snp	68	47	0.4196	0.3229	0.6176	0.2128	-0.4049
Chr3	1251125	indel	71	55	0.3851	0.3024	0.5915	0.1818	-0.4097
Chr3	1251197	snp	77	54	0.3992	0.3086	0.5714	0.2593	-0.3122
Chr3	1252779	snp	60	48	0.4042	0.3083	0.55	0.2083	-0.3417
Chr3	1253269	snp	64	31	0.4315	0.3337	0.5625	0.129	-0.4335
Chr3	1253381	snp	66	57	0.4091	0.3062	0.5606	0.1579	-0.4027
Chr3	1253580	snp	56	55	0.4058	0.3146	0.75	0.2545	-0.4955
Chr3	1253673	indel	45	42	0.4238	0.3238	0.7333	0.4048	-0.3286
Chr3	1254434	snp	97	73	0.386	0.2971	0.4433	0.0822	-0.3611
Chr3	1254947	snp	88	82	0.3891	0.2935	0.4432	0.1341	-0.309
Chr3	1255149	snp	59	47	0.4053	0.3163	0.5593	0.1489	-0.4104
Chr3	1255233	snp	76	57	0.3991	0.2982	0.4474	0.0702	-0.3772
Chr3	1255552	indel	39	51	0.4299	0.3228	0.6667	0.2549	-0.4118
Chr3	1255714	snp	36	37	0.4279	0.3408	0.5833	0.1622	-0.4212
Chr3	1255798	snp	40	33	0.4576	0.347	0.725	0.1818	-0.5432
Chr3	1256012	snp	54	53	0.4196	0.3113	0.5556	0.1509	-0.4046
Chr3	1257556	snp	41	59	0.4117	0.3154	0.5366	0.2203	-0.3162
Chr3	1257576	snp	48	61	0.4177	0.321	0.5625	0.1803	-0.3822
Chr3	1258961	snp	58	48	0.4052	0.3175	0.7586	0.3958	-0.3628
Chr3	1259238	snp	50	27	0.4407	0.3407	0.76	0.4074	-0.3526
Chr3	1259261	snp	59	45	0.4102	0.316	0.6441	0.2444	-0.3996
Chr3	1259437	snp	62	56	0.3992	0.3059	0.5323	0.1964	-0.3358
Chr3	1260482	snp	106	106	0.3679	0.283	0.5283	0.1321	-0.3962
Chr3	1261062	snp	66	55	0.4091	0.3061	0.5606	0.1455	-0.4152
Chr3	1261168	snp	67	54	0.3986	0.3054	0.5672	0.2222	-0.3449
Chr3	1261254	snp	58	34	0.4178	0.3245	0.6897	0.1765	-0.5132
Chr3	1261351	snp	73	41	0.4166	0.3221	0.726	0.2927	-0.4333
Chr3	1263249	snp	48	14	0.5119	0.3899	0.75	0.3571	-0.3929
Chr3	1263279	snp	55	22	0.4455	0.3455	0.7091	0.2727	-0.4364
Chr3	1263505	snp	44	29	0.4514	0.348	0.6818	0.2414	-0.4404
Chr3	1263530	snp	46	27	0.4388	0.343	0.6304	0.1852	-0.4452
Chr3	1270362	snp	100	79	0.3868	0.2903	0.41	0.0886	-0.3214
Chr3	1293132	snp	77	40	0.3994	0.3123	0.6623	0.3	-0.3623
Chr3	1293427	snp	72	42	0.4147	0.3155	0.5833	0.1905	-0.3929
Chr3	1295120	snp	31	29	0.4638	0.356	0.8387	0.3103	-0.5284
Chr3	1295150	snp	39	31	0.4467	0.3383	0.641	0.2258	-0.4152
Chr3	1295647	indel	78	60	0.3897	0.3	0.5641	0.2333	-0.3308
Chr3	1295651	snp	73	61	0.3955	0.2998	0.5616	0.2131	-0.3485
Chr3	1295779	snp	93	41	0.4062	0.3103	0.4839	0.122	-0.3619
Chr3	1296506	snp	76	69	0.3839	0.2969	0.4605	0.1304	-0.3301
Chr3	1296783	snp	84	68	0.3971	0.306	0.4286	0.1029	-0.3256
Chr3	1297078	snp	74	56	0.4044	0.3055	0.4595	0.0357	-0.4237
Chr3	1297248	snp	84	47	0.3969	0.31	0.5238	0.1489	-0.3749
Chr3	1297329	snp	95	60	0.3921	0.2895	0.4947	0.1167	-0.3781
Chr3	1297512	snp	78	70	0.3883	0.3026	0.4359	0.0857	-0.3502
Chr3	1298094	snp	71	29	0.4361	0.3298	0.6338	0.2069	-0.4269
Chr3	1298240	snp	64	35	0.425	0.3259	0.6406	0.2571	-0.3835
Chr3	1298654	snp	61	39	0.4136	0.3203	0.6557	0.3077	-0.348
Chr3	1299489	snp	62	44	0.4172	0.3204	0.5484	0.2273	-0.3211
Chr3	1300308	snp	27	18	0.4815	0.3704	0.7778	0.2778	-0.5
Chr3	1300410	indel	35	54	0.4196	0.3222	0.7143	0.1667	-0.5476
Chr3	1300880	snp	61	39	0.4136	0.3203	0.5902	0.2051	-0.385
Chr3	1307143	snp	33	31	0.4487	0.3519	0.6667	0.1935	-0.4731
Chr3	1321202	snp	75	49	0.3943	0.3072	0.5067	0.1633	-0.3434
Chr3	1355250	snp	64	59	0.3994	0.3096	0.6094	0.1695	-0.4399
Chr3	1382626	snp	74	57	0.3907	0.3073	0.4865	0.1754	-0.311
Chr3	1421698	snp	69	85	0.3881	0.2975	0.4493	0.1294	-0.3199
Chr3	1425956	indel	110	110	0.3727	0.2909	0.4545	0.1091	-0.3455
Chr3	1505427	snp	103	99	0.3677	0.288	0.5049	0.1515	-0.3533
Chr3	1506740	snp	48	57	0.4167	0.3191	0.625	0.1404	-0.4846
Chr3	1506810	snp	57	38	0.4211	0.3158	0.5439	0.1842	-0.3596
Chr3	1508127	indel	63	63	0.3968	0.3016	0.619	0.1587	-0.4603
Chr3	1508755	snp	51	34	0.4118	0.3235	0.8235	0.4412	-0.3824
Chr3	1508849	snp	59	45	0.4102	0.316	0.7627	0.3556	-0.4072
Chr3	1508916	snp	46	29	0.4453	0.3381	0.8913	0.5172	-0.3741
Chr3	1508926	snp	42	32	0.442	0.3393	0.8571	0.4688	-0.3884
Chr3	1509089	snp	47	42	0.4189	0.3262	0.8085	0.381	-0.4276
Chr3	1509328	snp	69	90	0.3821	0.2947	0.4638	0.1667	-0.2971
Chr3	1509481	snp	76	52	0.3866	0.3036	0.5395	0.1923	-0.3472
Chr3	1510150	indel	60	93	0.3844	0.2989	0.5667	0.1613	-0.4054
Chr3	1510156	snp	57	78	0.3974	0.305	0.614	0.1667	-0.4474
Chr3	1510371	snp	40	30	0.45	0.3417	0.5	0.1	-0.4
Chr3	1510691	snp	51	21	0.4538	0.3529	0.4706	0.0952	-0.3754
Chr3	1510794	snp	53	44	0.4181	0.3195	0.5283	0.1364	-0.3919
Chr3	1511902	snp	80	55	0.392	0.3023	0.5625	0.2545	-0.308
Chr3	1512441	snp	99	84	0.3842	0.2937	0.4949	0.119	-0.3759
Chr3	1512667	snp	57	29	0.4265	0.3388	0.5263	0.1724	-0.3539
Chr3	1514413	snp	104	82	0.3856	0.2894	0.4904	0.1463	-0.344
Chr3	1516581	snp	64	53	0.3927	0.3037	0.5625	0.2264	-0.3361
Chr3	1517714	snp	90	60	0.3833	0.3056	0.5111	0.1667	-0.3444
Chr3	1517807	snp	65	35	0.4352	0.3187	0.6	0.2286	-0.3714
Chr3	1518579	snp	56	69	0.4032	0.3072	0.5357	0.1304	-0.4053
Chr3	1518924	snp	66	81	0.3866	0.2985	0.4697	0.1481	-0.3215
Chr3	1519700	snp	73	65	0.4044	0.302	0.589	0.2769	-0.3121
Chr3	1519779	snp	87	75	0.383	0.2933	0.4828	0.1733	-0.3094
Chr3	1520050	snp	49	39	0.4218	0.3349	0.7347	0.3077	-0.427
Chr3	1520484	indel	62	69	0.3957	0.3039	0.5161	0.2029	-0.3132
Chr3	1521126	indel	70	101	0.3767	0.2942	0.4714	0.1188	-0.3526
Chr3	1521326	snp	66	60	0.4	0.297	0.4091	0.0833	-0.3258
Chr3	1521448	snp	62	57	0.4157	0.3147	0.5323	0.1754	-0.3568
Chr3	1521887	snp	56	49	0.4107	0.3163	0.7321	0.4082	-0.324
Chr3	1522343	snp	60	35	0.4214	0.3262	0.7	0.2286	-0.4714
Chr3	1522578	snp	32	19	0.4868	0.3734	0.8125	0.4211	-0.3914
Chr3	1522768	snp	60	33	0.4273	0.3364	0.75	0.3939	-0.3561
Chr3	1522777	snp	70	43	0.4209	0.3193	0.7	0.3256	-0.3744
Chr3	1522960	indel	103	95	0.3637	0.2844	0.4757	0.1579	-0.3178
Chr3	1522965	indel	108	108	0.3611	0.2778	0.5	0.1667	-0.3333
Chr3	1524059	snp	67	40	0.4112	0.3216	0.6866	0.275	-0.4116
Chr3	1524063	snp	68	37	0.4209	0.3152	0.6765	0.2973	-0.3792
Chr3	1524445	snp	52	29	0.4204	0.3322	0.6731	0.3103	-0.3627
Chr3	1524459	indel	47	25	0.4409	0.3396	0.766	0.36	-0.406
Chr3	1524714	snp	75	60	0.3967	0.3	0.56	0.1833	-0.3767
Chr3	1524769	snp	59	47	0.4053	0.3163	0.5254	0.1915	-0.3339
Chr3	1524858	indel	36	37	0.4279	0.3408	0.75	0.3514	-0.3986
Chr3	1525421	indel	60	66	0.4	0.297	0.7333	0.2576	-0.4758
Chr3	1525574	indel	109	88	0.3691	0.2842	0.4954	0.125	-0.3704
Chr3	1525641	snp	75	56	0.3895	0.3005	0.6	0.1786	-0.4214
Chr3	1526333	snp	59	50	0.4088	0.3149	0.7627	0.2	-0.5627
Chr3	1526686	indel	81	81	0.3827	0.2963	0.5062	0.1852	-0.321
Chr3	1527988	snp	63	46	0.4058	0.3147	0.6825	0.3261	-0.3565
Chr3	1528798	snp	74	66	0.3931	0.3051	0.6351	0.2121	-0.423
Chr3	1528874	snp	74	62	0.3906	0.2995	0.6216	0.2419	-0.3797
Chr3	1529183	snp	70	77	0.3844	0.2987	0.5571	0.1558	-0.4013
Chr3	1529234	indel	76	80	0.3829	0.2941	0.5132	0.2125	-0.3007
Chr3	1529636	snp	56	43	0.412	0.314	0.7321	0.2093	-0.5228
Chr3	1529639	snp	56	34	0.4097	0.3204	0.75	0.2647	-0.4853
Chr3	1529973	indel	82	109	0.38	0.2915	0.5488	0.1101	-0.4387
Chr3	1530650	snp	35	24	0.4512	0.3655	0.6571	0.25	-0.4071
Chr3	1530763	snp	39	24	0.4679	0.3526	0.641	0.1667	-0.4744
Chr3	1531562	indel	46	34	0.4169	0.3223	0.6739	0.2647	-0.4092
Chr3	1531576	snp	43	29	0.4451	0.3416	0.7209	0.3103	-0.4106
Chr3	1531795	snp	79	96	0.3674	0.2853	0.443	0.1562	-0.2868
Chr3	1535239	indel	65	45	0.4137	0.3043	0.5538	0.2444	-0.3094
Chr3	1535897	snp	84	73	0.3891	0.2921	0.4762	0.1644	-0.3118
Chr3	1536348	snp	77	55	0.4	0.3013	0.4545	0.1273	-0.3273
Chr3	1536475	snp	84	63	0.3849	0.3016	0.4762	0.0794	-0.3968
Chr3	1536491	indel	104	86	0.3708	0.2882	0.3942	0.1047	-0.2896
Chr3	1536577	indel	59	38	0.4166	0.3189	0.6102	0.2632	-0.347
Chr3	1538411	snp	86	78	0.3739	0.2841	0.5116	0.1154	-0.3962
Chr3	1538605	snp	60	31	0.422	0.3263	0.75	0.3548	-0.3952
Chr3	1539677	snp	99	99	0.3636	0.2828	0.4646	0.0808	-0.3838
Chr3	1539864	snp	51	51	0.4314	0.3333	0.6471	0.3137	-0.3333
Chr3	1554929	snp	66	66	0.3939	0.303	0.5606	0.1364	-0.4242
Chr3	1556178	snp	82	82	0.3902	0.2927	0.4756	0.1463	-0.3293
Chr3	1559316	snp	44	28	0.4318	0.3409	0.8409	0.4643	-0.3766
Chr3	1559710	snp	39	22	0.4534	0.3601	0.7436	0.1818	-0.5618
Chr3	1566579	indel	62	46	0.4208	0.3247	0.4839	0.1087	-0.3752
Chr3	1574304	snp	97	67	0.3868	0.2937	0.4639	0.0896	-0.3744
Chr3	1578996	snp	98	93	0.3766	0.2908	0.4796	0.0968	-0.3828
Chr3	1582809	indel	66	88	0.3826	0.2992	0.5	0.1705	-0.3295
Chr3	1597415	snp	104	95	0.3765	0.2918	0.4904	0.1263	-0.3641
Chr3	1597433	indel	104	96	0.3694	0.2869	0.4904	0.0938	-0.3966
Chr3	1600056	snp	79	101	0.3739	0.2859	0.5823	0.1584	-0.4239
Chr3	1602479	snp	99	87	0.3755	0.2887	0.4747	0.1494	-0.3253
Chr3	1602774	indel	61	65	0.4096	0.309	0.5574	0.1385	-0.4189
Chr3	1603168	snp	84	54	0.3889	0.2963	0.4643	0.0926	-0.3717
Chr3	1614538	snp	58	51	0.3979	0.307	0.4483	0.1373	-0.311
Chr3	1614814	snp	106	90	0.3742	0.2943	0.4528	0.1	-0.3528
Chr3	1615050	snp	90	76	0.3813	0.2892	0.4667	0.1447	-0.3219
Chr3	1618341	snp	52	41	0.4151	0.3227	0.6346	0.1951	-0.4395
Chr3	1618947	snp	43	30	0.4481	0.3411	0.6977	0.3	-0.3977
Chr3	1619064	snp	65	58	0.3973	0.3093	0.5385	0.1379	-0.4005
Chr3	1630215	snp	76	73	0.3796	0.294	0.4474	0.0822	-0.3652
Chr3	1631086	snp	50	33	0.4382	0.3267	0.82	0.3939	-0.4261
Chr3	1631125	indel	61	52	0.4001	0.3124	0.6393	0.2692	-0.3701
Chr3	1631188	snp	51	36	0.4281	0.3333	0.6275	0.1944	-0.433
Chr3	1631261	snp	44	34	0.4332	0.3316	0.7273	0.1765	-0.5508
Chr3	1631273	indel	42	37	0.4247	0.3346	0.6667	0.1622	-0.5045
Chr3	1631308	snp	51	41	0.4127	0.3152	0.6863	0.1707	-0.5155
Chr3	1631419	snp	61	35	0.4319	0.3208	0.7213	0.3429	-0.3785
Chr3	1632692	indel	68	55	0.4003	0.3094	0.6029	0.2364	-0.3666
Chr3	1632700	snp	68	52	0.4106	0.3156	0.5882	0.2115	-0.3767
Chr3	1632970	snp	65	38	0.4138	0.317	0.4615	0.0789	-0.3826
Chr3	1633061	indel	93	55	0.4039	0.3128	0.4946	0.1455	-0.3492
Chr3	1633079	snp	81	49	0.3976	0.3074	0.4691	0.1429	-0.3263
Chr3	1633645	snp	86	71	0.3798	0.2905	0.4651	0.1408	-0.3243
Chr3	1633791	snp	87	99	0.3755	0.2887	0.4713	0.1818	-0.2894
Chr3	1634070	snp	77	67	0.3801	0.295	0.5065	0.1045	-0.402
Chr3	1634408	snp	52	45	0.4021	0.3115	0.8269	0.2222	-0.6047
Chr3	1634423	snp	51	53	0.404	0.3111	0.7843	0.2264	-0.5579
Chr3	1634592	snp	74	57	0.3907	0.3073	0.6351	0.2807	-0.3544
Chr3	1635402	snp	71	50	0.4042	0.302	0.6479	0.18	-0.4679
Chr3	1635827	snp	69	51	0.3964	0.3009	0.6957	0.3333	-0.3623
Chr3	1636077	snp	58	38	0.4111	0.3212	0.7241	0.1579	-0.5662
Chr3	1636086	snp	62	30	0.4312	0.3333	0.6774	0.1333	-0.5441
Chr3	1636256	snp	99	82	0.3803	0.3016	0.4343	0.1098	-0.3246
Chr3	1637066	snp	55	36	0.4111	0.3222	0.7455	0.3611	-0.3843
Chr3	1637126	indel	63	38	0.4194	0.3241	0.6825	0.3421	-0.3404
Chr3	1637398	snp	47	32	0.4395	0.3371	0.6383	0.25	-0.3883
Chr3	1637473	snp	42	24	0.4405	0.3452	0.7143	0.25	-0.4643
Chr3	1637710	snp	82	86	0.3721	0.2842	0.4878	0.1395	-0.3483
Chr3	1638526	snp	89	83	0.3907	0.2974	0.4719	0.1205	-0.3514
Chr3	1640321	snp	50	36	0.4222	0.3267	0.7	0.1667	-0.5333
Chr3	1640347	indel	64	51	0.4053	0.311	0.6562	0.098	-0.5582
Chr3	1640383	indel	57	31	0.429	0.3322	0.7544	0.2903	-0.4641
Chr3	1671313	snp	90	100	0.3711	0.2933	0.4778	0.11	-0.3678
Chr3	1687720	snp	69	64	0.3775	0.305	0.4203	0.0781	-0.3422
Chr3	1703998	snp	88	80	0.3841	0.2943	0.4886	0.1625	-0.3261
Chr3	1737326	snp	63	71	0.3921	0.2987	0.5397	0.169	-0.3707
Chr3	1740237	indel	107	60	0.3815	0.2928	0.5607	0.2167	-0.3441
Chr3	1744632	snp	63	61	0.389	0.306	0.4127	0.0656	-0.3471
Chr3	1765531	snp	60	52	0.4064	0.3051	0.5167	0.2115	-0.3051
Chr3	1788243	snp	70	75	0.3781	0.2962	0.4714	0.1467	-0.3248
Chr3	1813639	snp	72	95	0.3917	0.302	0.4306	0.1053	-0.3253
Chr3	1820134	snp	65	60	0.3949	0.3038	0.3692	0.0333	-0.3359
Chr3	1820341	snp	59	67	0.3795	0.3008	0.3898	0.0597	-0.3301
Chr3	1821600	indel	91	67	0.3882	0.2957	0.3736	0.0746	-0.299
Chr3	1821803	snp	81	90	0.3778	0.2889	0.4568	0.1222	-0.3346
Chr3	1822204	snp	58	66	0.4086	0.3067	0.5	0.1364	-0.3636
Chr3	1822458	indel	68	59	0.3893	0.3036	0.4118	0.0847	-0.327
Chr3	1822754	indel	76	90	0.3813	0.2892	0.4211	0.0778	-0.3433
Chr3	1822799	indel	80	97	0.3885	0.2979	0.375	0.0722	-0.3028
Chr3	1822814	snp	76	95	0.3816	0.2947	0.3947	0.0947	-0.3
Chr3	1826399	snp	58	54	0.4183	0.3123	0.6207	0.1667	-0.454
Chr3	1828206	snp	29	24	0.4741	0.3635	0.7241	0.3333	-0.3908
Chr3	1828246	indel	26	33	0.4662	0.3531	0.7692	0.2727	-0.4965
Chr3	1829560	snp	34	38	0.4427	0.3375	0.8235	0.2895	-0.5341
Chr3	1830083	snp	41	30	0.4472	0.3407	0.8049	0.4333	-0.3715
Chr3	1835677	snp	67	61	0.4035	0.3066	0.4328	0.1148	-0.3181
Chr3	1839472	snp	93	71	0.3809	0.2938	0.4731	0.1549	-0.3182
Chr3	1845061	snp	68	75	0.3914	0.3004	0.4559	0.0667	-0.3892
Chr3	1845236	snp	88	59	0.3831	0.2978	0.5455	0.1864	-0.359
Chr3	1848163	indel	85	86	0.3804	0.2978	0.4353	0.093	-0.3423
Chr3	1849822	indel	85	62	0.4008	0.3013	0.5059	0.1774	-0.3285
Chr3	1852867	snp	88	74	0.371	0.2942	0.5	0.1351	-0.3649
Chr3	1852908	indel	90	70	0.3921	0.2921	0.5556	0.1714	-0.3841
Chr3	1853126	snp	62	47	0.4104	0.3085	0.629	0.2128	-0.4163
Chr3	1867672	snp	98	74	0.3858	0.2943	0.4592	0.0676	-0.3916
Chr3	1869022	indel	95	91	0.3737	0.2923	0.4842	0.1209	-0.3633
Chr3	1869117	snp	105	92	0.38	0.2917	0.4476	0.1413	-0.3063
Chr3	1869175	indel	108	97	0.3829	0.2865	0.463	0.1546	-0.3083
Chr3	1869334	indel	83	108	0.3784	0.2867	0.4096	0.1111	-0.2985
Chr3	1874621	indel	45	21	0.4635	0.3556	0.4444	0.0	-0.4444
Chr3	1877356	snp	67	62	0.395	0.3091	0.4328	0.0645	-0.3683
Chr3	1877361	indel	68	63	0.4066	0.3044	0.3971	0.0159	-0.3812
Chr3	1879690	snp	55	48	0.4042	0.3133	0.4182	0.1042	-0.314
Chr3	1886894	snp	86	82	0.3721	0.2842	0.4419	0.1463	-0.2955
Chr3	1887460	snp	116	101	0.3616	0.2837	0.4655	0.1386	-0.3269
Chr3	1887924	snp	76	79	0.3931	0.2923	0.4474	0.1392	-0.3081
Chr3	1889025	indel	86	78	0.3739	0.2841	0.4419	0.141	-0.3008
Chr3	1894184	snp	63	70	0.3857	0.2984	0.381	0.0714	-0.3095
Chr3	1894261	snp	50	34	0.4271	0.3365	0.48	0.0882	-0.3918
Chr3	1895541	indel	69	45	0.4213	0.313	0.5942	0.2444	-0.3498
Chr3	1895557	snp	71	54	0.4051	0.3161	0.5775	0.2037	-0.3738
Chr3	1896369	indel	74	53	0.3845	0.3006	0.5135	0.1698	-0.3437
Chr3	1912642	snp	75	66	0.38	0.3024	0.4933	0.1818	-0.3115
Chr3	1915437	snp	82	66	0.4013	0.3019	0.4756	0.0606	-0.415
Chr3	1915570	snp	53	37	0.409	0.3202	0.6792	0.2162	-0.463
Chr3	1915601	snp	52	45	0.4021	0.3115	0.7308	0.2	-0.5308
Chr3	1916595	snp	74	70	0.3973	0.3012	0.5	0.1429	-0.3571
Chr3	1916856	snp	37	24	0.4696	0.3694	0.8649	0.375	-0.4899
Chr3	1916861	snp	41	27	0.4481	0.3505	0.7805	0.3333	-0.4472
Chr3	1917024	snp	47	30	0.4418	0.3383	0.8936	0.4333	-0.4603
Chr3	1917272	snp	79	58	0.3826	0.2997	0.5316	0.2069	-0.3247
Chr3	1918333	snp	48	43	0.4157	0.3154	0.6458	0.1395	-0.5063
Chr3	1918618	indel	68	58	0.4133	0.3048	0.6324	0.2759	-0.3565
Chr3	1923901	indel	67	70	0.4009	0.3119	0.6269	0.1571	-0.4697
Chr3	1924962	snp	52	50	0.4138	0.3131	0.5577	0.2	-0.3577
Chr3	1942217	indel	74	51	0.4025	0.3079	0.5405	0.0784	-0.4621
Chr3	1970629	snp	80	59	0.3913	0.3002	0.45	0.1017	-0.3483
Chr3	1981767	snp	69	63	0.3885	0.303	0.5217	0.1429	-0.3789
Chr3	1988863	snp	80	53	0.3854	0.2979	0.6	0.1887	-0.4113
Chr3	1989171	snp	55	28	0.4396	0.3331	0.8545	0.4643	-0.3903
Chr3	1989310	snp	55	54	0.4125	0.3047	0.7091	0.2778	-0.4313
Chr3	1989415	indel	51	67	0.3989	0.3102	0.7843	0.194	-0.5903
Chr3	1989458	snp	41	49	0.4385	0.336	0.8049	0.2041	-0.6008
Chr3	1989924	snp	56	38	0.4248	0.3346	0.625	0.2895	-0.3355
Chr3	1989941	indel	53	35	0.4216	0.3186	0.7358	0.3429	-0.393
Chr3	1990554	snp	75	57	0.3902	0.2968	0.48	0.1754	-0.3046
Chr3	1991148	indel	87	64	0.3933	0.3023	0.4943	0.1406	-0.3536
Chr3	1991234	indel	75	57	0.3902	0.2968	0.52	0.0877	-0.4323
Chr3	1991309	snp	55	36	0.4111	0.3222	0.8	0.1667	-0.6333
Chr3	1991322	snp	57	32	0.4265	0.3289	0.7544	0.1562	-0.5981
Chr3	1994792	snp	69	75	0.3768	0.2968	0.4783	0.16	-0.3183
Chr3	2012402	snp	99	70	0.3802	0.2928	0.5152	0.1714	-0.3437
Chr3	2014100	snp	94	94	0.383	0.2872	0.5106	0.2234	-0.2872
Chr3	2015567	indel	60	74	0.4018	0.3	0.5	0.1486	-0.3514
Chr3	2017860	snp	60	48	0.4042	0.3083	0.6167	0.2917	-0.325
Chr3	2018847	snp	56	22	0.4529	0.3442	0.5357	0.1364	-0.3994
Chr3	2024377	snp	91	83	0.3865	0.288	0.5275	0.0843	-0.4431
Chr3	2028574	snp	57	46	0.4092	0.3146	0.5088	0.1739	-0.3349
Chr3	2029446	snp	72	86	0.376	0.2923	0.5972	0.186	-0.4112
Chr3	2029634	snp	86	64	0.3779	0.2958	0.4535	0.1562	-0.2972
Chr3	2029770	indel	113	92	0.3698	0.2813	0.4867	0.0978	-0.3889
Chr3	2032348	indel	89	106	0.3763	0.29	0.5169	0.1887	-0.3282
Chr3	2034001	indel	72	60	0.3889	0.2972	0.4861	0.1833	-0.3028
Chr3	2035063	indel	74	101	0.3849	0.2968	0.4865	0.1485	-0.338
Chr3	2035103	snp	62	70	0.3811	0.2991	0.6452	0.2	-0.4452
Chr3	2036721	snp	85	61	0.3965	0.3049	0.5647	0.1639	-0.4008
Chr3	2037179	snp	82	65	0.3996	0.2962	0.5	0.1385	-0.3615
Chr3	2037296	snp	48	32	0.4375	0.3333	0.8542	0.5	-0.3542
Chr3	2037342	indel	50	49	0.4147	0.3135	0.78	0.3469	-0.4331
Chr3	2038080	snp	87	65	0.3901	0.305	0.4828	0.1231	-0.3597
Chr3	2038925	snp	61	49	0.4108	0.3128	0.6721	0.3061	-0.366
Chr3	2041456	snp	76	67	0.383	0.3032	0.4737	0.1493	-0.3244
Chr3	2044619	snp	73	51	0.3889	0.3086	0.5479	0.2353	-0.3127
Chr3	2044828	snp	51	48	0.4191	0.3223	0.6667	0.2292	-0.4375
Chr3	2044863	snp	61	55	0.4048	0.3085	0.6066	0.2364	-0.3702
Chr3	2045556	snp	70	67	0.4009	0.3119	0.5	0.1493	-0.3507
Chr3	2045802	snp	86	98	0.3742	0.281	0.5581	0.1633	-0.3949
Chr3	2047208	snp	88	118	0.3738	0.2887	0.4773	0.1864	-0.2908
Chr3	2047763	snp	79	53	0.3948	0.3107	0.5949	0.1132	-0.4817
Chr3	2048413	snp	99	91	0.3679	0.2922	0.5051	0.1868	-0.3182
Chr3	2048873	snp	71	46	0.4179	0.3141	0.6479	0.3261	-0.3218
Chr3	2049271	snp	85	60	0.3931	0.301	0.4941	0.1167	-0.3775
Chr3	2049327	snp	70	34	0.4202	0.3227	0.5714	0.1471	-0.4244
Chr3	2049715	snp	99	80	0.3956	0.2941	0.4444	0.1375	-0.3069
Chr3	2050279	snp	80	93	0.3777	0.2899	0.5	0.172	-0.328
Chr3	2051622	snp	90	105	0.3825	0.2889	0.4778	0.1429	-0.3349
Chr3	2053127	snp	79	79	0.3797	0.3038	0.519	0.1392	-0.3797
Chr3	2055567	snp	82	83	0.3823	0.2864	0.5	0.2048	-0.2952
Chr3	2055891	snp	43	32	0.4477	0.3459	0.7907	0.375	-0.4157
Chr3	2056229	snp	60	75	0.3967	0.3	0.45	0.1467	-0.3033
Chr3	2058947	indel	71	60	0.3939	0.2939	0.4507	0.1333	-0.3174
Chr3	2059977	snp	83	74	0.3986	0.2963	0.4819	0.1351	-0.3468
Chr3	2074961	snp	76	81	0.3813	0.295	0.4474	0.1111	-0.3363
Chr3	2077809	snp	43	42	0.4324	0.3383	0.7209	0.3333	-0.3876
Chr3	2077825	snp	45	38	0.4257	0.3287	0.7778	0.3684	-0.4094
Chr3	2078104	snp	96	76	0.3788	0.2933	0.5	0.1579	-0.3421
Chr3	2078207	snp	64	62	0.4103	0.3155	0.6719	0.2581	-0.4138
Chr3	2078302	snp	75	60	0.3967	0.3	0.5867	0.25	-0.3367
Chr3	2078436	snp	72	88	0.3876	0.2917	0.4861	0.1932	-0.2929
Chr3	2078802	indel	40	41	0.4323	0.3335	0.65	0.2927	-0.3573
Chr3	2078815	snp	37	36	0.4279	0.3408	0.5946	0.1944	-0.4002
Chr3	2080157	indel	54	43	0.4195	0.3226	0.5556	0.1163	-0.4393
Chr3	2080159	snp	43	39	0.4389	0.3363	0.5349	0.1026	-0.4323
Chr3	2090014	snp	57	60	0.3868	0.3096	0.4912	0.1667	-0.3246
Chr3	2091771	snp	67	89	0.3755	0.2968	0.597	0.1685	-0.4285
Chr3	2091839	snp	54	42	0.4101	0.3175	0.6852	0.3571	-0.328
Chr3	2092177	snp	40	26	0.4462	0.35	0.825	0.4615	-0.3635
Chr3	2092331	snp	55	54	0.4125	0.3047	0.6727	0.2222	-0.4505
Chr3	2093879	indel	32	42	0.442	0.3393	0.5312	0.0476	-0.4836
Chr3	2094071	snp	63	46	0.4058	0.3147	0.5556	0.1739	-0.3816
Chr3	2094558	indel	31	16	0.5181	0.3931	0.9677	0.1875	-0.7802
Chr3	2094559	indel	31	15	0.5097	0.4065	0.6129	0.0	-0.6129
Chr3	2094560	indel	30	17	0.498	0.3902	0.8667	0.1765	-0.6902
Chr3	2095036	snp	70	43	0.4209	0.3193	0.6	0.2558	-0.3442
Chr3	2095078	snp	95	70	0.3774	0.2955	0.5474	0.2	-0.3474
Chr3	2095275	snp	77	62	0.3913	0.2985	0.5065	0.1774	-0.3291
Chr3	2098255	snp	80	46	0.4022	0.3027	0.575	0.2609	-0.3141
Chr3	2100017	indel	69	71	0.3874	0.2997	0.5072	0.1127	-0.3946
Chr3	2101343	indel	34	20	0.4824	0.3676	0.7353	0.3	-0.4353
Chr3	2102609	snp	82	75	0.3896	0.2917	0.5244	0.12	-0.4044
Chr3	2102781	snp	69	52	0.3977	0.306	0.5072	0.1731	-0.3342
Chr3	2102844	snp	53	39	0.4204	0.3203	0.6792	0.3077	-0.3716
Chr3	2102854	snp	53	45	0.4147	0.3182	0.6604	0.2444	-0.4159
Chr3	2102956	indel	92	96	0.3804	0.2908	0.4348	0.125	-0.3098
Chr3	2103257	snp	54	55	0.4125	0.3047	0.4815	0.1455	-0.336
Chr3	2103967	snp	58	41	0.4142	0.3238	0.6897	0.1951	-0.4945
Chr3	2104068	snp	97	76	0.3749	0.2971	0.5258	0.1579	-0.3679
Chr3	2104284	indel	57	43	0.4117	0.3125	0.614	0.2791	-0.335
Chr3	2105424	indel	45	47	0.4142	0.3225	0.6889	0.3191	-0.3697
Chr3	2105444	snp	42	41	0.4233	0.3258	0.7381	0.3659	-0.3722
Chr3	2106323	snp	84	50	0.399	0.3076	0.5714	0.22	-0.3514
Chr3	2106683	snp	68	68	0.4118	0.3088	0.5441	0.1765	-0.3676
Chr3	2106713	indel	56	53	0.3976	0.3063	0.6071	0.2453	-0.3619
Chr3	2106760	snp	50	30	0.4467	0.34	0.68	0.3333	-0.3467
Chr3	2107229	indel	73	55	0.3938	0.2936	0.6438	0.2727	-0.3711
Chr3	2107258	snp	68	65	0.3995	0.3093	0.6176	0.2	-0.4176
Chr3	2107981	snp	87	79	0.3732	0.2949	0.4943	0.1772	-0.317
Chr3	2108284	snp	78	86	0.3739	0.2841	0.5256	0.1512	-0.3745
Chr3	2108382	snp	82	89	0.3872	0.2923	0.5244	0.2022	-0.3221
Chr3	2109883	snp	62	32	0.4294	0.3327	0.6129	0.25	-0.3629
Chr3	2109924	snp	61	34	0.4306	0.3259	0.4754	0.1471	-0.3284
Chr3	2111004	snp	44	22	0.4773	0.3409	0.8409	0.4091	-0.4318
Chr3	2111021	snp	40	25	0.46	0.345	0.8	0.36	-0.44
Chr3	2111373	snp	44	28	0.4318	0.3409	0.75	0.3571	-0.3929
Chr3	2111638	snp	50	50	0.42	0.32	0.76	0.32	-0.44
Chr3	2111692	snp	60	62	0.3968	0.3086	0.6667	0.2419	-0.4247
Chr3	2112037	snp	48	29	0.4325	0.342	0.7083	0.2414	-0.467
Chr3	2112179	snp	49	50	0.4147	0.3135	0.6735	0.22	-0.4535
Chr3	2112179	indel	54	49	0.4161	0.3159	0.6667	0.1837	-0.483
Chr3	2112186	indel	52	49	0.4223	0.3214	0.6923	0.2449	-0.4474
Chr3	2113124	indel	26	36	0.453	0.3526	0.8462	0.4167	-0.4295
Chr3	2113144	indel	36	39	0.4359	0.3397	0.7222	0.359	-0.3632
Chr3	2113153	snp	43	43	0.4186	0.3256	0.6279	0.2791	-0.3488
Chr3	2113291	snp	58	46	0.4108	0.3081	0.6379	0.3043	-0.3336
Chr3	2113370	snp	44	27	0.4478	0.3426	0.7955	0.4444	-0.351
Chr3	2113520	snp	56	24	0.4464	0.3512	0.6429	0.2083	-0.4345
Chr3	2113542	snp	44	23	0.4585	0.3528	0.75	0.1739	-0.5761
Chr3	2114517	snp	46	35	0.4373	0.3335	0.6957	0.2286	-0.4671
Chr3	2114960	snp	45	46	0.4266	0.3203	0.8444	0.413	-0.4314
Chr3	2115057	snp	67	57	0.3936	0.3077	0.6269	0.193	-0.4339
Chr3	2115990	snp	35	22	0.487	0.3623	0.6	0.1364	-0.4636
Chr3	2116756	indel	63	50	0.3943	0.3073	0.5397	0.16	-0.3797
Chr3	2116934	snp	69	47	0.4104	0.3108	0.6087	0.2766	-0.3321
Chr3	2117281	snp	51	35	0.4364	0.3361	0.7451	0.3143	-0.4308
Chr3	2117371	snp	41	22	0.4734	0.3614	0.7805	0.3636	-0.4169
Chr3	2117412	indel	38	15	0.4982	0.3912	0.9211	0.4667	-0.4544
Chr3	2117780	snp	43	33	0.4412	0.3432	0.7907	0.3939	-0.3968
Chr3	2118175	snp	44	26	0.4493	0.3462	0.7727	0.4231	-0.3497
Chr3	2118691	snp	41	62	0.4174	0.319	0.6098	0.2097	-0.4001
Chr3	2118706	indel	39	64	0.4123	0.3185	0.5897	0.2188	-0.371
Chr3	2119219	snp	55	49	0.4212	0.3147	0.6	0.2041	-0.3959
Chr3	2119320	snp	70	73	0.3838	0.2969	0.5	0.0959	-0.4041
Chr3	2120112	snp	78	81	0.3827	0.2934	0.5769	0.2099	-0.367
Chr3	2120558	snp	61	61	0.4098	0.3115	0.6393	0.2459	-0.3934
Chr3	2120728	snp	54	25	0.4422	0.3467	0.8519	0.48	-0.3719
Chr3	2122586	snp	42	22	0.4632	0.3571	0.881	0.5	-0.381
Chr3	2123536	snp	65	44	0.4329	0.3133	0.6308	0.25	-0.3808
Chr3	2123551	snp	65	36	0.4299	0.3278	0.6462	0.25	-0.3962
Chr3	2124005	snp	85	55	0.3861	0.3027	0.5294	0.1636	-0.3658
Chr3	2124133	indel	87	71	0.3902	0.2979	0.5402	0.1549	-0.3853
Chr3	2124241	snp	54	62	0.3996	0.2933	0.5926	0.2258	-0.3668
Chr3	2125551	snp	40	27	0.4519	0.3435	0.675	0.2593	-0.4157
Chr3	2126023	snp	38	50	0.4179	0.3189	0.6316	0.22	-0.4116
Chr3	2126058	indel	48	61	0.4177	0.321	0.5625	0.2295	-0.333
Chr3	2126126	snp	69	50	0.3832	0.3067	0.6087	0.28	-0.3287
Chr3	2126138	indel	71	50	0.4042	0.302	0.6338	0.32	-0.3138
Chr3	2126810	indel	54	32	0.4306	0.3345	0.8333	0.4688	-0.3646
Chr3	2126828	snp	60	42	0.4262	0.3214	0.75	0.3333	-0.4167
Chr3	2126853	indel	57	44	0.4083	0.3186	0.7895	0.2727	-0.5167
Chr3	2127155	snp	63	71	0.3921	0.2987	0.5556	0.1831	-0.3725
Chr3	2127448	indel	49	32	0.4235	0.338	0.7143	0.375	-0.3393
Chr3	2127492	indel	36	35	0.4365	0.3262	0.8889	0.5143	-0.3746
Chr3	2127832	snp	67	48	0.4129	0.3141	0.7164	0.3125	-0.4039
Chr3	2128235	indel	80	67	0.3938	0.3067	0.5375	0.209	-0.3285
Chr3	2128929	snp	55	37	0.4113	0.3214	0.7636	0.2703	-0.4934
Chr3	2130554	snp	61	25	0.4446	0.3482	0.5902	0.24	-0.3502
Chr3	2130709	snp	64	50	0.405	0.3181	0.5625	0.12	-0.4425
Chr3	2131837	snp	71	56	0.3979	0.3058	0.5634	0.25	-0.3134
Chr3	2136070	snp	52	44	0.4161	0.3112	0.5769	0.1818	-0.3951
Chr3	2136095	indel	47	30	0.4418	0.3383	0.5532	0.1667	-0.3865
Chr3	2137013	snp	58	29	0.431	0.3448	0.7759	0.3448	-0.431
Chr3	2137104	snp	50	37	0.4249	0.3346	0.82	0.2162	-0.6038
Chr3	2137194	snp	71	73	0.3884	0.294	0.5634	0.1507	-0.4127
Chr3	2137326	snp	64	69	0.3775	0.305	0.4375	0.1304	-0.3071
Chr3	2138254	snp	39	27	0.4558	0.3476	0.6923	0.2593	-0.433
Chr3	2138405	snp	58	52	0.3952	0.305	0.6034	0.1346	-0.4688
Chr3	2138798	indel	91	83	0.3865	0.288	0.5495	0.2048	-0.3446
Chr3	2138838	snp	61	45	0.416	0.3166	0.6885	0.2889	-0.3996
Chr3	2140292	snp	54	29	0.4361	0.3404	0.7593	0.2759	-0.4834
Chr3	2140514	snp	59	56	0.3977	0.3057	0.7458	0.2679	-0.4779
Chr3	2140547	snp	49	45	0.429	0.3215	0.8571	0.3333	-0.5238
Chr3	2140615	indel	62	72	0.3992	0.3024	0.5	0.1667	-0.3333
Chr3	2140632	indel	65	52	0.4154	0.3154	0.5692	0.2115	-0.3577
Chr3	2140646	snp	62	68	0.3975	0.3112	0.5161	0.1471	-0.3691
Chr3	2140847	snp	73	67	0.3827	0.2956	0.6438	0.1493	-0.4946
Chr3	2141008	snp	48	24	0.4375	0.3333	0.8333	0.5	-0.3333
Chr3	2141063	snp	51	36	0.4281	0.3333	0.8039	0.4167	-0.3873
Chr3	2141310	snp	57	52	0.3941	0.3114	0.6491	0.2885	-0.3607
Chr3	2141536	snp	50	42	0.4229	0.3219	0.8	0.3095	-0.4905
Chr3	2141595	snp	83	56	0.3832	0.2922	0.5181	0.1429	-0.3752
Chr3	2141783	snp	74	69	0.3848	0.2971	0.6486	0.2754	-0.3733
Chr3	2141842	snp	62	35	0.418	0.3235	0.871	0.4	-0.471
Chr3	2141909	snp	58	37	0.4147	0.3234	0.8448	0.4054	-0.4394
Chr3	2141995	snp	85	64	0.3857	0.2994	0.4941	0.1875	-0.3066
Chr3	2142322	snp	101	81	0.3867	0.2978	0.4752	0.1481	-0.3271
Chr3	2142631	snp	93	83	0.3723	0.288	0.4624	0.1084	-0.3539
Chr3	2143220	snp	46	43	0.4196	0.3266	0.7826	0.4186	-0.364
Chr3	2143534	snp	68	33	0.4131	0.3266	0.5147	0.1515	-0.3632
Chr3	2144121	snp	66	75	0.38	0.3024	0.5303	0.2267	-0.3036
Chr3	2145554	snp	78	41	0.4009	0.3136	0.5769	0.2195	-0.3574
Chr3	2145677	snp	67	58	0.3958	0.3049	0.5373	0.1552	-0.3821
Chr3	2145963	snp	79	62	0.4036	0.2999	0.443	0.1129	-0.3301
Chr3	2146249	snp	85	61	0.3965	0.3049	0.4824	0.1639	-0.3184
Chr3	2146508	snp	53	76	0.4007	0.3069	0.5283	0.0395	-0.4888
Chr3	2146912	snp	45	32	0.434	0.3368	0.7111	0.25	-0.4611
Chr3	2147368	snp	91	66	0.3783	0.2915	0.5165	0.1061	-0.4104
Chr3	2147432	indel	83	89	0.3907	0.2974	0.5783	0.1348	-0.4435
Chr3	2147562	snp	66	45	0.4091	0.3121	0.7121	0.2222	-0.4899
Chr3	2147583	snp	71	56	0.3979	0.3058	0.6761	0.1429	-0.5332
Chr3	2148179	snp	70	77	0.3844	0.2987	0.5286	0.1948	-0.3338
Chr3	2148702	snp	93	92	0.3739	0.2862	0.5269	0.1196	-0.4073
Chr3	2148812	snp	75	65	0.3856	0.2995	0.4667	0.1538	-0.3128
Chr3	2150558	snp	49	38	0.4248	0.3287	0.5714	0.1579	-0.4135
Chr3	2150639	snp	43	30	0.4481	0.3411	0.6279	0.1	-0.5279
Chr3	2151598	indel	73	64	0.3938	0.3022	0.6849	0.3281	-0.3568
Chr3	2151627	snp	66	47	0.4146	0.3108	0.6667	0.2553	-0.4113
Chr3	2152565	snp	39	28	0.4579	0.3498	0.7436	0.3929	-0.3507
Chr3	2152800	snp	42	31	0.4493	0.3287	0.7857	0.2581	-0.5276
Chr3	2152808	snp	45	25	0.4578	0.3511	0.8	0.28	-0.52
Chr3	2152937	snp	84	50	0.399	0.3076	0.5476	0.2	-0.3476
Chr3	2153080	snp	53	36	0.4214	0.3249	0.6981	0.3611	-0.337
Chr3	2153955	snp	43	30	0.4481	0.3411	0.7209	0.3667	-0.3543
Chr3	2154010	snp	63	49	0.415	0.3197	0.6032	0.2653	-0.3379
Chr3	2154219	snp	56	27	0.4385	0.3327	0.7143	0.3333	-0.381
Chr3	2154330	snp	81	51	0.4038	0.3137	0.5185	0.1765	-0.342
Chr3	2154421	indel	57	43	0.4117	0.3125	0.807	0.2558	-0.5512
Chr3	2154721	snp	43	62	0.407	0.314	0.7442	0.3226	-0.4216
Chr3	2154897	snp	37	26	0.4563	0.3524	0.7568	0.3846	-0.3721
Chr3	2155037	indel	27	22	0.4848	0.3771	0.7037	0.2727	-0.431
Chr3	2155307	snp	50	46	0.3991	0.3174	0.74	0.2174	-0.5226
Chr3	2155329	snp	51	42	0.4146	0.3179	0.7255	0.3095	-0.416
Chr3	2155458	indel	100	87	0.3726	0.2932	0.53	0.2069	-0.3231
Chr3	2155507	snp	69	45	0.4213	0.313	0.7681	0.3556	-0.4126
Chr3	2155643	snp	57	33	0.4258	0.3333	0.7719	0.303	-0.4689
Chr3	2156268	snp	58	74	0.3798	0.3001	0.5	0.1216	-0.3784
Chr3	2156409	snp	53	35	0.4216	0.3186	0.6981	0.3714	-0.3267
Chr3	2156517	snp	43	22	0.4693	0.3552	0.7209	0.3182	-0.4027
Chr3	2157113	snp	49	42	0.415	0.3231	0.6122	0.2619	-0.3503
Chr3	2157174	snp	35	21	0.4762	0.3619	0.7429	0.381	-0.3619
Chr3	2157190	snp	40	28	0.4429	0.3393	0.7	0.3214	-0.3786
Chr3	2157386	snp	55	52	0.4024	0.3094	0.7455	0.3846	-0.3608
Chr3	2158137	snp	45	35	0.4349	0.3302	0.5778	0.2286	-0.3492
Chr3	2159050	indel	49	39	0.4218	0.3349	0.8571	0.359	-0.4982
Chr3	2159066	snp	50	42	0.4229	0.3219	0.76	0.2857	-0.4743
Chr3	2159398	snp	48	46	0.4058	0.317	0.5833	0.1957	-0.3877
Chr3	2159407	indel	52	49	0.4223	0.3214	0.5577	0.1837	-0.374
Chr3	2159882	snp	60	35	0.4214	0.3262	0.75	0.2857	-0.4643
Chr3	2159887	snp	61	36	0.4185	0.316	0.7541	0.3333	-0.4208
Chr3	2160808	snp	81	77	0.392	0.3005	0.5926	0.2078	-0.3848
Chr3	2161981	snp	70	71	0.3893	0.3034	0.7143	0.3239	-0.3903
Chr3	2162543	snp	59	46	0.4053	0.3084	0.5593	0.2174	-0.3419
Chr3	2163062	snp	76	48	0.3947	0.307	0.5263	0.0625	-0.4638
Chr3	2163551	snp	101	94	0.386	0.2903	0.4554	0.1596	-0.2959
Chr3	2163758	snp	73	79	0.3865	0.2956	0.4795	0.1266	-0.3529
Chr3	2164177	indel	85	85	0.3765	0.2941	0.4941	0.1882	-0.3059
Chr3	2164245	snp	85	71	0.3841	0.2923	0.4588	0.1549	-0.3039
Chr3	2164601	snp	76	59	0.3923	0.3058	0.5526	0.2373	-0.3153
Chr3	2164837	snp	40	30	0.45	0.3417	0.8	0.4	-0.4
Chr3	2164882	snp	65	41	0.415	0.3212	0.5538	0.2195	-0.3343
Chr3	2165398	snp	55	38	0.4297	0.3225	0.5818	0.2368	-0.345
Chr3	2165586	snp	75	59	0.3713	0.2963	0.6	0.1864	-0.4136
Chr3	2165630	snp	75	68	0.3914	0.3004	0.6	0.2059	-0.3941
Chr3	2166008	snp	73	76	0.3796	0.294	0.4658	0.1184	-0.3473
Chr3	2166825	snp	71	92	0.3781	0.2936	0.4225	0.0652	-0.3573
Chr3	2167009	indel	62	91	0.4006	0.2958	0.5645	0.2088	-0.3557
Chr3	2167160	snp	69	77	0.3939	0.2955	0.5362	0.1948	-0.3414
Chr3	2167289	snp	84	56	0.3929	0.2976	0.6667	0.1786	-0.4881
Chr3	2168240	indel	74	76	0.3887	0.2948	0.527	0.2237	-0.3033
Chr3	2168378	snp	64	71	0.3853	0.3008	0.4844	0.1549	-0.3294
Chr3	2168453	snp	44	43	0.4239	0.3319	0.6818	0.3256	-0.3562
Chr3	2168631	snp	56	54	0.4167	0.3075	0.5536	0.1667	-0.3869
Chr3	2168780	snp	83	64	0.3934	0.302	0.5301	0.2031	-0.327
Chr3	2168887	snp	48	33	0.4261	0.3314	0.8125	0.3939	-0.4186
Chr3	2169398	snp	72	41	0.4262	0.3184	0.7222	0.3171	-0.4051
Chr3	2169565	snp	83	93	0.3723	0.288	0.5181	0.1398	-0.3783
Chr3	2170567	snp	60	31	0.422	0.3263	0.6	0.1613	-0.4387
Chr3	2170787	snp	81	69	0.3784	0.2904	0.4198	0.087	-0.3328
Chr3	2171607	snp	72	81	0.3889	0.2978	0.5	0.1975	-0.3025
Chr3	2171729	snp	60	63	0.4008	0.3032	0.55	0.2063	-0.3437
Chr3	2171846	snp	43	22	0.4693	0.3552	0.8605	0.4091	-0.4514
Chr3	2172631	snp	71	51	0.3991	0.309	0.5775	0.1961	-0.3814
Chr3	2173381	snp	59	41	0.4117	0.3154	0.678	0.3171	-0.3609
Chr3	2173625	snp	87	57	0.3817	0.3031	0.4023	0.0877	-0.3146
Chr3	2173946	indel	68	62	0.3975	0.3112	0.5588	0.2097	-0.3491
Chr3	2174796	snp	53	41	0.4188	0.3267	0.717	0.3902	-0.3267
Chr3	2175290	indel	58	35	0.4325	0.33	0.6724	0.2571	-0.4153
Chr3	2179001	snp	45	17	0.4824	0.3725	0.6667	0.2353	-0.4314
Chr3	2179058	snp	53	34	0.4206	0.3246	0.566	0.0882	-0.4778
Chr3	2179105	indel	67	45	0.4043	0.3085	0.5075	0.1111	-0.3964
Chr3	2179347	snp	74	83	0.3986	0.2963	0.473	0.1446	-0.3284
Chr3	2180406	indel	59	40	0.411	0.3119	0.6271	0.275	-0.3521
Chr3	2180411	snp	52	35	0.4247	0.3297	0.6923	0.3143	-0.378
Chr3	2181212	snp	60	40	0.4167	0.3167	0.7	0.325	-0.375
Chr3	2181229	indel	60	41	0.4138	0.3228	0.75	0.3415	-0.4085
Chr3	2181424	snp	44	34	0.4332	0.3316	0.75	0.3529	-0.3971
Chr3	2181876	indel	92	78	0.3821	0.294	0.5435	0.1282	-0.4153
Chr3	2181949	indel	56	52	0.408	0.3077	0.875	0.4231	-0.4519
Chr3	2182155	snp	64	59	0.3994	0.3096	0.75	0.2373	-0.5127
Chr3	2182205	indel	83	107	0.3825	0.2917	0.6024	0.1682	-0.4342
Chr3	2182577	indel	47	35	0.4377	0.3319	0.766	0.4286	-0.3374
Chr3	2182990	snp	46	28	0.4472	0.3509	0.7826	0.4286	-0.354
Chr3	2183492	indel	56	33	0.4167	0.322	0.7679	0.3939	-0.3739
Chr3	2183831	snp	65	60	0.3949	0.3038	0.5385	0.1167	-0.4218
Chr3	2184939	snp	33	36	0.4545	0.3535	0.7273	0.3056	-0.4217
Chr3	2184976	indel	41	48	0.4162	0.3216	0.5854	0.2083	-0.377
Chr3	2185659	snp	59	41	0.4117	0.3154	0.5424	0.1951	-0.3473
Chr3	2185872	snp	52	51	0.3986	0.3028	0.5769	0.2157	-0.3612
Chr3	2186086	snp	93	117	0.3785	0.2856	0.4731	0.1624	-0.3107
Chr3	2186237	indel	39	31	0.4467	0.3383	0.7436	0.3871	-0.3565
Chr3	2186252	snp	39	33	0.4242	0.3333	0.7179	0.2727	-0.4452
Chr3	2186257	snp	41	31	0.4343	0.3352	0.6829	0.2903	-0.3926
Chr3	2186566	snp	60	53	0.3981	0.3082	0.6667	0.3585	-0.3082
Chr3	2194488	snp	70	94	0.3915	0.2951	0.5	0.0851	-0.4149
Chr3	2194612	snp	65	53	0.4073	0.31	0.5385	0.2264	-0.312
Chr3	2195906	indel	57	51	0.4056	0.3189	0.4561	0.1373	-0.3189
Chr3	2195975	snp	38	27	0.4513	0.345	0.6316	0.2222	-0.4094
Chr3	2195990	snp	31	18	0.5108	0.3907	0.871	0.3333	-0.5376
Chr3	2196018	snp	48	32	0.4375	0.3333	0.5625	0.1875	-0.375
Chr3	2196267	snp	54	39	0.4217	0.3248	0.537	0.2051	-0.3319
Chr3	2197204	snp	76	64	0.3849	0.2969	0.6053	0.2969	-0.3084
Chr3	2197605	snp	89	69	0.3858	0.2973	0.4944	0.1594	-0.335
Chr3	2197805	snp	64	43	0.4084	0.3147	0.5469	0.1628	-0.3841
Chr3	2197876	snp	70	68	0.3937	0.3063	0.5714	0.1471	-0.4244
Chr3	2198064	snp	68	46	0.3932	0.2999	0.75	0.3478	-0.4022
Chr3	2198549	snp	69	37	0.3964	0.3153	0.5507	0.1622	-0.3886
Chr3	2198603	snp	65	36	0.4299	0.3278	0.6	0.1389	-0.4611
Chr3	2198933	snp	77	75	0.383	0.2925	0.5844	0.2533	-0.3311
Chr3	2199003	snp	68	87	0.384	0.2958	0.6029	0.1954	-0.4075
Chr3	2199744	snp	123	93	0.3611	0.2827	0.5122	0.1613	-0.3509
Chr3	2200044	snp	115	64	0.3747	0.2891	0.4783	0.1406	-0.3376
Chr3	2200607	snp	76	53	0.4007	0.3069	0.4737	0.1321	-0.3416
Chr3	2205945	snp	48	34	0.435	0.3309	0.5	0.1471	-0.3529
Chr3	2206510	snp	83	67	0.3888	0.2987	0.6627	0.2985	-0.3641
Chr3	2206533	snp	82	61	0.3916	0.3009	0.6951	0.3279	-0.3673
Chr3	2207322	snp	74	63	0.3887	0.3048	0.6081	0.2222	-0.3859
Chr3	2208953	snp	60	38	0.4149	0.3219	0.5667	0.1316	-0.4351
Chr3	2209156	snp	87	78	0.3798	0.3011	0.4598	0.1538	-0.3059
Chr3	2210100	snp	86	75	0.3839	0.2915	0.5465	0.2	-0.3465
Chr3	2219158	indel	68	46	0.3932	0.2999	0.5294	0.2174	-0.312
Chr3	2219931	snp	74	72	0.3836	0.2887	0.473	0.1806	-0.2924
Chr3	2220249	snp	98	83	0.3732	0.2871	0.4592	0.1566	-0.3026
Chr3	2220383	snp	49	34	0.4226	0.3247	0.8571	0.5294	-0.3277
Chr3	2220807	snp	48	36	0.4306	0.3333	0.7917	0.3333	-0.4583
Chr3	2220841	snp	52	46	0.4172	0.3253	0.7692	0.3261	-0.4431
Chr3	2221565	snp	54	44	0.4184	0.3258	0.7037	0.3182	-0.3855
Chr3	2222682	snp	58	31	0.4166	0.3281	0.6897	0.2258	-0.4638
Chr3	2223994	snp	96	93	0.376	0.29	0.4688	0.1505	-0.3182
Chr3	2231905	indel	87	67	0.3877	0.2946	0.5172	0.0896	-0.4277
Chr3	2233608	indel	61	47	0.3973	0.3136	0.459	0.1277	-0.3314
Chr3	2234504	snp	96	99	0.364	0.2822	0.4479	0.1414	-0.3065
Chr3	2234615	snp	94	102	0.3834	0.2885	0.4574	0.1176	-0.3398
Chr3	2236593	indel	92	104	0.385	0.2906	0.4565	0.0962	-0.3604
Chr3	2237610	snp	77	74	0.3807	0.2948	0.4156	0.1081	-0.3075
Chr3	2239764	snp	92	94	0.3751	0.2815	0.4565	0.117	-0.3395
Chr3	2239921	snp	76	60	0.3816	0.3026	0.4737	0.1667	-0.307
Chr3	2251954	snp	50	23	0.4496	0.3461	0.62	0.2174	-0.4026
Chr3	2252526	indel	49	37	0.4242	0.3227	0.8571	0.3243	-0.5328
Chr3	2252539	snp	52	43	0.4092	0.3202	0.7308	0.3023	-0.4284
Chr3	2252569	indel	58	56	0.3867	0.3017	0.6379	0.25	-0.3879
Chr3	2252694	indel	83	66	0.3837	0.3025	0.5422	0.1818	-0.3604
Chr3	2253198	snp	43	29	0.4451	0.3416	0.814	0.3793	-0.4346
Chr3	2255556	snp	100	54	0.3978	0.3041	0.93	0.5556	-0.3744
Chr3	2255932	snp	60	49	0.4014	0.3068	0.6667	0.3061	-0.3605
Chr3	2256506	indel	74	48	0.4037	0.3114	0.7703	0.4583	-0.3119
Chr3	2257960	snp	47	48	0.4136	0.3223	0.5745	0.25	-0.3245
Chr3	2258141	indel	110	123	0.3653	0.2829	0.4727	0.1789	-0.2939
Chr3	2258362	snp	73	53	0.4086	0.306	0.589	0.2642	-0.3249
Chr3	2258508	snp	72	53	0.3954	0.3032	0.5694	0.2453	-0.3242
Chr3	2258626	indel	70	52	0.4022	0.3071	0.5	0.1538	-0.3462
Chr3	2258688	snp	74	73	0.3886	0.2942	0.5405	0.1781	-0.3625
Chr3	2260282	indel	31	25	0.4774	0.3652	0.8387	0.28	-0.5587
Chr3	2260290	snp	33	25	0.4667	0.3673	0.7273	0.24	-0.4873
Chr3	2260622	snp	77	37	0.4201	0.311	0.6883	0.2703	-0.418
Chr3	2260746	snp	87	69	0.3883	0.2959	0.5172	0.2029	-0.3143
Chr3	2261721	snp	83	88	0.3779	0.289	0.4578	0.1136	-0.3442
Chr3	2263067	snp	85	69	0.3881	0.2975	0.4706	0.1159	-0.3546
Chr3	2263754	snp	50	38	0.4179	0.3189	0.9	0.5263	-0.3737
Chr3	2264200	snp	41	38	0.4255	0.3331	0.7073	0.3684	-0.3389
Chr3	2264280	indel	44	55	0.4	0.3182	0.6136	0.2909	-0.3227
Chr3	2264528	snp	41	35	0.4383	0.3317	0.6585	0.2286	-0.43
Chr3	2264541	snp	44	41	0.4329	0.3193	0.6591	0.2195	-0.4396
Chr3	2264754	snp	55	28	0.4396	0.3331	0.7455	0.3929	-0.3526
Chr3	2265689	snp	65	50	0.4046	0.3154	0.5231	0.16	-0.3631
Chr3	2265956	snp	64	41	0.4123	0.3236	0.6094	0.1707	-0.4386
Chr3	2266019	indel	54	29	0.4361	0.3404	0.7407	0.3793	-0.3614
Chr3	2266110	snp	81	50	0.4002	0.3067	0.5926	0.18	-0.4126
Chr3	2266257	snp	77	60	0.39	0.2996	0.6623	0.3	-0.3623
Chr3	2267192	indel	75	88	0.3791	0.2971	0.44	0.125	-0.315
Chr3	2267276	snp	71	70	0.3893	0.3034	0.6901	0.2429	-0.4473
Chr3	2267349	indel	76	73	0.3796	0.294	0.75	0.274	-0.476
Chr3	2267355	snp	71	65	0.3876	0.3029	0.7606	0.2923	-0.4683
Chr3	2267600	snp	56	24	0.4464	0.3512	0.8929	0.5	-0.3929
Chr3	2269551	snp	137	119	0.3705	0.2865	0.438	0.1429	-0.2951
Chr3	2274935	snp	103	72	0.3781	0.2964	0.4466	0.125	-0.3216
Chr3	2276048	snp	60	36	0.4278	0.3333	0.85	0.4722	-0.3778
Chr3	2276050	snp	59	38	0.4166	0.3189	0.8644	0.4474	-0.417
Chr3	2281112	indel	90	85	0.3837	0.2908	0.4333	0.1176	-0.3157
Chr3	2282018	snp	92	103	0.3776	0.2844	0.4783	0.1359	-0.3423
Chr3	2282447	snp	72	66	0.3914	0.2955	0.5278	0.1212	-0.4066
Chr3	2282939	indel	104	103	0.3723	0.2845	0.4135	0.1262	-0.2872
Chr3	2284658	snp	82	68	0.3985	0.2934	0.4756	0.0882	-0.3874
Chr3	2285908	snp	41	26	0.4484	0.3443	0.7317	0.2692	-0.4625
Chr3	2286381	snp	61	53	0.3981	0.3087	0.7213	0.3208	-0.4006
Chr3	2286487	indel	43	37	0.4318	0.3344	0.7907	0.2973	-0.4934
Chr3	2286763	snp	81	106	0.3728	0.29	0.4568	0.1604	-0.2964
Chr3	2286905	indel	87	78	0.3798	0.3011	0.5057	0.1667	-0.3391
Chr3	2286937	snp	71	58	0.4065	0.2982	0.5634	0.2586	-0.3048
Chr3	2287014	snp	46	36	0.4396	0.3394	0.8261	0.3889	-0.4372
Chr3	2287569	snp	49	47	0.4155	0.3178	0.7959	0.3617	-0.4342
Chr3	2288346	indel	41	42	0.4233	0.3258	0.4634	0.0952	-0.3682
Chr3	2288425	snp	34	36	0.4395	0.3448	0.7647	0.1111	-0.6536
Chr3	2289509	snp	59	51	0.3981	0.3081	0.6102	0.2941	-0.3161
Chr3	2289565	snp	37	34	0.4428	0.3426	0.7568	0.3824	-0.3744
Chr3	2290953	snp	51	32	0.4167	0.3382	0.7647	0.4062	-0.3585
Chr3	2291141	indel	69	50	0.3832	0.3067	0.6522	0.26	-0.3922
Chr3	2291552	indel	57	54	0.3996	0.3012	0.7719	0.4444	-0.3275
Chr3	2291989	snp	103	74	0.3743	0.2894	0.4951	0.1486	-0.3465
Chr3	2292722	snp	76	40	0.4013	0.3079	0.7237	0.325	-0.3987
Chr3	2292816	snp	98	86	0.3742	0.281	0.5612	0.1395	-0.4217
Chr3	2293015	snp	51	51	0.4314	0.3333	0.6863	0.1569	-0.5294
Chr3	2293056	snp	46	43	0.4196	0.3266	0.6304	0.1395	-0.4909
Chr3	2293139	indel	66	65	0.3893	0.3002	0.4091	0.0923	-0.3168
Chr3	2293221	snp	65	47	0.4157	0.3129	0.5231	0.1277	-0.3954
Chr3	2293388	snp	61	46	0.4116	0.3083	0.5574	0.2391	-0.3182
Chr3	2293678	indel	92	113	0.3698	0.2813	0.4239	0.0973	-0.3266
Chr3	2294467	snp	64	63	0.4033	0.307	0.7656	0.3016	-0.464
Chr3	2297914	snp	84	89	0.3812	0.2932	0.4762	0.1461	-0.3301
Chr3	2298583	snp	41	43	0.426	0.3284	0.6098	0.186	-0.4237
Chr3	2299767	snp	79	64	0.3993	0.2959	0.5063	0.0938	-0.4126
Chr3	2299812	snp	83	79	0.3793	0.2931	0.4458	0.1392	-0.3065
Chr3	2300776	snp	77	61	0.3926	0.3085	0.3636	0.0328	-0.3308
Chr3	2300783	indel	78	61	0.3993	0.301	0.3846	0.0328	-0.3518
Chr3	2302196	snp	48	58	0.4052	0.3175	0.5833	0.1207	-0.4626
Chr3	2302203	indel	48	54	0.4028	0.3194	0.625	0.2037	-0.4213
Chr3	2304266	snp	81	55	0.3836	0.2972	0.4691	0.1091	-0.36
Chr3	2305112	indel	73	58	0.4025	0.3087	0.3288	0.0172	-0.3115
Chr3	2305809	indel	59	86	0.3873	0.2982	0.4068	0.0814	-0.3254
Chr3	2308614	snp	74	94	0.37	0.2841	0.473	0.1064	-0.3666
Chr3	2309844	snp	67	63	0.4037	0.3196	0.4627	0.0952	-0.3674
Chr3	2309861	indel	74	67	0.3971	0.2975	0.5	0.1045	-0.3955
Chr3	2311321	indel	90	80	0.3778	0.2958	0.4333	0.075	-0.3583
Chr3	2323092	snp	98	78	0.3789	0.2873	0.551	0.1923	-0.3587
Chr3	2323892	snp	97	96	0.3898	0.2944	0.4536	0.1146	-0.339
Chr3	2331796	indel	69	40	0.4062	0.3101	0.4058	0.075	-0.3308
Chr3	2369838	snp	21	18	0.5	0.3889	0.5238	0.0	-0.5238
Chr3	2371378	indel	92	57	0.3823	0.2971	0.4783	0.1579	-0.3204
Chr3	2371985	indel	62	69	0.3957	0.3039	0.5645	0.2174	-0.3471
Chr3	2372478	snp	30	18	0.5	0.3889	0.6667	0.1667	-0.5
Chr3	2373106	snp	45	30	0.4444	0.3444	0.6444	0.2	-0.4444
Chr3	2373676	snp	93	86	0.3742	0.2884	0.4516	0.0698	-0.3818
Chr3	2373958	indel	80	76	0.3829	0.2941	0.4625	0.1316	-0.3309
Chr3	2373995	snp	76	66	0.3892	0.2994	0.4868	0.1364	-0.3505
Chr3	2375298	indel	59	48	0.3902	0.3121	0.5932	0.125	-0.4682
Chr3	2378189	snp	66	50	0.3879	0.3073	0.3939	0.08	-0.3139
Chr3	2378479	indel	42	45	0.4238	0.3238	0.5238	0.1333	-0.3905
Chr3	2380458	snp	42	34	0.437	0.3361	0.8095	0.3529	-0.4566
Chr3	2380487	snp	59	64	0.3994	0.3096	0.661	0.2188	-0.4423
Chr3	2380520	snp	72	85	0.3863	0.2935	0.5278	0.2118	-0.316
Chr3	2381626	indel	47	47	0.4043	0.3191	0.5532	0.1277	-0.4255
Chr3	2382813	snp	31	28	0.4562	0.356	0.6129	0.2143	-0.3986
Chr3	2382814	indel	33	26	0.4662	0.3531	0.6364	0.1923	-0.4441
Chr3	2387783	snp	52	26	0.4423	0.3269	0.5962	0.2308	-0.3654
Chr3	2387947	snp	43	34	0.4501	0.3399	0.4419	0.0882	-0.3536
Chr3	2387965	indel	50	40	0.415	0.325	0.54	0.125	-0.415
Chr3	2389195	snp	91	105	0.3758	0.2872	0.3846	0.0952	-0.2894
Chr3	2392027	snp	45	40	0.4139	0.3333	0.6667	0.2	-0.4667
Chr3	2392966	snp	34	38	0.4427	0.3375	0.4412	0.0526	-0.3885
Chr3	2393826	indel	80	83	0.3765	0.289	0.45	0.1205	-0.3295
Chr3	2394658	snp	52	46	0.4172	0.3253	0.5	0.1304	-0.3696
Chr3	2394748	indel	101	70	0.3767	0.2942	0.7426	0.3143	-0.4283
Chr3	2394768	indel	74	75	0.3811	0.3011	0.7297	0.3333	-0.3964
Chr3	2396221	snp	52	41	0.4151	0.3227	0.5769	0.1463	-0.4306
Chr3	2396235	indel	53	38	0.4161	0.3217	0.566	0.1842	-0.3818
Chr3	2396878	snp	92	85	0.3735	0.2902	0.4348	0.0941	-0.3407
Chr3	2397193	snp	95	65	0.3895	0.2955	0.4947	0.1846	-0.3101
Chr3	2399370	snp	48	18	0.4653	0.3611	0.625	0.2222	-0.4028
Chr3	2399527	snp	61	36	0.4185	0.316	0.6066	0.2778	-0.3288
Chr3	2399684	snp	74	72	0.3836	0.2887	0.5135	0.2222	-0.2913
Chr3	2400461	snp	96	78	0.3806	0.2909	0.4583	0.1282	-0.3301
Chr3	2400581	snp	68	71	0.3838	0.3065	0.4853	0.1127	-0.3726
Chr3	2400695	snp	78	74	0.3822	0.2976	0.5128	0.1486	-0.3642
Chr3	2400829	snp	91	57	0.3852	0.2994	0.4615	0.1228	-0.3387
Chr3	2401243	snp	51	29	0.4348	0.3313	0.6275	0.2414	-0.3861
Chr3	2401520	snp	60	43	0.4143	0.3174	0.8667	0.3721	-0.4946
Chr3	2401860	indel	61	40	0.4152	0.3152	0.8361	0.375	-0.4611
Chr3	2401926	snp	76	53	0.4007	0.3069	0.5526	0.1698	-0.3828
Chr3	2401953	indel	85	63	0.3808	0.3008	0.5647	0.1429	-0.4218
Chr3	2401963	snp	93	64	0.3874	0.2965	0.5484	0.125	-0.4234
Chr3	2402739	indel	85	62	0.4008	0.3013	0.6118	0.2258	-0.386
Chr3	2403951	snp	98	93	0.3766	0.2908	0.4286	0.1075	-0.321
Chr3	2405090	snp	104	78	0.3686	0.2821	0.4038	0.1026	-0.3013
Chr3	2406243	snp	76	95	0.3816	0.2947	0.4605	0.1368	-0.3237
Chr3	2406322	indel	73	80	0.3784	0.2885	0.3973	0.075	-0.3223
Chr3	2406709	snp	38	40	0.4368	0.3368	0.5263	0.125	-0.4013
Chr3	2406830	indel	61	65	0.4096	0.309	0.541	0.1692	-0.3718
Chr3	2406850	snp	65	63	0.3927	0.3028	0.5385	0.1587	-0.3797
Chr3	2408093	snp	75	59	0.3713	0.2963	0.5733	0.2712	-0.3021
Chr3	2409557	snp	23	21	0.501	0.3789	0.6087	0.1905	-0.4182
Chr3	2411739	snp	86	71	0.3798	0.2905	0.5349	0.2254	-0.3095
Chr3	2412129	snp	79	70	0.3861	0.2982	0.557	0.2143	-0.3427
Chr3	2412145	indel	78	63	0.3913	0.301	0.6795	0.3333	-0.3462
Chr3	2412239	snp	70	53	0.4022	0.3078	0.6286	0.283	-0.3456
Chr3	2412457	indel	71	66	0.3807	0.2951	0.5352	0.2121	-0.3231
Chr3	2412943	snp	94	109	0.3722	0.2849	0.3191	0.0275	-0.2916
Chr3	2413013	snp	73	74	0.3886	0.2942	0.411	0.0811	-0.3299
Chr3	2415406	indel	53	39	0.4204	0.3203	0.6038	0.2821	-0.3217
Chr3	2415502	indel	67	55	0.3989	0.3113	0.4776	0.1091	-0.3685
Chr3	2415510	indel	63	56	0.4028	0.3115	0.4762	0.1429	-0.3333
Chr3	2416487	indel	54	41	0.4101	0.3144	0.4444	0.0976	-0.3469
Chr3	2416779	indel	43	28	0.4477	0.3389	0.4186	0.0714	-0.3472
Chr3	2416793	indel	39	22	0.4534	0.3601	0.5641	0.1364	-0.4277
Chr3	2416798	indel	42	22	0.4632	0.3571	0.5714	0.1364	-0.4351
Chr3	2417076	snp	21	25	0.4971	0.3867	0.4762	0.08	-0.3962
Chr3	2419776	indel	52	53	0.4118	0.3153	0.5962	0.1509	-0.4452
Chr3	2419777	snp	59	56	0.3977	0.3057	0.4576	0.0893	-0.3683
Chr3	2420234	snp	57	44	0.4083	0.3186	0.6491	0.2727	-0.3764
Chr3	2421156	indel	46	47	0.3996	0.3122	0.5217	0.1915	-0.3302
Chr3	2422614	snp	45	43	0.4088	0.3178	0.4889	0.1628	-0.3261
Chr3	2422625	snp	37	41	0.437	0.3316	0.4865	0.1463	-0.3401
Chr3	2423427	indel	72	63	0.3889	0.3036	0.4306	0.1111	-0.3194
Chr3	2423459	snp	65	57	0.4005	0.3082	0.4462	0.1053	-0.3409
Chr3	2423525	snp	68	41	0.4132	0.3095	0.3382	0.0244	-0.3138
Chr3	2426749	snp	96	82	0.3686	0.294	0.4792	0.1707	-0.3084
Chr3	2427097	snp	97	72	0.3784	0.2947	0.4948	0.1389	-0.356
Chr3	2427210	snp	82	55	0.386	0.3071	0.561	0.2364	-0.3246
Chr3	2427238	snp	69	47	0.4104	0.3108	0.6522	0.2553	-0.3969
Chr3	2427286	snp	67	40	0.4112	0.3216	0.6418	0.275	-0.3668
Chr3	2427481	snp	62	38	0.4244	0.3192	0.5323	0.1842	-0.348
Chr3	2430155	snp	84	108	0.3876	0.291	0.4048	0.1019	-0.3029
Chr3	2432053	snp	68	67	0.3782	0.2917	0.3824	0.0597	-0.3227
Chr3	2433796	snp	47	37	0.4204	0.3255	0.7447	0.3243	-0.4204
Chr3	2438643	indel	116	123	0.3694	0.2888	0.4828	0.1545	-0.3283
Chr3	2439172	snp	68	76	0.3947	0.298	0.3824	0.0526	-0.3297
Chr3	2439725	indel	71	76	0.3866	0.3011	0.4789	0.0921	-0.3868
Chr3	2439858	indel	84	102	0.3648	0.2829	0.381	0.0882	-0.2927
Chr3	2439893	snp	69	102	0.3964	0.2941	0.3768	0.0686	-0.3082
Chr3	2442347	snp	79	77	0.3985	0.2949	0.4684	0.1299	-0.3385
Chr3	2442593	indel	70	61	0.3684	0.2885	0.4	0.082	-0.318
Chr3	2442608	snp	78	58	0.3988	0.3011	0.3974	0.0862	-0.3112
Chr3	2443232	indel	85	87	0.3747	0.2924	0.4353	0.069	-0.3663
Chr3	2445119	indel	109	85	0.3704	0.2921	0.4404	0.1412	-0.2992
Chr3	2445871	indel	81	71	0.3885	0.2932	0.4691	0.0704	-0.3987
Chr3	2448076	snp	63	73	0.3827	0.3098	0.4921	0.1507	-0.3414
Chr3	2449176	indel	62	74	0.3906	0.2995	0.5645	0.1081	-0.4564
Chr3	2451196	snp	96	87	0.3793	0.2848	0.4688	0.1609	-0.3078
Chr3	2452377	snp	91	67	0.3882	0.2957	0.3956	0.0896	-0.3061
Chr3	2452483	snp	84	74	0.3877	0.2876	0.4524	0.1216	-0.3308
Chr3	2456639	snp	53	62	0.3999	0.3028	0.3774	0.0645	-0.3128
Chr3	2468879	snp	53	58	0.4239	0.3155	0.4717	0.0862	-0.3855
Chr3	2468916	indel	46	51	0.4211	0.3231	0.5	0.1373	-0.3627
Chr3	2473577	snp	84	63	0.3849	0.3016	0.4881	0.1111	-0.377
Chr3	2474526	indel	72	85	0.3863	0.2935	0.4583	0.1647	-0.2936
Chr3	2475541	snp	72	58	0.3803	0.3051	0.4861	0.069	-0.4171
Chr3	2477696	snp	43	23	0.457	0.3498	0.6977	0.3043	-0.3933
Chr3	2477712	snp	36	22	0.4747	0.3662	0.75	0.3636	-0.3864
Chr3	2479261	snp	37	27	0.4535	0.3524	0.8378	0.4074	-0.4304
Chr3	2479779	snp	51	50	0.4078	0.3086	0.7843	0.36	-0.4243
Chr3	2479905	snp	48	47	0.4136	0.3223	0.625	0.1915	-0.4335
Chr3	2480263	snp	62	60	0.3968	0.3086	0.5161	0.1167	-0.3995
Chr3	2480290	indel	61	61	0.4098	0.3115	0.4918	0.1803	-0.3115
Chr3	2483583	snp	58	44	0.3997	0.3143	0.5	0.1136	-0.3864
Chr3	2484502	snp	51	35	0.4364	0.3361	0.549	0.1429	-0.4062
Chr3	2485641	snp	83	80	0.3765	0.289	0.506	0.1625	-0.3435
Chr3	2486927	snp	85	91	0.3754	0.2892	0.4353	0.1209	-0.3144
Chr3	2487175	snp	65	66	0.3893	0.3002	0.4769	0.1061	-0.3709
Chr3	2487350	indel	85	70	0.3882	0.2958	0.4941	0.1286	-0.3655
Chr3	2487362	snp	75	75	0.3867	0.2933	0.44	0.0933	-0.3467
Chr3	2487488	snp	63	47	0.4272	0.3056	0.6984	0.1915	-0.5069
Chr3	2487516	snp	71	37	0.4233	0.319	0.6479	0.2432	-0.4046
Chr3	2489156	indel	72	100	0.3783	0.2883	0.5	0.2	-0.3
Chr3	2489195	snp	73	85	0.385	0.2967	0.4521	0.1412	-0.3109
Chr3	2489693	snp	55	67	0.3989	0.3113	0.5273	0.194	-0.3332
Chr3	2489767	indel	56	38	0.4248	0.3346	0.7321	0.3158	-0.4164
Chr3	2489944	snp	52	29	0.4204	0.3322	0.7308	0.3448	-0.3859
Chr3	2490032	indel	45	35	0.4349	0.3302	0.6	0.2571	-0.3429
Chr3	2491150	snp	59	33	0.4427	0.3313	0.7966	0.4545	-0.3421
Chr3	2492084	snp	93	75	0.3888	0.2955	0.5376	0.2	-0.3376
Chr3	2492641	snp	108	88	0.3725	0.2866	0.5556	0.1818	-0.3737
Chr3	2493336	snp	80	98	0.3781	0.2918	0.45	0.1122	-0.3378
Chr3	2493989	snp	58	33	0.43	0.3307	0.5	0.1515	-0.3485
Chr3	2494047	snp	61	36	0.4185	0.316	0.5082	0.1389	-0.3693
Chr3	2496436	snp	79	60	0.3981	0.3004	0.5949	0.2667	-0.3283
Chr3	2496901	snp	63	57	0.4035	0.3099	0.4286	0.1053	-0.3233
Chr3	2497141	snp	50	39	0.4292	0.3297	0.52	0.1538	-0.3662
Chr3	2497824	snp	64	63	0.4033	0.307	0.5469	0.1746	-0.3723
Chr3	2497861	snp	61	49	0.4108	0.3128	0.6066	0.2449	-0.3617
Chr3	2497977	indel	46	30	0.4507	0.342	0.913	0.4	-0.513
Chr3	2498460	snp	33	45	0.4384	0.3333	0.6667	0.2222	-0.4444
Chr3	2498491	snp	48	50	0.4092	0.3225	0.6458	0.18	-0.4658
Chr3	2498837	indel	61	66	0.4006	0.3085	0.6721	0.3333	-0.3388
Chr3	2498904	snp	80	93	0.3777	0.2899	0.475	0.1075	-0.3675
Chr3	2499228	snp	72	47	0.4113	0.3197	0.6111	0.234	-0.3771
Chr3	2499334	snp	101	79	0.3739	0.2859	0.4851	0.1646	-0.3206
Chr3	2500928	snp	100	63	0.3967	0.2943	0.47	0.127	-0.343
Chr3	2501921	snp	73	79	0.3865	0.2956	0.5479	0.1139	-0.434
Chr3	2502236	indel	87	86	0.3768	0.2951	0.4138	0.1163	-0.2975
Chr3	2503858	snp	42	43	0.4324	0.3383	0.6429	0.2093	-0.4336
Chr3	2504058	indel	57	63	0.4035	0.3099	0.4561	0.1111	-0.345
Chr3	2504166	snp	73	89	0.3977	0.2969	0.4795	0.1236	-0.3559
Chr3	2504661	snp	66	55	0.4091	0.3061	0.5455	0.2182	-0.3273
Chr3	2504676	indel	68	57	0.3991	0.3047	0.6029	0.2807	-0.3222
Chr3	2505064	snp	59	32	0.428	0.3289	0.7119	0.2188	-0.4931
Chr3	2505485	snp	93	79	0.3755	0.2888	0.5054	0.2152	-0.2902
Chr3	2505572	snp	74	72	0.3836	0.2887	0.527	0.2361	-0.2909
Chr3	2505928	snp	83	55	0.4015	0.2995	0.4819	0.1636	-0.3183
Chr3	2507604	indel	50	24	0.4533	0.3467	0.98	0.5833	-0.3967
Chr3	2507607	snp	49	19	0.4629	0.3577	0.9184	0.4211	-0.4973
Chr3	2507804	snp	64	35	0.425	0.3259	0.5469	0.2	-0.3469
Chr3	2507924	snp	58	35	0.4325	0.33	0.7069	0.2	-0.5069
Chr3	2508828	snp	44	26	0.4493	0.3462	0.7045	0.3462	-0.3584
Chr3	2508854	snp	39	26	0.4487	0.3462	0.7692	0.4231	-0.3462
Chr3	2510898	indel	43	29	0.4451	0.3416	0.8372	0.4483	-0.3889
Chr3	2511318	indel	44	23	0.4585	0.3528	0.7045	0.2174	-0.4872
Chr3	2511370	snp	44	34	0.4332	0.3316	0.7045	0.2647	-0.4398
Chr3	2511615	snp	57	65	0.4005	0.3082	0.7368	0.2308	-0.5061
Chr3	2511814	snp	55	20	0.4636	0.3591	0.7273	0.3	-0.4273
Chr3	2512628	snp	94	91	0.3841	0.2902	0.4362	0.0879	-0.3483
Chr3	2513242	snp	59	47	0.4053	0.3163	0.6949	0.3617	-0.3332
Chr3	2514526	snp	77	64	0.389	0.3054	0.6494	0.125	-0.5244
Chr3	2514587	snp	80	66	0.3883	0.297	0.5875	0.1515	-0.436
Chr3	2515049	indel	61	44	0.3994	0.3148	0.6066	0.25	-0.3566
Chr3	2515430	snp	51	26	0.4351	0.3386	0.5686	0.1154	-0.4532
Chr3	2515506	indel	80	60	0.3917	0.3042	0.4875	0.0833	-0.4042
Chr3	2516476	snp	45	38	0.4257	0.3287	0.6444	0.3158	-0.3287
Chr3	2516748	indel	53	46	0.4212	0.324	0.5849	0.2391	-0.3458
Chr3	2517020	snp	56	73	0.3855	0.2979	0.7143	0.274	-0.4403
Chr3	2517478	snp	35	20	0.4857	0.3643	0.7714	0.3	-0.4714
Chr3	2517560	snp	30	25	0.4733	0.3733	0.6333	0.24	-0.3933
Chr3	2518993	snp	53	47	0.4095	0.3107	0.5849	0.2128	-0.3721
Chr3	2519044	indel	37	30	0.4378	0.3423	0.9459	0.5667	-0.3793
Chr3	2520932	indel	64	41	0.4123	0.3236	0.6406	0.3171	-0.3236
Chr3	2521553	snp	77	77	0.4026	0.2987	0.4805	0.1429	-0.3377
Chr3	2522808	snp	63	73	0.3827	0.3098	0.4444	0.0959	-0.3486
Chr3	2530163	snp	56	36	0.4206	0.3175	0.7143	0.3889	-0.3254
Chr3	2530517	snp	87	47	0.3981	0.3096	0.4253	0.1064	-0.3189
Chr3	2530740	snp	65	56	0.3887	0.2964	0.3846	0.0714	-0.3132
Chr3	2530761	snp	62	70	0.3811	0.2991	0.371	0.0571	-0.3138
Chr3	2530823	indel	71	75	0.385	0.2967	0.4366	0.08	-0.3566
Chr3	2531194	snp	92	78	0.3821	0.294	0.5109	0.141	-0.3698
Chr3	2531642	snp	72	73	0.3662	0.2953	0.4861	0.1096	-0.3765
Chr3	2532345	snp	70	64	0.3969	0.3018	0.4714	0.125	-0.3464
Chr3	2532362	indel	68	78	0.3797	0.2971	0.4412	0.1282	-0.313
Chr3	2532742	indel	63	41	0.4131	0.319	0.5397	0.1707	-0.369
Chr3	2532768	snp	51	46	0.4211	0.3231	0.6275	0.1739	-0.4535
Chr3	2533210	snp	24	34	0.4779	0.3554	0.5417	0.1765	-0.3652
Chr3	2533359	snp	51	60	0.4059	0.3157	0.6863	0.2333	-0.4529
Chr3	2534060	snp	59	27	0.4388	0.3446	0.5254	0.1111	-0.4143
Chr3	2534099	snp	57	23	0.4485	0.3532	0.6491	0.2174	-0.4317
Chr3	2535410	snp	92	68	0.3798	0.2922	0.4239	0.1176	-0.3063
Chr3	2538080	snp	56	26	0.4396	0.3379	0.6607	0.3077	-0.353
Chr3	2538669	indel	51	33	0.4314	0.3351	0.6275	0.2121	-0.4153
Chr3	2538688	snp	40	23	0.4576	0.3576	0.575	0.1739	-0.4011
Chr3	2541526	snp	80	50	0.41	0.305	0.625	0.24	-0.385
Chr3	2541556	indel	92	51	0.3992	0.3061	0.6087	0.2745	-0.3342
Chr3	2541559	snp	91	47	0.3951	0.3072	0.6044	0.234	-0.3704
Chr3	2541734	snp	110	103	0.3808	0.2989	0.4182	0.1068	-0.3114
Chr3	2541824	snp	96	84	0.3839	0.2887	0.5	0.119	-0.381
Chr3	2542649	snp	73	51	0.3889	0.3086	0.6849	0.3137	-0.3712
Chr3	2542713	snp	65	54	0.3991	0.31	0.6923	0.3148	-0.3775
Chr3	2544942	indel	56	39	0.419	0.3205	0.5714	0.2051	-0.3663
Chr3	2545831	snp	28	57	0.4348	0.3296	0.5357	0.1228	-0.4129
Chr3	2552029	snp	110	93	0.3675	0.2873	0.5455	0.1183	-0.4272
Chr3	2552061	snp	104	91	0.3832	0.2981	0.5577	0.1538	-0.4038
Chr3	2552169	snp	47	33	0.4294	0.3295	0.8298	0.4242	-0.4055
Chr3	2552181	snp	48	33	0.4261	0.3314	0.7917	0.4242	-0.3674
Chr3	2552231	indel	61	54	0.3922	0.3139	0.5246	0.1852	-0.3394
Chr3	2552269	snp	65	64	0.3954	0.3017	0.4769	0.1562	-0.3207
Chr3	2552860	snp	64	103	0.387	0.3029	0.4688	0.1165	-0.3522
Chr3	2553686	indel	93	95	0.3744	0.2877	0.4086	0.1053	-0.3033
Chr3	2554630	snp	78	62	0.3983	0.3052	0.4231	0.0806	-0.3424
Chr3	2555730	snp	78	66	0.3939	0.3007	0.4744	0.1667	-0.3077
Chr3	2557815	snp	82	69	0.3931	0.2923	0.4512	0.0725	-0.3788
Chr3	2564163	snp	76	78	0.3897	0.2976	0.4474	0.1282	-0.3192
Chr3	2571158	snp	81	82	0.3746	0.2892	0.5432	0.0976	-0.4456
Chr3	2572320	snp	74	70	0.3973	0.3012	0.5676	0.1714	-0.3961
Chr3	2572402	indel	58	50	0.4014	0.3117	0.6897	0.24	-0.4497
Chr3	2572407	indel	51	47	0.4113	0.3179	0.7451	0.2766	-0.4685
Chr3	2572437	snp	40	33	0.4576	0.347	0.8	0.3636	-0.4364
Chr3	2573787	snp	52	55	0.4024	0.3094	0.5962	0.2182	-0.378
Chr3	2573882	indel	52	66	0.4184	0.3054	0.6154	0.2273	-0.3881
Chr3	2573922	snp	42	49	0.415	0.3231	0.7619	0.2857	-0.4762
Chr3	2574258	snp	59	52	0.4188	0.3126	0.6271	0.2692	-0.3579
Chr3	2574626	snp	46	45	0.4266	0.3203	0.6957	0.3111	-0.3845
Chr3	2575085	indel	77	59	0.4041	0.3024	0.5065	0.1695	-0.337
Chr3	2575131	snp	54	53	0.4196	0.3113	0.5185	0.1698	-0.3487
Chr3	2575605	snp	77	72	0.3885	0.303	0.5714	0.1806	-0.3909
Chr3	2575683	snp	65	55	0.3958	0.3091	0.7231	0.2364	-0.4867
Chr3	2576243	snp	39	33	0.4242	0.3333	0.7692	0.3333	-0.4359
Chr3	2576635	indel	34	26	0.457	0.3507	0.6176	0.2308	-0.3869
Chr3	2576656	snp	29	22	0.4843	0.3715	0.7931	0.3182	-0.4749
Chr3	2577761	snp	47	34	0.4374	0.3279	0.7021	0.3529	-0.3492
Chr3	2578064	snp	57	59	0.3967	0.309	0.5614	0.2034	-0.358
Chr3	2578436	snp	38	29	0.4528	0.3475	0.8684	0.5172	-0.3512
Chr3	2578451	indel	41	28	0.4477	0.3467	0.7805	0.4286	-0.3519
Chr3	2578577	snp	69	57	0.4066	0.3051	0.4348	0.1228	-0.312
Chr3	2578957	snp	98	98	0.3673	0.2857	0.4388	0.1224	-0.3163
Chr3	2579269	snp	102	94	0.3834	0.2885	0.4804	0.1596	-0.3208
Chr3	2579420	indel	62	71	0.3839	0.299	0.6129	0.2394	-0.3735
Chr3	2579421	snp	59	66	0.3901	0.3017	0.5763	0.197	-0.3793
Chr3	2579421	indel	65	70	0.3923	0.3066	0.5538	0.1857	-0.3681
Chr3	2579803	snp	46	35	0.4373	0.3335	0.8478	0.4571	-0.3907
Chr3	2580945	indel	39	29	0.4518	0.3475	0.7179	0.2759	-0.4421
Chr3	2582361	snp	57	39	0.4035	0.3158	0.807	0.4359	-0.3711
Chr3	2582366	indel	61	44	0.3994	0.3148	0.8033	0.3864	-0.4169
Chr3	2582576	snp	54	42	0.4101	0.3175	0.5741	0.2381	-0.336
Chr3	2582874	snp	64	28	0.433	0.3348	0.7656	0.3929	-0.3728
Chr3	2583375	snp	86	67	0.3842	0.2897	0.5116	0.1642	-0.3474
Chr3	2583450	snp	72	39	0.4049	0.3152	0.7361	0.3846	-0.3515
Chr3	2583530	snp	54	40	0.4167	0.3306	0.7778	0.325	-0.4528
Chr3	2583839	snp	68	43	0.4145	0.3092	0.6765	0.3256	-0.3509
Chr3	2583895	indel	84	69	0.3799	0.295	0.5119	0.1884	-0.3235
Chr3	2584575	snp	68	66	0.4015	0.3115	0.5882	0.1667	-0.4216
Chr3	2586226	snp	75	85	0.378	0.2902	0.48	0.1765	-0.3035
Chr3	2586636	snp	83	35	0.4131	0.3136	0.6386	0.2286	-0.41
Chr3	2586688	snp	90	49	0.405	0.3029	0.5667	0.1429	-0.4238
Chr3	2587068	snp	72	45	0.4139	0.3167	0.6389	0.2	-0.4389
Chr3	2587710	snp	63	46	0.4058	0.3147	0.4603	0.1304	-0.3299
Chr3	2590678	snp	88	91	0.387	0.2946	0.4318	0.0989	-0.3329
Chr3	2591420	snp	73	52	0.4075	0.3061	0.6712	0.1346	-0.5366
Chr3	2591558	snp	33	12	0.5227	0.4091	0.4545	0.0	-0.4545
Chr3	2591561	snp	35	14	0.5143	0.4	0.4	0.0	-0.4
Chr3	2591885	snp	53	27	0.4396	0.3445	0.6415	0.1111	-0.5304
Chr3	2592783	indel	112	119	0.364	0.282	0.4107	0.1008	-0.3099
Chr3	2593101	snp	72	67	0.3939	0.2946	0.5139	0.1493	-0.3646
Chr3	2593207	snp	76	71	0.3866	0.3011	0.5132	0.1831	-0.3301
Chr3	2593429	indel	65	27	0.4422	0.3345	0.7846	0.3704	-0.4142
Chr3	2615963	snp	79	69	0.3939	0.3049	0.4684	0.1304	-0.3379
Chr3	2622504	snp	52	48	0.4038	0.3157	0.5962	0.2708	-0.3253
Chr3	2623029	snp	75	47	0.406	0.3101	0.6533	0.2979	-0.3555
Chr3	2624456	snp	63	45	0.4095	0.3143	0.6508	0.2667	-0.3841
Chr3	2624994	snp	77	78	0.38	0.292	0.4935	0.1538	-0.3397
Chr3	2626169	snp	73	65	0.4044	0.302	0.5753	0.2308	-0.3446
Chr3	2626228	snp	41	37	0.437	0.3316	0.9024	0.4054	-0.497
Chr3	2626924	indel	64	49	0.4161	0.3128	0.5625	0.1224	-0.4401
Chr3	2627230	indel	36	32	0.4479	0.3438	0.5	0.125	-0.375
Chr3	2627740	snp	75	68	0.3914	0.3004	0.52	0.1765	-0.3435
Chr3	2628455	snp	52	42	0.4212	0.3141	0.6731	0.3095	-0.3636
Chr3	2628474	snp	53	44	0.4181	0.3195	0.6604	0.25	-0.4104
Chr3	2628735	snp	57	35	0.414	0.3173	0.7193	0.2	-0.5193
Chr3	2629516	snp	86	88	0.3679	0.278	0.4535	0.1364	-0.3171
Chr3	2629721	snp	76	48	0.3947	0.307	0.6711	0.2083	-0.4627
Chr3	2629757	snp	79	48	0.4135	0.3085	0.6835	0.2083	-0.4752
Chr3	2631060	snp	69	62	0.3957	0.3039	0.5217	0.1613	-0.3604
Chr3	2634067	snp	60	73	0.3879	0.3057	0.4667	0.1507	-0.316
Chr3	2635467	snp	65	58	0.3973	0.3093	0.4615	0.1379	-0.3236
Chr3	2635917	snp	88	72	0.3876	0.2917	0.4091	0.0972	-0.3119
Chr3	2637514	snp	71	59	0.3903	0.3001	0.6338	0.2373	-0.3965
Chr3	2637602	snp	61	39	0.4136	0.3203	0.6393	0.3077	-0.3317
Chr3	2642906	snp	62	61	0.4146	0.316	0.6452	0.2787	-0.3665
Chr3	2644509	snp	17	13	0.5566	0.4389	0.8235	0.1538	-0.6697
Chr3	2645865	snp	75	80	0.3733	0.2917	0.48	0.1125	-0.3675
Chr3	2646089	snp	37	27	0.4535	0.3524	0.7838	0.1852	-0.5986
Chr3	2646124	snp	50	32	0.43	0.3363	0.66	0.2188	-0.4413
Chr3	2647580	snp	97	58	0.3836	0.2983	0.4639	0.1379	-0.326
Chr3	2649766	snp	93	86	0.3742	0.2884	0.4086	0.0814	-0.3272
Chr3	2650837	indel	80	81	0.379	0.291	0.3625	0.037	-0.3255
Chr3	2654641	snp	65	68	0.3995	0.3093	0.4462	0.0735	-0.3726
Chr3	2657115	indel	56	51	0.4114	0.3165	0.3571	0.0392	-0.3179
Chr3	2665682	snp	61	52	0.4001	0.3124	0.3607	0.0192	-0.3414
Chr3	2667148	snp	47	70	0.4231	0.3173	0.4043	0.0571	-0.3471
Chr3	2667187	indel	57	72	0.3962	0.3019	0.4912	0.0694	-0.4218
Chr3	2668223	snp	71	64	0.3853	0.3008	0.4507	0.125	-0.3257
Chr3	2670434	snp	74	53	0.3845	0.3006	0.4595	0.1321	-0.3274
Chr3	2671067	snp	90	54	0.3889	0.3	0.4556	0.1296	-0.3259
Chr3	2672661	snp	56	58	0.3867	0.3017	0.4821	0.1724	-0.3097
Chr3	2674323	snp	79	80	0.3837	0.2953	0.3671	0.05	-0.3171
Chr3	2674790	snp	54	60	0.4056	0.3093	0.4259	0.0667	-0.3593
Chr3	2676157	snp	81	110	0.3862	0.29	0.4198	0.1273	-0.2925
Chr3	2677503	snp	79	55	0.4037	0.3096	0.443	0.1091	-0.3339
Chr3	2677744	snp	102	96	0.3621	0.2825	0.4412	0.0833	-0.3578
Chr3	2679078	snp	83	100	0.3808	0.2904	0.494	0.2	-0.294
Chr3	2679982	snp	69	49	0.404	0.3138	0.4638	0.0612	-0.4025
Chr3	2682615	snp	93	64	0.3874	0.2965	0.4624	0.1562	-0.3061
Chr3	2684274	snp	44	20	0.4682	0.3636	0.4773	0.05	-0.4273
Chr3	2686235	snp	113	78	0.375	0.295	0.4513	0.0641	-0.3872
Chr3	2687744	snp	112	68	0.3839	0.2946	0.4018	0.0735	-0.3283
Chr3	2691288	indel	80	42	0.4077	0.3131	0.4875	0.1667	-0.3208
Chr3	2691869	snp	97	77	0.3871	0.2943	0.4639	0.0649	-0.399
Chr3	2691930	indel	89	74	0.3813	0.2915	0.427	0.0811	-0.3459
Chr3	2692111	snp	78	80	0.3798	0.2901	0.4359	0.1375	-0.2984
Chr3	2693273	snp	87	91	0.375	0.2915	0.5172	0.1538	-0.3634
Chr3	2693471	snp	95	86	0.3764	0.2928	0.4211	0.1279	-0.2931
Chr3	2695823	snp	105	96	0.3595	0.2821	0.4286	0.1354	-0.2932
Chr3	2697299	snp	97	90	0.3597	0.2781	0.4639	0.1222	-0.3417
Chr3	2702227	indel	78	53	0.395	0.3	0.5	0.0943	-0.4057
Chr3	2703306	snp	94	65	0.3815	0.2903	0.383	0.0923	-0.2907
Chr3	2704293	snp	66	55	0.4091	0.3061	0.4394	0.0364	-0.403
Chr3	2705851	snp	83	75	0.3796	0.294	0.494	0.1333	-0.3606
Chr3	2712719	snp	50	54	0.4007	0.3111	0.4	0.0741	-0.3259
Chr3	2726672	snp	96	86	0.3852	0.2909	0.4688	0.1047	-0.3641
Chr3	2727092	snp	83	114	0.3709	0.2877	0.3855	0.0439	-0.3417
Chr3	2728234	indel	95	116	0.371	0.283	0.4211	0.069	-0.3521
Chr3	2732811	snp	78	96	0.3806	0.2909	0.4615	0.125	-0.3365
Chr3	2736908	snp	55	75	0.3976	0.297	0.4545	0.1333	-0.3212
Chr3	2737637	snp	77	76	0.3978	0.2963	0.4935	0.1842	-0.3093
Chr3	2738960	snp	71	43	0.4153	0.3174	0.4789	0.1163	-0.3626
Chr3	2739326	snp	101	104	0.3661	0.2867	0.4455	0.125	-0.3205
Chr3	2739721	snp	77	56	0.3831	0.3019	0.4935	0.1071	-0.3864
Chr3	2740201	snp	47	54	0.4058	0.3105	0.4255	0.0926	-0.3329
Chr3	2741020	indel	64	79	0.3993	0.2959	0.4219	0.0886	-0.3333
Chr3	2742141	snp	66	89	0.397	0.2978	0.4545	0.0449	-0.4096
Chr3	2743329	snp	49	36	0.4365	0.3305	0.7755	0.4444	-0.3311
Chr3	2748739	snp	53	26	0.4478	0.352	0.3962	0.0	-0.3962
Chr3	2750282	snp	82	86	0.3721	0.2842	0.378	0.0814	-0.2967
Chr3	2750322	indel	105	90	0.3825	0.2889	0.4	0.1	-0.3
Chr3	2750796	snp	97	91	0.3644	0.2833	0.4536	0.0989	-0.3547
Chr3	2751064	snp	87	85	0.3747	0.2924	0.3908	0.0824	-0.3085
Chr3	2752001	indel	95	47	0.396	0.3113	0.4526	0.1277	-0.325
Chr3	2763818	snp	70	89	0.3966	0.2997	0.4143	0.1124	-0.3019
Chr3	2768057	snp	76	61	0.3926	0.3037	0.5	0.1311	-0.3689
Chr3	2768868	indel	89	51	0.4023	0.3069	0.4831	0.0588	-0.4243
Chr3	2769425	indel	103	59	0.389	0.297	0.4078	0.1017	-0.3061
Chr3	2770095	snp	109	81	0.3631	0.2902	0.5229	0.1852	-0.3378
Chr3	2818200	snp	83	78	0.3716	0.2955	0.4819	0.0769	-0.405
Chr3	2844885	snp	96	134	0.3635	0.2786	0.4792	0.1567	-0.3225
Chr3	2845660	snp	108	125	0.3656	0.2739	0.4537	0.136	-0.3177
Chr3	2902850	snp	46	55	0.4012	0.3138	0.3913	0.0727	-0.3186
Chr3	2902962	snp	66	65	0.3893	0.3002	0.3636	0.0615	-0.3021
Chr3	2903038	snp	73	70	0.3838	0.2969	0.4521	0.0857	-0.3663
Chr3	2904981	snp	65	100	0.3854	0.2946	0.3846	0.08	-0.3046
Chr3	2905307	snp	78	82	0.3837	0.2983	0.3974	0.0732	-0.3243
Chr3	2905720	snp	77	45	0.4121	0.316	0.4545	0.1111	-0.3434
Chr3	2906953	indel	93	111	0.3772	0.2883	0.4409	0.0991	-0.3418
Chr3	2907915	indel	83	78	0.3716	0.2955	0.3494	0.0513	-0.2981
Chr3	2908473	indel	97	76	0.3749	0.2971	0.567	0.1053	-0.4617
Chr3	2912529	snp	42	42	0.4286	0.3095	0.3571	0.0238	-0.3333
Chr3	2920243	indel	64	51	0.4053	0.311	0.375	0.0588	-0.3162
Chr3	2920724	snp	36	51	0.4281	0.3333	0.3889	0.0	-0.3889
Chr3	2925737	snp	117	93	0.3785	0.2856	0.5299	0.2366	-0.2934
Chr3	2925990	snp	119	89	0.372	0.2905	0.563	0.1573	-0.4057
Chr3	2926137	snp	85	79	0.3912	0.2998	0.4235	0.1139	-0.3096
Chr3	2929054	snp	86	87	0.3768	0.2951	0.4419	0.1264	-0.3154
Chr3	2937770	snp	84	74	0.3877	0.2876	0.369	0.0541	-0.315
Chr3	2938286	snp	64	73	0.3938	0.3022	0.4219	0.0959	-0.326
Chr3	2944243	indel	51	86	0.3956	0.3032	0.3725	0.0349	-0.3377
Chr3	2996093	indel	58	78	0.3988	0.3011	0.4138	0.0897	-0.324
Chr3	2996099	snp	58	72	0.3803	0.3051	0.4138	0.0972	-0.3166
Chr3	2996703	snp	56	85	0.384	0.2973	0.4286	0.0824	-0.3462
Chr3	2996803	snp	68	97	0.3775	0.2921	0.3824	0.0825	-0.2999
Chr3	2996881	snp	88	114	0.3666	0.2777	0.4205	0.1228	-0.2976
Chr3	2997994	snp	93	99	0.3711	0.2838	0.4301	0.1414	-0.2887
Chr3	3000874	indel	130	116	0.3733	0.2853	0.5769	0.1466	-0.4304
Chr3	3000959	snp	99	94	0.3625	0.2864	0.5152	0.1489	-0.3662
Chr3	3002376	snp	79	48	0.4135	0.3085	0.4177	0.1042	-0.3136
Chr3	3002387	indel	95	56	0.4017	0.307	0.5158	0.1071	-0.4086
Chr3	3002583	indel	92	62	0.3885	0.2928	0.4565	0.1452	-0.3114
Chr3	3003506	snp	92	68	0.3798	0.2922	0.5326	0.1618	-0.3708
Chr3	3003862	indel	57	36	0.4137	0.3304	0.6316	0.2778	-0.3538
Chr3	3003904	snp	57	56	0.4154	0.3108	0.5614	0.1429	-0.4185
Chr3	3004025	snp	59	41	0.4117	0.3154	0.7627	0.2195	-0.5432
Chr3	3004051	snp	60	27	0.437	0.3315	0.8	0.3333	-0.4667
Chr3	3006320	snp	65	64	0.3954	0.3017	0.6154	0.2656	-0.3498
Chr3	3006362	snp	57	45	0.4175	0.3135	0.7368	0.4222	-0.3146
Chr3	3006484	snp	79	88	0.378	0.2923	0.519	0.1932	-0.3258
Chr3	3006620	snp	61	34	0.4306	0.3259	0.7213	0.2941	-0.4272
Chr3	3007480	snp	39	27	0.4558	0.3476	0.8718	0.4815	-0.3903
Chr3	3007506	snp	49	49	0.4082	0.3265	0.6735	0.2245	-0.449
Chr3	3007571	snp	62	76	0.3867	0.2992	0.4677	0.1579	-0.3098
Chr3	3008118	snp	61	40	0.4152	0.3152	0.6393	0.3	-0.3393
Chr3	3008127	snp	57	44	0.4083	0.3186	0.6842	0.2955	-0.3888
Chr3	3008141	snp	66	61	0.4006	0.3085	0.5909	0.2295	-0.3614
Chr3	3009186	snp	44	23	0.4585	0.3528	0.7045	0.3478	-0.3567
Chr3	3009396	snp	47	33	0.4294	0.3295	0.766	0.3333	-0.4326
Chr3	3009409	snp	52	34	0.4389	0.3303	0.75	0.2941	-0.4559
Chr3	3010224	snp	92	74	0.3922	0.2985	0.4565	0.0811	-0.3754
Chr3	3012151	snp	83	75	0.3796	0.294	0.5422	0.2267	-0.3155
Chr3	3015077	indel	77	71	0.3806	0.2983	0.5325	0.2254	-0.3071
Chr3	3015300	indel	82	68	0.3985	0.2934	0.439	0.1029	-0.3361
Chr3	3015503	snp	54	41	0.4101	0.3144	0.6667	0.2195	-0.4472
Chr3	3016862	snp	65	59	0.4044	0.3056	0.5846	0.2203	-0.3643
Chr3	3043259	snp	44	51	0.4095	0.3217	0.3409	0.0	-0.3409
Chr3	3116185	snp	101	110	0.3609	0.2817	0.4455	0.1455	-0.3001
Chr3	3116445	snp	95	101	0.3835	0.2918	0.4632	0.1287	-0.3344
Chr3	3117092	snp	74	70	0.3973	0.3012	0.3649	0.0571	-0.3077
Chr3	3117121	indel	89	70	0.3966	0.2997	0.382	0.0429	-0.3392
Chr3	3117804	indel	85	96	0.3853	0.2983	0.4588	0.0938	-0.3651
Chr3	3119423	indel	92	77	0.3752	0.2904	0.4783	0.1558	-0.3224
Chr3	3125120	snp	91	84	0.3645	0.2857	0.4725	0.1667	-0.3059
Chr3	3126736	snp	68	75	0.3914	0.3004	0.4265	0.12	-0.3065
Chr3	3127815	snp	84	75	0.3762	0.2929	0.4286	0.12	-0.3086
Chr3	3127928	indel	75	37	0.4227	0.3157	0.48	0.0541	-0.4259
Chr3	3131343	snp	128	98	0.3645	0.2779	0.6016	0.2245	-0.3771
Chr3	3131416	indel	131	109	0.3628	0.2805	0.5878	0.2202	-0.3676
Chr3	3131559	snp	119	134	0.3598	0.2813	0.4538	0.1493	-0.3045
Chr3	3131678	snp	91	108	0.3659	0.2827	0.4066	0.1204	-0.2862
Chr3	3136403	snp	76	89	0.3805	0.2929	0.4737	0.1685	-0.3051
Chr3	3136875	indel	92	82	0.381	0.2972	0.5217	0.1585	-0.3632
Chr3	3137330	snp	90	77	0.3733	0.2883	0.4556	0.1429	-0.3127
Chr3	3138869	snp	86	62	0.392	0.3016	0.5116	0.1452	-0.3665
Chr3	3142015	snp	89	98	0.3763	0.2924	0.4831	0.1122	-0.3709
Chr3	3143996	snp	77	59	0.4041	0.3024	0.5065	0.1186	-0.3878
Chr3	3150070	snp	86	95	0.3764	0.2928	0.4302	0.1263	-0.3039
Chr3	3151434	snp	73	66	0.3977	0.3026	0.4932	0.1061	-0.3871
Chr3	3151577	snp	90	68	0.3801	0.2944	0.4889	0.1765	-0.3124
Chr3	3153305	snp	74	67	0.3971	0.2975	0.3649	0.0299	-0.335
Chr3	3153334	indel	78	62	0.3983	0.3052	0.4103	0.0323	-0.378
Chr3	3155251	snp	71	105	0.3903	0.2947	0.3944	0.0762	-0.3182
Chr3	3155939	snp	107	113	0.3725	0.2879	0.486	0.177	-0.309
Chr3	3179103	snp	103	86	0.3754	0.2921	0.466	0.1512	-0.3149
Chr3	3182829	snp	69	66	0.3966	0.3024	0.4493	0.1364	-0.3129
Chr3	3183646	snp	85	100	0.3718	0.2859	0.4941	0.09	-0.4041
Chr3	3192769	snp	52	31	0.4206	0.3251	0.5769	0.0968	-0.4801
Chr3	3193123	snp	66	46	0.4012	0.3169	0.6364	0.1304	-0.5059
Chr3	3193184	snp	51	29	0.4348	0.3313	0.5882	0.2414	-0.3469
Chr3	3197738	snp	36	22	0.4747	0.3662	0.8056	0.3182	-0.4874
Chr3	3197746	snp	42	28	0.4524	0.3452	0.6905	0.2857	-0.4048
Chr3	3197823	indel	82	65	0.3996	0.2962	0.5976	0.1385	-0.4591
Chr3	3199990	snp	56	71	0.3979	0.3058	0.5	0.0704	-0.4296
Chr3	3201419	snp	85	87	0.3747	0.2924	0.5059	0.1034	-0.4024
Chr3	3202751	indel	98	90	0.3828	0.2918	0.4592	0.1444	-0.3147
Chr3	3202776	snp	103	86	0.3754	0.2921	0.5049	0.186	-0.3188
Chr3	3203471	indel	124	92	0.3626	0.2847	0.5323	0.163	-0.3692
Chr3	3204234	snp	88	95	0.3652	0.2801	0.4545	0.0842	-0.3703
Chr3	3206267	snp	108	105	0.3796	0.287	0.4444	0.1238	-0.3206
Chr3	3207341	snp	94	97	0.3829	0.2928	0.5106	0.1237	-0.3869
Chr3	3207597	indel	121	71	0.3828	0.2901	0.5537	0.1127	-0.441
Chr3	3209117	snp	91	60	0.3817	0.2938	0.4725	0.1	-0.3725
Chr3	3211212	snp	94	61	0.3866	0.2972	0.3511	0.0492	-0.3019
Chr3	3212420	snp	84	52	0.3883	0.3013	0.381	0.0385	-0.3425
Chr3	3212488	indel	93	55	0.4039	0.3128	0.4409	0.0909	-0.35
Chr3	3214590	indel	60	35	0.4214	0.3262	0.3833	0.0571	-0.3262
Chr3	3214848	snp	80	72	0.4	0.3042	0.4625	0.1111	-0.3514
Chr3	3215405	indel	82	86	0.3721	0.2842	0.4634	0.1395	-0.3239
Chr3	3215535	snp	78	71	0.3875	0.294	0.4744	0.1408	-0.3335
Chr3	3221063	snp	70	81	0.3797	0.2926	0.5143	0.1481	-0.3661
Chr3	3221090	indel	73	72	0.3662	0.2953	0.5205	0.1389	-0.3817
Chr3	3222272	indel	96	86	0.3852	0.2909	0.4792	0.1395	-0.3396
Chr3	3223168	snp	39	39	0.4359	0.3333	0.7179	0.3846	-0.3333
Chr3	3223215	snp	49	42	0.415	0.3231	0.7551	0.2857	-0.4694
Chr3	3223905	snp	33	19	0.4944	0.3732	0.5758	0.1579	-0.4179
Chr3	3224262	snp	46	27	0.4388	0.343	0.6522	0.2222	-0.43
Chr3	3225854	snp	53	35	0.4216	0.3186	0.6792	0.2857	-0.3935
Chr3	3225879	snp	51	33	0.4314	0.3351	0.6275	0.2727	-0.3547
Chr3	3226254	snp	72	42	0.4147	0.3155	0.5833	0.1429	-0.4405
Chr3	3226299	snp	52	28	0.4231	0.3324	0.75	0.3214	-0.4286
Chr3	3226360	snp	70	54	0.3968	0.3053	0.6286	0.2407	-0.3878
Chr3	3227273	snp	97	99	0.3679	0.2852	0.4536	0.1515	-0.3021
Chr3	3228855	snp	55	75	0.3976	0.297	0.5818	0.2667	-0.3152
Chr3	3229165	snp	116	105	0.3826	0.286	0.4828	0.181	-0.3018
Chr3	3230325	snp	102	96	0.3621	0.2825	0.4902	0.125	-0.3652
Chr3	3232900	snp	101	90	0.3803	0.2856	0.495	0.1556	-0.3395
Chr3	3233201	snp	69	57	0.4066	0.3051	0.5797	0.2456	-0.3341
Chr3	3233285	indel	84	96	0.3839	0.2887	0.5119	0.1667	-0.3452
Chr3	3233289	snp	80	91	0.3768	0.2945	0.5125	0.1758	-0.3367
Chr3	3233474	snp	89	84	0.3812	0.2932	0.5843	0.2381	-0.3462
Chr3	3233637	snp	81	61	0.3839	0.3058	0.5679	0.1475	-0.4204
Chr3	3233787	snp	80	79	0.3837	0.2953	0.5	0.1139	-0.3861
Chr3	3234622	snp	73	73	0.3836	0.3014	0.3836	0.0548	-0.3288
Chr3	3236095	snp	70	48	0.4071	0.3131	0.5857	0.2708	-0.3149
Chr3	3236162	snp	82	49	0.397	0.3036	0.5488	0.2449	-0.3039
Chr3	3236526	snp	88	40	0.4	0.3159	0.5341	0.2	-0.3341
Chr3	3236619	snp	51	22	0.4528	0.361	0.8039	0.3636	-0.4403
Chr3	3236636	snp	50	31	0.4297	0.3297	0.78	0.2258	-0.5542
Chr3	3236845	snp	53	37	0.409	0.3202	0.717	0.3243	-0.3927
Chr3	3237444	snp	110	75	0.3648	0.2873	0.4909	0.1067	-0.3842
Chr3	3237734	indel	107	104	0.3666	0.2819	0.486	0.1442	-0.3418
Chr3	3237879	snp	97	64	0.3732	0.2908	0.4433	0.1094	-0.3339
Chr3	3240330	snp	51	38	0.4298	0.3246	0.5882	0.2632	-0.3251
Chr3	3241066	snp	97	78	0.383	0.291	0.4845	0.1282	-0.3563
Chr3	3241879	snp	58	62	0.4038	0.3037	0.431	0.0161	-0.4149
Chr3	3243549	snp	44	34	0.4332	0.3316	0.5909	0.2059	-0.385
Chr3	3245797	snp	56	33	0.4167	0.322	0.6786	0.2727	-0.4058
Chr3	3245873	indel	87	78	0.3798	0.3011	0.5057	0.1795	-0.3263
Chr3	3280969	snp	64	56	0.4152	0.3103	0.4844	0.1071	-0.3772
Chr3	3281325	snp	48	46	0.4058	0.317	0.5	0.1522	-0.3478
Chr3	3283275	snp	70	55	0.4091	0.3169	0.4857	0.1636	-0.3221
Chr3	3283388	snp	64	40	0.4156	0.3219	0.6562	0.125	-0.5312
Chr3	3283442	snp	52	18	0.4722	0.3739	0.8654	0.2222	-0.6432
Chr3	3283496	snp	74	43	0.4161	0.314	0.6216	0.1628	-0.4588
Chr3	3295499	indel	63	59	0.3955	0.3129	0.6032	0.2542	-0.3489
Chr3	3305816	indel	50	36	0.4222	0.3267	0.76	0.3889	-0.3711
Chr3	3307085	snp	57	47	0.4225	0.3251	0.614	0.1702	-0.4438
Chr3	3307146	snp	60	45	0.4	0.3111	0.5833	0.2444	-0.3389
Chr3	3307713	snp	40	32	0.4562	0.35	0.625	0.25	-0.375
Chr3	3309816	indel	93	96	0.376	0.29	0.4946	0.1354	-0.3592
Chr3	3309915	indel	81	101	0.3867	0.2978	0.4938	0.1782	-0.3156
Chr3	3310018	snp	52	42	0.4212	0.3141	0.5769	0.1905	-0.3864
Chr3	3310062	snp	53	37	0.409	0.3202	0.566	0.1892	-0.3768
Chr3	3310855	snp	62	95	0.3932	0.2886	0.5	0.0842	-0.4158
Chr3	3369870	snp	94	92	0.3751	0.2815	0.4574	0.1413	-0.3161
Chr3	3378648	snp	81	68	0.3778	0.299	0.4444	0.1176	-0.3268
Chr3	3382812	indel	85	118	0.3575	0.2883	0.5294	0.2119	-0.3175
Chr3	3387737	indel	90	96	0.3701	0.2868	0.4333	0.125	-0.3083
Chr3	3388521	snp	69	50	0.3832	0.3067	0.7536	0.22	-0.5336
Chr3	3388652	snp	70	65	0.3923	0.3066	0.6143	0.2	-0.4143
Chr3	3388701	snp	71	56	0.3979	0.3058	0.6761	0.1964	-0.4796
Chr3	3390391	snp	74	42	0.4176	0.3192	0.5	0.1667	-0.3333
Chr3	3390455	snp	81	45	0.4247	0.321	0.5679	0.2	-0.3679
Chr3	3391730	snp	93	90	0.3871	0.29	0.4516	0.1556	-0.2961
Chr3	3391897	snp	93	72	0.392	0.2917	0.4839	0.1528	-0.3311
Chr3	3392727	snp	94	79	0.3837	0.2975	0.4574	0.1392	-0.3182
Chr3	3393122	snp	65	46	0.4033	0.3084	0.6308	0.3043	-0.3264
Chr3	3393155	snp	66	54	0.404	0.3098	0.6515	0.2593	-0.3923
Chr3	3393733	indel	82	84	0.3746	0.2979	0.4878	0.1667	-0.3211
Chr3	3394105	snp	104	120	0.3756	0.2814	0.4327	0.1167	-0.316
Chr3	3396659	snp	70	74	0.3973	0.3012	0.5429	0.1757	-0.3672
Chr3	3396734	snp	50	50	0.42	0.32	0.64	0.22	-0.42
Chr3	3397868	indel	84	72	0.3869	0.2996	0.6667	0.3472	-0.3194
Chr3	3397889	snp	80	61	0.3893	0.2996	0.65	0.3115	-0.3385
Chr3	3397936	snp	75	46	0.4142	0.3154	0.6533	0.2609	-0.3925
Chr3	3398285	snp	91	65	0.3802	0.2923	0.4725	0.1231	-0.3495
Chr3	3399021	snp	48	50	0.4092	0.3225	0.5208	0.18	-0.3408
Chr3	3399187	snp	35	17	0.5076	0.3899	0.4571	0.0588	-0.3983
Chr3	3400321	snp	50	36	0.4222	0.3267	0.52	0.1111	-0.4089
Chr3	3401407	snp	72	83	0.3775	0.296	0.5	0.1325	-0.3675
Chr3	3401725	snp	43	33	0.4412	0.3432	0.7209	0.2424	-0.4785
Chr3	3401968	snp	41	38	0.4255	0.3331	0.7317	0.2368	-0.4949
Chr3	3401972	snp	44	33	0.4318	0.3409	0.7273	0.2424	-0.4848
Chr3	3402198	snp	88	60	0.3932	0.3023	0.3864	0.05	-0.3364
Chr3	3402281	indel	118	82	0.389	0.2947	0.4746	0.1463	-0.3282
Chr3	3404008	indel	59	51	0.3981	0.3081	0.7119	0.3137	-0.3981
Chr3	3404018	indel	62	63	0.392	0.3103	0.6452	0.2698	-0.3753
Chr3	3404029	snp	63	60	0.4008	0.3032	0.6349	0.2333	-0.4016
Chr3	3415520	snp	65	51	0.4066	0.3113	0.5692	0.1961	-0.3732
Chr3	3415967	indel	28	23	0.4689	0.3665	0.9286	0.2174	-0.7112
Chr3	3415992	snp	36	36	0.4167	0.3333	0.8056	0.0833	-0.7222
Chr3	3416744	snp	57	36	0.4137	0.3304	0.7544	0.3056	-0.4488
Chr3	3416794	indel	62	49	0.3983	0.3144	0.7097	0.1837	-0.526
Chr3	3416824	snp	67	50	0.4012	0.3122	0.6716	0.2	-0.4716
Chr3	3416921	snp	70	49	0.398	0.3122	0.6143	0.1633	-0.451
Chr3	3418480	indel	73	63	0.3827	0.3098	0.5342	0.1587	-0.3755
Chr3	3418507	snp	66	55	0.4091	0.3061	0.5303	0.1455	-0.3848
Chr3	3421705	snp	75	51	0.4118	0.3122	0.56	0.1765	-0.3835
Chr3	3421929	snp	88	36	0.4028	0.3081	0.6023	0.1667	-0.4356
Chr3	3422179	snp	68	53	0.4062	0.3094	0.6176	0.2075	-0.4101
Chr3	3422397	snp	85	69	0.3881	0.2975	0.5294	0.058	-0.4714
Chr3	3423052	indel	71	57	0.3916	0.3044	0.5352	0.2105	-0.3247
Chr3	3423099	snp	60	43	0.4143	0.3174	0.6	0.2093	-0.3907
Chr3	3423987	snp	90	80	0.3778	0.2958	0.5111	0.1125	-0.3986
Chr3	3424131	snp	74	50	0.3973	0.3086	0.5811	0.24	-0.3411
Chr3	3424200	snp	66	31	0.4296	0.3289	0.7879	0.2903	-0.4976
Chr3	3424693	snp	87	97	0.3836	0.294	0.4368	0.1134	-0.3234
Chr3	3424902	snp	89	94	0.3633	0.2828	0.4607	0.1596	-0.3011
Chr3	3425235	snp	96	90	0.3701	0.2868	0.4688	0.1556	-0.3132
Chr3	3426222	snp	66	69	0.3966	0.3024	0.6667	0.3623	-0.3043
Chr3	3426312	snp	77	55	0.4	0.3013	0.6753	0.3636	-0.3117
Chr3	3427146	snp	97	82	0.3867	0.2948	0.4948	0.1341	-0.3607
Chr3	3427580	snp	91	97	0.3644	0.2833	0.4615	0.1753	-0.2863
Chr3	3431087	snp	67	54	0.3986	0.3054	0.6119	0.2222	-0.3897
Chr3	3432276	snp	65	47	0.4157	0.3129	0.4615	0.0851	-0.3764
Chr3	3432720	snp	52	39	0.4231	0.3205	0.7885	0.359	-0.4295
Chr3	3433011	snp	98	76	0.3912	0.2962	0.5102	0.1316	-0.3786
Chr3	3433199	snp	92	74	0.3922	0.2985	0.5	0.1892	-0.3108
Chr3	3433472	snp	68	67	0.3782	0.2917	0.6029	0.2239	-0.3791
Chr3	3433615	snp	51	41	0.4127	0.3152	0.7843	0.3171	-0.4672
Chr3	3434495	indel	54	31	0.4229	0.3297	0.463	0.129	-0.3339
Chr3	3435382	snp	61	45	0.416	0.3166	0.6721	0.3111	-0.361
Chr3	3435391	indel	55	46	0.4012	0.3138	0.7273	0.3043	-0.4229
Chr3	3436440	snp	42	31	0.4493	0.3287	0.7143	0.3548	-0.3594
Chr3	3437120	snp	52	29	0.4204	0.3322	0.6538	0.1379	-0.5159
Chr3	3437219	snp	73	49	0.4062	0.3106	0.5068	0.1224	-0.3844
Chr3	3437344	snp	88	87	0.3815	0.2915	0.4886	0.1034	-0.3852
Chr3	3437525	snp	66	42	0.4004	0.3052	0.6212	0.2857	-0.3355
Chr3	3438488	snp	54	32	0.4306	0.3345	0.8889	0.4688	-0.4201
Chr3	3504529	indel	90	96	0.3701	0.2868	0.5	0.1146	-0.3854
Chr3	3508064	snp	91	74	0.3891	0.292	0.4725	0.1757	-0.2969
Chr3	3508581	snp	42	29	0.4384	0.335	0.8095	0.2759	-0.5337
Chr3	3509615	snp	56	35	0.4107	0.325	0.6964	0.2857	-0.4107
Chr3	3510923	snp	104	56	0.3874	0.3022	0.4135	0.0893	-0.3242
Chr3	3511242	snp	79	89	0.3843	0.2931	0.4937	0.1573	-0.3364
Chr3	3511520	snp	68	40	0.4206	0.3206	0.6765	0.275	-0.4015
Chr3	3511523	snp	70	38	0.4105	0.3241	0.6857	0.2105	-0.4752
Chr3	3514233	snp	86	70	0.3887	0.2957	0.4535	0.1429	-0.3106
Chr3	3516569	snp	99	70	0.3802	0.2928	0.4545	0.1286	-0.326
Chr3	3516733	snp	105	80	0.378	0.2863	0.4952	0.1375	-0.3577
Chr3	3517904	snp	115	103	0.3748	0.2903	0.5304	0.1165	-0.4139
Chr3	3524667	snp	50	46	0.3991	0.3174	0.62	0.2391	-0.3809
Chr3	3525024	snp	61	37	0.4289	0.3217	0.6721	0.2162	-0.4559
Chr3	3525146	snp	67	73	0.3827	0.2956	0.5224	0.1781	-0.3443
Chr3	3526329	snp	50	36	0.4222	0.3267	0.64	0.2222	-0.4178
Chr3	3528109	snp	98	103	0.372	0.2802	0.449	0.0777	-0.3713
Chr3	3528260	snp	90	84	0.3833	0.2929	0.5222	0.131	-0.3913
Chr3	3528515	indel	49	62	0.3983	0.3144	0.5918	0.2581	-0.3338
Chr3	3528627	snp	39	26	0.4487	0.3462	0.7692	0.4231	-0.3462
Chr3	3528780	snp	74	68	0.3915	0.2957	0.473	0.1176	-0.3553
Chr3	3529230	snp	37	22	0.4656	0.3587	0.8649	0.5	-0.3649
Chr3	3529686	snp	64	55	0.4045	0.3108	0.7188	0.2364	-0.4824
Chr3	3530135	indel	61	75	0.3921	0.3019	0.623	0.2267	-0.3963
Chr3	3530167	snp	47	43	0.4231	0.3261	0.6596	0.2326	-0.427
Chr3	3530364	snp	37	43	0.4318	0.3344	0.7838	0.3721	-0.4117
Chr3	3530514	snp	63	75	0.3886	0.301	0.5714	0.1733	-0.3981
Chr3	3530855	snp	62	101	0.3841	0.2989	0.4194	0.1188	-0.3005
Chr3	3531488	snp	74	43	0.4161	0.314	0.6892	0.2326	-0.4566
Chr3	3531674	snp	50	31	0.4297	0.3297	0.92	0.4839	-0.4361
Chr3	3531720	snp	71	65	0.3876	0.3029	0.7183	0.2615	-0.4568
Chr3	3533404	snp	69	73	0.3919	0.3081	0.4638	0.1233	-0.3405
Chr3	3549732	snp	92	93	0.3739	0.2862	0.4565	0.1613	-0.2952
Chr3	3553382	snp	60	79	0.3981	0.3004	0.4167	0.0633	-0.3534
Chr3	3565608	snp	41	43	0.426	0.3284	0.3415	0.0	-0.3415
Chr3	3580439	snp	45	41	0.4228	0.3274	0.4667	0.0488	-0.4179
Chr3	3581096	snp	56	49	0.4107	0.3163	0.5714	0.2449	-0.3265
Chr3	3582065	snp	130	109	0.3727	0.2851	0.5077	0.2018	-0.3059
Chr3	3583116	snp	98	95	0.3603	0.284	0.5	0.0632	-0.4368
Chr3	3583284	snp	91	86	0.3764	0.2917	0.4835	0.1395	-0.344
Chr3	3583849	snp	77	101	0.3765	0.2885	0.5974	0.1782	-0.4192
Chr3	3584501	snp	51	29	0.4348	0.3313	0.8431	0.4138	-0.4293
Chr3	3585898	snp	57	30	0.4351	0.3333	0.7895	0.3333	-0.4561
Chr3	3586061	snp	75	31	0.4219	0.314	0.68	0.1935	-0.4865
Chr3	3586249	snp	67	52	0.3958	0.3063	0.5224	0.1154	-0.407
Chr3	3586353	snp	45	27	0.4296	0.3333	0.8222	0.4444	-0.3778
Chr3	3586689	snp	91	79	0.3868	0.3009	0.4945	0.1519	-0.3426
Chr3	3586796	snp	96	81	0.3816	0.2878	0.4271	0.0864	-0.3407
Chr3	3586966	indel	79	76	0.3931	0.2923	0.4684	0.0921	-0.3762
Chr3	3587210	snp	92	103	0.3776	0.2844	0.4022	0.0971	-0.3051
Chr3	3587431	snp	55	34	0.4219	0.3283	0.8364	0.3529	-0.4834
Chr3	3587610	snp	94	80	0.3721	0.2915	0.4468	0.0875	-0.3593
Chr3	3587649	indel	81	89	0.3834	0.2981	0.4691	0.1573	-0.3118
Chr3	3587853	snp	70	68	0.3937	0.3063	0.5571	0.0735	-0.4836
Chr3	3588242	snp	68	54	0.3954	0.3066	0.5441	0.1667	-0.3775
Chr3	3588445	snp	97	77	0.3871	0.2943	0.4021	0.0909	-0.3112
Chr3	3588801	snp	75	45	0.4089	0.3111	0.6533	0.1778	-0.4756
Chr3	3588877	snp	86	46	0.3959	0.3003	0.5814	0.2174	-0.364
Chr3	3589915	snp	53	32	0.4163	0.3284	0.7925	0.4062	-0.3862
Chr3	3589930	snp	50	23	0.4496	0.3461	0.94	0.5217	-0.4183
Chr3	3590019	snp	61	31	0.4151	0.3316	0.6885	0.2581	-0.4305
Chr3	3590144	snp	42	30	0.4333	0.3381	0.6429	0.1667	-0.4762
Chr3	3590997	snp	52	43	0.4092	0.3202	0.6154	0.2558	-0.3596
Chr3	3591007	indel	50	39	0.4292	0.3297	0.64	0.3077	-0.3323
Chr3	3617649	snp	64	85	0.3857	0.2994	0.5156	0.1059	-0.4097
Chr3	3656337	indel	107	128	0.3671	0.2806	0.4206	0.0781	-0.3424
Chr3	3664136	snp	79	84	0.3867	0.2951	0.4177	0.0952	-0.3225
Chr3	3701158	snp	35	32	0.4563	0.3473	0.6	0.0938	-0.5062
Chr3	3701195	snp	36	31	0.4597	0.3441	0.6667	0.129	-0.5376
Chr3	3714642	snp	106	88	0.3724	0.2875	0.4811	0.1477	-0.3334
Chr3	3714955	snp	87	98	0.3747	0.2904	0.4713	0.1122	-0.359
Chr3	3715161	snp	68	45	0.4092	0.3147	0.6471	0.2889	-0.3582
Chr3	3715444	indel	80	78	0.3798	0.2901	0.4875	0.1795	-0.308
Chr3	3716275	indel	88	102	0.3779	0.2923	0.4432	0.1275	-0.3157
Chr3	3716738	snp	50	37	0.4249	0.3346	0.7	0.2432	-0.4568
Chr3	3716897	indel	70	77	0.3844	0.2987	0.5	0.1948	-0.3052
Chr3	3716948	indel	69	51	0.3964	0.3009	0.6232	0.2941	-0.3291
Chr3	3717392	snp	100	93	0.3782	0.2906	0.43	0.129	-0.301
Chr3	3717616	snp	49	31	0.424	0.3305	0.7959	0.3548	-0.4411
Chr3	3717631	snp	50	35	0.4171	0.3257	0.74	0.3143	-0.4257
Chr3	3718039	snp	67	50	0.4012	0.3122	0.6418	0.22	-0.4218
Chr3	3719249	snp	70	62	0.3811	0.2991	0.6	0.2742	-0.3258
Chr3	3719524	snp	66	53	0.4025	0.3122	0.5606	0.1887	-0.3719
Chr3	3719589	snp	78	66	0.3939	0.3007	0.4744	0.1515	-0.3228
Chr3	3720165	snp	91	77	0.3826	0.2917	0.4835	0.1688	-0.3147
Chr3	3720850	indel	110	76	0.3792	0.2914	0.4091	0.1053	-0.3038
Chr3	3721449	snp	70	46	0.4174	0.3161	0.5857	0.1957	-0.3901
Chr3	3721451	indel	74	50	0.3973	0.3086	0.5541	0.2	-0.3541
Chr3	3722823	snp	88	64	0.392	0.304	0.4318	0.0312	-0.4006
Chr3	3722971	snp	52	35	0.4247	0.3297	0.6731	0.2286	-0.4445
Chr3	3722985	snp	51	35	0.4364	0.3361	0.6471	0.2	-0.4471
Chr3	3724491	snp	80	87	0.3856	0.2897	0.4625	0.0805	-0.382
Chr3	3725502	snp	53	32	0.4163	0.3284	0.717	0.375	-0.342
Chr3	3726482	snp	51	32	0.4167	0.3382	0.7647	0.4062	-0.3585
Chr3	3726515	indel	63	54	0.3889	0.3042	0.6825	0.2963	-0.3862
Chr3	3726767	snp	40	46	0.4391	0.3293	0.55	0.1739	-0.3761
Chr3	3738862	snp	73	84	0.3891	0.2921	0.4658	0.1429	-0.3229
Chr3	3741062	snp	85	82	0.3867	0.2917	0.4471	0.122	-0.3251
Chr3	3766082	snp	69	80	0.3982	0.3042	0.3913	0.0375	-0.3538
Chr3	3766150	snp	68	73	0.3995	0.2996	0.4118	0.0685	-0.3433
Chr3	3768382	indel	79	92	0.3756	0.2906	0.5316	0.1522	-0.3795
Chr3	3768468	snp	54	69	0.3953	0.3076	0.3704	0.0435	-0.3269
Chr3	3768910	indel	82	61	0.3916	0.3009	0.439	0.1311	-0.3079
Chr3	3775268	indel	57	65	0.4005	0.3082	0.3684	0.0462	-0.3223
Chr3	3780476	indel	87	62	0.3949	0.3003	0.5287	0.0968	-0.432
Chr3	3786085	snp	73	50	0.3901	0.3068	0.5068	0.14	-0.3668
Chr3	3786720	indel	48	46	0.4058	0.317	0.3958	0.0435	-0.3524
Chr3	3789463	snp	90	82	0.3832	0.2911	0.5333	0.0366	-0.4967
Chr3	3796321	snp	24	42	0.4405	0.3452	0.4167	0.0714	-0.3452
Chr3	3796885	indel	72	59	0.3771	0.2999	0.5139	0.2034	-0.3105
Chr3	3800307	snp	97	103	0.3679	0.2806	0.4845	0.1553	-0.3292
Chr3	3800879	snp	79	51	0.4135	0.304	0.4304	0.0784	-0.3519
Chr3	3804068	snp	69	70	0.3965	0.3085	0.4638	0.1429	-0.3209
Chr3	3811449	indel	81	87	0.3802	0.2929	0.5309	0.2299	-0.301
Chr3	3812589	snp	88	73	0.3808	0.2922	0.4432	0.137	-0.3062
Chr3	3813082	indel	52	41	0.4151	0.3227	0.4808	0.1463	-0.3344
Chr3	3813351	snp	42	40	0.4155	0.3179	0.5238	0.125	-0.3988
Chr3	3813396	indel	39	38	0.4265	0.3259	0.5641	0.1053	-0.4588
Chr3	3813468	snp	35	17	0.5076	0.3899	0.8286	0.2353	-0.5933
Chr3	3813519	indel	56	29	0.4347	0.3337	0.5536	0.1724	-0.3812
Chr3	3815226	snp	79	46	0.4155	0.3088	0.4937	0.1522	-0.3415
Chr3	3815302	snp	63	43	0.4227	0.3189	0.5079	0.1163	-0.3917
Chr3	3819785	indel	85	69	0.3881	0.2975	0.5059	0.1594	-0.3465
Chr3	3832110	snp	119	97	0.3779	0.2889	0.4034	0.0928	-0.3106
Chr3	3836116	snp	96	98	0.3829	0.2885	0.4479	0.1224	-0.3255
Chr3	3837408	snp	92	96	0.3804	0.2908	0.5217	0.125	-0.3967
Chr3	3839150	snp	88	77	0.3912	0.2955	0.5	0.1688	-0.3312
Chr3	3840496	snp	88	99	0.3725	0.2866	0.4545	0.1313	-0.3232
Chr3	3840986	snp	90	92	0.3729	0.285	0.4222	0.0978	-0.3244
Chr3	3842089	snp	74	59	0.4008	0.3028	0.4324	0.1017	-0.3307
Chr3	3843368	indel	80	70	0.3875	0.2982	0.5875	0.1857	-0.4018
Chr3	3843933	indel	108	85	0.3893	0.2927	0.4537	0.1294	-0.3243
Chr3	3847201	indel	61	82	0.3916	0.3009	0.4918	0.1341	-0.3577
Chr3	3847765	snp	78	91	0.3736	0.2949	0.4615	0.1538	-0.3077
Chr3	3847972	indel	104	65	0.3808	0.2962	0.5	0.1231	-0.3769
Chr3	3852165	snp	100	69	0.3861	0.2932	0.42	0.087	-0.333
Chr3	3855980	snp	65	106	0.3855	0.2891	0.4	0.0943	-0.3057
Chr3	3856164	snp	74	74	0.3919	0.2973	0.473	0.1757	-0.2973
Chr3	3856481	indel	70	68	0.3937	0.3063	0.5	0.1765	-0.3235
Chr3	3864623	snp	108	57	0.4006	0.2968	0.5093	0.1754	-0.3338
Chr3	3867316	snp	75	56	0.3895	0.3005	0.5467	0.1429	-0.4038
Chr3	3868620	indel	100	55	0.3936	0.3	0.43	0.1273	-0.3027
Chr3	3868711	snp	88	55	0.3955	0.3045	0.4205	0.1091	-0.3114
Chr3	3870976	snp	89	84	0.3812	0.2932	0.4831	0.0714	-0.4117
Chr3	3871099	indel	79	81	0.3872	0.2996	0.4177	0.0494	-0.3683
Chr3	3871117	snp	84	80	0.3845	0.2929	0.4048	0.0875	-0.3173
Chr3	3872231	snp	60	27	0.437	0.3315	0.4333	0.037	-0.3963
Chr3	3872781	snp	62	44	0.4172	0.3204	0.5	0.1591	-0.3409
Chr3	3874883	indel	79	69	0.3939	0.3049	0.5063	0.058	-0.4484
Chr3	3876022	indel	84	95	0.3797	0.2932	0.5	0.1895	-0.3105
Chr3	3877061	snp	108	100	0.3852	0.2911	0.4259	0.13	-0.2959
Chr3	3918972	snp	36	9	0.5556	0.4167	0.5278	0.1111	-0.4167
Chr3	3919015	snp	42	23	0.4534	0.3468	0.5476	0.0435	-0.5041
Chr3	3919287	indel	41	39	0.424	0.3252	0.7073	0.359	-0.3483
Chr3	3919776	snp	52	39	0.4231	0.3205	0.6538	0.1282	-0.5256
Chr3	3921184	indel	68	51	0.4069	0.3039	0.5441	0.2353	-0.3088
Chr3	3921274	snp	61	54	0.3922	0.3139	0.6885	0.1667	-0.5219
Chr3	3921344	snp	65	59	0.4044	0.3056	0.5385	0.2203	-0.3181
Chr3	3922617	snp	86	51	0.3956	0.3032	0.4767	0.0784	-0.3983
Chr3	3922785	snp	62	27	0.4277	0.3327	0.8065	0.3704	-0.4361
Chr3	3922796	snp	64	36	0.4132	0.3264	0.7969	0.2778	-0.5191
Chr3	3923000	snp	92	73	0.3778	0.2895	0.5326	0.137	-0.3956
Chr3	3923332	snp	92	91	0.3653	0.2787	0.4565	0.1648	-0.2917
Chr3	3924265	snp	87	65	0.3901	0.305	0.5287	0.1385	-0.3903
Chr3	3924340	snp	67	51	0.3989	0.3102	0.7463	0.1765	-0.5698
Chr3	3924449	snp	83	63	0.3846	0.3014	0.6145	0.127	-0.4875
Chr3	3924993	indel	43	34	0.4501	0.3399	0.6744	0.3235	-0.3509
Chr3	3925151	snp	81	57	0.4003	0.3067	0.5432	0.193	-0.3502
Chr3	3925807	snp	70	63	0.3857	0.2984	0.6	0.2857	-0.3143
Chr3	3925967	snp	43	69	0.4109	0.3151	0.6279	0.3043	-0.3236
Chr3	3927562	snp	59	25	0.4414	0.341	0.5593	0.2	-0.3593
Chr3	3927597	snp	70	25	0.4229	0.3343	0.5714	0.2	-0.3714
Chr3	3927949	snp	55	43	0.4097	0.3239	0.6	0.186	-0.414
Chr3	3928154	snp	59	40	0.411	0.3119	0.6441	0.275	-0.3691
Chr3	3928416	indel	39	26	0.4487	0.3462	0.7179	0.2692	-0.4487
Chr3	3929617	snp	55	39	0.4089	0.3179	0.7455	0.2821	-0.4634
Chr3	3929633	snp	43	24	0.4564	0.3508	0.8605	0.375	-0.4855
Chr3	3930150	snp	58	53	0.4239	0.3155	0.4828	0.1132	-0.3696
Chr3	3930799	snp	32	29	0.4741	0.3524	0.8125	0.3793	-0.4332
Chr3	3931086	snp	62	34	0.4231	0.3292	0.6129	0.2353	-0.3776
Chr3	3932097	snp	43	28	0.4477	0.3389	0.814	0.3214	-0.4925
Chr3	3932123	indel	48	45	0.4153	0.3181	0.6667	0.2	-0.4667
Chr3	3932251	snp	44	35	0.4364	0.3331	0.75	0.3714	-0.3786
Chr3	3933515	snp	49	36	0.4365	0.3305	0.551	0.1667	-0.3844
Chr3	3933716	snp	61	54	0.3922	0.3139	0.5738	0.1111	-0.4627
Chr3	3933866	indel	48	31	0.42	0.3286	0.7083	0.2258	-0.4825
Chr3	3937801	snp	99	67	0.3893	0.2979	0.4242	0.1194	-0.3048
Chr3	3939375	snp	73	68	0.3995	0.2996	0.3973	0.0735	-0.3237
Chr3	3945902	snp	65	45	0.4137	0.3043	0.6	0.1333	-0.4667
Chr3	3945910	indel	65	50	0.4046	0.3154	0.5692	0.1	-0.4692
Chr3	3946804	snp	43	28	0.4477	0.3389	0.9302	0.5714	-0.3588
Chr3	3946810	snp	44	35	0.4364	0.3331	0.8636	0.3714	-0.4922
Chr3	3960643	snp	60	35	0.4214	0.3262	0.4833	0.1143	-0.369
Chr3	3960721	snp	42	20	0.469	0.3667	0.6429	0.1	-0.5429
Chr3	3961004	snp	67	43	0.4176	0.3145	0.5522	0.2326	-0.3197
Chr3	3969275	snp	78	73	0.4046	0.2968	0.4615	0.137	-0.3246
Chr3	3969434	snp	90	71	0.3864	0.2923	0.4667	0.1268	-0.3399
Chr3	3984428	snp	61	48	0.4177	0.321	0.6721	0.2708	-0.4013
Chr3	3984540	snp	92	96	0.3804	0.2908	0.4783	0.125	-0.3533
Chr3	3990209	snp	84	55	0.3864	0.3037	0.4286	0.1091	-0.3195
Chr3	4012864	snp	62	27	0.4277	0.3327	0.5968	0.1481	-0.4486
Chr3	4023297	indel	82	91	0.3799	0.2873	0.3171	0.011	-0.3061
Chr3	4026730	snp	53	42	0.4182	0.323	0.6981	0.3095	-0.3886
Chr3	4027543	snp	54	55	0.4125	0.3047	0.6852	0.3091	-0.3761
Chr3	4028825	snp	25	18	0.4978	0.3867	0.8	0.3889	-0.4111
Chr3	4029085	indel	45	52	0.4021	0.3115	0.6889	0.3269	-0.362
Chr3	4032252	snp	46	43	0.4196	0.3266	0.7391	0.2326	-0.5066
Chr3	4034143	snp	70	46	0.4174	0.3161	0.5429	0.2174	-0.3255
Chr3	4034283	snp	46	53	0.4212	0.324	0.6304	0.2075	-0.4229
Chr3	4034435	snp	38	27	0.4513	0.345	0.7632	0.3333	-0.4298
Chr3	4046812	snp	56	24	0.4464	0.3512	0.5179	0.1667	-0.3512
Chr3	4049182	indel	57	59	0.3967	0.309	0.614	0.2542	-0.3598
Chr3	4049702	snp	90	97	0.3597	0.2781	0.5	0.1031	-0.3969
Chr3	4051149	snp	60	38	0.4149	0.3219	0.6667	0.2632	-0.4035
Chr3	4051174	snp	52	26	0.4423	0.3269	0.8654	0.3462	-0.5192
Chr3	4051223	snp	64	41	0.4123	0.3236	0.6875	0.1707	-0.5168
Chr3	4052685	snp	56	33	0.4167	0.322	0.6786	0.303	-0.3755
Chr3	4052690	snp	59	34	0.4257	0.3215	0.7119	0.2941	-0.4177
Chr3	4053072	snp	43	24	0.4564	0.3508	0.814	0.4167	-0.3973
Chr3	4061990	indel	58	48	0.4052	0.3175	0.6552	0.3125	-0.3427
Chr3	4081675	snp	40	26	0.4462	0.35	0.575	0.1923	-0.3827
Chr3	4095444	indel	77	75	0.383	0.2925	0.4416	0.1467	-0.2949
Chr3	4110311	snp	88	67	0.3811	0.2924	0.5	0.1343	-0.3657
Chr3	4110403	indel	107	64	0.3916	0.2978	0.5888	0.1875	-0.4013
Chr3	4115133	snp	74	73	0.3886	0.2942	0.4054	0.0822	-0.3232
Chr3	4117377	indel	91	75	0.3801	0.2947	0.3407	0.0	-0.3407
Chr3	4124872	snp	66	48	0.4148	0.3144	0.3788	0.0625	-0.3163
Chr3	4124987	snp	87	66	0.3762	0.2957	0.3793	0.0606	-0.3187
Chr3	4125013	indel	94	72	0.3859	0.2999	0.4255	0.0833	-0.3422
Chr3	4125156	snp	74	99	0.3728	0.2913	0.4595	0.1616	-0.2978
Chr3	4127314	snp	71	46	0.4179	0.3141	0.7465	0.3696	-0.3769
Chr3	4128402	snp	74	73	0.3886	0.2942	0.5676	0.2329	-0.3347
Chr3	4129298	indel	46	35	0.4373	0.3335	0.7174	0.2571	-0.4602
Chr3	4131195	snp	61	26	0.4414	0.3373	0.7213	0.3462	-0.3752
Chr3	4131353	snp	78	62	0.3983	0.3052	0.5	0.1935	-0.3065
Chr3	4132079	snp	62	73	0.3922	0.2963	0.6129	0.2329	-0.38
Chr3	4132414	snp	49	31	0.424	0.3305	0.8367	0.3548	-0.4819
Chr3	4132533	snp	39	37	0.4435	0.3423	0.7436	0.3514	-0.3922
Chr3	4132537	indel	38	36	0.4327	0.3289	0.7368	0.3611	-0.3757
Chr3	4133256	snp	59	46	0.4053	0.3084	0.5593	0.2391	-0.3202
Chr3	4133281	snp	53	37	0.409	0.3202	0.6415	0.2162	-0.4253
Chr3	4133316	indel	73	50	0.3901	0.3068	0.4658	0.14	-0.3258
Chr3	4133405	snp	79	74	0.3744	0.2951	0.443	0.1351	-0.3079
Chr3	4134323	snp	49	29	0.4398	0.3427	0.7143	0.3103	-0.4039
Chr3	4134363	snp	68	45	0.4092	0.3147	0.5	0.1778	-0.3222
Chr3	4135006	snp	52	21	0.4551	0.3498	0.8077	0.3333	-0.4744
Chr3	4136972	snp	42	30	0.4333	0.3381	0.5476	0.1333	-0.4143
Chr3	4137816	indel	97	125	0.3661	0.2863	0.4845	0.192	-0.2925
Chr3	4140728	snp	36	27	0.463	0.3519	0.7778	0.2963	-0.4815
Chr3	4140995	snp	35	30	0.4524	0.3476	0.6286	0.2667	-0.3619
Chr3	4142443	snp	65	35	0.4352	0.3187	0.6308	0.2286	-0.4022
Chr3	4142455	snp	66	36	0.4192	0.3258	0.6212	0.25	-0.3712
Chr3	4145118	snp	68	74	0.3915	0.2957	0.5588	0.1622	-0.3967
Chr3	4145166	snp	59	52	0.4188	0.3126	0.6949	0.3077	-0.3872
Chr3	4145410	snp	59	25	0.4414	0.341	0.8305	0.44	-0.3905
Chr3	4145413	snp	57	28	0.4348	0.3296	0.8421	0.3929	-0.4492
Chr3	4145952	snp	64	33	0.4167	0.3239	0.7031	0.2727	-0.4304
Chr3	4147248	snp	74	69	0.3848	0.2971	0.4459	0.087	-0.359
Chr3	4147508	snp	49	22	0.4527	0.3553	0.7755	0.4091	-0.3664
Chr3	4148617	snp	51	38	0.4298	0.3246	0.6078	0.1842	-0.4236
Chr3	4149904	snp	82	69	0.3931	0.2923	0.4512	0.1159	-0.3353
Chr3	4151571	snp	54	52	0.4131	0.3212	0.7407	0.2692	-0.4715
Chr3	4151641	snp	60	55	0.3955	0.3076	0.6333	0.2182	-0.4152
Chr3	4152376	snp	52	39	0.4231	0.3205	0.8654	0.4359	-0.4295
Chr3	4155572	snp	54	32	0.4306	0.3345	0.5556	0.1562	-0.3993
Chr3	4156276	snp	97	82	0.3867	0.2948	0.4433	0.0976	-0.3457
Chr3	4158204	snp	80	85	0.3949	0.2993	0.475	0.1412	-0.3338
Chr3	4158589	snp	60	50	0.3867	0.3067	0.5167	0.18	-0.3367
Chr3	4160081	snp	75	40	0.4133	0.3117	0.6133	0.175	-0.4383
Chr3	4161439	snp	72	61	0.4005	0.301	0.4444	0.1148	-0.3297
Chr3	4161545	snp	67	54	0.3986	0.3054	0.597	0.2222	-0.3748
Chr3	4161640	snp	57	45	0.4175	0.3135	0.7193	0.2889	-0.4304
Chr3	4162810	snp	88	86	0.3679	0.278	0.4432	0.1512	-0.292
Chr3	4163764	indel	78	85	0.3789	0.2944	0.4359	0.1294	-0.3065
Chr3	4167062	snp	79	55	0.4037	0.3096	0.4937	0.1273	-0.3664
Chr3	4167346	snp	45	38	0.4257	0.3287	0.7556	0.3158	-0.4398
Chr3	4167347	snp	42	36	0.4444	0.3333	0.7857	0.3333	-0.4524
Chr3	4168119	snp	55	49	0.4212	0.3147	0.6909	0.3265	-0.3644
Chr3	4168204	snp	77	73	0.3905	0.2925	0.5584	0.2055	-0.353
Chr3	4170394	snp	67	65	0.3952	0.3052	0.5821	0.1692	-0.4129
Chr3	4170469	snp	56	33	0.4167	0.322	0.6786	0.2121	-0.4665
Chr3	4175431	snp	36	19	0.4839	0.3757	0.5833	0.1053	-0.4781
Chr3	4183640	indel	74	66	0.3931	0.3051	0.4189	0.0758	-0.3432
Chr3	4185754	snp	78	52	0.391	0.2949	0.4487	0.0962	-0.3526
Chr3	4191351	indel	91	67	0.3882	0.2957	0.4505	0.0896	-0.361
Chr3	4191402	snp	79	58	0.3826	0.2997	0.4177	0.1034	-0.3143
Chr3	4192986	snp	102	93	0.3744	0.2859	0.4314	0.1398	-0.2916
Chr3	4195178	snp	77	74	0.3807	0.2948	0.3766	0.0811	-0.2955
Chr3	4208125	snp	98	87	0.3747	0.2904	0.4592	0.1149	-0.3442
Chr3	4209994	snp	85	68	0.3882	0.2941	0.4	0.0735	-0.3265
Chr3	4210139	snp	74	60	0.4018	0.3	0.4324	0.0667	-0.3658
Chr3	4210904	snp	96	77	0.3784	0.2953	0.4375	0.0779	-0.3596
Chr3	4214098	snp	78	87	0.3798	0.3011	0.3718	0.069	-0.3028
Chr3	4224858	indel	81	67	0.3805	0.2967	0.4321	0.1343	-0.2978
Chr3	4226767	snp	67	61	0.4035	0.3066	0.4478	0.1148	-0.333
Chr3	4235231	indel	93	86	0.3742	0.2884	0.4516	0.0814	-0.3702
Chr3	4235298	snp	82	85	0.3867	0.2917	0.4024	0.0588	-0.3436
Chr3	4238624	snp	86	67	0.3842	0.2897	0.4535	0.0448	-0.4087
Chr3	4243028	indel	92	85	0.3735	0.2902	0.4348	0.1059	-0.3289
Chr3	4244169	indel	82	82	0.3902	0.2927	0.5366	0.1463	-0.3902
Chr3	4371444	snp	69	39	0.4136	0.32	0.6957	0.3077	-0.388
Chr3	4371445	snp	68	37	0.4209	0.3152	0.7059	0.3243	-0.3816
Chr3	4371870	indel	67	22	0.4457	0.3521	0.6716	0.3182	-0.3535
Chr3	4371957	snp	82	46	0.4072	0.3107	0.5	0.1739	-0.3261
Chr3	4372057	snp	58	40	0.4207	0.3207	0.6552	0.2	-0.4552
Chr3	4372093	snp	61	41	0.4042	0.3147	0.5902	0.1707	-0.4194
Chr3	4372421	snp	30	31	0.4441	0.3452	0.8	0.3548	-0.4452
Chr3	4374189	snp	85	90	0.3837	0.2908	0.4235	0.1	-0.3235
Chr3	4386427	snp	38	14	0.5038	0.391	0.7895	0.2857	-0.5038
Chr3	4388108	snp	42	35	0.4286	0.3333	0.619	0.2286	-0.3905
Chr3	4388344	snp	49	34	0.4226	0.3247	0.7959	0.3235	-0.4724
Chr3	4389293	snp	60	59	0.4099	0.3102	0.5	0.1186	-0.3814
Chr3	4390258	snp	38	32	0.4457	0.3405	0.7105	0.3438	-0.3668
Chr3	4391340	snp	62	30	0.4312	0.3333	0.5806	0.1667	-0.414
Chr3	4391365	indel	72	33	0.4242	0.3194	0.6944	0.2727	-0.4217
Chr3	4391613	snp	89	53	0.3988	0.3049	0.5393	0.1887	-0.3506
Chr3	4391756	snp	73	59	0.3993	0.3107	0.6164	0.2881	-0.3283
Chr3	4391935	snp	61	24	0.4372	0.3388	0.6066	0.25	-0.3566
Chr3	4392347	indel	78	86	0.3739	0.2841	0.4487	0.1395	-0.3092
Chr3	4392746	snp	87	75	0.383	0.2933	0.4598	0.1467	-0.3131
Chr3	4393083	snp	57	46	0.4092	0.3146	0.6316	0.2609	-0.3707
Chr3	4393499	snp	50	24	0.4533	0.3467	0.64	0.2917	-0.3483
Chr3	4396273	snp	76	41	0.4066	0.3087	0.5263	0.1707	-0.3556
Chr3	4396864	snp	51	53	0.404	0.3111	0.451	0.1132	-0.3378
Chr3	4396873	snp	47	53	0.4095	0.3107	0.4894	0.1509	-0.3384
Chr3	4400824	snp	81	83	0.4016	0.2911	0.5432	0.2289	-0.3143
Chr3	4401086	snp	48	52	0.4038	0.3157	0.5417	0.2115	-0.3301
Chr3	4401099	indel	51	50	0.4078	0.3086	0.6078	0.28	-0.3278
Chr3	4401438	snp	43	37	0.4318	0.3344	0.7209	0.3514	-0.3696
Chr3	4402468	snp	49	27	0.4346	0.3401	0.7959	0.4074	-0.3885
Chr3	4402546	snp	76	50	0.4026	0.3053	0.5263	0.2	-0.3263
Chr3	4406333	snp	51	16	0.4865	0.3701	0.6471	0.125	-0.5221
Chr3	4408585	snp	64	48	0.4115	0.3125	0.5938	0.25	-0.3438
Chr3	4409484	snp	60	49	0.4014	0.3068	0.6167	0.1837	-0.433
Chr3	4409552	snp	61	55	0.4048	0.3085	0.5574	0.1636	-0.3937
Chr3	4410817	snp	33	20	0.4773	0.3667	0.8182	0.4	-0.4182
Chr3	4410870	snp	46	28	0.4472	0.3509	0.7609	0.2143	-0.5466
Chr3	4411083	snp	56	35	0.4107	0.325	0.75	0.2571	-0.4929
Chr3	4411096	snp	41	21	0.4483	0.3519	0.878	0.381	-0.4971
Chr3	4411407	snp	52	36	0.4209	0.3291	0.5769	0.1944	-0.3825
Chr3	4412217	snp	60	52	0.4064	0.3051	0.5167	0.2115	-0.3051
Chr3	4412275	snp	44	31	0.4274	0.3328	0.75	0.3871	-0.3629
Chr3	4412472	snp	53	52	0.4118	0.3153	0.7547	0.2885	-0.4663
Chr3	4412713	indel	62	26	0.4404	0.3375	0.7419	0.2692	-0.4727
Chr3	4412732	snp	58	29	0.431	0.3448	0.7069	0.3448	-0.3621
Chr3	4412794	snp	45	33	0.4384	0.3333	0.8889	0.3333	-0.5556
Chr3	4412833	snp	64	57	0.403	0.3169	0.6406	0.2281	-0.4126
Chr3	4413061	snp	55	40	0.4227	0.3273	0.6364	0.225	-0.4114
Chr3	4413085	snp	60	34	0.4186	0.3206	0.6	0.2647	-0.3353
Chr3	4414629	snp	86	94	0.3864	0.2885	0.4884	0.1064	-0.382
Chr3	4414674	indel	88	91	0.387	0.2946	0.5341	0.2088	-0.3253
Chr3	4414803	snp	61	40	0.4152	0.3152	0.5738	0.25	-0.3238
Chr3	4414834	snp	57	32	0.4265	0.3289	0.614	0.2812	-0.3328
Chr3	4415574	snp	55	56	0.4058	0.3146	0.6727	0.3036	-0.3692
Chr3	4415598	snp	56	57	0.4154	0.3108	0.6786	0.3158	-0.3628
Chr3	4417332	snp	43	33	0.4412	0.3432	0.7209	0.2727	-0.4482
Chr3	4418103	snp	54	36	0.4259	0.3241	0.7593	0.3889	-0.3704
Chr3	4418425	snp	84	73	0.3891	0.2921	0.5595	0.1918	-0.3677
Chr3	4418727	snp	79	53	0.3948	0.3107	0.557	0.1887	-0.3683
Chr3	4418775	snp	59	29	0.436	0.3343	0.661	0.2759	-0.3852
Chr3	4419470	snp	52	49	0.4223	0.3214	0.7115	0.2857	-0.4258
Chr3	4420152	snp	67	45	0.4043	0.3085	0.6567	0.3111	-0.3456
Chr3	4420700	snp	53	58	0.4239	0.3155	0.6415	0.2759	-0.3656
Chr3	4420748	snp	61	65	0.4096	0.309	0.623	0.2615	-0.3614
Chr3	4421563	snp	59	46	0.4053	0.3084	0.678	0.3478	-0.3301
Chr3	4421958	indel	58	56	0.3867	0.3017	0.5862	0.2679	-0.3183
Chr3	4422232	snp	60	49	0.4014	0.3068	0.5167	0.1633	-0.3534
Chr3	4422332	snp	49	29	0.4398	0.3427	0.7347	0.3793	-0.3554
Chr3	4422679	snp	89	83	0.3907	0.2974	0.4494	0.1205	-0.329
Chr3	4422981	snp	50	49	0.4147	0.3135	0.66	0.1837	-0.4763
Chr3	4423062	snp	53	43	0.4103	0.3247	0.6415	0.1628	-0.4787
Chr3	4423782	snp	65	41	0.415	0.3212	0.7692	0.3171	-0.4522
Chr3	4423839	snp	57	38	0.4211	0.3158	0.807	0.4211	-0.386
Chr3	4423925	indel	56	44	0.4205	0.3263	0.6964	0.2955	-0.401
Chr3	4423981	snp	49	44	0.4235	0.3256	0.7347	0.3182	-0.4165
Chr3	4424043	snp	75	66	0.38	0.3024	0.7067	0.2576	-0.4491
Chr3	4424155	snp	71	60	0.3939	0.2939	0.6338	0.3333	-0.3005
Chr3	4424645	snp	59	50	0.4088	0.3149	0.6441	0.14	-0.5041
Chr3	4425950	indel	79	42	0.4075	0.3174	0.5443	0.2143	-0.33
Chr3	4426057	indel	68	56	0.3971	0.3057	0.4412	0.125	-0.3162
Chr3	4426064	indel	69	54	0.3953	0.3076	0.4928	0.1481	-0.3446
Chr3	4427603	snp	35	26	0.4648	0.3505	0.5429	0.1923	-0.3505
Chr3	4428862	snp	63	48	0.4167	0.3185	0.5397	0.125	-0.4147
Chr3	4428990	indel	76	86	0.3788	0.2959	0.4211	0.093	-0.328
Chr3	4429280	snp	56	44	0.4205	0.3263	0.6964	0.2727	-0.4237
Chr3	4430071	snp	50	28	0.43	0.3386	0.78	0.3929	-0.3871
Chr3	4430084	snp	57	39	0.4035	0.3158	0.7368	0.2308	-0.5061
Chr3	4430251	snp	71	67	0.3809	0.3004	0.4648	0.1493	-0.3155
Chr3	4431816	snp	72	60	0.3889	0.2972	0.5417	0.15	-0.3917
Chr3	4431898	snp	57	36	0.4137	0.3304	0.6491	0.3056	-0.3436
Chr3	4432222	indel	60	33	0.4273	0.3364	0.7667	0.1212	-0.6455
Chr3	4432249	snp	59	25	0.4414	0.341	0.8136	0.16	-0.6536
Chr3	4432266	snp	57	33	0.4258	0.3333	0.7368	0.1515	-0.5853
Chr3	4432945	snp	56	53	0.3976	0.3063	0.7321	0.2075	-0.5246
Chr3	4433108	snp	61	42	0.4028	0.3134	0.623	0.2143	-0.4087
Chr3	4433141	snp	54	35	0.4196	0.3222	0.6111	0.2571	-0.354
Chr3	4433308	snp	69	47	0.4104	0.3108	0.5217	0.1915	-0.3302
Chr3	4433658	snp	35	28	0.4571	0.3429	0.8286	0.4643	-0.3643
Chr3	4433675	snp	41	41	0.4146	0.3171	0.6585	0.2195	-0.439
Chr3	4433822	snp	38	25	0.4568	0.3505	0.7895	0.4	-0.3895
Chr3	4434657	snp	36	30	0.4722	0.3556	0.8333	0.4667	-0.3667
Chr3	4434942	snp	46	32	0.4266	0.3302	0.7826	0.4375	-0.3451
Chr3	4434971	snp	36	30	0.4722	0.3556	0.9167	0.5333	-0.3833
Chr3	4435114	snp	57	44	0.4083	0.3186	0.5263	0.1591	-0.3672
Chr3	4435902	snp	91	104	0.3832	0.2981	0.3956	0.0769	-0.3187
Chr3	4435950	indel	67	69	0.3844	0.3067	0.5821	0.2464	-0.3357
Chr3	4436205	snp	67	36	0.4258	0.3234	0.5522	0.2222	-0.33
Chr3	4438521	snp	24	38	0.4496	0.3553	0.625	0.2368	-0.3882
Chr3	4438537	indel	24	41	0.4573	0.3526	0.625	0.2439	-0.3811
Chr3	4438659	snp	31	36	0.4597	0.3441	0.5161	0.1667	-0.3495
Chr3	4439924	snp	66	48	0.4148	0.3144	0.7121	0.3542	-0.358
Chr3	4439981	snp	47	37	0.4204	0.3255	0.766	0.4054	-0.3606
Chr3	4440837	snp	106	81	0.3728	0.29	0.434	0.1111	-0.3229
Chr3	4446388	snp	85	71	0.3841	0.2923	0.4	0.0845	-0.3155
Chr3	4446572	snp	62	48	0.3999	0.3098	0.6613	0.2708	-0.3905
Chr3	4446878	snp	41	20	0.4598	0.3598	0.8293	0.4	-0.4293
Chr3	4449296	snp	40	39	0.4423	0.341	0.675	0.2821	-0.3929
Chr3	4450511	snp	72	63	0.3889	0.3036	0.6111	0.1746	-0.4365
Chr3	4451296	snp	67	51	0.3989	0.3102	0.6866	0.1569	-0.5297
Chr3	4451345	snp	69	53	0.4025	0.3095	0.6812	0.1509	-0.5302
Chr3	4457635	snp	96	89	0.3756	0.2855	0.4792	0.1124	-0.3668
Chr3	4459048	snp	58	50	0.4014	0.3117	0.5345	0.22	-0.3145
Chr3	4459052	snp	57	47	0.4225	0.3251	0.5439	0.2128	-0.3311
Chr3	4464925	snp	101	79	0.3739	0.2859	0.4653	0.1646	-0.3008
Chr3	4466312	snp	88	85	0.3767	0.2936	0.4091	0.0941	-0.315
Chr3	4469416	snp	81	62	0.402	0.2995	0.4691	0.1129	-0.3562
Chr3	4469600	snp	78	86	0.3739	0.2841	0.4487	0.1512	-0.2976
Chr3	4470171	snp	71	61	0.3999	0.3059	0.4648	0.1148	-0.35
Chr3	4470191	indel	64	60	0.3865	0.3052	0.5156	0.15	-0.3656
Chr3	4470265	snp	56	62	0.3992	0.3059	0.5	0.129	-0.371
Chr3	4471911	snp	78	85	0.3789	0.2944	0.5769	0.2	-0.3769
Chr3	4473468	snp	54	35	0.4196	0.3222	0.537	0.1714	-0.3656
Chr3	4474661	indel	46	32	0.4266	0.3302	0.8696	0.5	-0.3696
Chr3	4475580	snp	39	25	0.4523	0.3497	0.7692	0.36	-0.4092
Chr3	4476365	snp	59	40	0.411	0.3119	0.678	0.325	-0.353
Chr3	4476454	snp	64	51	0.4053	0.311	0.625	0.1961	-0.4289
Chr3	4476629	snp	82	48	0.3999	0.3044	0.378	0.0625	-0.3155
Chr3	4478734	snp	57	57	0.4035	0.3158	0.5263	0.1754	-0.3509
Chr3	4478898	snp	43	34	0.4501	0.3399	0.6744	0.3235	-0.3509
Chr3	4480234	indel	45	58	0.4008	0.3123	0.7778	0.1552	-0.6226
Chr3	4480358	snp	42	56	0.3988	0.3155	0.9048	0.375	-0.5298
Chr3	4481978	snp	102	68	0.3824	0.2941	0.4804	0.1618	-0.3186
Chr3	4507410	snp	80	70	0.3875	0.2982	0.5375	0.2286	-0.3089
Chr3	4509820	snp	65	39	0.4103	0.3179	0.6154	0.2051	-0.4103
Chr3	4509867	snp	59	30	0.4294	0.3277	0.678	0.3	-0.378
Chr3	4509920	snp	77	58	0.3957	0.305	0.4675	0.1379	-0.3296
Chr3	4511160	snp	73	38	0.407	0.3154	0.4384	0.0789	-0.3594
Chr3	4511220	indel	99	51	0.3951	0.3054	0.3838	0.0588	-0.325
Chr3	4511704	snp	62	63	0.392	0.3103	0.5645	0.1587	-0.4058
Chr3	4511815	snp	40	45	0.4139	0.3333	0.825	0.3333	-0.4917
Chr3	4511843	snp	43	40	0.4244	0.3262	0.7907	0.375	-0.4157
Chr3	4511875	indel	41	38	0.4255	0.3331	0.8293	0.4211	-0.4082
Chr3	4511900	indel	51	76	0.403	0.3114	0.5686	0.1974	-0.3713
Chr3	4511950	snp	50	82	0.3888	0.301	0.56	0.1341	-0.4259
Chr3	4512009	indel	71	130	0.3672	0.2902	0.4648	0.1154	-0.3494
Chr3	4514043	snp	41	31	0.4343	0.3352	0.7561	0.3871	-0.369
Chr3	4514493	snp	92	87	0.3841	0.2965	0.4783	0.1494	-0.3288
Chr3	4517506	snp	55	42	0.4108	0.3169	0.7091	0.3571	-0.3519
Chr3	4517892	snp	62	43	0.407	0.314	0.6129	0.2791	-0.3338
Chr3	4517900	indel	59	39	0.4216	0.3272	0.6102	0.2821	-0.3281
Chr3	4518546	snp	37	33	0.4365	0.3423	0.7838	0.3939	-0.3898
Chr3	4518550	snp	37	40	0.4399	0.3277	0.7568	0.3	-0.4568
Chr3	4519016	snp	54	44	0.4184	0.3258	0.6852	0.25	-0.4352
Chr3	4519521	snp	39	42	0.4267	0.3352	0.7949	0.1905	-0.6044
Chr3	4520263	snp	69	60	0.3971	0.3058	0.5362	0.1333	-0.4029
Chr3	4520361	snp	97	83	0.3724	0.2863	0.5258	0.1325	-0.3932
Chr3	4521648	snp	52	26	0.4423	0.3269	0.6154	0.2308	-0.3846
Chr3	4523656	snp	63	65	0.3927	0.3028	0.5556	0.1846	-0.3709
Chr3	4524765	snp	102	97	0.3579	0.2857	0.451	0.1134	-0.3376
Chr3	4525488	snp	48	53	0.4104	0.3141	0.7083	0.283	-0.4253
Chr3	4525494	snp	50	52	0.4138	0.3131	0.74	0.2692	-0.4708
Chr3	4525638	snp	59	73	0.3993	0.3107	0.6271	0.2466	-0.3805
Chr3	4525684	snp	54	59	0.3927	0.3107	0.6111	0.2881	-0.323
Chr3	4526830	snp	82	78	0.3837	0.2983	0.5122	0.1538	-0.3583
Chr3	4527491	snp	54	33	0.4226	0.3249	0.6481	0.2121	-0.436
Chr3	4527574	snp	67	48	0.4129	0.3141	0.5373	0.2083	-0.329
Chr3	4527575	indel	67	49	0.4237	0.3177	0.5224	0.2041	-0.3183
Chr3	4528059	snp	94	89	0.3633	0.2828	0.4468	0.1461	-0.3007
Chr3	4528099	indel	109	93	0.375	0.2921	0.4404	0.1398	-0.3006
Chr3	4530107	snp	65	49	0.3959	0.3039	0.6154	0.2041	-0.4113
Chr3	4531133	snp	39	25	0.4523	0.3497	0.8718	0.48	-0.3918
Chr3	4531529	snp	44	17	0.488	0.365	0.75	0.3529	-0.3971
Chr3	4531643	snp	58	57	0.3911	0.3043	0.5862	0.2632	-0.323
Chr3	4531798	snp	71	56	0.3979	0.3058	0.4789	0.1607	-0.3182
Chr3	4537062	snp	63	63	0.3968	0.3016	0.619	0.2698	-0.3492
Chr3	4537115	snp	57	57	0.4035	0.3158	0.5614	0.2456	-0.3158
Chr3	4537466	snp	87	62	0.3949	0.3003	0.4023	0.0645	-0.3378
Chr3	4538107	snp	87	65	0.3901	0.305	0.4253	0.1077	-0.3176
Chr3	4538391	snp	45	42	0.4238	0.3238	0.6667	0.3095	-0.3571
Chr3	4538393	snp	42	37	0.4247	0.3346	0.6905	0.3243	-0.3662
Chr3	4538655	snp	83	78	0.3716	0.2955	0.4699	0.1538	-0.316
Chr3	4538836	snp	85	58	0.3813	0.2935	0.5059	0.2069	-0.299
Chr3	4564523	snp	92	97	0.3875	0.288	0.4022	0.1134	-0.2888
Chr3	4565044	snp	52	43	0.4092	0.3202	0.5192	0.1628	-0.3564
Chr3	4565352	indel	78	84	0.3874	0.2967	0.4615	0.1071	-0.3544
Chr3	4565798	snp	60	70	0.3905	0.3048	0.45	0.1286	-0.3214
Chr3	4580242	snp	49	41	0.4385	0.336	0.5102	0.122	-0.3883
Chr3	4580933	indel	40	34	0.4279	0.3309	0.725	0.3529	-0.3721
Chr3	4582285	snp	82	58	0.3907	0.3036	0.4024	0.0862	-0.3162
Chr3	4583094	snp	63	59	0.3955	0.3129	0.5397	0.2203	-0.3193
Chr3	4583291	indel	47	31	0.4345	0.3466	0.7021	0.2258	-0.4763
Chr3	4583294	snp	46	29	0.4453	0.3381	0.6957	0.2414	-0.4543
Chr3	4584708	snp	67	50	0.4012	0.3122	0.597	0.24	-0.357
Chr3	4585929	snp	61	42	0.4028	0.3134	0.6557	0.2857	-0.37
Chr3	4586622	indel	65	47	0.4157	0.3129	0.5538	0.2128	-0.3411
Chr3	4586669	indel	50	23	0.4496	0.3461	0.84	0.4783	-0.3617
Chr3	4590138	snp	52	41	0.4151	0.3227	0.6346	0.2683	-0.3663
Chr3	4590308	snp	83	75	0.3796	0.294	0.4337	0.1333	-0.3004
Chr3	4590539	snp	70	73	0.3838	0.2969	0.4714	0.1507	-0.3207
Chr3	4591754	snp	96	86	0.3852	0.2909	0.5104	0.1512	-0.3593
Chr3	4595542	snp	68	77	0.3925	0.2939	0.5147	0.1948	-0.3199
Chr3	4595736	snp	55	44	0.4	0.3182	0.5273	0.1591	-0.3682
Chr3	4597147	snp	71	64	0.3853	0.3008	0.4507	0.125	-0.3257
Chr3	4598650	snp	60	49	0.4014	0.3068	0.6	0.1633	-0.4367
Chr3	4598674	indel	56	41	0.4037	0.3079	0.6071	0.2683	-0.3389
Chr3	4598722	snp	38	24	0.4496	0.3553	0.7632	0.2917	-0.4715
Chr3	4598790	snp	58	60	0.404	0.3161	0.5172	0.1333	-0.3839
Chr3	4600046	indel	75	46	0.4142	0.3154	0.4	0.0652	-0.3348
Chr3	4600970	snp	44	47	0.4309	0.3216	0.5909	0.2128	-0.3781
Chr3	4600993	snp	52	41	0.4151	0.3227	0.5577	0.1951	-0.3626
Chr3	4601859	indel	69	67	0.3844	0.3067	0.5507	0.2388	-0.3119
Chr3	4602007	snp	99	70	0.3802	0.2928	0.4343	0.1143	-0.3201
Chr3	4602095	snp	96	78	0.3806	0.2909	0.5521	0.1026	-0.4495
Chr3	4602161	indel	97	104	0.3658	0.2855	0.4742	0.1635	-0.3108
Chr3	4602399	indel	68	51	0.4069	0.3039	0.6765	0.3529	-0.3235
Chr3	4602925	snp	42	23	0.4534	0.3468	0.6667	0.2609	-0.4058
Chr3	4603000	snp	49	24	0.4439	0.341	0.7347	0.2083	-0.5264
Chr3	4603646	snp	66	38	0.4107	0.3126	0.6818	0.3158	-0.366
Chr3	4606686	snp	59	19	0.4657	0.3622	0.7627	0.2105	-0.5522
Chr3	4608088	snp	44	46	0.4229	0.3281	0.75	0.3043	-0.4457
Chr3	4608826	snp	59	39	0.4216	0.3272	0.6949	0.359	-0.3359
Chr3	4609273	snp	60	53	0.3981	0.3082	0.5833	0.2075	-0.3758
Chr3	4609588	snp	71	83	0.3772	0.2985	0.5775	0.1807	-0.3967
Chr3	4609855	indel	36	22	0.4747	0.3662	0.7778	0.3636	-0.4141
Chr3	4609857	snp	35	24	0.4512	0.3655	0.7429	0.375	-0.3679
Chr3	4610942	indel	72	61	0.4005	0.301	0.5556	0.1967	-0.3588
Chr3	4610949	snp	72	64	0.3924	0.2969	0.5556	0.2031	-0.3524
Chr3	4613726	snp	57	31	0.429	0.3322	0.7368	0.3548	-0.382
Chr3	4616192	snp	55	35	0.4286	0.3299	0.5818	0.2	-0.3818
Chr3	4616238	snp	51	37	0.4308	0.3275	0.6078	0.1892	-0.4187
Chr3	4634212	snp	98	106	0.3731	0.2874	0.4184	0.1132	-0.3052
Chr3	4655877	snp	86	107	0.3654	0.2915	0.4651	0.1682	-0.2969
Chr3	4657271	snp	75	70	0.3781	0.2962	0.4533	0.1286	-0.3248
Chr3	4671239	snp	76	81	0.3813	0.295	0.4868	0.1481	-0.3387
Chr3	4675287	snp	103	85	0.3758	0.2887	0.4078	0.0824	-0.3254
Chr3	4677291	snp	80	89	0.373	0.2942	0.4375	0.1348	-0.3027
Chr3	4707008	snp	89	58	0.3803	0.3001	0.5056	0.1552	-0.3504
Chr3	4707202	snp	86	69	0.3932	0.3006	0.5233	0.1739	-0.3493
Chr3	4709084	snp	109	103	0.373	0.283	0.4771	0.1845	-0.2926
Chr3	4717225	snp	70	52	0.4022	0.3071	0.5143	0.1731	-0.3412
Chr3	4717482	snp	66	41	0.4169	0.3219	0.7576	0.2927	-0.4649
Chr3	4718566	snp	58	20	0.4724	0.3569	0.7069	0.25	-0.4569
Chr3	4718688	snp	78	34	0.411	0.3122	0.4744	0.1471	-0.3273
Chr3	4718782	snp	51	36	0.4281	0.3333	0.5882	0.25	-0.3382
Chr3	4719320	snp	51	42	0.4146	0.3179	0.5294	0.1667	-0.3627
Chr3	4721098	indel	56	61	0.4031	0.3106	0.5893	0.2787	-0.3106
Chr3	4721112	indel	57	56	0.4154	0.3108	0.614	0.2857	-0.3283
Chr3	4721132	snp	51	50	0.4078	0.3086	0.6471	0.3	-0.3471
Chr3	4721760	snp	42	27	0.4444	0.3439	0.8333	0.4815	-0.3519
Chr3	4722195	snp	84	52	0.3883	0.3013	0.3929	0.0769	-0.3159
Chr3	4722360	snp	67	33	0.4292	0.3247	0.5075	0.1515	-0.3559
Chr3	4722833	snp	61	27	0.4293	0.3388	0.6721	0.3333	-0.3388
Chr3	4723531	indel	55	37	0.4113	0.3214	0.6909	0.2432	-0.4477
Chr3	4730128	snp	99	64	0.4066	0.298	0.5051	0.1719	-0.3332
Chr3	4739910	snp	88	92	0.3701	0.292	0.4205	0.1087	-0.3118
Chr3	4740533	snp	86	81	0.3781	0.2924	0.4535	0.1481	-0.3053
Chr3	4743600	snp	102	91	0.3605	0.2805	0.5098	0.1319	-0.3779
Chr3	4744597	snp	54	25	0.4422	0.3467	0.7778	0.4	-0.3778
Chr3	4745188	snp	100	96	0.3679	0.2858	0.48	0.1771	-0.3029
Chr3	4747547	snp	102	104	0.3678	0.2832	0.4706	0.1635	-0.3071
Chr3	4750955	snp	75	54	0.3948	0.297	0.4667	0.1481	-0.3185
Chr3	4751158	snp	79	74	0.3744	0.2951	0.481	0.1216	-0.3594
Chr3	4752476	indel	76	87	0.3852	0.2999	0.4079	0.092	-0.3159
Chr3	4753592	snp	45	38	0.4257	0.3287	0.6889	0.3421	-0.3468
Chr3	4755191	snp	63	29	0.4226	0.3246	0.746	0.4138	-0.3322
Chr3	4755753	snp	71	60	0.3939	0.2939	0.6338	0.2667	-0.3671
Chr3	4757888	snp	25	23	0.4957	0.3757	0.64	0.2609	-0.3791
Chr3	4757911	indel	26	22	0.486	0.3811	0.6923	0.2727	-0.4196
Chr3	4759474	snp	61	44	0.3994	0.3148	0.5902	0.25	-0.3402
Chr3	4760315	snp	31	32	0.4587	0.3387	0.6774	0.3125	-0.3649
Chr3	4764347	snp	56	49	0.4107	0.3163	0.6429	0.2857	-0.3571
Chr3	4764460	snp	74	55	0.3936	0.3079	0.5405	0.2182	-0.3224
Chr3	4770648	snp	49	28	0.4439	0.3418	0.8163	0.3929	-0.4235
Chr3	4833689	snp	94	108	0.3743	0.2933	0.5	0.1944	-0.3056
Chr3	4841787	snp	93	75	0.3888	0.2955	0.4301	0.1333	-0.2968
Chr3	4848982	indel	73	62	0.3922	0.2963	0.5342	0.1935	-0.3407
Chr3	4849669	snp	82	107	0.3688	0.286	0.4512	0.1121	-0.3391
Chr3	4850707	snp	57	71	0.3916	0.3044	0.4912	0.169	-0.3222
Chr3	4851312	snp	52	50	0.4138	0.3131	0.6154	0.2	-0.4154
Chr3	4851375	snp	58	59	0.4173	0.3162	0.5345	0.1864	-0.348
Chr3	4859552	indel	62	54	0.3996	0.2933	0.5484	0.1852	-0.3632
Chr3	4861867	snp	80	109	0.3822	0.2888	0.5125	0.1743	-0.3382
Chr3	4864292	snp	65	52	0.4154	0.3154	0.4	0.0577	-0.3423
Chr3	4882223	indel	37	35	0.4409	0.339	0.6216	0.0857	-0.5359
Chr3	4888048	snp	45	40	0.4139	0.3333	0.5556	0.175	-0.3806
Chr3	4896916	snp	82	85	0.3867	0.2917	0.4512	0.1176	-0.3336
Chr3	4898485	indel	66	53	0.4025	0.3122	0.4545	0.1132	-0.3413
Chr3	4899690	snp	59	38	0.4166	0.3189	0.6102	0.2895	-0.3207
Chr3	4899708	snp	58	34	0.4178	0.3245	0.6207	0.2941	-0.3266
Chr3	4901669	snp	84	66	0.4026	0.3041	0.5238	0.2121	-0.3117
Chr3	4903854	snp	100	87	0.3726	0.2932	0.41	0.069	-0.341
Chr3	4938993	snp	77	63	0.3939	0.3045	0.4545	0.1429	-0.3117
Chr3	4972186	snp	36	24	0.4444	0.3611	0.4444	0.0833	-0.3611
Chr3	4978224	snp	90	88	0.3816	0.2922	0.4556	0.1477	-0.3078
Chr3	4979316	indel	51	54	0.4074	0.3126	0.6275	0.2963	-0.3312
Chr3	4980795	snp	48	36	0.4306	0.3333	0.7292	0.3611	-0.3681
Chr3	4981620	snp	16	9	0.5903	0.4653	0.625	0.1111	-0.5139
Chr3	4986329	snp	58	69	0.3991	0.3073	0.4483	0.1014	-0.3468
Chr3	4991188	snp	51	47	0.4113	0.3179	0.4314	0.0851	-0.3463
Chr3	4992239	snp	77	58	0.3957	0.305	0.4026	0.0862	-0.3164
Chr3	4994106	snp	60	40	0.4167	0.3167	0.6167	0.275	-0.3417
Chr3	4994159	snp	69	57	0.4066	0.3051	0.5942	0.2281	-0.3661
Chr3	4995359	snp	57	52	0.3941	0.3114	0.614	0.2308	-0.3833
Chr3	4995386	snp	54	63	0.3889	0.3042	0.7222	0.2063	-0.5159
Chr3	4996095	snp	47	40	0.416	0.3271	0.6809	0.325	-0.3559
Chr3	4996381	snp	58	49	0.4085	0.3146	0.5517	0.2245	-0.3272
Chr3	4997537	snp	54	53	0.4196	0.3113	0.4815	0.1698	-0.3117
Chr3	4997917	snp	91	68	0.4093	0.3025	0.5604	0.1765	-0.384
Chr3	4998030	snp	95	64	0.3863	0.2977	0.4947	0.1719	-0.3229
Chr3	4998473	snp	52	39	0.4231	0.3205	0.5192	0.1538	-0.3654
Chr3	4998550	indel	45	35	0.4349	0.3302	0.5333	0.1714	-0.3619
Chr3	4998562	snp	35	43	0.4405	0.3389	0.7143	0.3023	-0.412
Chr3	4998813	snp	68	47	0.4196	0.3229	0.6029	0.2553	-0.3476
Chr3	4999270	snp	89	86	0.3839	0.2912	0.3933	0.0814	-0.3119
Chr3	4999520	snp	74	74	0.3919	0.2973	0.5135	0.1486	-0.3649
Chr3	5031241	snp	57	48	0.4167	0.3191	0.4035	0.0833	-0.3202
Chr3	5038815	snp	37	30	0.4378	0.3423	0.4595	0.1	-0.3595
Chr3	5044769	snp	70	55	0.4091	0.3169	0.3857	0.0545	-0.3312
Chr3	5045065	snp	55	52	0.4024	0.3094	0.4727	0.0385	-0.4343
Chr3	5045365	indel	80	89	0.373	0.2942	0.3875	0.0899	-0.2976
Chr3	5045548	snp	66	68	0.4015	0.3115	0.4545	0.1324	-0.3222
Chr3	5045590	indel	65	65	0.4	0.3077	0.5231	0.2154	-0.3077
Chr3	5047039	snp	84	81	0.384	0.2945	0.4762	0.1358	-0.3404
Chr3	5047051	indel	80	76	0.3829	0.2941	0.5375	0.2237	-0.3138
Chr3	5047059	indel	82	80	0.3841	0.2963	0.4634	0.1125	-0.3509
Chr3	5048216	snp	102	91	0.3605	0.2805	0.3725	0.0879	-0.2846
Chr3	5049088	indel	73	88	0.3808	0.2922	0.411	0.0909	-0.32
Chr3	5051545	indel	110	65	0.3769	0.2839	0.4182	0.0923	-0.3259
Chr3	5058030	indel	80	79	0.3837	0.2953	0.35	0.038	-0.312
Chr3	5058512	snp	80	64	0.3937	0.3031	0.475	0.1094	-0.3656
Chr3	5140994	snp	54	59	0.3927	0.3107	0.6667	0.322	-0.3446
Chr3	5141874	snp	48	34	0.435	0.3309	0.7292	0.3529	-0.3762
Chr3	5143615	snp	36	42	0.4444	0.3333	0.8889	0.5476	-0.3413
Chr3	5143636	snp	48	62	0.3999	0.3098	0.7083	0.3871	-0.3212
Chr3	5145176	snp	68	45	0.4092	0.3147	0.6324	0.2889	-0.3435
Chr3	5145177	snp	64	47	0.4036	0.3102	0.6719	0.3191	-0.3527
Chr3	5146085	indel	32	24	0.4792	0.3646	0.875	0.2917	-0.5833
Chr3	5146090	snp	37	23	0.4747	0.3608	0.7297	0.1739	-0.5558
Chr3	5146166	snp	59	49	0.4095	0.3172	0.5593	0.2041	-0.3552
Chr3	5146397	snp	36	29	0.4607	0.3429	0.7222	0.3448	-0.3774
Chr3	5147075	snp	41	40	0.4323	0.3335	0.8537	0.375	-0.4787
Chr3	5147163	snp	95	100	0.3753	0.2874	0.5789	0.21	-0.3689
Chr3	5148749	snp	48	39	0.4103	0.3189	0.7292	0.359	-0.3702
Chr3	5148766	snp	53	46	0.4212	0.324	0.6981	0.3261	-0.372
Chr3	5149591	snp	55	19	0.4804	0.3675	0.8	0.3684	-0.4316
Chr3	5150693	indel	51	68	0.4069	0.3039	0.5882	0.25	-0.3382
Chr3	5152135	snp	79	80	0.3837	0.2953	0.481	0.1125	-0.3685
Chr3	5152290	snp	41	32	0.4505	0.3354	0.8049	0.4375	-0.3674
Chr3	5154561	snp	55	45	0.4141	0.3152	0.5091	0.1778	-0.3313
Chr3	5154809	snp	54	36	0.4259	0.3241	0.5741	0.1389	-0.4352
Chr3	5155345	snp	50	35	0.4171	0.3257	0.76	0.3714	-0.3886
Chr3	5155362	indel	61	56	0.4031	0.3106	0.6557	0.2143	-0.4415
Chr3	5155421	snp	63	54	0.3889	0.3042	0.6984	0.2778	-0.4206
Chr3	5164092	indel	45	62	0.4168	0.3118	0.7778	0.3387	-0.4391
Chr3	5165535	snp	70	67	0.4009	0.3119	0.5714	0.2388	-0.3326
Chr3	5165633	snp	44	28	0.4318	0.3409	0.8409	0.4643	-0.3766
Chr3	5171231	snp	87	95	0.3739	0.2887	0.4598	0.1368	-0.3229
Chr3	5172880	snp	78	74	0.3822	0.2976	0.5128	0.1622	-0.3507
Chr3	5180851	snp	81	81	0.3827	0.2963	0.4815	0.1728	-0.3086
Chr3	5181786	snp	71	51	0.3991	0.309	0.493	0.1765	-0.3165
Chr3	5204045	snp	30	24	0.4667	0.3667	0.8667	0.4167	-0.45
Chr3	5204602	snp	48	35	0.4065	0.3161	0.5208	0.1143	-0.4065
Chr3	5216392	snp	43	38	0.4406	0.3293	0.6047	0.2368	-0.3678
Chr3	5220279	snp	42	24	0.4405	0.3452	0.8095	0.4167	-0.3929
Chr3	5220437	snp	53	50	0.4147	0.3192	0.6792	0.36	-0.3192
Chr3	5223511	indel	32	16	0.5	0.375	0.7812	0.375	-0.4062
Chr3	5224426	snp	39	31	0.4467	0.3383	0.8205	0.3871	-0.4334
Chr3	5225369	snp	49	38	0.4248	0.3287	0.5918	0.1842	-0.4076
Chr3	5226867	snp	43	42	0.4324	0.3383	0.6977	0.3571	-0.3405
Chr3	5226991	indel	45	31	0.4351	0.3319	0.7556	0.4194	-0.3362
Chr3	5227165	snp	71	51	0.3991	0.309	0.5634	0.1373	-0.4261
Chr3	5227223	snp	78	39	0.4103	0.3333	0.5641	0.1795	-0.3846
Chr3	5227789	snp	58	49	0.4085	0.3146	0.5517	0.2041	-0.3476
Chr3	5228348	snp	41	31	0.4343	0.3352	0.7805	0.3871	-0.3934
Chr3	5229019	snp	69	71	0.3874	0.2997	0.5507	0.1972	-0.3535
Chr3	5229314	indel	51	44	0.4095	0.3217	0.7451	0.4091	-0.336
Chr3	5229355	snp	54	37	0.4219	0.3238	0.7222	0.3784	-0.3438
Chr3	5230411	snp	72	48	0.3958	0.3056	0.5278	0.1875	-0.3403
Chr3	5230494	snp	67	42	0.4126	0.323	0.6418	0.2619	-0.3799
Chr3	5230495	indel	68	46	0.3932	0.2999	0.6471	0.3043	-0.3427
Chr3	5234243	snp	52	36	0.4209	0.3291	0.7885	0.4444	-0.344
Chr3	5235028	snp	75	59	0.3713	0.2963	0.6	0.2712	-0.3288
Chr3	5301676	snp	76	67	0.383	0.3032	0.3421	0.0299	-0.3123
Chr3	5315241	snp	25	17	0.5247	0.4047	0.72	0.2353	-0.4847
Chr3	5316093	indel	90	96	0.3701	0.2868	0.4444	0.125	-0.3194
Chr3	5317885	snp	80	62	0.3738	0.2931	0.375	0.0484	-0.3266
Chr3	5377209	snp	89	75	0.3871	0.2944	0.4494	0.12	-0.3294
Chr3	5380519	snp	33	24	0.4773	0.3674	0.7879	0.4167	-0.3712
Chr3	5380612	snp	75	66	0.38	0.3024	0.52	0.2121	-0.3079
Chr3	5381563	snp	68	48	0.4007	0.3113	0.5735	0.2083	-0.3652
Chr3	5381589	indel	72	51	0.406	0.2998	0.5972	0.2353	-0.3619
Chr3	5381622	snp	63	38	0.4194	0.3241	0.5556	0.1842	-0.3713
Chr3	5397409	snp	47	58	0.4039	0.3147	0.5106	0.1207	-0.3899
Chr3	5397718	snp	70	52	0.4022	0.3071	0.5143	0.1923	-0.322
Chr3	5401620	snp	43	28	0.4477	0.3389	0.5349	0.1429	-0.392
Chr3	5402465	snp	51	31	0.4168	0.3359	0.7059	0.3226	-0.3833
Chr3	5410840	snp	71	61	0.3999	0.3059	0.6197	0.3115	-0.3082
Chr3	5411005	snp	45	39	0.4291	0.3265	0.8	0.4359	-0.3641
Chr3	5414328	snp	105	88	0.3752	0.288	0.4952	0.1591	-0.3361
Chr3	5414547	snp	59	49	0.4095	0.3172	0.7797	0.4082	-0.3715
Chr3	5415346	indel	44	44	0.4091	0.3182	0.5455	0.1818	-0.3636
Chr3	5415349	indel	46	42	0.4182	0.3271	0.4565	0.119	-0.3375
Chr3	5415402	snp	38	40	0.4368	0.3368	0.4211	0.075	-0.3461
Chr3	5439317	snp	77	65	0.396	0.2955	0.4805	0.1385	-0.3421
Chr3	5439554	snp	50	44	0.4164	0.3164	0.78	0.4545	-0.3255
Chr3	5453431	snp	65	35	0.4352	0.3187	0.6923	0.3714	-0.3209
Chr3	5458434	snp	26	24	0.4808	0.3654	0.8462	0.3333	-0.5128
Chr3	5459052	snp	71	61	0.3999	0.3059	0.493	0.1803	-0.3126
Chr3	5471864	snp	92	92	0.3913	0.2935	0.5	0.1739	-0.3261
Chr3	5471950	snp	71	45	0.4094	0.3152	0.6479	0.3111	-0.3368
Chr3	5471989	snp	66	49	0.4014	0.3105	0.5606	0.2245	-0.3361
Chr3	5474903	snp	83	55	0.4015	0.2995	0.5422	0.2364	-0.3058
Chr3	5474959	snp	84	51	0.3957	0.3032	0.5595	0.2353	-0.3242
Chr3	5475659	snp	54	54	0.3889	0.2963	0.5741	0.2037	-0.3704
Chr3	5477436	indel	44	37	0.4441	0.3292	0.6591	0.2432	-0.4158
Chr3	5477594	snp	54	37	0.4219	0.3238	0.6481	0.2973	-0.3509
Chr3	5478461	indel	38	29	0.4528	0.3475	0.7895	0.3793	-0.4102
Chr3	5478474	snp	40	26	0.4462	0.35	0.775	0.3077	-0.4673
Chr3	5478680	snp	59	51	0.3981	0.3081	0.7288	0.3137	-0.4151
Chr3	5528977	snp	90	49	0.405	0.3029	0.4222	0.102	-0.3202
Chr3	5537463	snp	80	93	0.3777	0.2899	0.4625	0.1398	-0.3227
Chr3	5605885	snp	34	28	0.4622	0.3487	0.5882	0.2143	-0.3739
Chr3	5605937	snp	34	29	0.4503	0.3469	0.7647	0.4138	-0.3509
Chr3	5645301	snp	56	50	0.405	0.3143	0.5714	0.2	-0.3714
Chr3	5645351	snp	53	44	0.4181	0.3195	0.6415	0.3182	-0.3233
Chr3	5645501	indel	50	44	0.4164	0.3164	0.72	0.3636	-0.3564
Chr3	5645536	snp	45	37	0.4312	0.3327	0.7778	0.3784	-0.3994
Chr3	5645540	snp	47	38	0.4351	0.3337	0.7447	0.3421	-0.4026
Chr3	5645544	snp	45	33	0.4384	0.3333	0.7778	0.3333	-0.4444
Chr3	5647933	snp	39	30	0.459	0.341	0.9231	0.5	-0.4231
Chr3	5650610	snp	71	58	0.4065	0.2982	0.5915	0.2241	-0.3674
Chr3	5732164	snp	32	31	0.4587	0.3387	0.8438	0.4194	-0.4244
Chr3	5737096	snp	72	50	0.3978	0.3033	0.625	0.26	-0.365
Chr3	5737221	snp	52	38	0.419	0.3239	0.7115	0.3421	-0.3694
Chr3	5737307	snp	63	44	0.4145	0.3193	0.6032	0.2273	-0.3759
Chr3	5737479	snp	64	53	0.3927	0.3037	0.5781	0.2642	-0.314
Chr3	5738892	snp	48	32	0.4375	0.3333	0.7708	0.4375	-0.3333
Chr3	5740492	snp	69	36	0.4215	0.32	0.7536	0.4167	-0.337
Chr3	5741190	snp	47	33	0.4294	0.3295	0.766	0.4242	-0.3417
Chr3	5741772	snp	36	31	0.4597	0.3441	0.6667	0.2581	-0.4086
Chr3	5741778	indel	38	39	0.4265	0.3259	0.6579	0.2821	-0.3758
Chr3	5743885	snp	85	74	0.3903	0.2927	0.5059	0.1486	-0.3572
Chr3	5743993	snp	78	78	0.3846	0.2949	0.5128	0.1154	-0.3974
Chr3	5744730	snp	37	21	0.4852	0.3629	0.5135	0.1429	-0.3707
Chr3	5744925	snp	51	49	0.4218	0.3205	0.451	0.102	-0.3489
Chr3	5746007	snp	53	40	0.4108	0.3288	0.6415	0.3	-0.3415
Chr3	5746252	snp	66	62	0.3998	0.3128	0.5303	0.2097	-0.3206
Chr3	5747259	snp	55	39	0.4089	0.3179	0.6909	0.3077	-0.3832
Chr3	5747275	indel	59	43	0.4218	0.3205	0.661	0.3256	-0.3354
Chr3	5747617	snp	37	37	0.4324	0.3243	0.7838	0.4595	-0.3243
Chr3	5747832	snp	70	50	0.4086	0.3171	0.6429	0.24	-0.4029
Chr3	5747867	snp	50	30	0.4467	0.34	0.84	0.4333	-0.4067
Chr3	5747905	snp	73	43	0.4154	0.3116	0.6575	0.2791	-0.3785
Chr3	5749617	snp	93	85	0.3766	0.2886	0.4194	0.1176	-0.3017
Chr3	5750516	snp	66	36	0.4192	0.3258	0.6818	0.3333	-0.3485
Chr3	5751131	snp	63	37	0.4153	0.3218	0.619	0.2432	-0.3758
Chr3	5751280	snp	46	37	0.4313	0.3325	0.6957	0.3243	-0.3713
Chr3	5757859	snp	79	75	0.3889	0.2908	0.4304	0.1067	-0.3237
Chr3	5758994	snp	50	38	0.4179	0.3189	0.68	0.3421	-0.3379
Chr3	5759510	snp	46	41	0.43	0.3271	0.6739	0.3415	-0.3324
Chr3	5764873	snp	52	27	0.448	0.3383	0.7308	0.3333	-0.3974
Chr3	5764911	indel	46	44	0.4229	0.3281	0.7826	0.25	-0.5326
Chr3	5779084	indel	67	58	0.3958	0.3049	0.4179	0.069	-0.3489
Chr3	5787762	snp	87	58	0.3966	0.2989	0.4943	0.1552	-0.3391
Chr3	5792525	snp	45	41	0.4228	0.3274	0.6222	0.2439	-0.3783
Chr3	5793872	snp	61	61	0.4098	0.3115	0.5246	0.1967	-0.3279
Chr3	5793886	snp	67	54	0.3986	0.3054	0.5224	0.2037	-0.3187
Chr3	5796276	snp	65	60	0.3949	0.3038	0.4462	0.1167	-0.3295
Chr3	5796619	snp	39	16	0.4936	0.3766	0.7436	0.3125	-0.4311
Chr3	5797056	indel	66	53	0.4025	0.3122	0.4091	0.0943	-0.3148
Chr3	5798414	snp	30	35	0.4524	0.3476	0.8	0.4286	-0.3714
Chr3	5802522	snp	70	48	0.4071	0.3131	0.4857	0.1667	-0.319
Chr3	5807001	snp	80	127	0.3642	0.2919	0.45	0.1181	-0.3319
Chr3	5809588	snp	66	43	0.4109	0.3097	0.5606	0.1395	-0.4211
Chr3	5811573	snp	115	105	0.3623	0.2878	0.4	0.1048	-0.2952
Chr3	5813821	indel	98	82	0.3868	0.2927	0.5	0.1463	-0.3537
Chr3	5813870	indel	103	95	0.3637	0.2844	0.4951	0.1263	-0.3688
Chr3	5813925	snp	78	57	0.3974	0.305	0.5	0.1579	-0.3421
Chr3	5814441	snp	36	39	0.4359	0.3397	0.6111	0.2308	-0.3803
Chr3	5816840	indel	55	53	0.412	0.3136	0.5091	0.1321	-0.377
Chr3	5816922	snp	50	51	0.4078	0.3086	0.6	0.1569	-0.4431
Chr3	5818125	snp	70	62	0.3811	0.2991	0.4714	0.1129	-0.3585
Chr3	5831496	indel	40	34	0.4279	0.3309	0.8	0.3824	-0.4176
Chr3	5831502	snp	41	31	0.4343	0.3352	0.8293	0.3226	-0.5067
Chr3	5831532	snp	41	31	0.4343	0.3352	0.7805	0.3548	-0.4256
Chr3	5838335	snp	77	53	0.4077	0.3168	0.4935	0.1509	-0.3426
Chr3	5840327	snp	84	71	0.3882	0.2961	0.4881	0.1549	-0.3332
Chr3	5841132	snp	51	33	0.4314	0.3351	0.6667	0.303	-0.3636
Chr3	5844932	snp	59	41	0.4117	0.3154	0.661	0.3415	-0.3196
Chr3	5845313	snp	65	50	0.4046	0.3154	0.5385	0.22	-0.3185
Chr3	5845375	snp	68	44	0.4131	0.3182	0.5147	0.1818	-0.3329
Chr3	5845737	snp	44	44	0.4091	0.3182	0.6818	0.3636	-0.3182
Chr3	5847707	snp	57	35	0.414	0.3173	0.7368	0.3714	-0.3654
Chr3	5848029	snp	41	34	0.4426	0.335	0.7073	0.2941	-0.4132
Chr3	5848274	snp	54	54	0.3889	0.2963	0.6667	0.2778	-0.3889
Chr3	5848296	snp	52	46	0.4172	0.3253	0.7115	0.3696	-0.342
Chr3	5849681	snp	62	37	0.4128	0.316	0.5645	0.2432	-0.3213
Chr3	5849988	snp	58	51	0.3979	0.307	0.6897	0.2941	-0.3955
Chr3	5850346	snp	88	67	0.3811	0.2924	0.4659	0.1642	-0.3017
Chr3	5850470	snp	50	49	0.4147	0.3135	0.56	0.2449	-0.3151
Chr3	5854718	snp	54	39	0.4217	0.3248	0.6111	0.2051	-0.406
Chr3	5856242	snp	41	35	0.4383	0.3317	0.6585	0.2857	-0.3728
Chr3	5867633	snp	70	59	0.3923	0.2949	0.4571	0.1017	-0.3554
Chr3	5867848	indel	90	59	0.3902	0.3049	0.4556	0.1186	-0.3369
Chr3	5870377	indel	91	79	0.3868	0.3009	0.5165	0.1519	-0.3646
Chr3	5890248	indel	113	116	0.3611	0.2801	0.4248	0.1293	-0.2955
Chr3	5907653	snp	31	26	0.4665	0.3573	0.7097	0.2692	-0.4404
Chr3	5922669	snp	38	30	0.4368	0.3386	0.4474	0.0333	-0.414
Chr3	5926850	snp	61	54	0.3922	0.3139	0.4918	0.0926	-0.3992
Chr3	5931947	snp	83	58	0.4076	0.3041	0.5181	0.1724	-0.3457
Chr3	5934921	snp	42	22	0.4632	0.3571	0.5	0.1364	-0.3636
Chr3	5935139	snp	38	18	0.4649	0.3596	0.4737	0.1111	-0.3626
Chr3	5941154	snp	38	18	0.4649	0.3596	0.8684	0.5	-0.3684
Chr3	5942474	snp	55	49	0.4212	0.3147	0.5273	0.2041	-0.3232
Chr3	5943544	indel	48	39	0.4103	0.3189	0.8542	0.4103	-0.4439
Chr3	5945224	snp	48	66	0.4148	0.3144	0.625	0.2727	-0.3523
Chr3	5946715	indel	79	60	0.3981	0.3004	0.6076	0.2667	-0.3409
Chr3	5946792	snp	57	39	0.4035	0.3158	0.6667	0.3333	-0.3333
Chr3	5948547	snp	43	44	0.4239	0.3319	0.7209	0.3864	-0.3346
Chr3	5949173	snp	51	39	0.4299	0.3228	0.8235	0.4872	-0.3363
Chr3	5950504	snp	90	72	0.3806	0.2944	0.4778	0.1806	-0.2972
Chr3	5950679	indel	76	67	0.383	0.3032	0.5395	0.209	-0.3305
Chr3	5950693	snp	66	53	0.4025	0.3122	0.5455	0.1698	-0.3756
Chr3	5953381	snp	63	47	0.4272	0.3056	0.6508	0.2553	-0.3955
Chr3	5953387	indel	60	47	0.4004	0.3124	0.6667	0.2979	-0.3688
Chr3	5953430	snp	65	51	0.4066	0.3113	0.6308	0.2549	-0.3759
Chr3	5954569	indel	73	73	0.3836	0.3014	0.5616	0.1918	-0.3699
Chr3	5954576	snp	62	73	0.3922	0.2963	0.5	0.1644	-0.3356
Chr3	5954658	indel	71	69	0.3874	0.2997	0.4789	0.1739	-0.305
Chr3	5954776	snp	60	50	0.3867	0.3067	0.4833	0.14	-0.3433
Chr3	5957480	snp	99	107	0.3646	0.2827	0.4949	0.1402	-0.3548
Chr3	5961266	snp	75	51	0.4118	0.3122	0.4267	0.0784	-0.3482
Chr3	5961315	indel	47	25	0.4409	0.3396	0.5957	0.24	-0.3557
Chr3	5961496	snp	42	34	0.437	0.3361	0.5476	0.2059	-0.3417
Chr3	5961825	snp	44	46	0.4229	0.3281	0.5909	0.1739	-0.417
Chr3	5968183	snp	65	45	0.4137	0.3043	0.4462	0.1111	-0.335
Chr3	5968398	snp	64	54	0.4126	0.3084	0.5156	0.2037	-0.3119
Chr3	5975228	snp	57	40	0.4241	0.3189	0.5965	0.25	-0.3465
Chr3	5975246	snp	59	38	0.4166	0.3189	0.5932	0.2632	-0.3301
Chr3	6001220	snp	42	42	0.4286	0.3095	0.6667	0.3333	-0.3333
Chr3	6002612	snp	62	41	0.4174	0.319	0.7419	0.3171	-0.4249
Chr3	6003042	snp	47	40	0.416	0.3271	0.7021	0.35	-0.3521
Chr3	6005530	snp	75	81	0.3857	0.2943	0.5067	0.1235	-0.3832
Chr3	6006348	snp	60	52	0.4064	0.3051	0.65	0.2885	-0.3615
Chr3	6008213	snp	55	36	0.4111	0.3222	0.7455	0.4167	-0.3288
Chr3	6008236	snp	53	39	0.4204	0.3203	0.8113	0.3333	-0.478
Chr3	6012442	snp	58	57	0.3911	0.3043	0.431	0.1053	-0.3258
Chr3	6022740	snp	47	34	0.4374	0.3279	0.5745	0.2353	-0.3392
Chr3	6024512	snp	77	82	0.3874	0.2941	0.4935	0.1829	-0.3106
Chr3	6031723	snp	51	56	0.4114	0.3165	0.6667	0.2679	-0.3988
Chr3	6032173	snp	35	34	0.4227	0.3353	0.5714	0.2353	-0.3361
Chr3	6034002	snp	64	53	0.3927	0.3037	0.6094	0.1887	-0.4207
Chr3	6036379	snp	35	26	0.4648	0.3505	0.7429	0.3077	-0.4352
Chr3	6036903	snp	57	50	0.4116	0.3091	0.7368	0.4	-0.3368
Chr3	6038001	snp	42	49	0.415	0.3231	0.7381	0.3878	-0.3503
Chr3	6039456	snp	50	37	0.4249	0.3346	0.66	0.3243	-0.3357
Chr3	6042139	snp	71	58	0.4065	0.2982	0.6338	0.3103	-0.3235
Chr3	6042172	snp	61	60	0.4189	0.3079	0.6393	0.3167	-0.3227
Chr3	6042972	snp	50	31	0.4297	0.3297	0.62	0.2903	-0.3297
Chr3	6045843	indel	57	27	0.4405	0.3372	0.7018	0.3333	-0.3684
Chr3	6045999	indel	54	77	0.3992	0.3086	0.5556	0.2078	-0.3478
Chr3	6047743	snp	49	31	0.424	0.3305	0.7143	0.2581	-0.4562
Chr3	6048166	snp	104	68	0.3801	0.2924	0.5385	0.2059	-0.3326
Chr3	6048246	snp	70	48	0.4071	0.3131	0.7571	0.2292	-0.528
Chr3	6048330	snp	50	28	0.43	0.3386	0.84	0.3214	-0.5186
Chr3	6048872	snp	39	25	0.4523	0.3497	0.7179	0.36	-0.3579
Chr3	6048876	snp	40	30	0.45	0.3417	0.725	0.3333	-0.3917
Chr3	6049909	snp	58	49	0.4085	0.3146	0.6897	0.2653	-0.4243
Chr3	6049953	snp	51	53	0.404	0.3111	0.7255	0.3019	-0.4236
Chr3	6052298	snp	83	71	0.3772	0.2985	0.4458	0.1408	-0.3049
Chr3	6054708	snp	56	49	0.4107	0.3163	0.5714	0.2041	-0.3673
Chr3	6056142	snp	61	54	0.3922	0.3139	0.6557	0.3333	-0.3224
Chr3	6056347	snp	59	40	0.411	0.3119	0.6949	0.35	-0.3449
Chr3	6056978	snp	64	71	0.3853	0.3008	0.625	0.2535	-0.3715
Chr3	6057054	snp	68	53	0.4062	0.3094	0.5882	0.2453	-0.343
Chr3	6057524	snp	56	36	0.4206	0.3175	0.5536	0.2222	-0.3313
Chr3	6057741	snp	48	27	0.4398	0.3403	0.6875	0.3333	-0.3542
Chr3	6072059	snp	70	57	0.3965	0.3018	0.6429	0.2807	-0.3622
Chr3	6072198	snp	64	67	0.3911	0.3102	0.5156	0.194	-0.3216
Chr3	6072606	snp	52	26	0.4423	0.3269	0.7692	0.4231	-0.3462
Chr3	6075064	snp	57	35	0.414	0.3173	0.6842	0.3143	-0.3699
Chr3	6078223	snp	63	44	0.4145	0.3193	0.5556	0.2045	-0.351
Chr3	6078320	snp	76	52	0.3866	0.3036	0.5395	0.2308	-0.3087
Chr3	6078584	indel	93	85	0.3766	0.2886	0.4624	0.1529	-0.3094
Chr3	6083512	snp	59	55	0.3895	0.3072	0.6441	0.3091	-0.335
Chr3	6083645	snp	42	32	0.442	0.3393	0.6905	0.3438	-0.3467
Chr3	6087174	snp	59	40	0.411	0.3119	0.5254	0.125	-0.4004
Chr3	6087731	snp	59	31	0.4183	0.3248	0.678	0.2903	-0.3876
Chr3	6087746	snp	53	24	0.4481	0.3498	0.8113	0.4583	-0.353
Chr3	6087834	snp	55	32	0.4278	0.3318	0.7273	0.375	-0.3523
Chr3	6095779	snp	47	47	0.4043	0.3191	0.766	0.4255	-0.3404
Chr3	6097004	snp	100	72	0.3783	0.2883	0.46	0.1111	-0.3489
Chr3	6099891	snp	44	46	0.4229	0.3281	0.75	0.413	-0.337
Chr3	6102370	snp	40	31	0.4419	0.3347	0.925	0.5484	-0.3766
Chr3	6102451	snp	40	38	0.4368	0.3368	0.9	0.4211	-0.4789
Chr3	6117289	snp	64	56	0.4152	0.3103	0.4375	0.125	-0.3125
Chr3	6121531	snp	43	32	0.4477	0.3459	0.7907	0.4375	-0.3532
Chr3	6126969	snp	77	87	0.389	0.296	0.4156	0.0805	-0.3351
Chr3	6401173	indel	105	73	0.385	0.2945	0.4857	0.137	-0.3487
Chr3	6593812	indel	69	64	0.3775	0.305	0.4348	0.0781	-0.3567
Chr3	6596377	snp	99	80	0.3956	0.2941	0.4545	0.1375	-0.317
Chr3	6597865	snp	85	80	0.3949	0.2993	0.4353	0.125	-0.3103
Chr3	6614557	indel	103	77	0.3711	0.287	0.4563	0.1429	-0.3135
Chr3	6623555	indel	78	71	0.3875	0.294	0.3974	0.0845	-0.3129
Chr3	6624408	snp	48	32	0.4375	0.3333	0.625	0.1562	-0.4688
Chr3	6624802	indel	77	95	0.3781	0.2915	0.4286	0.0947	-0.3338
Chr3	6625916	snp	57	47	0.4225	0.3251	0.7018	0.2766	-0.4252
Chr3	6630525	snp	65	74	0.3871	0.3008	0.5231	0.2027	-0.3204
Chr3	6631666	indel	71	95	0.3745	0.2936	0.5211	0.2105	-0.3106
Chr3	6633495	snp	56	45	0.4206	0.323	0.625	0.2222	-0.4028
Chr3	6633548	snp	63	64	0.4033	0.307	0.619	0.25	-0.369
Chr3	6633718	snp	53	42	0.4182	0.323	0.6604	0.2857	-0.3747
Chr3	6633733	snp	54	42	0.4101	0.3175	0.6852	0.1905	-0.4947
Chr3	6636512	indel	65	69	0.4062	0.3137	0.5385	0.2174	-0.3211
Chr3	6636734	indel	77	69	0.3939	0.2955	0.4286	0.1159	-0.3126
Chr3	6637911	snp	34	38	0.4427	0.3375	0.5	0.1579	-0.3421
Chr3	6637928	indel	37	33	0.4365	0.3423	0.5135	0.1515	-0.362
Chr3	6638868	snp	44	15	0.503	0.3712	0.5909	0.2	-0.3909
Chr3	6641180	snp	38	25	0.4568	0.3505	0.8684	0.44	-0.4284
Chr3	6641181	snp	38	27	0.4513	0.345	0.8684	0.3704	-0.4981
Chr3	6641631	snp	89	69	0.3858	0.2973	0.4494	0.1449	-0.3045
Chr3	6643727	indel	42	42	0.4286	0.3095	0.7857	0.3095	-0.4762
Chr3	6643730	snp	35	40	0.425	0.3321	0.8857	0.325	-0.5607
Chr3	6644350	snp	64	39	0.4123	0.3185	0.5781	0.2564	-0.3217
Chr3	6647478	snp	34	60	0.4186	0.3206	0.4706	0.0667	-0.4039
Chr3	6647495	snp	49	75	0.3943	0.3072	0.4898	0.0667	-0.4231
Chr3	6648760	indel	118	81	0.3802	0.2904	0.5339	0.2346	-0.2993
Chr3	6652030	snp	61	61	0.4098	0.3115	0.4426	0.1311	-0.3115
Chr3	6652090	snp	67	52	0.3958	0.3063	0.4179	0.0192	-0.3987
Chr3	6654495	snp	24	19	0.4978	0.4013	0.6667	0.1579	-0.5088
Chr3	6654528	snp	17	22	0.5187	0.3877	0.5294	0.0455	-0.484
Chr3	6655424	snp	45	53	0.4147	0.3182	0.5333	0.1321	-0.4013
Chr3	6655447	snp	56	59	0.3977	0.3057	0.4286	0.1017	-0.3269
Chr3	6679474	snp	79	60	0.3981	0.3004	0.5063	0.2	-0.3063
Chr3	6679649	snp	64	26	0.4267	0.3341	0.5312	0.1923	-0.3389
Chr3	6691603	snp	87	72	0.3774	0.2969	0.4253	0.1111	-0.3142
Chr3	6691980	snp	69	49	0.404	0.3138	0.5362	0.2041	-0.3322
Chr3	6692179	snp	67	27	0.4339	0.3311	0.4328	0.0741	-0.3588
Chr3	6692468	snp	72	43	0.4151	0.3178	0.7222	0.3488	-0.3734
Chr3	6692608	snp	81	66	0.3866	0.2985	0.4938	0.0758	-0.4181
Chr3	6692738	snp	73	63	0.3827	0.3098	0.4932	0.1429	-0.3503
Chr3	6695127	snp	81	83	0.4016	0.2911	0.5309	0.1687	-0.3622
Chr3	6697444	snp	59	50	0.4088	0.3149	0.5932	0.26	-0.3332
Chr3	6697475	snp	49	42	0.415	0.3231	0.7347	0.2619	-0.4728
Chr3	6697617	snp	76	80	0.3829	0.2941	0.4605	0.1375	-0.323
Chr3	6700817	snp	76	46	0.3896	0.3061	0.5	0.0652	-0.4348
Chr3	6701081	snp	72	61	0.4005	0.301	0.4583	0.1475	-0.3108
Chr3	6701399	snp	53	54	0.4196	0.3113	0.4717	0.1296	-0.3421
Chr3	6704416	snp	69	59	0.4026	0.3058	0.4493	0.1356	-0.3137
Chr3	6706578	snp	76	64	0.3849	0.2969	0.6447	0.2344	-0.4104
Chr3	6706655	snp	111	105	0.3619	0.2795	0.4775	0.1429	-0.3346
Chr3	6707959	indel	91	105	0.3758	0.2872	0.4615	0.1524	-0.3092
Chr3	6708812	snp	51	40	0.4221	0.3255	0.7255	0.375	-0.3505
Chr3	6725205	indel	66	66	0.3939	0.303	0.5758	0.197	-0.3788
Chr3	6760422	snp	41	36	0.4295	0.3354	0.7317	0.3611	-0.3706
Chr3	6760606	snp	40	34	0.4279	0.3309	0.8	0.4412	-0.3588
Chr3	6766242	snp	56	35	0.4107	0.325	0.4464	0.1143	-0.3321
Chr3	6771917	snp	42	49	0.415	0.3231	0.6667	0.3265	-0.3401
Chr3	6772058	snp	44	43	0.4239	0.3319	0.5	0.1628	-0.3372
Chr3	6772887	snp	71	45	0.4094	0.3152	0.4648	0.1333	-0.3315
Chr3	6776109	snp	106	57	0.3916	0.2987	0.4151	0.0877	-0.3274
Chr3	6776316	snp	35	31	0.4488	0.3456	0.5714	0.1613	-0.4101
Chr3	6776344	snp	46	43	0.4196	0.3266	0.5435	0.1395	-0.4039
Chr3	6778744	snp	84	69	0.3799	0.295	0.6071	0.2609	-0.3463
Chr3	6780233	snp	28	27	0.4907	0.3796	0.7857	0.1852	-0.6005
Chr3	6780451	snp	72	50	0.3978	0.3033	0.4444	0.12	-0.3244
Chr3	6780830	snp	53	48	0.4104	0.3141	0.5283	0.1875	-0.3408
Chr3	6782311	snp	86	46	0.3959	0.3003	0.4186	0.0652	-0.3534
Chr3	6783674	snp	67	38	0.4163	0.3181	0.7313	0.3947	-0.3366
Chr3	6783686	snp	65	42	0.3982	0.3198	0.7231	0.3333	-0.3897
Chr3	6784538	snp	62	47	0.4104	0.3085	0.7742	0.4043	-0.3699
Chr3	6784539	snp	61	50	0.3993	0.3085	0.7705	0.38	-0.3905
Chr3	6786165	snp	96	76	0.3788	0.2933	0.4479	0.1316	-0.3163
Chr3	6786476	indel	80	84	0.3845	0.2929	0.5	0.1905	-0.3095
Chr3	6789196	snp	90	99	0.3778	0.2889	0.4222	0.1313	-0.2909
Chr3	6790264	snp	36	31	0.4597	0.3441	0.8056	0.4194	-0.3862
Chr3	6792501	indel	51	51	0.4314	0.3333	0.549	0.2157	-0.3333
Chr3	6792618	snp	55	69	0.3866	0.3033	0.4545	0.1304	-0.3241
Chr3	6795043	snp	80	34	0.4059	0.3103	0.6375	0.2941	-0.3434
Chr3	6795124	snp	68	41	0.4132	0.3095	0.6912	0.3659	-0.3253
Chr3	6813658	indel	80	47	0.3997	0.3032	0.5625	0.1702	-0.3923
Chr3	6815050	snp	77	99	0.3824	0.2929	0.4286	0.1313	-0.2973
Chr3	6836149	snp	70	32	0.4384	0.3357	0.7857	0.4062	-0.3795
Chr3	6836150	snp	70	34	0.4202	0.3227	0.7714	0.3529	-0.4185
Chr3	6836683	snp	59	47	0.4053	0.3163	0.7119	0.3191	-0.3927
Chr3	6842883	snp	68	54	0.3954	0.3066	0.6324	0.2407	-0.3916
Chr3	6843038	indel	56	42	0.3988	0.3155	0.6786	0.3571	-0.3214
Chr3	6843105	snp	62	51	0.4029	0.314	0.6613	0.2549	-0.4064
Chr3	6847156	snp	43	31	0.4434	0.3413	0.8605	0.4839	-0.3766
Chr3	6847158	snp	42	33	0.4351	0.3442	0.881	0.4545	-0.4264
Chr3	6848369	snp	42	34	0.437	0.3361	0.6429	0.2647	-0.3782
Chr3	6848382	indel	43	48	0.4157	0.3154	0.6279	0.2083	-0.4196
Chr3	6849295	snp	52	42	0.4212	0.3141	0.8846	0.4048	-0.4799
Chr3	6874213	snp	62	66	0.3998	0.3128	0.5161	0.1515	-0.3646
Chr3	6903431	indel	68	67	0.3782	0.2917	0.3529	0.0597	-0.2932
Chr3	6903623	indel	99	65	0.3893	0.3013	0.4747	0.1077	-0.3671
Chr3	6991102	snp	40	48	0.4375	0.3333	0.75	0.2083	-0.5417
Chr3	7020516	snp	18	18	0.5556	0.3889	0.7778	0.2778	-0.5
Chr3	7020877	indel	67	61	0.4035	0.3066	0.5224	0.2131	-0.3093
Chr3	7020941	snp	58	38	0.4111	0.3212	0.5862	0.2368	-0.3494
Chr3	7021562	snp	64	71	0.3853	0.3008	0.5156	0.1972	-0.3184
Chr3	7021719	snp	68	81	0.3778	0.299	0.5588	0.2099	-0.3489
Chr3	7021841	snp	40	48	0.4375	0.3333	0.775	0.3125	-0.4625
Chr3	7021907	indel	59	64	0.3994	0.3096	0.5424	0.1875	-0.3549
Chr3	7023140	snp	44	31	0.4274	0.3328	0.5909	0.1613	-0.4296
Chr3	7023194	snp	37	23	0.4747	0.3608	0.7297	0.2174	-0.5123
Chr3	7025551	snp	23	21	0.501	0.3789	0.5652	0.0952	-0.47
Chr3	7025932	snp	60	60	0.4167	0.3167	0.4333	0.1167	-0.3167
Chr3	7034395	snp	79	82	0.3881	0.3023	0.4304	0.0732	-0.3572
Chr3	7034434	indel	86	106	0.3624	0.2854	0.4651	0.1509	-0.3142
Chr3	7034852	snp	51	27	0.4466	0.3377	0.7843	0.4444	-0.3399
Chr3	7036917	snp	48	48	0.3958	0.3125	0.7708	0.3333	-0.4375
Chr3	7037803	snp	58	45	0.4008	0.3123	0.6379	0.2667	-0.3713
Chr3	7038372	snp	83	82	0.3823	0.2864	0.4578	0.1341	-0.3237
Chr3	7038593	snp	43	35	0.4405	0.3389	0.5814	0.2286	-0.3528
Chr3	7038616	snp	37	29	0.4539	0.3486	0.7027	0.2759	-0.4268
Chr3	7040034	snp	70	70	0.3857	0.3	0.4857	0.0714	-0.4143
Chr3	7040058	snp	63	78	0.3913	0.301	0.4444	0.0641	-0.3803
Chr3	7040401	snp	85	34	0.4235	0.3235	0.6353	0.2353	-0.4
Chr3	7046884	snp	71	54	0.4051	0.3161	0.5493	0.2222	-0.3271
Chr3	7047450	snp	106	115	0.3619	0.2857	0.4245	0.1304	-0.2941
Chr3	7047644	snp	99	89	0.3667	0.2858	0.5051	0.1685	-0.3365
Chr3	7047659	snp	100	87	0.3726	0.2932	0.49	0.1724	-0.3176
Chr3	7048821	indel	53	38	0.4161	0.3217	0.6226	0.2632	-0.3595
Chr3	7048841	snp	51	36	0.4281	0.3333	0.6863	0.2778	-0.4085
Chr3	7049938	snp	40	31	0.4419	0.3347	0.625	0.2903	-0.3347
Chr3	7050490	snp	81	75	0.3857	0.2943	0.4691	0.1467	-0.3225
Chr3	7051295	snp	54	42	0.4101	0.3175	0.5556	0.2381	-0.3175
Chr3	7054200	snp	74	60	0.4018	0.3	0.5405	0.2	-0.3405
Chr3	7060458	indel	42	42	0.4286	0.3095	0.7381	0.381	-0.3571
Chr3	7111882	snp	56	41	0.4037	0.3079	0.75	0.3902	-0.3598
Chr3	7136004	snp	53	48	0.4104	0.3141	0.3396	0.0208	-0.3188
Chr3	7139015	snp	54	29	0.4361	0.3404	0.6667	0.2069	-0.4598
Chr3	7139031	snp	53	24	0.4481	0.3498	0.717	0.25	-0.467
Chr3	7143978	indel	103	97	0.3679	0.2806	0.4272	0.134	-0.2932
Chr3	7145291	snp	78	71	0.3875	0.294	0.4615	0.1268	-0.3348
Chr3	7145493	snp	68	57	0.3991	0.3047	0.5441	0.2281	-0.316
Chr3	7147246	snp	40	23	0.4576	0.3576	0.85	0.4783	-0.3717
Chr3	7147277	snp	46	30	0.4507	0.342	0.8478	0.4333	-0.4145
Chr3	7148451	snp	77	97	0.3871	0.2943	0.4805	0.1753	-0.3053
Chr3	7148674	snp	46	52	0.4172	0.3253	0.7609	0.3077	-0.4532
Chr3	7148736	snp	53	55	0.412	0.3136	0.6226	0.2182	-0.4045
Chr3	7151167	snp	92	70	0.3957	0.2991	0.5	0.1429	-0.3571
Chr3	7152550	snp	103	102	0.3756	0.2789	0.4272	0.1471	-0.2801
Chr3	7153697	snp	72	41	0.4262	0.3184	0.5694	0.122	-0.4475
Chr3	7155652	snp	65	51	0.4066	0.3113	0.5846	0.1569	-0.4278
Chr3	7174863	snp	48	35	0.4065	0.3161	0.6458	0.3143	-0.3315
Chr3	7176858	indel	95	75	0.3804	0.2905	0.4316	0.12	-0.3116
Chr3	7182726	snp	67	51	0.3989	0.3102	0.4328	0.1176	-0.3152
Chr3	7183251	snp	84	59	0.3923	0.3039	0.4643	0.1525	-0.3117
Chr3	7183382	snp	69	55	0.3866	0.3033	0.4783	0.1636	-0.3146
Chr3	7183542	indel	30	24	0.4667	0.3667	0.7667	0.2917	-0.475
Chr3	7183576	snp	28	18	0.5079	0.3968	0.9286	0.3333	-0.5952
Chr3	7184471	snp	41	22	0.4734	0.3614	0.8049	0.3182	-0.4867
Chr3	7184584	snp	82	75	0.3896	0.2917	0.5	0.1867	-0.3133
Chr3	7184654	snp	61	51	0.3941	0.3124	0.6721	0.3529	-0.3192
Chr3	7185933	snp	39	57	0.4035	0.3158	0.6667	0.3333	-0.3333
Chr3	7186045	snp	41	42	0.4233	0.3258	0.8293	0.5	-0.3293
Chr3	7186799	snp	45	47	0.4142	0.3225	0.8	0.3617	-0.4383
Chr3	7186844	indel	58	51	0.3979	0.307	0.7414	0.4118	-0.3296
Chr3	7188237	snp	52	52	0.4038	0.3269	0.5962	0.1538	-0.4423
Chr3	7190464	snp	100	82	0.3661	0.2854	0.44	0.122	-0.318
Chr3	7191635	snp	44	37	0.4441	0.3292	0.6136	0.2162	-0.3974
Chr3	7194400	snp	92	94	0.3751	0.2815	0.4565	0.1702	-0.2863
Chr3	7202033	indel	111	94	0.3778	0.2845	0.4595	0.1489	-0.3105
Chr3	7244776	indel	89	49	0.3985	0.3089	0.427	0.102	-0.3249
Chr3	7245375	indel	72	59	0.3771	0.2999	0.625	0.1864	-0.4386
Chr3	7245392	indel	61	40	0.4152	0.3152	0.7705	0.35	-0.4205
Chr3	7245433	snp	57	25	0.4568	0.3439	0.7895	0.4	-0.3895
Chr3	7245546	indel	56	38	0.4248	0.3346	0.6786	0.3158	-0.3628
Chr3	7246052	snp	59	37	0.4178	0.3234	0.7797	0.3784	-0.4013
Chr3	7253709	indel	38	30	0.4368	0.3386	0.7895	0.2667	-0.5228
Chr3	7262829	snp	66	67	0.398	0.2942	0.5303	0.209	-0.3213
Chr3	7264183	snp	35	30	0.4524	0.3476	0.6	0.2333	-0.3667
Chr3	7264200	indel	42	31	0.4493	0.3287	0.5714	0.2258	-0.3456
Chr3	7265407	snp	48	34	0.435	0.3309	0.6667	0.3235	-0.3431
Chr3	7265502	snp	38	22	0.4713	0.3589	0.7368	0.3182	-0.4187
Chr3	7265521	snp	37	28	0.4537	0.3542	0.7027	0.2857	-0.417
Chr3	7288770	snp	37	24	0.4696	0.3694	0.6757	0.25	-0.4257
Chr3	7311307	snp	85	88	0.3767	0.2936	0.5294	0.1023	-0.4271
Chr3	7386949	snp	77	63	0.3939	0.3045	0.4805	0.127	-0.3535
Chr3	7417065	snp	81	73	0.3749	0.2982	0.4815	0.137	-0.3445
Chr3	7422858	snp	111	74	0.3874	0.2883	0.4595	0.1351	-0.3243
Chr3	7423479	indel	90	75	0.3711	0.2933	0.5444	0.2267	-0.3178
Chr3	7426619	indel	48	48	0.3958	0.3125	0.75	0.375	-0.375
Chr3	7427663	snp	73	66	0.3977	0.3026	0.589	0.2273	-0.3618
Chr3	7427715	snp	63	59	0.3955	0.3129	0.5397	0.1864	-0.3532
Chr3	7428795	snp	64	79	0.3993	0.2959	0.6094	0.2278	-0.3815
Chr3	7430277	snp	45	50	0.4133	0.3267	0.7556	0.32	-0.4356
Chr3	7433778	snp	88	67	0.3811	0.2924	0.5227	0.1791	-0.3436
Chr3	7436754	snp	61	50	0.3993	0.3085	0.541	0.22	-0.321
Chr3	7438750	indel	112	111	0.3806	0.2827	0.4107	0.0991	-0.3116
Chr3	7442664	indel	75	49	0.3943	0.3072	0.5733	0.2449	-0.3284
Chr3	7449379	snp	45	30	0.4444	0.3444	0.7111	0.3	-0.4111
Chr3	7450780	snp	80	69	0.3982	0.3042	0.475	0.1304	-0.3446
Chr3	7451729	snp	52	58	0.3952	0.305	0.6731	0.3276	-0.3455
Chr3	7453941	snp	69	63	0.3885	0.303	0.5217	0.1905	-0.3313
Chr3	7454043	snp	70	66	0.4004	0.3052	0.3857	0.0758	-0.31
Chr3	7502084	snp	79	71	0.3876	0.2965	0.5063	0.1268	-0.3796
Chr3	7504023	snp	61	41	0.4042	0.3147	0.6066	0.1463	-0.4602
Chr3	7504620	snp	24	25	0.4717	0.3833	0.6667	0.28	-0.3867
Chr3	7506214	snp	52	48	0.4038	0.3157	0.6538	0.3125	-0.3413
Chr3	7507422	snp	70	60	0.3905	0.3048	0.4	0.0833	-0.3167
Chr3	7508231	snp	54	48	0.4028	0.3194	0.5926	0.2708	-0.3218
Chr3	7508246	snp	55	47	0.4085	0.311	0.6182	0.2553	-0.3629
Chr3	7509547	snp	92	98	0.3636	0.2799	0.4348	0.1327	-0.3021
Chr3	7510802	snp	85	80	0.3949	0.2993	0.5294	0.175	-0.3544
Chr3	7511417	snp	42	19	0.4749	0.3747	0.5476	0.1579	-0.3897
Chr3	7515644	snp	40	16	0.475	0.375	0.75	0.375	-0.375
Chr3	7515839	snp	74	52	0.4038	0.3119	0.4865	0.1731	-0.3134
Chr3	7516778	snp	48	26	0.4423	0.3413	0.5417	0.1923	-0.3494
Chr3	7517004	snp	76	28	0.4154	0.3289	0.3684	0.0357	-0.3327
Chr3	7517336	snp	46	31	0.4369	0.3394	0.7391	0.3226	-0.4165
Chr3	7518944	snp	52	44	0.4161	0.3112	0.6538	0.3409	-0.3129
Chr3	7518968	indel	62	59	0.3997	0.307	0.5806	0.2203	-0.3603
Chr3	7519082	snp	73	73	0.3836	0.3014	0.5342	0.2329	-0.3014
Chr3	7519819	snp	36	38	0.4327	0.3289	0.8611	0.4737	-0.3874
Chr3	7520816	snp	80	56	0.3929	0.3054	0.5875	0.1964	-0.3911
Chr3	7520825	indel	85	82	0.3867	0.2917	0.5059	0.1463	-0.3595
Chr3	7521750	snp	39	33	0.4242	0.3333	0.7436	0.3939	-0.3497
Chr3	7523167	snp	74	52	0.4038	0.3119	0.5541	0.2115	-0.3425
Chr3	7525413	snp	76	55	0.3971	0.3124	0.5789	0.2545	-0.3244
Chr3	7525425	indel	62	47	0.4104	0.3085	0.7419	0.3404	-0.4015
Chr3	7525455	snp	75	49	0.3943	0.3072	0.64	0.2857	-0.3543
Chr3	7527924	indel	42	35	0.4286	0.3333	0.8095	0.3429	-0.4667
Chr3	7529290	snp	64	50	0.405	0.3181	0.7031	0.26	-0.4431
Chr3	7530408	snp	75	73	0.389	0.2972	0.4933	0.1507	-0.3426
Chr3	7531345	snp	55	68	0.4003	0.3094	0.6364	0.3088	-0.3275
Chr3	7536427	snp	56	54	0.4167	0.3075	0.7679	0.4444	-0.3234
Chr3	7536616	snp	40	35	0.425	0.3321	0.825	0.3429	-0.4821
Chr3	7538810	snp	61	40	0.4152	0.3152	0.5574	0.225	-0.3324
Chr3	7541134	snp	46	40	0.4391	0.3293	0.5217	0.15	-0.3717
Chr3	7541909	snp	39	37	0.4435	0.3423	0.6667	0.2703	-0.3964
Chr3	7564702	indel	93	89	0.3814	0.2906	0.4516	0.1573	-0.2943
Chr3	7565195	indel	96	114	0.3739	0.2856	0.4688	0.1316	-0.3372
Chr3	7630439	snp	86	68	0.3748	0.2958	0.4884	0.1912	-0.2972
Chr3	7635922	snp	55	44	0.4	0.3182	0.4545	0.0682	-0.3864
Chr3	7646545	snp	76	60	0.3816	0.3026	0.5526	0.2333	-0.3193
Chr3	7648085	snp	69	55	0.3866	0.3033	0.5652	0.2545	-0.3107
Chr3	7774248	snp	60	32	0.4292	0.325	0.7667	0.375	-0.3917
Chr3	7781184	snp	50	40	0.415	0.325	0.66	0.3	-0.36
Chr3	7787407	snp	106	82	0.3778	0.2874	0.4717	0.1829	-0.2888
Chr3	7788376	indel	78	49	0.4037	0.3145	0.5513	0.2245	-0.3268
Chr3	7788392	snp	76	50	0.4026	0.3053	0.5658	0.2	-0.3658
Chr3	7788616	snp	75	55	0.3976	0.297	0.6	0.2182	-0.3818
Chr3	7788651	snp	58	33	0.43	0.3307	0.8103	0.4242	-0.3861
Chr3	7788733	snp	46	27	0.4388	0.343	0.8261	0.4444	-0.3816
Chr3	7792409	snp	55	20	0.4636	0.3591	0.7636	0.3	-0.4636
Chr3	7794429	snp	55	43	0.4097	0.3239	0.6	0.2558	-0.3442
Chr3	7797955	snp	57	64	0.403	0.3169	0.614	0.2656	-0.3484
Chr3	7798777	snp	78	70	0.3883	0.3026	0.4744	0.1714	-0.3029
Chr3	7798996	snp	39	30	0.459	0.341	0.7949	0.3333	-0.4615
Chr3	7799007	snp	34	24	0.4779	0.3554	0.8824	0.4167	-0.4657
Chr3	7799706	snp	79	79	0.3797	0.3038	0.481	0.1772	-0.3038
Chr3	7802250	indel	68	73	0.3995	0.2996	0.5	0.1918	-0.3082
Chr3	7802267	snp	63	54	0.3889	0.3042	0.5556	0.1852	-0.3704
Chr3	7803285	snp	108	99	0.3763	0.2887	0.4352	0.101	-0.3342
Chr3	7803979	snp	44	38	0.4258	0.3313	0.5909	0.1842	-0.4067
Chr3	7803990	snp	45	37	0.4312	0.3327	0.6	0.1892	-0.4108
Chr3	7808199	snp	70	48	0.4071	0.3131	0.5857	0.2708	-0.3149
Chr3	7808346	snp	90	92	0.3729	0.285	0.4222	0.1304	-0.2918
Chr3	7811033	snp	46	21	0.4658	0.3582	0.8261	0.4286	-0.3975
Chr3	7811243	snp	75	72	0.3883	0.2939	0.5733	0.2639	-0.3094
Chr3	7811664	snp	44	47	0.4309	0.3216	0.5455	0.1915	-0.354
Chr3	7812404	snp	46	39	0.4314	0.3266	0.7826	0.2821	-0.5006
Chr3	7814630	snp	35	25	0.4571	0.3543	0.8571	0.4	-0.4571
Chr3	7815159	snp	47	24	0.4734	0.3484	0.8085	0.3333	-0.4752
Chr3	7815165	snp	43	26	0.4517	0.3435	0.814	0.3077	-0.5063
Chr3	7817103	snp	80	75	0.3733	0.2917	0.55	0.1867	-0.3633
Chr3	7817112	indel	96	103	0.3733	0.2907	0.4688	0.1553	-0.3134
Chr3	7818024	snp	81	82	0.3746	0.2892	0.5556	0.2561	-0.2995
Chr3	7818514	snp	44	41	0.4329	0.3193	0.75	0.4146	-0.3354
Chr3	7818614	snp	46	45	0.4266	0.3203	0.7391	0.3778	-0.3614
Chr3	7819118	snp	100	89	0.3767	0.2878	0.38	0.0899	-0.2901
Chr3	7821246	snp	89	81	0.3834	0.2981	0.4607	0.0864	-0.3743
Chr3	7824095	snp	55	58	0.4016	0.3078	0.6727	0.2759	-0.3969
Chr3	7826154	snp	52	47	0.4116	0.3196	0.7115	0.3617	-0.3498
Chr3	7826537	snp	50	46	0.3991	0.3174	0.74	0.2826	-0.4574
Chr3	7826584	snp	67	66	0.398	0.2942	0.5672	0.2121	-0.355
Chr3	7827130	snp	64	33	0.4167	0.3239	0.5156	0.1515	-0.3641
Chr3	7827189	snp	81	34	0.4172	0.3184	0.4691	0.1176	-0.3515
Chr3	7828223	snp	66	46	0.4012	0.3169	0.6364	0.2826	-0.3538
Chr3	7828282	indel	63	44	0.4145	0.3193	0.6349	0.25	-0.3849
Chr3	7828342	snp	43	17	0.4856	0.3666	0.8372	0.4706	-0.3666
Chr3	7829575	snp	87	72	0.3774	0.2969	0.5517	0.2222	-0.3295
Chr3	7831457	indel	80	56	0.3929	0.3054	0.6	0.2679	-0.3321
Chr3	7834247	snp	73	73	0.3836	0.3014	0.5068	0.1781	-0.3288
Chr3	7834362	snp	48	32	0.4375	0.3333	0.8958	0.5312	-0.3646
Chr3	7834505	snp	68	49	0.4031	0.3163	0.6765	0.3469	-0.3295
Chr3	7835104	snp	85	64	0.3857	0.2994	0.4353	0.1094	-0.3259
Chr3	7835424	indel	90	58	0.3946	0.3008	0.5444	0.2069	-0.3375
Chr3	7835440	snp	89	63	0.3831	0.2978	0.5393	0.1587	-0.3806
Chr3	7838795	snp	47	44	0.4309	0.3216	0.5319	0.1818	-0.3501
Chr3	7838847	snp	62	47	0.4104	0.3085	0.5323	0.1489	-0.3833
Chr3	7839171	snp	80	72	0.4	0.3042	0.5375	0.1806	-0.3569
Chr3	7839250	snp	81	66	0.3866	0.2985	0.5556	0.2121	-0.3434
Chr3	7840302	snp	97	75	0.3834	0.2925	0.5361	0.2133	-0.3227
Chr3	7840977	snp	64	57	0.403	0.3169	0.5938	0.2632	-0.3306
Chr3	7841053	snp	50	40	0.415	0.325	0.84	0.375	-0.465
Chr3	7841054	snp	48	44	0.4072	0.3201	0.8125	0.3409	-0.4716
Chr3	7841761	snp	64	49	0.4161	0.3128	0.6875	0.3265	-0.361
Chr3	7843181	indel	87	87	0.3793	0.2874	0.4598	0.1494	-0.3103
Chr3	7843781	snp	62	39	0.4189	0.3176	0.6613	0.2821	-0.3792
Chr3	7843810	snp	70	46	0.4174	0.3161	0.6	0.2174	-0.3826
Chr3	7850059	snp	41	29	0.4315	0.3482	0.6585	0.2759	-0.3827
Chr3	7851137	snp	44	34	0.4332	0.3316	0.8636	0.5	-0.3636
Chr3	7851962	snp	68	75	0.3914	0.3004	0.6618	0.32	-0.3418
Chr3	7852047	snp	41	38	0.4255	0.3331	0.9024	0.5	-0.4024
Chr3	7852569	indel	25	24	0.4717	0.3833	0.8	0.4167	-0.3833
Chr3	7852670	snp	29	32	0.4741	0.3524	0.8621	0.4062	-0.4558
Chr3	7853429	snp	55	39	0.4089	0.3179	0.7091	0.3846	-0.3245
Chr3	7979813	snp	63	28	0.4365	0.3333	0.8254	0.3929	-0.4325
Chr3	7981124	snp	57	48	0.4167	0.3191	0.5088	0.1458	-0.3629
Chr3	7981214	indel	44	28	0.4318	0.3409	0.8409	0.4286	-0.4123
Chr3	7983902	snp	51	34	0.4118	0.3235	0.6471	0.3235	-0.3235
Chr3	7983932	indel	60	63	0.4008	0.3032	0.6	0.2381	-0.3619
Chr3	7983939	snp	65	63	0.3927	0.3028	0.6	0.2381	-0.3619
Chr3	7984347	snp	81	54	0.4012	0.3086	0.5185	0.1481	-0.3704
Chr3	7987792	snp	35	39	0.4322	0.3385	0.8	0.359	-0.441
Chr3	7988182	indel	38	29	0.4528	0.3475	0.7895	0.2069	-0.5826
Chr3	7988209	snp	46	35	0.4373	0.3335	0.6087	0.1429	-0.4658
Chr3	7988429	snp	109	108	0.3648	0.2821	0.4954	0.1111	-0.3843
Chr3	7988447	indel	113	114	0.3745	0.2857	0.5487	0.1404	-0.4083
Chr3	8002069	indel	39	44	0.4225	0.3316	0.5641	0.1818	-0.3823
Chr3	8002129	snp	67	72	0.3939	0.2946	0.4776	0.1528	-0.3248
Chr3	8030536	indel	84	78	0.3874	0.2967	0.3929	0.0641	-0.3288
Chr3	8033746	indel	50	37	0.4249	0.3346	0.4	0.0541	-0.3459
Chr3	8034533	indel	66	40	0.4121	0.3129	0.3939	0.075	-0.3189
Chr3	8035280	indel	65	72	0.4006	0.3	0.4154	0.0833	-0.3321
Chr3	8044461	snp	60	43	0.4143	0.3174	0.65	0.186	-0.464
Chr3	8044556	snp	53	51	0.404	0.3111	0.5283	0.1569	-0.3714
Chr3	8046400	snp	76	49	0.4176	0.3096	0.5658	0.2245	-0.3413
Chr3	8060130	snp	36	41	0.4295	0.3354	0.8056	0.4634	-0.3421
Chr3	8071782	snp	56	43	0.412	0.314	0.6071	0.2558	-0.3513
Chr3	8072338	snp	89	62	0.3853	0.291	0.5056	0.2097	-0.2959
Chr3	8073499	snp	63	42	0.4048	0.3175	0.5873	0.1429	-0.4444
Chr3	8073568	snp	72	69	0.3798	0.3019	0.5	0.1304	-0.3696
Chr3	8075549	snp	57	63	0.4035	0.3099	0.4737	0.1587	-0.315
Chr3	8076241	snp	53	35	0.4216	0.3186	0.6415	0.3143	-0.3272
Chr3	8077820	snp	72	61	0.4005	0.301	0.5139	0.1311	-0.3827
Chr3	8077893	snp	43	30	0.4481	0.3411	0.7442	0.3667	-0.3775
Chr3	8105737	snp	68	67	0.3782	0.2917	0.4706	0.1343	-0.3363
Chr3	8106124	snp	41	31	0.4343	0.3352	0.6341	0.2581	-0.3761
Chr3	8106177	snp	41	31	0.4343	0.3352	0.7561	0.3226	-0.4335
Chr3	8111046	snp	83	65	0.3965	0.2955	0.4096	0.0923	-0.3173
Chr3	8111299	snp	80	60	0.3917	0.3042	0.55	0.2	-0.35
Chr3	8111358	snp	69	61	0.4018	0.3022	0.5072	0.1639	-0.3433
Chr3	8119497	indel	66	54	0.404	0.3098	0.5758	0.2407	-0.335
Chr3	8119558	snp	73	55	0.3938	0.2936	0.5616	0.1636	-0.398
Chr3	8147924	snp	81	79	0.3872	0.2996	0.4444	0.1392	-0.3052
Chr3	8148516	indel	45	37	0.4312	0.3327	0.8667	0.5135	-0.3532
Chr3	8148636	snp	65	62	0.3975	0.306	0.5692	0.2581	-0.3112
Chr3	8148795	snp	56	41	0.4037	0.3079	0.6429	0.2683	-0.3746
Chr3	8153856	snp	74	59	0.4008	0.3028	0.5676	0.2373	-0.3303
Chr3	8157884	indel	63	45	0.4095	0.3143	0.5714	0.2222	-0.3492
Chr3	8158157	snp	17	21	0.5266	0.4062	0.7059	0.2857	-0.4202
Chr3	8180823	snp	86	87	0.3768	0.2951	0.5	0.1839	-0.3161
Chr3	8180824	indel	92	92	0.3913	0.2935	0.5217	0.2174	-0.3043
Chr3	8199923	snp	51	31	0.4168	0.3359	0.6275	0.2903	-0.3371
Chr3	8201175	snp	52	38	0.419	0.3239	0.5192	0.1842	-0.335
Chr3	8203644	snp	74	90	0.3781	0.2868	0.4595	0.1667	-0.2928
Chr3	8208811	snp	69	47	0.4104	0.3108	0.4348	0.0851	-0.3497
Chr3	8214213	snp	32	32	0.4375	0.375	0.7188	0.2812	-0.4375
Chr3	8256353	snp	67	52	0.3958	0.3063	0.4179	0.0962	-0.3218
Chr3	8262714	snp	69	81	0.3784	0.2904	0.4493	0.1111	-0.3382
Chr3	8262856	snp	87	71	0.3902	0.2979	0.4023	0.0986	-0.3037
Chr3	8263009	indel	64	74	0.3932	0.2998	0.4531	0.0676	-0.3856
Chr3	8264260	indel	73	75	0.389	0.2972	0.5342	0.2	-0.3342
Chr3	8264323	snp	50	43	0.4177	0.3242	0.66	0.3256	-0.3344
Chr3	8264709	snp	34	32	0.4577	0.3382	0.5882	0.25	-0.3382
Chr3	8265945	snp	48	33	0.4261	0.3314	0.4583	0.1212	-0.3371
Chr3	8298987	snp	91	53	0.3825	0.3025	0.4066	0.0943	-0.3123
Chr3	8300490	snp	111	81	0.3827	0.286	0.4144	0.0617	-0.3527
Chr3	8321827	indel	18	18	0.5556	0.3889	0.1667	0.5556	0.3889
Chr3	8331084	snp	27	21	0.4921	0.381	0.4815	0.0	-0.4815
Chr3	8331092	snp	34	28	0.4622	0.3487	0.5	0.0714	-0.4286
Chr3	8331199	snp	46	36	0.4396	0.3394	0.5435	0.1389	-0.4046
Chr3	8334297	snp	30	15	0.5	0.4	0.6667	0.2667	-0.4
Chr3	8335262	snp	39	29	0.4518	0.3475	0.5897	0.1379	-0.4518
Chr3	8336360	snp	54	62	0.3996	0.2933	0.537	0.0968	-0.4403
Chr3	8337087	snp	27	27	0.4815	0.3704	0.8148	0.4074	-0.4074
Chr3	8337089	snp	27	25	0.4637	0.3526	0.7778	0.4	-0.3778
Chr3	8404683	indel	60	65	0.3949	0.3038	0.45	0.1077	-0.3423
Chr3	8424297	snp	96	55	0.3812	0.2953	0.4792	0.1273	-0.3519
Chr3	8429113	snp	66	74	0.3931	0.3051	0.4545	0.0946	-0.36
Chr3	8447832	snp	67	41	0.4103	0.3153	0.6716	0.3415	-0.3302
Chr3	8447846	indel	66	48	0.4148	0.3144	0.697	0.3125	-0.3845
Chr3	8451192	snp	63	67	0.4037	0.3196	0.5079	0.1493	-0.3587
Chr3	8452901	snp	88	72	0.3876	0.2917	0.6023	0.2639	-0.3384
Chr3	8452970	snp	47	35	0.4377	0.3319	0.9362	0.5714	-0.3647
Chr3	8452972	snp	46	35	0.4373	0.3335	0.913	0.5429	-0.3702
Chr3	8472639	snp	74	59	0.4008	0.3028	0.5405	0.2373	-0.3033
Chr3	8477321	indel	50	25	0.44	0.34	0.6	0.24	-0.36
Chr3	8510037	snp	41	37	0.437	0.3316	0.7805	0.3514	-0.4291
Chr3	8516526	snp	76	67	0.383	0.3032	0.3947	0.0896	-0.3052
Chr3	8536106	snp	53	33	0.4368	0.331	0.6981	0.2727	-0.4254
Chr3	8536118	snp	51	34	0.4118	0.3235	0.6275	0.2941	-0.3333
Chr3	8550222	snp	52	29	0.4204	0.3322	0.7115	0.3793	-0.3322
Chr3	8551810	indel	37	44	0.4441	0.3292	0.8108	0.3409	-0.4699
Chr3	8553196	snp	56	36	0.4206	0.3175	0.8214	0.3333	-0.4881
Chr3	8553207	snp	58	30	0.4391	0.3333	0.8103	0.4333	-0.377
Chr3	8554303	snp	54	46	0.4211	0.3221	0.7222	0.3478	-0.3744
Chr3	8631912	indel	63	33	0.4214	0.3319	0.7302	0.303	-0.4271
Chr3	8632928	snp	68	45	0.4092	0.3147	0.4559	0.1333	-0.3225
Chr3	8633820	snp	57	43	0.4117	0.3125	0.6491	0.3023	-0.3468
Chr3	8760773	snp	88	80	0.3841	0.2943	0.4659	0.1125	-0.3534
Chr3	8760937	indel	106	87	0.3668	0.284	0.4623	0.1149	-0.3473
Chr3	8790251	indel	100	83	0.3808	0.2904	0.39	0.0602	-0.3298
Chr3	8790263	snp	96	72	0.3889	0.2986	0.4062	0.0556	-0.3507
Chr3	8792494	snp	78	51	0.3944	0.3024	0.6154	0.2745	-0.3409
Chr3	8796321	snp	51	37	0.4308	0.3275	0.7255	0.3784	-0.3471
Chr3	8797576	snp	41	38	0.4255	0.3331	0.6585	0.3158	-0.3427
Chr3	8797861	snp	48	35	0.4065	0.3161	0.625	0.1714	-0.4536
Chr3	8799332	snp	66	54	0.404	0.3098	0.5152	0.1852	-0.33
Chr3	8801571	snp	57	53	0.4012	0.3174	0.5088	0.1887	-0.3201
Chr3	8802155	snp	44	52	0.4161	0.3112	0.6364	0.2115	-0.4248
Chr3	8807442	indel	40	50	0.415	0.325	0.775	0.42	-0.355
Chr3	8807445	snp	37	48	0.4234	0.3361	0.7838	0.4167	-0.3671
Chr3	8807446	snp	38	46	0.4142	0.3238	0.7632	0.4348	-0.3284
Chr3	8808625	snp	64	36	0.4132	0.3264	0.8125	0.4444	-0.3681
Chr3	8808632	snp	60	37	0.4275	0.3279	0.8333	0.4595	-0.3739
Chr3	8811905	snp	121	94	0.3727	0.2889	0.4298	0.1383	-0.2915
Chr3	8813509	snp	48	27	0.4398	0.3403	0.6875	0.3333	-0.3542
Chr3	8816998	snp	45	38	0.4257	0.3287	0.5778	0.2368	-0.3409
Chr3	8818278	snp	56	49	0.4107	0.3163	0.6786	0.2653	-0.4133
Chr3	8818302	snp	54	35	0.4196	0.3222	0.7593	0.3429	-0.4164
Chr3	8818878	snp	48	64	0.4115	0.3125	0.5417	0.1562	-0.3854
Chr3	8822297	snp	37	36	0.4279	0.3408	0.7838	0.3611	-0.4227
Chr3	8822299	snp	38	36	0.4327	0.3289	0.8421	0.4167	-0.4254
Chr3	8824097	snp	53	46	0.4212	0.324	0.5849	0.2609	-0.324
Chr3	8824128	snp	54	50	0.4007	0.3111	0.6111	0.26	-0.3511
Chr3	8826541	snp	72	60	0.3889	0.2972	0.625	0.25	-0.375
Chr3	8827759	snp	45	34	0.4176	0.3294	0.8444	0.4412	-0.4033
Chr3	8833365	snp	79	75	0.3889	0.2908	0.481	0.1733	-0.3077
Chr3	8834916	snp	36	36	0.4167	0.3333	0.8056	0.3889	-0.4167
Chr3	8834917	snp	38	38	0.4474	0.3421	0.8158	0.3684	-0.4474
Chr3	8838870	snp	84	86	0.3774	0.2957	0.4643	0.1279	-0.3364
Chr3	8840324	snp	76	59	0.3923	0.3058	0.3947	0.0847	-0.31
Chr3	8841860	snp	100	67	0.3721	0.2875	0.43	0.1194	-0.3106
Chr3	8845024	snp	67	44	0.4145	0.3107	0.6119	0.2045	-0.4074
Chr3	8845072	snp	77	56	0.3831	0.3019	0.5714	0.2679	-0.3036
Chr3	8846522	snp	45	31	0.4351	0.3319	0.6	0.2258	-0.3742
Chr3	8846721	snp	41	51	0.4127	0.3152	0.7805	0.3725	-0.4079
Chr3	8851114	snp	95	87	0.3739	0.2887	0.3895	0.092	-0.2975
Chr3	8851237	snp	90	73	0.3782	0.2883	0.5222	0.1096	-0.4126
Chr3	8881126	snp	69	71	0.3874	0.2997	0.4638	0.1408	-0.3229
Chr3	8913616	snp	54	38	0.424	0.3294	0.6296	0.2105	-0.4191
Chr3	8913726	indel	86	70	0.3887	0.2957	0.4884	0.1429	-0.3455
Chr3	8917804	snp	82	62	0.393	0.2994	0.4024	0.0968	-0.3057
Chr3	8922458	snp	67	83	0.3888	0.2987	0.4776	0.1446	-0.333
Chr3	8922520	indel	40	49	0.4209	0.3235	0.475	0.1224	-0.3526
Chr3	8923084	snp	56	27	0.4385	0.3327	0.4286	0.0741	-0.3545
Chr3	8929130	snp	44	23	0.4585	0.3528	0.75	0.2609	-0.4891
Chr3	8929137	snp	44	24	0.4583	0.3485	0.75	0.2917	-0.4583
Chr3	8933049	snp	57	37	0.4139	0.3314	0.5789	0.2432	-0.3357
Chr3	8934302	snp	71	33	0.4174	0.3201	0.493	0.1515	-0.3414
Chr3	8934352	snp	80	50	0.41	0.305	0.5	0.14	-0.36
Chr3	8935031	snp	71	75	0.385	0.2967	0.4789	0.1333	-0.3455
Chr3	8938979	indel	44	30	0.4379	0.3379	0.8182	0.4	-0.4182
Chr3	8938982	snp	45	27	0.4296	0.3333	0.7556	0.3333	-0.4222
Chr3	8939001	snp	42	28	0.4524	0.3452	0.8095	0.3214	-0.4881
Chr3	8945045	snp	83	73	0.4007	0.2878	0.6265	0.3288	-0.2977
Chr3	8947074	snp	60	46	0.4043	0.3101	0.65	0.3043	-0.3457
Chr3	8947108	snp	59	50	0.4088	0.3149	0.6271	0.28	-0.3471
Chr3	8947547	snp	55	44	0.4	0.3182	0.5818	0.2045	-0.3773
Chr3	8950233	snp	53	49	0.4109	0.3246	0.6415	0.2449	-0.3966
Chr3	8957289	snp	56	65	0.3887	0.2964	0.5714	0.2462	-0.3253
Chr3	8959820	snp	61	45	0.416	0.3166	0.4754	0.1556	-0.3199
Chr3	8962890	snp	52	36	0.4209	0.3291	0.6923	0.3611	-0.3312
Chr3	8963837	snp	57	41	0.4129	0.3145	0.7368	0.3659	-0.371
Chr3	8964344	snp	83	69	0.3993	0.3005	0.4337	0.1014	-0.3323
Chr3	8968295	snp	75	71	0.385	0.2967	0.5467	0.2254	-0.3213
Chr3	8976356	snp	45	39	0.4291	0.3265	0.8	0.4103	-0.3897
Chr3	8979316	snp	46	36	0.4396	0.3394	0.6087	0.25	-0.3587
Chr3	8979346	snp	45	32	0.434	0.3368	0.6667	0.2812	-0.3854
Chr3	8979883	snp	60	65	0.3949	0.3038	0.6333	0.1846	-0.4487
Chr3	8998916	indel	56	59	0.3977	0.3057	0.5536	0.1864	-0.3671
Chr3	8998990	snp	53	44	0.4181	0.3195	0.566	0.2045	-0.3615
Chr3	9000868	snp	53	25	0.4558	0.3457	0.717	0.32	-0.397
Chr3	9007038	snp	37	34	0.4428	0.3426	0.7297	0.2059	-0.5238
Chr3	9007044	snp	45	34	0.4176	0.3294	0.6	0.2059	-0.3941
Chr3	9007740	snp	78	93	0.3999	0.2965	0.4615	0.1398	-0.3218
Chr3	9009854	snp	48	38	0.4243	0.33	0.7292	0.3421	-0.3871
Chr3	9009870	indel	57	45	0.4175	0.3135	0.6316	0.2889	-0.3427
Chr3	9010800	snp	83	52	0.3911	0.3044	0.4458	0.1346	-0.3112
Chr3	9012481	snp	68	48	0.4007	0.3113	0.6324	0.2292	-0.4032
Chr3	9012533	snp	53	39	0.4204	0.3203	0.6415	0.3077	-0.3338
Chr3	9014036	snp	55	50	0.4091	0.3164	0.5273	0.14	-0.3873
Chr3	9015393	snp	52	48	0.4038	0.3157	0.5962	0.2292	-0.367
Chr3	9016314	snp	62	62	0.4032	0.3065	0.5161	0.2097	-0.3065
Chr3	9028113	snp	64	44	0.4162	0.3168	0.6562	0.25	-0.4062
Chr3	9029331	snp	47	44	0.4309	0.3216	0.617	0.2045	-0.4125
Chr3	9029346	snp	47	34	0.4374	0.3279	0.5745	0.2353	-0.3392
Chr3	9030248	snp	47	34	0.4374	0.3279	0.8723	0.5	-0.3723
Chr3	9030275	snp	54	50	0.4007	0.3111	0.7037	0.34	-0.3637
Chr3	9032788	snp	44	41	0.4329	0.3193	0.5227	0.1463	-0.3764
Chr3	9032850	snp	40	27	0.4519	0.3435	0.625	0.2222	-0.4028
Chr3	9133008	snp	63	72	0.3889	0.3036	0.5079	0.1806	-0.3274
Chr3	9136702	snp	54	47	0.4058	0.3105	0.5741	0.234	-0.34
Chr3	9141284	indel	43	46	0.4196	0.3266	0.7442	0.3696	-0.3746
Chr3	9141299	snp	49	43	0.4177	0.3218	0.6939	0.3721	-0.3218
Chr3	9141392	indel	62	65	0.3975	0.306	0.629	0.2154	-0.4136
Chr3	9141405	snp	58	60	0.404	0.3161	0.5862	0.1333	-0.4529
Chr3	9141572	snp	60	44	0.4076	0.3152	0.65	0.3182	-0.3318
Chr3	9144766	snp	57	50	0.4116	0.3091	0.5614	0.24	-0.3214
Chr3	9146298	snp	48	34	0.435	0.3309	0.5625	0.2059	-0.3566
Chr3	9188958	snp	63	54	0.3889	0.3042	0.6032	0.2593	-0.3439
Chr3	9189648	snp	70	54	0.3968	0.3053	0.5571	0.1481	-0.409
Chr3	9191017	indel	55	27	0.4303	0.3387	0.6	0.1111	-0.4889
Chr3	9191025	snp	62	33	0.437	0.324	0.5484	0.1212	-0.4272
Chr3	9192332	snp	90	69	0.3821	0.2947	0.4111	0.1159	-0.2952
Chr3	9194484	snp	68	74	0.3915	0.2957	0.4559	0.1486	-0.3072
Chr3	9195635	snp	58	67	0.3958	0.3049	0.5	0.194	-0.306
Chr3	9195749	snp	57	48	0.4167	0.3191	0.5965	0.25	-0.3465
Chr3	9195801	snp	68	50	0.4047	0.3112	0.5	0.16	-0.34
Chr3	9197506	snp	41	59	0.4117	0.3154	0.6098	0.2373	-0.3725
Chr3	9197531	snp	46	61	0.4116	0.3083	0.6304	0.2623	-0.3681
Chr3	9197701	snp	67	72	0.3939	0.2946	0.597	0.2222	-0.3748
Chr3	9197782	indel	41	36	0.4295	0.3354	0.8537	0.4722	-0.3814
Chr3	9198818	snp	54	38	0.424	0.3294	0.6481	0.1842	-0.4639
Chr3	9198844	snp	47	22	0.472	0.3598	0.7872	0.3182	-0.4691
Chr3	9200945	indel	36	38	0.4327	0.3289	0.6111	0.2632	-0.348
Chr3	9202867	indel	49	35	0.4245	0.3306	0.9184	0.5143	-0.4041
Chr3	9206403	snp	95	95	0.3789	0.2842	0.4105	0.1263	-0.2842
Chr3	9206796	snp	42	37	0.4247	0.3346	0.5238	0.1892	-0.3346
Chr3	9206919	snp	30	21	0.4762	0.3762	0.5667	0.1429	-0.4238
Chr3	9207879	snp	40	18	0.4833	0.3667	0.625	0.0	-0.625
Chr3	9210157	indel	63	63	0.3968	0.3016	0.5238	0.2063	-0.3175
Chr3	9212940	indel	51	43	0.4181	0.3288	0.8235	0.4884	-0.3352
Chr3	9214276	snp	47	37	0.4204	0.3255	0.6596	0.2973	-0.3623
Chr3	9218087	snp	86	96	0.3852	0.2909	0.4302	0.125	-0.3052
Chr3	9219490	snp	45	39	0.4291	0.3265	0.7333	0.3846	-0.3487
Chr3	9219979	snp	54	41	0.4101	0.3144	0.6111	0.2927	-0.3184
Chr3	9220038	snp	48	50	0.4092	0.3225	0.6458	0.28	-0.3658
Chr3	9223438	snp	72	62	0.3992	0.3024	0.4861	0.1613	-0.3248
Chr3	9224125	snp	78	77	0.38	0.292	0.4615	0.1688	-0.2927
Chr3	9229661	snp	59	40	0.411	0.3119	0.4915	0.075	-0.4165
Chr3	9229688	snp	48	26	0.4423	0.3413	0.5417	0.1538	-0.3878
Chr3	9230339	snp	37	24	0.4696	0.3694	0.7297	0.2917	-0.4381
Chr3	9231190	snp	82	68	0.3985	0.2934	0.4512	0.1471	-0.3042
Chr3	9231604	snp	54	40	0.4167	0.3306	0.7778	0.425	-0.3528
Chr3	9234249	snp	54	39	0.4217	0.3248	0.7407	0.2564	-0.4843
Chr3	9235724	snp	59	54	0.3927	0.3107	0.5593	0.2407	-0.3186
Chr3	9235805	snp	43	36	0.4335	0.3359	0.6512	0.3056	-0.3456
Chr3	9235873	snp	39	30	0.459	0.341	0.7692	0.4	-0.3692
Chr3	9237334	snp	65	39	0.4103	0.3179	0.4154	0.0769	-0.3385
Chr3	9267648	snp	83	74	0.3986	0.2963	0.4096	0.1081	-0.3015
Chr3	9268184	snp	101	122	0.3706	0.2812	0.4059	0.0902	-0.3158
Chr3	9269724	snp	53	48	0.4104	0.3141	0.6038	0.25	-0.3538
Chr3	9270285	snp	46	29	0.4453	0.3381	0.7609	0.3103	-0.4505
Chr3	9271055	snp	74	67	0.3971	0.2975	0.5405	0.194	-0.3465
Chr3	9273167	snp	86	68	0.3748	0.2958	0.4302	0.1324	-0.2979
Chr3	9275628	snp	56	34	0.4097	0.3204	0.5893	0.2647	-0.3246
Chr3	9275694	snp	49	40	0.4209	0.3235	0.7551	0.425	-0.3301
Chr3	9277333	snp	44	29	0.4514	0.348	0.8182	0.4138	-0.4044
Chr3	9277866	snp	76	58	0.3911	0.3008	0.4342	0.069	-0.3652
Chr3	9291146	snp	64	47	0.4036	0.3102	0.5469	0.2128	-0.3341
Chr3	9291706	snp	35	41	0.4383	0.3317	0.5714	0.2195	-0.3519
Chr3	9292073	indel	42	37	0.4247	0.3346	0.6667	0.3243	-0.3423
Chr3	9292196	snp	98	66	0.3902	0.2996	0.5	0.1818	-0.3182
Chr3	9292576	indel	58	48	0.4052	0.3175	0.6379	0.2292	-0.4088
Chr3	9292969	snp	47	28	0.4316	0.3457	0.617	0.2143	-0.4027
Chr3	9304278	snp	47	31	0.4345	0.3466	0.8723	0.4516	-0.4207
Chr3	9307855	indel	96	93	0.376	0.29	0.4062	0.086	-0.3202
Chr3	9311243	snp	83	93	0.3723	0.288	0.4217	0.129	-0.2927
Chr3	9312534	indel	31	32	0.4587	0.3387	0.6129	0.25	-0.3629
Chr3	9312866	snp	38	40	0.4368	0.3368	0.4737	0.075	-0.3987
Chr3	9312925	snp	47	17	0.4668	0.3605	0.5106	0.1176	-0.393
Chr3	9323922	snp	44	40	0.4227	0.3295	0.7273	0.375	-0.3523
Chr3	9324051	snp	74	78	0.3822	0.2976	0.4595	0.141	-0.3184
Chr3	9325873	snp	59	57	0.3967	0.309	0.5763	0.2632	-0.3131
Chr3	9334626	snp	63	52	0.409	0.308	0.5873	0.2115	-0.3758
Chr3	9334681	snp	49	47	0.4155	0.3178	0.7143	0.2766	-0.4377
Chr3	9335330	snp	76	70	0.3808	0.2996	0.4737	0.1714	-0.3023
Chr3	9335873	snp	57	35	0.414	0.3173	0.614	0.2	-0.414
Chr3	9337186	snp	46	38	0.4142	0.3238	0.5652	0.2368	-0.3284
Chr3	9337766	snp	70	46	0.4174	0.3161	0.6143	0.2826	-0.3317
Chr3	9338708	snp	45	48	0.4153	0.3181	0.5333	0.1667	-0.3667
Chr3	9342677	snp	49	42	0.415	0.3231	0.6939	0.3333	-0.3605
Chr3	9343176	snp	50	30	0.4467	0.34	0.76	0.2333	-0.5267
Chr3	9343194	snp	44	24	0.4583	0.3485	0.8182	0.2917	-0.5265
Chr3	9346399	snp	86	35	0.4066	0.3126	0.4302	0.0857	-0.3445
Chr3	9348078	snp	64	29	0.4337	0.3362	0.5156	0.1724	-0.3432
Chr3	9348168	snp	74	55	0.3936	0.3079	0.473	0.1455	-0.3275
Chr3	9348539	snp	42	42	0.4286	0.3095	0.6429	0.2857	-0.3571
Chr3	9351018	snp	42	42	0.4286	0.3095	0.4524	0.119	-0.3333
Chr3	9354760	snp	75	52	0.3872	0.3013	0.4933	0.1731	-0.3203
Chr3	9356305	snp	43	37	0.4318	0.3344	0.6977	0.3514	-0.3463
Chr3	9356654	snp	50	40	0.415	0.325	0.44	0.1	-0.34
Chr3	9356738	snp	41	30	0.4472	0.3407	0.5122	0.1	-0.4122
Chr3	9357448	snp	40	46	0.4391	0.3293	0.65	0.2174	-0.4326
Chr3	9357693	indel	78	55	0.3823	0.2944	0.4487	0.1273	-0.3214
Chr3	9358183	snp	73	57	0.4004	0.3028	0.6164	0.2105	-0.4059
Chr3	9359155	snp	43	31	0.4434	0.3413	0.6977	0.2581	-0.4396
Chr3	9359194	snp	35	28	0.4571	0.3429	0.7714	0.3571	-0.4143
Chr3	9360663	indel	69	50	0.3832	0.3067	0.5797	0.22	-0.3597
Chr3	9360697	snp	55	39	0.4089	0.3179	0.6727	0.2821	-0.3907
Chr3	9369402	snp	86	76	0.3788	0.2959	0.4419	0.1447	-0.2971
Chr3	9385413	snp	57	51	0.4056	0.3189	0.4912	0.1569	-0.3344
Chr3	9386974	snp	57	40	0.4241	0.3189	0.6491	0.325	-0.3241
Chr3	9389329	snp	65	31	0.4203	0.3236	0.6308	0.2903	-0.3404
Chr3	9389780	indel	37	13	0.5218	0.395	0.7027	0.3077	-0.395
Chr3	9392086	snp	59	35	0.4252	0.3254	0.6271	0.2857	-0.3414
Chr3	9393583	indel	55	60	0.3955	0.3076	0.6727	0.2667	-0.4061
Chr3	9394645	snp	42	44	0.4188	0.3247	0.7381	0.3864	-0.3517
Chr3	9394820	snp	64	60	0.3865	0.3052	0.5938	0.25	-0.3438
Chr3	9394867	snp	41	36	0.4295	0.3354	0.7561	0.3889	-0.3672
Chr3	9395316	snp	54	58	0.4183	0.3123	0.7037	0.2241	-0.4796
Chr3	9395566	snp	87	85	0.3747	0.2924	0.4713	0.1294	-0.3419
Chr3	9396502	snp	45	41	0.4228	0.3274	0.7111	0.2439	-0.4672
Chr3	9401669	snp	60	37	0.4275	0.3279	0.6	0.2703	-0.3297
Chr3	9401993	snp	76	67	0.383	0.3032	0.5395	0.1642	-0.3753
Chr3	9411609	snp	79	54	0.3863	0.3036	0.519	0.1296	-0.3894
Chr3	9411685	snp	47	29	0.4505	0.3412	0.6809	0.3103	-0.3705
Chr3	9411708	snp	53	34	0.4206	0.3246	0.6226	0.2353	-0.3873
Chr3	9413853	snp	98	85	0.3691	0.2797	0.3776	0.0824	-0.2952
Chr3	9414236	indel	91	61	0.387	0.2987	0.4176	0.0984	-0.3192
Chr3	9472608	snp	102	67	0.3775	0.2902	0.4804	0.1493	-0.3311
Chr3	9516372	indel	42	24	0.4405	0.3452	0.7619	0.4167	-0.3452
Chr3	9518035	snp	65	64	0.3954	0.3017	0.5538	0.25	-0.3038
Chr3	9519529	indel	82	64	0.3979	0.3045	0.439	0.125	-0.314
Chr3	9519664	snp	80	61	0.3893	0.2996	0.4375	0.0984	-0.3391
Chr3	9522064	indel	72	73	0.3662	0.2953	0.5417	0.1918	-0.3499
Chr3	9526446	indel	78	80	0.3798	0.2901	0.4744	0.1625	-0.3119
Chr3	9534671	snp	108	90	0.3759	0.2889	0.4537	0.1556	-0.2981
Chr3	9539685	snp	100	100	0.37	0.29	0.41	0.12	-0.29
Chr3	9548862	snp	85	75	0.378	0.2902	0.4235	0.0933	-0.3302
Chr3	9558599	indel	83	59	0.3866	0.2996	0.4217	0.1186	-0.303
Chr3	9558953	indel	72	56	0.4107	0.3095	0.4583	0.1071	-0.3512
Chr3	9558954	snp	66	55	0.4091	0.3061	0.4091	0.0909	-0.3182
Chr3	9559204	indel	59	90	0.3902	0.3049	0.4407	0.1	-0.3407
Chr3	9566681	indel	124	100	0.3613	0.2829	0.4839	0.18	-0.3039
Chr3	9583928	snp	34	9	0.5719	0.4477	0.5	0.0	-0.5
Chr3	9584085	snp	56	25	0.4471	0.3457	0.3929	0.04	-0.3529
Chr3	9586258	indel	51	37	0.4308	0.3275	0.5098	0.1351	-0.3747
Chr3	9597742	indel	70	91	0.3912	0.2956	0.4571	0.0989	-0.3582
Chr3	9597766	snp	78	87	0.3798	0.3011	0.3974	0.092	-0.3055
Chr3	9599731	snp	97	94	0.3829	0.2928	0.4227	0.117	-0.3057
Chr3	9619335	snp	49	52	0.4223	0.3214	0.551	0.1923	-0.3587
Chr3	9619456	indel	97	123	0.3628	0.2815	0.4227	0.1382	-0.2845
Chr3	9627144	indel	18	18	0.5556	0.3889	0.4444	0.0556	-0.3889
Chr3	9627837	snp	65	46	0.4033	0.3084	0.4769	0.1304	-0.3465
Chr3	9630142	snp	68	36	0.4248	0.3252	0.5441	0.1667	-0.3775
Chr3	9630492	snp	64	55	0.4045	0.3108	0.5156	0.1455	-0.3702
Chr3	9633369	snp	48	41	0.4162	0.3216	0.6042	0.2195	-0.3847
Chr3	9634866	snp	61	44	0.3994	0.3148	0.6557	0.2955	-0.3603
Chr3	9636648	snp	43	20	0.4674	0.3616	0.5349	0.15	-0.3849
Chr3	9640877	snp	27	20	0.5037	0.3907	0.7407	0.25	-0.4907
Chr3	9640955	indel	33	27	0.4512	0.3468	0.6364	0.2222	-0.4141
Chr3	9640967	snp	35	24	0.4512	0.3655	0.6571	0.2083	-0.4488
Chr3	9660855	snp	78	56	0.402	0.3022	0.5	0.1964	-0.3036
Chr3	9662178	indel	62	55	0.405	0.3059	0.5484	0.1818	-0.3666
Chr3	9662206	indel	50	38	0.4179	0.3189	0.58	0.2105	-0.3695
Chr3	9662222	snp	43	33	0.4412	0.3432	0.7442	0.3636	-0.3805
Chr3	9662223	snp	43	33	0.4412	0.3432	0.7442	0.3636	-0.3805
Chr3	9662312	indel	33	27	0.4512	0.3468	0.8485	0.3704	-0.4781
Chr3	9662318	snp	36	28	0.4524	0.3492	0.8333	0.4286	-0.4048
Chr3	9662320	snp	37	32	0.4569	0.3446	0.8108	0.4062	-0.4046
Chr3	9667334	snp	73	57	0.4004	0.3028	0.4658	0.1228	-0.3429
Chr3	9679830	snp	92	99	0.3755	0.2902	0.3913	0.101	-0.2903
Chr3	9687072	indel	73	71	0.3884	0.294	0.4658	0.169	-0.2967
Chr3	9734487	snp	29	15	0.5218	0.3908	0.4828	0.0667	-0.4161
Chr3	9739151	snp	44	60	0.4076	0.3152	0.5682	0.2333	-0.3348
Chr3	9743682	snp	54	43	0.4195	0.3226	0.7037	0.3256	-0.3781
Chr3	9744205	snp	43	43	0.4186	0.3256	0.6047	0.2558	-0.3488
Chr3	9744227	snp	31	31	0.4516	0.3548	0.8387	0.4194	-0.4194
Chr3	9744866	indel	43	48	0.4157	0.3154	0.7674	0.2708	-0.4966
Chr3	9744947	snp	49	51	0.4218	0.3205	0.6327	0.2157	-0.417
Chr3	9746075	snp	46	25	0.4626	0.3504	0.6087	0.2	-0.4087
Chr3	9748655	snp	63	61	0.389	0.306	0.5079	0.1967	-0.3112
Chr3	9751834	snp	84	73	0.3891	0.2921	0.4881	0.1918	-0.2963
Chr3	9752799	snp	40	34	0.4279	0.3309	0.825	0.4412	-0.3838
Chr3	9752806	snp	44	40	0.4227	0.3295	0.75	0.35	-0.4
Chr3	9754099	snp	70	39	0.4092	0.3125	0.6286	0.3077	-0.3209
Chr3	9830931	indel	57	49	0.41	0.3165	0.6316	0.2449	-0.3867
Chr3	9831287	snp	38	36	0.4327	0.3289	0.8421	0.3056	-0.5365
Chr3	9831292	snp	41	28	0.4477	0.3467	0.8537	0.4286	-0.4251
Chr3	9876412	indel	10	17	0.5882	0.4471	0.0	0.4706	0.4706
Chr3	9896136	indel	54	60	0.4056	0.3093	0.7222	0.35	-0.3722
Chr3	9896163	snp	45	46	0.4266	0.3203	0.7111	0.3696	-0.3415
Chr3	9941980	indel	41	44	0.4329	0.3193	0.7317	0.4091	-0.3226
Chr3	9943116	snp	52	32	0.4303	0.3293	0.4615	0.125	-0.3365
Chr3	9943429	indel	104	77	0.3762	0.2931	0.4135	0.1169	-0.2966
Chr3	9944000	snp	111	90	0.3757	0.2853	0.4775	0.1667	-0.3108
Chr3	9949198	indel	52	42	0.4212	0.3141	0.4038	0.0714	-0.3324
Chr3	9950590	indel	57	49	0.41	0.3165	0.4737	0.1429	-0.3308
Chr3	9953461	snp	63	66	0.3997	0.3074	0.4921	0.1061	-0.386
Chr3	9954179	snp	48	38	0.4243	0.33	0.5625	0.2105	-0.352
Chr3	9954212	snp	35	24	0.4512	0.3655	0.7714	0.3333	-0.4381
Chr3	9954439	snp	68	36	0.4248	0.3252	0.6029	0.1944	-0.4085
Chr3	9955165	snp	71	72	0.3975	0.3005	0.493	0.1528	-0.3402
Chr3	9958536	snp	41	39	0.424	0.3252	0.6341	0.2821	-0.3521
Chr3	9959019	snp	94	102	0.3834	0.2885	0.4468	0.1471	-0.2997
Chr3	9959676	snp	91	89	0.3792	0.289	0.5275	0.2135	-0.314
Chr3	9970897	snp	45	30	0.4444	0.3444	0.8	0.2333	-0.5667
Chr3	9971519	snp	53	38	0.4161	0.3217	0.6415	0.2895	-0.352
Chr3	9971547	snp	49	29	0.4398	0.3427	0.6735	0.3103	-0.3631
Chr3	9981962	indel	105	79	0.3817	0.2903	0.4286	0.0633	-0.3653
Chr3	9988588	indel	91	71	0.3883	0.2914	0.4615	0.1549	-0.3066
Chr3	10033239	snp	98	88	0.3813	0.2894	0.4388	0.1364	-0.3024
Chr3	10036575	snp	75	79	0.3889	0.2908	0.3867	0.0886	-0.2981
Chr3	10049448	snp	65	63	0.3927	0.3028	0.4462	0.1429	-0.3033
Chr3	10050291	snp	46	49	0.4264	0.323	0.7174	0.2653	-0.4521
Chr3	10050382	snp	82	64	0.3979	0.3045	0.4878	0.1719	-0.3159
Chr3	10050654	snp	40	30	0.45	0.3417	0.75	0.3	-0.45
Chr3	10051185	indel	38	26	0.4656	0.3502	0.5789	0.1923	-0.3866
Chr3	10051186	indel	53	32	0.4163	0.3284	0.5472	0.1875	-0.3597
Chr3	10053935	snp	54	46	0.4211	0.3221	0.5185	0.1957	-0.3229
Chr3	10054165	snp	53	35	0.4216	0.3186	0.4906	0.1429	-0.3477
Chr3	10054218	snp	53	34	0.4206	0.3246	0.4528	0.0588	-0.394
Chr3	10067352	snp	47	63	0.4272	0.3056	0.5957	0.2381	-0.3576
Chr3	10067370	snp	45	58	0.4008	0.3123	0.6222	0.2414	-0.3808
Chr3	10068172	snp	40	31	0.4419	0.3347	0.7	0.3548	-0.3452
Chr3	10068181	indel	34	29	0.4503	0.3469	0.8235	0.4138	-0.4097
Chr3	10068681	snp	81	107	0.3739	0.2925	0.4568	0.1215	-0.3353
Chr3	10068788	snp	57	60	0.3868	0.3096	0.5965	0.2	-0.3965
Chr3	10070134	snp	90	92	0.3729	0.285	0.4111	0.1196	-0.2915
Chr3	10077653	indel	43	42	0.4324	0.3383	0.814	0.381	-0.433
Chr3	10088282	snp	66	44	0.3939	0.3182	0.5758	0.2045	-0.3712
Chr3	10103600	snp	78	80	0.3798	0.2901	0.4103	0.1125	-0.2978
Chr3	10109205	snp	60	19	0.4649	0.3561	0.4833	0.1053	-0.3781
Chr3	10109223	indel	74	20	0.4581	0.3527	0.5541	0.2	-0.3541
Chr3	10194406	indel	42	31	0.4493	0.3287	0.8333	0.4516	-0.3817
Chr3	10199469	snp	50	79	0.4109	0.3056	0.46	0.0886	-0.3714
Chr3	10202889	snp	70	53	0.4022	0.3078	0.5429	0.1509	-0.3919
Chr3	10202953	snp	51	42	0.4146	0.3179	0.5686	0.2381	-0.3305
Chr3	10203187	snp	19	12	0.5614	0.4342	0.7368	0.1667	-0.5702
Chr3	10203242	snp	36	42	0.4444	0.3333	0.4722	0.0952	-0.377
Chr3	10203260	snp	43	52	0.4092	0.3202	0.4419	0.0769	-0.3649
Chr3	10203723	snp	54	41	0.4101	0.3144	0.5556	0.1707	-0.3848
Chr3	10203754	snp	42	22	0.4632	0.3571	0.7143	0.2273	-0.487
Chr3	10203784	snp	28	15	0.5143	0.4071	0.6786	0.2	-0.4786
Chr3	10213131	snp	82	66	0.4013	0.3019	0.4024	0.0909	-0.3115
Chr3	10215310	indel	54	41	0.4101	0.3144	0.4259	0.0732	-0.3528
Chr3	10220009	indel	87	51	0.4003	0.3056	0.5862	0.2353	-0.3509
Chr3	10220129	snp	47	34	0.4374	0.3279	0.617	0.2059	-0.4111
Chr3	10225060	indel	22	20	0.5182	0.3909	0.4091	0.0	-0.4091
Chr3	10225420	snp	31	29	0.4638	0.356	0.6129	0.2069	-0.406
Chr3	10225443	indel	42	48	0.4167	0.3155	0.4524	0.125	-0.3274
Chr3	10226927	snp	67	63	0.4037	0.3196	0.4179	0.0952	-0.3227
Chr3	10228783	snp	40	38	0.4368	0.3368	0.625	0.2105	-0.4145
Chr3	10234063	snp	50	26	0.4508	0.3354	0.66	0.2308	-0.4292
Chr3	10234090	snp	42	26	0.4505	0.3443	0.8095	0.2692	-0.5403
Chr3	10337024	snp	40	19	0.4921	0.3816	0.75	0.3158	-0.4342
Chr3	10353133	snp	41	32	0.4505	0.3354	0.6585	0.1875	-0.471
Chr3	10353163	snp	48	37	0.4234	0.3361	0.5208	0.1351	-0.3857
Chr3	10353456	snp	58	30	0.4391	0.3333	0.6034	0.2333	-0.3701
Chr3	10355231	snp	44	55	0.4	0.3182	0.5455	0.2	-0.3455
Chr3	10365833	snp	59	58	0.4173	0.3162	0.4237	0.0517	-0.372
Chr3	10373716	snp	43	30	0.4481	0.3411	0.7442	0.4	-0.3442
Chr3	10374654	indel	108	66	0.383	0.2955	0.4074	0.1061	-0.3013
Chr3	10386069	snp	44	23	0.4585	0.3528	0.7727	0.3478	-0.4249
Chr3	10386561	snp	46	48	0.4058	0.317	0.6957	0.2917	-0.404
Chr3	10388497	snp	67	52	0.3958	0.3063	0.5373	0.1731	-0.3642
Chr3	10389718	snp	59	40	0.411	0.3119	0.6271	0.25	-0.3771
Chr3	10391459	snp	89	95	0.383	0.2904	0.4831	0.1368	-0.3463
Chr3	10394942	snp	105	77	0.3844	0.2944	0.4857	0.1429	-0.3429
Chr3	10395752	snp	47	45	0.4142	0.3225	0.617	0.2667	-0.3504
Chr3	10397054	snp	53	43	0.4103	0.3247	0.6792	0.3256	-0.3537
Chr3	10397058	snp	52	43	0.4092	0.3202	0.6923	0.3023	-0.39
Chr3	10399072	snp	55	34	0.4219	0.3283	0.7636	0.3235	-0.4401
Chr3	10399506	indel	40	38	0.4368	0.3368	0.675	0.2105	-0.4645
Chr3	10399523	snp	49	48	0.4026	0.3197	0.6122	0.2083	-0.4039
Chr3	10405556	snp	88	66	0.3826	0.2992	0.5341	0.2273	-0.3068
Chr3	10413269	snp	97	87	0.3836	0.294	0.4227	0.1264	-0.2962
Chr3	10419502	indel	65	72	0.4006	0.3	0.5846	0.2222	-0.3624
Chr3	10427338	snp	67	55	0.3989	0.3113	0.5672	0.2364	-0.3308
Chr3	10428795	snp	52	53	0.4118	0.3153	0.5962	0.2642	-0.332
Chr3	10431963	snp	42	33	0.4351	0.3442	0.7381	0.3939	-0.3442
Chr3	10432867	snp	85	61	0.3965	0.3049	0.4353	0.1148	-0.3205
Chr3	10435150	snp	57	38	0.4211	0.3158	0.5965	0.2368	-0.3596
Chr3	10435378	snp	72	61	0.4005	0.301	0.4861	0.1803	-0.3058
Chr3	10435438	snp	76	59	0.3923	0.3058	0.5132	0.1525	-0.3606
Chr3	10436857	indel	88	93	0.3795	0.2951	0.4659	0.1505	-0.3154
Chr3	10437658	snp	43	22	0.4693	0.3552	0.6977	0.2727	-0.4249
Chr3	10441305	snp	47	43	0.4231	0.3261	0.7234	0.2326	-0.4908
Chr3	10442286	snp	59	43	0.4218	0.3205	0.6271	0.3023	-0.3248
Chr3	10443716	snp	45	31	0.4351	0.3319	0.6	0.129	-0.471
Chr3	10444111	snp	43	33	0.4412	0.3432	0.7442	0.3333	-0.4109
Chr3	10444177	snp	44	24	0.4583	0.3485	0.7727	0.25	-0.5227
Chr3	10444187	indel	46	31	0.4369	0.3394	0.7609	0.2258	-0.5351
Chr3	10445008	snp	45	27	0.4296	0.3333	0.7111	0.3333	-0.3778
Chr3	10446629	snp	35	38	0.4316	0.3391	0.6	0.2105	-0.3895
Chr3	10456924	snp	78	56	0.402	0.3022	0.5513	0.2321	-0.3191
Chr3	10456978	snp	64	49	0.4161	0.3128	0.5625	0.2041	-0.3584
Chr3	10457259	snp	55	34	0.4219	0.3283	0.6727	0.3235	-0.3492
Chr3	10463882	indel	54	54	0.3889	0.2963	0.6852	0.2778	-0.4074
Chr3	10464501	snp	92	72	0.3883	0.2953	0.5	0.1944	-0.3056
Chr3	10467040	snp	42	31	0.4493	0.3287	0.6429	0.1935	-0.4493
Chr3	10471116	snp	59	54	0.3927	0.3107	0.4576	0.1296	-0.328
Chr3	10471319	snp	41	43	0.426	0.3284	0.6341	0.2791	-0.3551
Chr3	10474429	snp	51	31	0.4168	0.3359	0.6275	0.2903	-0.3371
Chr3	10474487	indel	72	50	0.3978	0.3033	0.5694	0.26	-0.3094
Chr3	10475853	snp	52	58	0.3952	0.305	0.5577	0.1379	-0.4198
Chr3	10475867	indel	56	73	0.3855	0.2979	0.5714	0.1507	-0.4207
Chr3	10489477	snp	59	42	0.4189	0.3208	0.6271	0.2857	-0.3414
Chr3	10489892	snp	40	39	0.4423	0.341	0.75	0.2821	-0.4679
Chr3	10490251	snp	48	40	0.4375	0.3333	0.6458	0.3	-0.3458
Chr3	10494436	snp	52	45	0.4021	0.3115	0.6923	0.3111	-0.3812
Chr3	10494458	indel	67	62	0.395	0.3091	0.5373	0.2258	-0.3115
Chr3	10499811	snp	40	35	0.425	0.3321	0.6	0.2	-0.4
Chr3	10499956	snp	58	48	0.4052	0.3175	0.4828	0.1458	-0.3369
Chr3	10501047	snp	62	53	0.3999	0.3028	0.629	0.3019	-0.3271
Chr3	10502261	snp	42	39	0.4267	0.3352	0.6429	0.2308	-0.4121
Chr3	10504898	snp	46	31	0.4369	0.3394	0.6739	0.2903	-0.3836
Chr3	10504902	snp	43	30	0.4481	0.3411	0.6977	0.3333	-0.3643
Chr3	10507361	snp	59	37	0.4178	0.3234	0.6271	0.2432	-0.3839
Chr3	10507380	snp	45	28	0.4476	0.3452	0.7556	0.25	-0.5056
Chr3	10514478	snp	55	38	0.4297	0.3225	0.5636	0.2368	-0.3268
Chr3	10514668	snp	70	49	0.398	0.3122	0.5714	0.2449	-0.3265
Chr3	10523818	snp	42	46	0.4182	0.3271	0.5238	0.1957	-0.3282
Chr3	10558908	snp	33	35	0.4416	0.3472	0.697	0.2286	-0.4684
Chr3	10558933	snp	25	24	0.4717	0.3833	0.88	0.4167	-0.4633
Chr3	10559203	snp	55	44	0.4	0.3182	0.6	0.2045	-0.3955
Chr3	10560054	snp	62	55	0.405	0.3059	0.7258	0.3636	-0.3622
Chr3	10560070	snp	57	49	0.41	0.3165	0.8246	0.3878	-0.4368
Chr3	10560760	snp	38	31	0.4406	0.3472	0.6579	0.2903	-0.3676
Chr3	10561148	indel	51	50	0.4078	0.3086	0.6275	0.28	-0.3475
Chr3	10563447	snp	39	30	0.459	0.341	0.8205	0.4	-0.4205
Chr3	10566060	snp	55	52	0.4024	0.3094	0.6	0.25	-0.35
Chr3	10566574	snp	47	40	0.416	0.3271	0.617	0.275	-0.342
Chr3	10587242	snp	47	20	0.467	0.3596	0.5957	0.15	-0.4457
Chr3	10587556	snp	17	15	0.5647	0.4314	0.7059	0.2667	-0.4392
Chr3	10590901	snp	43	30	0.4481	0.3411	0.7907	0.3667	-0.424
Chr3	10593625	indel	57	38	0.4211	0.3158	0.6491	0.3158	-0.3333
Chr3	10593641	snp	50	33	0.4382	0.3267	0.72	0.3636	-0.3564
Chr3	10598981	indel	66	54	0.404	0.3098	0.5	0.1852	-0.3148
Chr3	10608731	indel	39	19	0.4831	0.3765	0.6923	0.2105	-0.4818
Chr3	10608766	snp	39	21	0.4799	0.359	0.7179	0.1905	-0.5275
Chr3	10608818	snp	48	40	0.4375	0.3333	0.5208	0.175	-0.3458
Chr3	10609262	snp	51	51	0.4314	0.3333	0.7647	0.2941	-0.4706
Chr3	10609278	snp	58	57	0.3911	0.3043	0.6552	0.2281	-0.4271
Chr3	10622807	snp	112	79	0.3539	0.2803	0.3571	0.0759	-0.2812
Chr3	10624589	snp	97	51	0.3916	0.2996	0.4021	0.098	-0.304
Chr3	10634089	indel	36	44	0.4394	0.3359	0.8056	0.3636	-0.4419
Chr3	10634091	snp	36	45	0.4333	0.3333	0.7778	0.3111	-0.4667
Chr3	10634740	snp	52	47	0.4116	0.3196	0.5192	0.1915	-0.3277
Chr3	10635047	snp	29	32	0.4741	0.3524	0.7586	0.3125	-0.4461
Chr3	10636838	snp	63	40	0.4167	0.3214	0.5556	0.225	-0.3306
Chr3	10637872	snp	45	52	0.4021	0.3115	0.4444	0.1154	-0.3291
Chr3	10645115	indel	87	95	0.3739	0.2887	0.4253	0.1263	-0.299
Chr3	10672914	snp	88	108	0.3725	0.2866	0.3977	0.0926	-0.3051
Chr3	10706471	snp	64	73	0.3938	0.3022	0.4531	0.0685	-0.3846
Chr3	10706505	indel	80	75	0.3733	0.2917	0.5375	0.1333	-0.4042
Chr3	10744299	indel	98	83	0.3732	0.2871	0.449	0.1566	-0.2924
Chr3	10761415	indel	85	82	0.3867	0.2917	0.3647	0.0488	-0.3159
Chr3	10761425	snp	86	87	0.3768	0.2951	0.3721	0.069	-0.3031
Chr3	10781503	snp	49	40	0.4209	0.3235	0.5306	0.125	-0.4056
Chr3	10785408	snp	56	59	0.3977	0.3057	0.4464	0.1356	-0.3108
Chr3	10944549	indel	72	61	0.4005	0.301	0.4722	0.1639	-0.3083
Chr3	10944942	snp	84	81	0.384	0.2945	0.4167	0.0988	-0.3179
Chr3	10950770	snp	105	90	0.3825	0.2889	0.4571	0.1556	-0.3016
Chr3	10988976	snp	32	42	0.442	0.3393	0.75	0.3333	-0.4167
Chr3	11118485	indel	99	81	0.3793	0.2907	0.4141	0.1235	-0.2907
Chr3	11128283	indel	106	62	0.3795	0.2934	0.5	0.1613	-0.3387
Chr3	11130311	snp	95	77	0.3781	0.2915	0.4	0.0909	-0.3091
Chr3	11160229	snp	15	14	0.5286	0.4429	0.6667	0.1429	-0.5238
Chr3	11160231	snp	18	15	0.5556	0.4222	0.5556	0.1333	-0.4222
Chr3	11177570	snp	57	47	0.4225	0.3251	0.3684	0.0426	-0.3259
Chr3	11191702	snp	61	54	0.3922	0.3139	0.4262	0.037	-0.3892
Chr3	11198476	snp	48	35	0.4065	0.3161	0.7292	0.3429	-0.3863
Chr3	11201117	indel	70	68	0.3937	0.3063	0.5714	0.2647	-0.3067
Chr3	11201375	snp	47	33	0.4294	0.3295	0.617	0.2727	-0.3443
Chr3	11202737	snp	51	50	0.4078	0.3086	0.5882	0.24	-0.3482
Chr3	11202764	snp	31	30	0.4441	0.3452	0.8065	0.4	-0.4065
Chr3	11203611	snp	51	45	0.4118	0.3229	0.5294	0.1333	-0.3961
Chr3	11204047	snp	42	37	0.4247	0.3346	0.7143	0.3784	-0.3359
Chr3	11206219	snp	35	31	0.4488	0.3456	0.6571	0.2581	-0.3991
Chr3	11207079	indel	42	32	0.442	0.3393	0.6429	0.2188	-0.4241
Chr3	11209805	indel	18	24	0.5139	0.4028	0.6111	0.1667	-0.4444
Chr3	11214286	snp	38	34	0.4427	0.3375	0.4211	0.0588	-0.3622
Chr3	11229175	snp	18	18	0.5556	0.3889	0.6111	0.2222	-0.3889
Chr3	11235919	snp	32	14	0.5134	0.4018	0.5312	0.0714	-0.4598
Chr3	11245890	snp	43	41	0.426	0.3284	0.5814	0.2195	-0.3619
Chr3	11245891	snp	44	43	0.4239	0.3319	0.5909	0.2326	-0.3584
Chr3	11254113	snp	41	19	0.4929	0.3748	0.6585	0.2105	-0.448
Chr3	11275990	snp	76	49	0.4176	0.3096	0.4211	0.102	-0.319
Chr3	11277583	snp	90	89	0.3747	0.2959	0.4	0.0899	-0.3101
Chr3	11277602	snp	103	88	0.3827	0.2963	0.3883	0.0909	-0.2974
Chr3	11278711	snp	37	26	0.4563	0.3524	0.7838	0.3846	-0.3992
Chr3	11427360	snp	84	87	0.3777	0.2865	0.4286	0.1379	-0.2906
Chr3	11445564	indel	43	28	0.4477	0.3389	0.3953	0.0357	-0.3596
Chr3	11461934	snp	70	62	0.3811	0.2991	0.3429	0.0323	-0.3106
Chr3	11462234	indel	97	103	0.3679	0.2806	0.4124	0.1165	-0.2959
Chr3	11466666	indel	97	90	0.3597	0.2781	0.4227	0.1333	-0.2893
Chr3	11467486	snp	33	21	0.4805	0.3636	0.7273	0.2381	-0.4892
Chr3	11525614	indel	61	89	0.3772	0.2971	0.4262	0.1011	-0.3251
Chr3	11535342	snp	75	77	0.383	0.2925	0.3867	0.0779	-0.3087
Chr3	11539766	snp	56	47	0.4115	0.3203	0.5893	0.2553	-0.334
Chr3	11539829	snp	45	31	0.4351	0.3319	0.6667	0.3226	-0.3441
Chr3	11540145	indel	45	39	0.4291	0.3265	0.7111	0.359	-0.3521
Chr3	11540163	snp	50	41	0.4229	0.3254	0.68	0.3415	-0.3385
Chr3	11540191	snp	61	66	0.4006	0.3085	0.5082	0.1818	-0.3264
Chr3	11540196	indel	68	73	0.3995	0.2996	0.4853	0.1507	-0.3346
Chr3	11549394	indel	77	65	0.396	0.2955	0.3636	0.0615	-0.3021
Chr3	11555842	indel	103	85	0.3758	0.2887	0.534	0.1529	-0.381
Chr3	11569757	snp	62	46	0.4208	0.3247	0.5	0.1522	-0.3478
Chr3	11569795	snp	46	46	0.4348	0.3261	0.6304	0.2826	-0.3478
Chr3	11594535	snp	42	32	0.442	0.3393	0.4762	0.125	-0.3512
Chr3	11621567	snp	51	39	0.4299	0.3228	0.6078	0.2821	-0.3258
Chr3	11642124	indel	30	40	0.45	0.3417	0.8333	0.475	-0.3583
Chr3	11657588	snp	52	44	0.4161	0.3112	0.5385	0.2273	-0.3112
Chr3	11673407	snp	91	90	0.3698	0.2921	0.3846	0.0667	-0.3179
Chr3	11677688	snp	49	29	0.4398	0.3427	0.6531	0.3103	-0.3427
Chr3	11679326	snp	45	38	0.4257	0.3287	0.6444	0.3158	-0.3287
Chr3	11681757	snp	66	52	0.4184	0.3054	0.4848	0.1538	-0.331
Chr3	11682010	snp	38	34	0.4427	0.3375	0.7105	0.3529	-0.3576
Chr3	11682403	snp	59	48	0.3902	0.3121	0.5593	0.1667	-0.3927
Chr3	11682439	snp	44	44	0.4091	0.3182	0.6591	0.2727	-0.3864
Chr3	11682859	snp	62	28	0.4309	0.3364	0.5645	0.2143	-0.3502
Chr3	11684446	snp	72	51	0.406	0.2998	0.5417	0.2353	-0.3064
Chr3	11685763	snp	95	84	0.3797	0.2932	0.3789	0.0714	-0.3075
Chr3	11687358	snp	52	32	0.4303	0.3293	0.6731	0.3125	-0.3606
Chr3	11688184	snp	92	106	0.3646	0.2826	0.4022	0.1132	-0.289
Chr3	11689170	snp	98	96	0.3829	0.2885	0.4082	0.1042	-0.304
Chr3	11692820	snp	57	39	0.4035	0.3158	0.6491	0.2821	-0.3671
Chr3	11712090	snp	49	47	0.4155	0.3178	0.551	0.1915	-0.3595
Chr3	11713720	indel	76	95	0.3816	0.2947	0.4474	0.0947	-0.3526
Chr3	11713819	snp	43	32	0.4477	0.3459	0.7209	0.25	-0.4709
Chr3	11713840	snp	57	34	0.437	0.3313	0.614	0.2647	-0.3493
Chr3	11714412	snp	50	44	0.4164	0.3164	0.56	0.1136	-0.4464
Chr3	11718857	snp	71	35	0.4189	0.3199	0.4507	0.1143	-0.3364
Chr3	11723371	snp	43	21	0.4396	0.3444	0.6744	0.1429	-0.5316
Chr3	11723429	snp	75	55	0.3976	0.297	0.44	0.1091	-0.3309
Chr3	11727056	snp	66	52	0.4184	0.3054	0.5303	0.2115	-0.3188
Chr3	11743037	snp	62	50	0.4097	0.3135	0.5645	0.18	-0.3845
Chr3	11749283	snp	100	64	0.3794	0.2994	0.41	0.0781	-0.3319
Chr3	11750903	snp	83	74	0.3986	0.2963	0.4578	0.1486	-0.3092
Chr3	11752578	snp	49	38	0.4248	0.3287	0.5918	0.1842	-0.4076
Chr3	11755970	snp	44	25	0.4527	0.3509	0.7955	0.44	-0.3555
Chr3	11756015	snp	57	41	0.4129	0.3145	0.4912	0.122	-0.3693
Chr3	11760057	snp	43	22	0.4693	0.3552	0.5581	0.1818	-0.3763
Chr3	11761400	snp	43	26	0.4517	0.3435	0.7907	0.3846	-0.4061
Chr3	11765669	snp	30	27	0.4704	0.363	0.7	0.2963	-0.4037
Chr3	11765711	indel	32	28	0.4509	0.3571	0.7812	0.3571	-0.4241
Chr3	11767482	snp	56	48	0.4196	0.3155	0.6071	0.2708	-0.3363
Chr3	11767659	snp	29	28	0.4729	0.3645	0.8966	0.5	-0.3966
Chr3	11768007	snp	44	40	0.4227	0.3295	0.5909	0.2	-0.3909
Chr3	11769520	indel	51	28	0.4433	0.3417	0.6667	0.3214	-0.3452
Chr3	11769580	snp	58	30	0.4391	0.3333	0.5345	0.2	-0.3345
Chr3	11771164	snp	40	39	0.4423	0.341	0.475	0.1282	-0.3468
Chr3	11771712	indel	35	19	0.4842	0.3789	0.5429	0.1053	-0.4376
Chr3	11771729	snp	38	16	0.4967	0.3816	0.5789	0.1875	-0.3914
Chr3	11771730	snp	39	19	0.4831	0.3765	0.5641	0.1579	-0.4062
Chr3	11773097	snp	50	33	0.4382	0.3267	0.78	0.2727	-0.5073
Chr3	11773229	snp	49	50	0.4147	0.3135	0.6122	0.28	-0.3322
Chr3	11773379	snp	82	66	0.4013	0.3019	0.4024	0.0455	-0.357
Chr3	11779455	snp	83	84	0.3754	0.2932	0.3494	0.0238	-0.3256
Chr3	11787150	indel	64	66	0.401	0.3063	0.5156	0.197	-0.3187
Chr3	11790472	snp	39	23	0.4571	0.3523	0.8462	0.3478	-0.4983
Chr3	11796269	snp	56	23	0.4534	0.3408	0.6429	0.2174	-0.4255
Chr3	11859016	snp	107	89	0.3787	0.289	0.4019	0.0787	-0.3232
Chr3	11890444	indel	79	83	0.3793	0.2931	0.4557	0.1566	-0.2991
Chr3	11893237	indel	72	73	0.3662	0.2953	0.375	0.0685	-0.3065
Chr3	11929904	snp	97	56	0.3906	0.2992	0.4021	0.0714	-0.3306
Chr3	11931932	snp	68	89	0.3792	0.2902	0.4412	0.1348	-0.3063
Chr3	11937636	snp	50	32	0.43	0.3363	0.48	0.0938	-0.3862
Chr3	11937692	snp	55	34	0.4219	0.3283	0.4727	0.0882	-0.3845
Chr3	11942292	snp	61	45	0.416	0.3166	0.4754	0.0667	-0.4087
Chr3	11947875	snp	66	55	0.4091	0.3061	0.4394	0.0182	-0.4212
Chr3	11961262	indel	70	86	0.3887	0.2957	0.4	0.0465	-0.3535
Chr3	11961609	snp	79	87	0.3732	0.2949	0.4051	0.0805	-0.3246
Chr3	11962060	snp	76	76	0.3947	0.2895	0.4079	0.1053	-0.3026
Chr3	11963072	indel	100	94	0.3715	0.2915	0.44	0.1277	-0.3123
Chr3	12049286	indel	94	77	0.375	0.2923	0.3617	0.0649	-0.2968
Chr3	12076380	snp	41	34	0.4426	0.335	0.6341	0.2941	-0.34
Chr3	12076578	indel	46	28	0.4472	0.3509	0.6957	0.3214	-0.3742
Chr3	12091520	snp	124	123	0.3596	0.2789	0.4839	0.2033	-0.2806
Chr3	12096741	indel	31	19	0.4907	0.3735	0.6129	0.1053	-0.5076
Chr3	12211693	indel	44	32	0.4233	0.3267	0.6591	0.2812	-0.3778
Chr3	12225408	indel	52	63	0.409	0.308	0.5385	0.2222	-0.3162
Chr3	12233517	snp	67	67	0.3881	0.2985	0.4776	0.1343	-0.3433
Chr3	12242820	snp	61	52	0.4001	0.3124	0.5574	0.2115	-0.3458
Chr3	12242843	indel	65	56	0.3887	0.2964	0.6	0.2857	-0.3143
Chr3	12246568	snp	57	51	0.4056	0.3189	0.5614	0.2353	-0.3261
Chr3	12247695	indel	41	49	0.4385	0.336	0.4878	0.1429	-0.3449
Chr3	12254771	snp	40	45	0.4139	0.3333	0.725	0.3556	-0.3694
Chr3	12254777	indel	49	49	0.4082	0.3265	0.6735	0.3469	-0.3265
Chr3	12255988	snp	76	71	0.3866	0.3011	0.4737	0.1268	-0.3469
Chr3	12256155	snp	45	33	0.4384	0.3333	0.7111	0.3333	-0.3778
Chr3	12259400	snp	62	63	0.392	0.3103	0.5	0.1587	-0.3413
Chr3	12260250	snp	41	30	0.4472	0.3407	0.6829	0.3333	-0.3496
Chr3	12266747	indel	45	43	0.4088	0.3178	0.6667	0.3256	-0.3411
Chr3	12266756	snp	51	46	0.4211	0.3231	0.6667	0.3043	-0.3623
Chr3	12266989	snp	44	34	0.4332	0.3316	0.7273	0.3824	-0.3449
Chr3	12286107	snp	75	100	0.3767	0.2867	0.48	0.18	-0.3
Chr3	12295087	indel	38	47	0.4351	0.3337	0.6842	0.2979	-0.3863
Chr3	12297068	indel	9	17	0.5948	0.4771	0.5556	0.0	-0.5556
Chr3	12299365	snp	58	48	0.4052	0.3175	0.569	0.25	-0.319
Chr3	12299794	snp	57	37	0.4139	0.3314	0.6316	0.2162	-0.4154
Chr3	12305033	snp	55	38	0.4297	0.3225	0.6727	0.2105	-0.4622
Chr3	12305045	indel	62	34	0.4231	0.3292	0.7097	0.3235	-0.3861
Chr3	12308900	snp	30	25	0.4733	0.3733	0.6667	0.28	-0.3867
Chr3	12309088	snp	29	27	0.4674	0.3563	0.6552	0.2593	-0.3959
Chr3	12310755	snp	44	33	0.4318	0.3409	0.7273	0.3636	-0.3636
Chr3	12429087	snp	47	27	0.4429	0.3483	0.7234	0.2963	-0.4271
Chr3	12429140	indel	53	40	0.4108	0.3288	0.566	0.175	-0.391
Chr3	12429243	snp	38	27	0.4513	0.345	0.6579	0.2593	-0.3986
Chr3	12429772	snp	38	59	0.4166	0.3189	0.4211	0.0678	-0.3533
Chr3	12431999	snp	45	43	0.4088	0.3178	0.4667	0.093	-0.3736
Chr3	12436943	snp	40	35	0.425	0.3321	0.6	0.2	-0.4
Chr3	12437016	snp	46	34	0.4169	0.3223	0.587	0.2059	-0.3811
Chr3	12437107	snp	44	26	0.4493	0.3462	0.6136	0.2308	-0.3829
Chr3	12442159	indel	29	13	0.5279	0.4164	0.8966	0.2308	-0.6658
Chr3	12490870	snp	43	30	0.4481	0.3411	0.6744	0.2667	-0.4078
Chr3	12492918	snp	61	53	0.3981	0.3087	0.4918	0.1509	-0.3409
Chr3	12493247	snp	62	54	0.3996	0.2933	0.5323	0.1667	-0.3656
Chr3	12493313	snp	54	30	0.4296	0.337	0.6481	0.3	-0.3481
Chr3	12495484	snp	78	66	0.3939	0.3007	0.4103	0.1061	-0.3042
Chr3	12518260	indel	52	55	0.4024	0.3094	0.5962	0.2	-0.3962
Chr3	12518263	snp	55	50	0.4091	0.3164	0.5818	0.22	-0.3618
Chr3	12518312	snp	62	65	0.3975	0.306	0.5323	0.1538	-0.3784
Chr3	12975516	snp	38	35	0.4316	0.3391	0.6579	0.2571	-0.4008
Chr3	12983608	indel	44	43	0.4239	0.3319	0.5909	0.2093	-0.3816
Chr3	12983609	snp	44	38	0.4258	0.3313	0.5909	0.2105	-0.3804
Chr3	12983650	snp	62	57	0.4157	0.3147	0.5161	0.1754	-0.3407
Chr3	13193434	snp	36	14	0.5357	0.4087	0.7778	0.2857	-0.4921
Chr3	13197533	snp	42	28	0.4524	0.3452	0.7857	0.3571	-0.4286
Chr3	13213491	snp	40	27	0.4519	0.3435	0.775	0.4074	-0.3676
Chr3	13215605	indel	73	59	0.3993	0.3107	0.5205	0.2034	-0.3172
Chr3	13237355	snp	34	19	0.4721	0.3669	0.7941	0.4211	-0.3731
Chr3	13373177	indel	90	74	0.3781	0.2868	0.4444	0.1351	-0.3093
Chr3	13595281	indel	37	28	0.4537	0.3542	0.8649	0.5	-0.3649
Chr3	13613327	snp	34	43	0.4501	0.3399	0.7353	0.3953	-0.3399
Chr3	13636240	snp	41	41	0.4146	0.3171	0.6829	0.2439	-0.439
Chr3	13643010	snp	33	17	0.4884	0.3743	0.5758	0.1765	-0.3993
Chr3	13679711	snp	60	44	0.4076	0.3152	0.6333	0.2955	-0.3379
Chr3	13889600	snp	56	55	0.4058	0.3146	0.6786	0.3091	-0.3695
Chr3	13977714	snp	40	33	0.4576	0.347	0.75	0.3636	-0.3864
Chr3	14060692	snp	62	45	0.4168	0.3118	0.4032	0.0889	-0.3143
Chr3	14129858	snp	46	49	0.4264	0.323	0.6739	0.3469	-0.327
Chr3	14479811	snp	33	31	0.4487	0.3519	0.7273	0.3548	-0.3724
Chr3	14521793	snp	69	44	0.4022	0.3152	0.0435	0.3636	0.3202
Chr3	15594501	indel	63	41	0.4131	0.319	0.4444	0.0	-0.4444
Chr3	15747520	indel	46	30	0.4507	0.342	0.587	1.0	0.413
Chr3	15820359	indel	39	37	0.4435	0.3423	0.9744	0.6216	-0.3527
Chr3	16050402	snp	51	39	0.4299	0.3228	0.7255	0.3846	-0.3409
Chr3	16075804	snp	41	52	0.4151	0.3227	0.8293	0.4808	-0.3485
Chr3	16205512	snp	78	75	0.3831	0.2954	0.6026	0.2933	-0.3092
Chr3	16577850	snp	8	14	0.6429	0.5	0.625	0.0714	-0.5536
Chr3	16611327	snp	45	31	0.4351	0.3319	0.8222	0.4839	-0.3384
Chr3	16688329	indel	53	48	0.4104	0.3141	0.6415	0.3125	-0.329
Chr3	16759289	indel	100	86	0.373	0.2847	0.47	0.1395	-0.3305
Chr3	16895176	snp	55	46	0.4012	0.3138	0.4364	0.1087	-0.3277
Chr3	16959836	indel	72	54	0.3981	0.3056	0.75	0.4259	-0.3241
Chr3	17126396	snp	49	63	0.415	0.3197	0.4082	0.7302	0.322
Chr3	17142878	snp	32	42	0.442	0.3393	0.75	0.381	-0.369
Chr3	17213113	snp	35	31	0.4488	0.3456	0.7714	0.3548	-0.4166
Chr3	17393981	indel	78	69	0.3868	0.3043	0.4615	0.1159	-0.3456
Chr3	17402964	indel	31	34	0.4421	0.3454	0.4839	0.0588	-0.425
Chr3	17632657	snp	53	37	0.409	0.3202	0.7736	0.4324	-0.3412
Chr3	18565875	indel	47	56	0.4115	0.3203	0.7872	0.4643	-0.3229
Chr3	18849349	indel	38	29	0.4528	0.3475	0.5263	0.1724	-0.3539
Chr3	19783683	indel	27	12	0.537	0.4167	0.7407	0.1667	-0.5741
Chr3	20130685	indel	82	91	0.3799	0.2873	0.4024	0.6923	0.2899
Chr3	20521712	snp	61	46	0.4116	0.3083	0.7705	0.4565	-0.314
Chr3	20552967	indel	44	40	0.4227	0.3295	0.7727	0.425	-0.3477
Chr3	20831862	indel	50	32	0.43	0.3363	0.34	0.7188	0.3787
Chr3	21083247	indel	14	17	0.563	0.4328	1.0	0.2941	-0.7059
Chr3	21154831	indel	45	22	0.4586	0.3495	0.0444	0.4091	0.3646
Chr3	21453658	snp	39	38	0.4265	0.3259	0.2564	0.6053	0.3489
Chr3	21654975	indel	104	71	0.3838	0.2935	0.2788	0.5775	0.2986
Chr3	23551021	indel	55	39	0.4089	0.3179	0.6545	0.3333	-0.3212
Chr3	23791340	indel	13	9	0.6239	0.5043	1.0	0.3333	-0.6667
Chr3	23913594	indel	46	44	0.4229	0.3281	0.3043	0.7045	0.4002
Chr3	24284478	snp	56	53	0.3976	0.3063	0.1607	0.4717	0.311
Chr3	25084766	indel	56	72	0.4107	0.3095	0.8393	0.5139	-0.3254
Chr3	25156740	snp	38	34	0.4427	0.3375	0.3158	0.6765	0.3607
Chr3	25220070	indel	72	36	0.4167	0.3194	0.4028	0.7222	0.3194
Chr3	25225640	indel	35	47	0.4377	0.3319	0.2	0.5532	0.3532
Chr3	25225683	indel	37	51	0.4308	0.3275	0.2703	0.6863	0.416
Chr3	25414544	indel	29	29	0.4828	0.3448	0.3103	0.6552	0.3448
Chr3	25486140	snp	60	63	0.4008	0.3032	0.75	0.4444	-0.3056
Chr3	25537996	indel	125	69	0.3901	0.2926	0.288	0.6232	0.3352
Chr3	25645904	indel	40	25	0.46	0.345	0.65	1.0	0.35
Chr3	25733775	snp	71	25	0.4456	0.3442	0.3099	0.68	0.3701
Chr3	25832625	snp	38	49	0.4248	0.3287	0.4211	0.8367	0.4157
Chr3	25989190	indel	71	48	0.4255	0.314	0.4507	0.8125	0.3618
Chr3	26229194	snp	29	34	0.4503	0.3469	0.2759	0.6471	0.3712
Chr3	26255691	snp	18	14	0.5635	0.4286	0.7222	0.2857	-0.4365
Chr3	26666591	snp	25	14	0.5286	0.4086	0.2	0.6429	0.4429
Chr3	26967976	indel	60	66	0.4	0.297	0.35	0.697	0.347
Chr3	26974558	snp	59	34	0.4257	0.3215	0.3898	0.8529	0.4631
Chr3	27196568	snp	27	33	0.4512	0.3468	0.7407	0.3333	-0.4074
Chr3	27460399	snp	49	58	0.4085	0.3146	0.2653	0.5862	0.3209
Chr3	28433672	snp	49	43	0.4177	0.3218	0.5918	0.9302	0.3384
Chr3	28778851	indel	17	43	0.4856	0.3666	0.4118	0.814	0.4022
Chr3	28795683	indel	19	9	0.6199	0.462	1.0	0.2222	-0.7778
Chr3	28919867	snp	29	38	0.4528	0.3475	0.4138	0.0526	-0.3612
Chr3	29356362	indel	27	15	0.5111	0.4074	0.963	0.0667	-0.8963
Chr3	29553680	snp	38	37	0.4403	0.3336	0.4211	0.0811	-0.34
Chr3	29555967	indel	48	35	0.4065	0.3161	0.3542	0.0	-0.3542
Chr3	29657687	snp	44	22	0.4773	0.3409	0.5	0.1364	-0.3636
Chr3	29657728	snp	24	18	0.5139	0.4028	0.5417	0.0556	-0.4861
Chr3	30287450	indel	44	19	0.4641	0.3589	0.75	0.3158	-0.4342
Chr3	30923788	snp	29	16	0.5022	0.3987	0.6552	0.1875	-0.4677
Chr3	31552868	indel	63	59	0.3955	0.3129	0.7143	0.3729	-0.3414
Chr3	31710855	snp	77	59	0.4041	0.3024	0.4026	0.0847	-0.3179
Chr3	31710860	indel	78	58	0.3988	0.3011	0.3974	0.0862	-0.3112
Chr3	31741471	snp	58	50	0.4014	0.3117	0.6724	0.36	-0.3124
Chr3	31751475	indel	16	24	0.5	0.3958	0.0625	0.5	0.4375
Chr3	32285931	snp	57	25	0.4568	0.3439	0.4035	0.76	0.3565
Chr3	32319493	snp	44	33	0.4318	0.3409	0.0909	0.4848	0.3939
Chr3	32330054	snp	68	59	0.3893	0.3036	0.3235	0.6271	0.3036
Chr3	32369292	snp	33	56	0.4167	0.322	0.2727	0.7143	0.4416
Chr3	32374615	indel	33	32	0.4479	0.3542	0.6667	0.25	-0.4167
Chr3	32374616	snp	29	32	0.4741	0.3524	0.6207	0.25	-0.3707
Chr3	34047459	indel	36	35	0.4365	0.3262	0.4722	0.8571	0.3849
Chr3	34047490	snp	38	30	0.4368	0.3386	0.5	0.9	0.4
Chr3	34113452	snp	28	19	0.4868	0.3816	0.8571	0.4737	-0.3835
Chr3	34459271	snp	98	89	0.3763	0.2924	0.6429	0.3371	-0.3058
Chr3	34692610	snp	75	83	0.3796	0.294	0.6267	0.2892	-0.3375
Chr3	35537090	indel	33	41	0.4405	0.3385	0.7879	0.439	-0.3489
Chr3	35910587	indel	49	51	0.4218	0.3205	0.7347	0.3922	-0.3425
Chr3	36010914	snp	76	50	0.4026	0.3053	0.75	0.42	-0.33
Chr3	36449775	snp	13	17	0.5566	0.4389	0.3077	0.8235	0.5158
Chr3	36449789	snp	12	11	0.6364	0.4773	0.1667	0.7273	0.5606
Chr3	36908526	snp	30	18	0.5	0.3889	0.1333	0.5556	0.4222
Chr3	36918456	snp	21	20	0.5119	0.4095	0.381	0.8	0.419
Chr3	36918487	snp	15	18	0.5556	0.4222	0.2667	0.7222	0.4556
Chr3	36918488	snp	15	18	0.5556	0.4222	0.2667	0.7222	0.4556
Chr3	36985720	indel	15	13	0.5692	0.4359	0.6	0.0769	-0.5231
Chr3	37241328	snp	52	38	0.419	0.3239	0.5385	0.2105	-0.3279
Chr3	37241953	snp	54	57	0.3996	0.3012	0.5926	0.2807	-0.3119
Chr3	37337144	snp	75	71	0.385	0.2967	0.6267	0.3239	-0.3027
Chr3	37478282	snp	60	54	0.4056	0.3093	0.5	0.1852	-0.3148
Chr3	37983373	indel	73	63	0.3827	0.3098	0.6027	0.254	-0.3488
Chr3	38403314	snp	49	35	0.4245	0.3306	0.2653	0.6	0.3347
Chr3	38414218	indel	60	65	0.3949	0.3038	0.7167	0.3692	-0.3474
Chr3	38496164	indel	66	37	0.4279	0.3272	0.697	0.3514	-0.3456
Chr3	39796215	indel	38	18	0.4649	0.3596	0.6842	0.2778	-0.4064
Chr3	40136212	indel	99	102	0.3731	0.2929	0.596	0.2941	-0.3018
Chr3	40138323	snp	60	84	0.4	0.3048	0.75	0.4405	-0.3095
Chr3	40182200	snp	39	26	0.4487	0.3462	0.8462	0.5	-0.3462
Chr3	40182235	indel	45	30	0.4444	0.3444	0.7778	0.4333	-0.3444
Chr3	40713383	indel	39	34	0.4351	0.3394	0.7436	0.3824	-0.3612
Chr3	41151862	indel	35	16	0.5036	0.3839	0.4571	0.0625	-0.3946
Chr3	41234132	snp	68	43	0.4145	0.3092	0.6912	0.3721	-0.3191
Chr3	41443401	indel	64	54	0.4126	0.3084	0.6875	0.3704	-0.3171
Chr3	41445486	snp	80	68	0.3919	0.3029	0.6875	0.3824	-0.3051
Chr3	41514256	indel	83	48	0.4039	0.3085	0.6867	0.3125	-0.3742
Chr3	41588268	snp	33	16	0.5076	0.3864	0.6667	0.25	-0.4167
Chr3	41619499	snp	56	56	0.4107	0.3214	0.8393	0.5	-0.3393
Chr3	41631683	snp	38	41	0.4255	0.3331	0.7105	0.3659	-0.3447
Chr3	41633344	indel	71	62	0.3839	0.299	0.7606	0.4516	-0.309
Chr3	41689882	indel	27	9	0.5556	0.4444	0.5556	0.0	-0.5556
Chr3	41690759	snp	31	21	0.4885	0.3902	0.6129	0.1905	-0.4224
Chr4	156658	snp	50	49	0.4147	0.3135	0.4	0.0816	-0.3184
Chr4	173074	snp	69	54	0.3953	0.3076	0.6377	0.3148	-0.3229
Chr4	173085	indel	67	54	0.3986	0.3054	0.6567	0.3148	-0.3419
Chr4	173086	snp	67	51	0.3989	0.3102	0.6716	0.3333	-0.3383
Chr4	187367	snp	89	74	0.3813	0.2915	0.5618	0.2568	-0.305
Chr4	1031095	snp	69	54	0.3953	0.3076	0.5942	0.2407	-0.3535
Chr4	1114087	snp	90	52	0.3953	0.3013	0.6111	0.2885	-0.3226
Chr4	1121686	snp	77	71	0.3806	0.2983	0.6104	0.2958	-0.3146
Chr4	1143666	snp	66	55	0.4091	0.3061	0.8788	0.5455	-0.3333
Chr4	1290054	snp	92	91	0.3653	0.2787	0.6304	0.3297	-0.3008
Chr4	1663935	indel	22	12	0.5606	0.4318	0.9545	0.0833	-0.8712
Chr4	1971630	snp	57	54	0.3996	0.3012	0.807	0.4815	-0.3255
Chr4	1983818	snp	58	60	0.404	0.3161	0.7759	0.45	-0.3259
Chr4	2152501	indel	32	37	0.4569	0.3446	0.9688	0.5405	-0.4282
Chr4	2169318	snp	62	35	0.418	0.3235	0.7742	0.4286	-0.3456
Chr4	2333497	indel	95	103	0.3637	0.2844	0.7053	0.4078	-0.2975
Chr4	2333533	snp	96	61	0.3789	0.2927	0.7917	0.4754	-0.3163
Chr4	2358173	snp	41	34	0.4426	0.335	0.6585	0.3235	-0.335
Chr4	2657490	snp	48	76	0.3947	0.307	0.6458	0.3289	-0.3169
Chr4	2787564	indel	10	10	0.6	0.5	0.5	0.0	-0.5
Chr4	2790088	snp	45	51	0.4118	0.3229	0.5778	0.2353	-0.3425
Chr4	3816247	snp	25	16	0.51	0.395	0.16	0.75	0.59
Chr4	3827366	snp	48	38	0.4243	0.33	0.375	0.7368	0.3618
Chr4	3827471	snp	62	53	0.3999	0.3028	0.5161	0.8491	0.3329
Chr4	3841168	indel	52	59	0.4188	0.3126	0.3269	0.661	0.3341
Chr4	3841203	indel	37	40	0.4399	0.3277	0.027	0.575	0.548
Chr4	3841210	snp	46	43	0.4196	0.3266	0.1957	0.5814	0.3857
Chr4	4295430	snp	53	48	0.4104	0.3141	0.3774	0.7292	0.3518
Chr4	4407511	snp	35	29	0.4384	0.3409	0.2286	0.5862	0.3576
Chr4	4412190	snp	53	28	0.4313	0.3329	0.5472	0.8929	0.3457
Chr4	4413388	indel	39	25	0.4523	0.3497	0.0	0.4	0.4
Chr4	4502289	indel	73	43	0.4154	0.3116	0.5479	0.8605	0.3125
Chr4	4691048	snp	88	79	0.378	0.2923	0.5455	0.8608	0.3153
Chr4	4710025	snp	32	41	0.4505	0.3354	0.125	0.4878	0.3628
Chr4	4742511	snp	58	33	0.43	0.3307	0.2586	0.697	0.4383
Chr4	4755457	snp	60	36	0.4278	0.3333	0.4667	0.8333	0.3667
Chr4	4756739	snp	47	25	0.4409	0.3396	0.2979	0.64	0.3421
Chr4	4757497	snp	45	23	0.4502	0.3411	0.2	0.6087	0.4087
Chr4	4766456	snp	67	45	0.4043	0.3085	0.4328	0.7778	0.3449
Chr4	4768524	snp	49	47	0.4155	0.3178	0.1633	0.5106	0.3474
Chr4	4779476	snp	47	46	0.3996	0.3122	0.4043	0.7174	0.3131
Chr4	4780706	snp	52	52	0.4038	0.3269	0.4615	0.8077	0.3462
Chr4	4796039	indel	81	76	0.3813	0.295	0.5556	0.8684	0.3129
Chr4	4812098	snp	33	18	0.4798	0.3788	0.1818	0.6111	0.4293
Chr4	4816415	indel	26	9	0.5769	0.4359	0.2308	0.6667	0.4359
Chr4	4845141	snp	37	21	0.4852	0.3629	0.0541	0.4762	0.4221
Chr4	4849945	snp	49	39	0.4218	0.3349	0.2245	0.5641	0.3396
Chr4	4871380	indel	17	12	0.5735	0.4461	0.7647	0.0833	-0.6814
Chr4	4882706	snp	15	23	0.5362	0.4087	0.2667	0.7391	0.4725
Chr4	4882708	snp	15	22	0.5273	0.4152	0.2667	0.6818	0.4152
Chr4	4909358	snp	51	28	0.4433	0.3417	0.3333	0.6786	0.3452
Chr4	4909366	snp	54	30	0.4296	0.337	0.3519	0.7	0.3481
Chr4	4943701	snp	59	35	0.4252	0.3254	0.4746	0.8	0.3254
Chr4	4974771	snp	39	48	0.4103	0.3189	0.3846	0.7083	0.3237
Chr4	5002244	indel	114	102	0.3576	0.2833	0.5175	0.8039	0.2864
Chr4	5010998	indel	67	68	0.3782	0.2917	0.6119	0.9118	0.2998
Chr4	5066061	indel	45	24	0.4528	0.3417	0.4667	0.8333	0.3667
Chr4	5281281	indel	92	82	0.381	0.2972	0.5	0.8171	0.3171
Chr4	5395651	snp	89	100	0.3767	0.2878	0.5281	0.86	0.3319
Chr4	5408388	indel	73	68	0.3995	0.2996	0.6027	0.9118	0.309
Chr4	5425438	indel	89	52	0.3954	0.307	0.5281	0.8462	0.3181
Chr4	5425450	snp	74	44	0.4066	0.3163	0.5135	0.8409	0.3274
Chr4	5433111	snp	89	62	0.3853	0.291	0.5843	0.9194	0.3351
Chr4	5444005	snp	17	14	0.563	0.4328	0.1176	0.5714	0.4538
Chr4	5444008	indel	19	13	0.5587	0.4251	0.1579	0.6154	0.4575
Chr4	5569533	snp	43	13	0.5134	0.39	0.2558	0.6923	0.4365
Chr4	5569623	indel	51	39	0.4299	0.3228	0.451	0.7949	0.3439
Chr4	5590367	snp	97	66	0.3828	0.2894	0.5567	0.8485	0.2918
Chr4	5715627	snp	69	69	0.3768	0.2899	0.3768	0.6957	0.3188
Chr4	5783020	snp	63	31	0.4224	0.3287	0.381	0.7419	0.361
Chr4	5783353	snp	35	24	0.4512	0.3655	0.2	0.625	0.425
Chr4	5783535	indel	48	30	0.4292	0.3333	0.1458	0.5333	0.3875
Chr4	5842700	snp	25	10	0.54	0.44	0.08	0.6	0.52
Chr4	5873313	snp	92	73	0.3778	0.2895	0.5	0.8082	0.3082
Chr4	5928151	indel	74	61	0.3941	0.2975	0.4459	0.8033	0.3573
Chr4	5928238	snp	52	38	0.419	0.3239	0.2885	0.6579	0.3694
Chr4	5929285	snp	73	67	0.3827	0.2956	0.411	0.7313	0.3204
Chr4	5929302	snp	80	56	0.3929	0.3054	0.4375	0.75	0.3125
Chr4	5931300	indel	73	63	0.3827	0.3098	0.5479	1.0	0.4521
Chr4	5933725	snp	61	54	0.3922	0.3139	0.3115	0.6296	0.3182
Chr4	5944954	snp	81	100	0.3907	0.296	0.4938	0.8	0.3062
Chr4	5945665	snp	55	51	0.3954	0.3184	0.5636	0.8824	0.3187
Chr4	6061904	indel	85	76	0.3845	0.2904	0.4588	0.8026	0.3438
Chr4	6064288	snp	97	92	0.3875	0.288	0.4536	0.7935	0.3399
Chr4	6096935	snp	19	17	0.5139	0.3963	0.2632	0.7059	0.4427
Chr4	6105935	snp	52	56	0.408	0.3077	0.1923	0.5	0.3077
Chr4	6116195	snp	62	50	0.4097	0.3135	0.371	0.72	0.349
Chr4	6116888	snp	52	36	0.4209	0.3291	0.3269	0.6667	0.3397
Chr4	6126478	snp	41	47	0.4338	0.3243	0.2439	0.617	0.3731
Chr4	6128110	snp	54	49	0.4161	0.3159	0.4074	0.7347	0.3273
Chr4	6139667	snp	83	72	0.3775	0.296	0.506	0.8194	0.3134
Chr4	6236835	snp	105	82	0.3767	0.294	0.4762	0.7805	0.3043
Chr4	6365141	indel	12	14	0.6071	0.4643	0.1667	0.7143	0.5476
Chr4	6365143	indel	13	17	0.5566	0.4389	0.2308	0.7647	0.5339
Chr4	6365147	snp	19	18	0.5205	0.4064	0.2632	0.7222	0.4591
Chr4	6365524	indel	24	13	0.5481	0.4135	0.4167	0.8462	0.4295
Chr4	6371911	snp	26	20	0.4923	0.3808	0.2308	0.65	0.4192
Chr4	6375935	snp	110	93	0.3675	0.2873	0.4727	0.7957	0.323
Chr4	6394819	indel	10	14	0.5857	0.4571	0.1	0.5714	0.4714
Chr4	6426332	snp	75	59	0.3713	0.2963	0.4	0.7288	0.3288
Chr4	6432636	snp	51	61	0.3941	0.3124	0.3725	0.6885	0.316
Chr4	6433263	snp	21	17	0.5266	0.4062	0.1905	0.6471	0.4566
Chr4	6434709	snp	96	72	0.3889	0.2986	0.4688	0.7778	0.309
Chr4	6443968	snp	85	69	0.3881	0.2975	0.5059	0.8116	0.3057
Chr4	6444191	snp	96	106	0.3856	0.2905	0.4688	0.7642	0.2954
Chr4	6447174	snp	52	35	0.4247	0.3297	0.3654	0.7714	0.406
Chr4	6450506	indel	38	51	0.4298	0.3246	0.3421	0.6667	0.3246
Chr4	6452678	snp	61	40	0.4152	0.3152	0.541	0.875	0.334
Chr4	6452679	snp	62	40	0.4185	0.3242	0.5323	0.875	0.3427
Chr4	6455798	indel	77	53	0.4077	0.3168	0.4026	0.7547	0.3521
Chr4	6456991	snp	71	36	0.4124	0.3161	0.5211	0.8611	0.34
Chr4	6457503	snp	32	19	0.4868	0.3734	0.3438	0.7368	0.3931
Chr4	6459326	snp	46	35	0.4373	0.3335	0.2391	0.8	0.5609
Chr4	6464012	indel	112	87	0.3836	0.2853	0.375	0.6782	0.3032
Chr4	6464908	snp	42	42	0.4286	0.3095	0.2619	0.5714	0.3095
Chr4	6464919	snp	36	36	0.4167	0.3333	0.2222	0.5556	0.3333
Chr4	6469210	snp	17	21	0.5266	0.4062	0.2353	0.6667	0.4314
Chr4	6482036	snp	73	59	0.3993	0.3107	0.4384	0.7627	0.3244
Chr4	6482166	snp	50	29	0.4476	0.3462	0.26	0.6207	0.3607
Chr4	6482785	snp	75	69	0.3768	0.2968	0.3733	0.6812	0.3078
Chr4	6584290	snp	71	50	0.4042	0.302	0.3521	0.66	0.3079
Chr4	6642732	snp	90	54	0.3889	0.3	0.4667	0.8333	0.3667
Chr4	6642800	indel	86	54	0.3984	0.3019	0.5116	0.8148	0.3032
Chr4	6646182	snp	87	78	0.3798	0.3011	0.4828	0.8333	0.3506
Chr4	6814302	snp	112	71	0.3776	0.2921	0.4732	0.7746	0.3014
Chr4	6816648	snp	35	17	0.5076	0.3899	0.2286	0.7059	0.4773
Chr4	6825589	snp	83	92	0.368	0.2881	0.3735	0.6739	0.3004
Chr4	6847829	snp	89	69	0.3858	0.2973	0.1348	0.4348	0.3
Chr4	6934710	indel	60	28	0.45	0.3405	0.15	0.6071	0.4571
Chr4	6935840	snp	65	49	0.3959	0.3039	0.3231	0.6327	0.3096
Chr4	6946159	snp	110	77	0.3727	0.2818	0.5909	0.8831	0.2922
Chr4	6962473	indel	103	73	0.3685	0.2909	0.4369	0.7397	0.3028
Chr4	6974742	indel	110	92	0.3759	0.2834	0.5	0.7935	0.2935
Chr4	6996253	snp	50	44	0.4164	0.3164	0.22	0.5909	0.3709
Chr4	6997549	snp	29	21	0.486	0.3777	0.069	0.4762	0.4072
Chr4	7018787	snp	28	35	0.4571	0.3429	0.1786	0.6286	0.45
Chr4	7029297	indel	25	31	0.4774	0.3652	0.44	0.8387	0.3987
Chr4	7066424	snp	63	65	0.3927	0.3028	0.4921	0.8154	0.3233
Chr4	7249567	snp	30	21	0.4762	0.3762	0.1	0.619	0.519
Chr4	7269673	snp	76	82	0.3944	0.294	0.4211	0.7561	0.335
Chr4	7269684	indel	54	43	0.4195	0.3226	0.1852	0.5116	0.3264
Chr4	7269828	snp	42	42	0.4286	0.3095	0.3333	0.6429	0.3095
Chr4	7271174	indel	23	12	0.529	0.4094	0.087	0.5	0.413
Chr4	7272163	indel	74	64	0.3932	0.2998	0.6486	0.9531	0.3045
Chr4	7342579	indel	93	85	0.3766	0.2886	0.5699	0.8588	0.2889
Chr4	7343457	indel	66	61	0.4006	0.3085	0.5606	0.918	0.3574
Chr4	7368365	snp	80	101	0.3827	0.2905	0.475	0.7822	0.3072
Chr4	7372424	snp	87	57	0.3817	0.3031	0.5632	0.8772	0.314
Chr4	7389995	snp	79	79	0.3797	0.3038	0.5316	0.8354	0.3038
Chr4	7403074	snp	77	78	0.38	0.292	0.4675	0.8462	0.3786
Chr4	7403268	snp	107	112	0.3629	0.2792	0.5514	0.8393	0.2879
Chr4	7417663	indel	75	79	0.3889	0.2908	0.6267	0.9367	0.31
Chr4	7417688	snp	84	86	0.3774	0.2957	0.5595	0.8605	0.3009
Chr4	7420437	snp	86	63	0.3834	0.2977	0.6279	0.9841	0.3562
Chr4	7420437	indel	85	69	0.3881	0.2975	0.5765	0.913	0.3366
Chr4	7428874	snp	31	25	0.4774	0.3652	0.0968	0.48	0.3832
Chr4	7437540	snp	49	41	0.4385	0.336	0.1837	0.5854	0.4017
Chr4	7438162	snp	68	34	0.4118	0.3088	0.2206	0.6471	0.4265
Chr4	7439005	snp	52	55	0.4024	0.3094	0.3269	0.6909	0.364
Chr4	7439394	snp	75	59	0.3713	0.2963	0.4133	0.7119	0.2985
Chr4	7439551	snp	58	58	0.3966	0.3103	0.3966	0.7241	0.3276
Chr4	7454313	snp	65	72	0.4006	0.3	0.4154	0.8333	0.4179
Chr4	7458328	indel	107	89	0.3787	0.289	0.5234	0.8315	0.3081
Chr4	7467499	snp	65	54	0.3991	0.31	0.4615	0.8333	0.3718
Chr4	7469246	snp	47	45	0.4142	0.3225	0.3617	0.7778	0.4161
Chr4	7469278	snp	43	36	0.4335	0.3359	0.3488	0.75	0.4012
Chr4	7469482	snp	12	13	0.6026	0.4487	0.0	0.5385	0.5385
Chr4	7469488	snp	15	13	0.5692	0.4359	0.0667	0.5385	0.4718
Chr4	7496440	snp	66	48	0.4148	0.3144	0.5606	0.875	0.3144
Chr4	7507992	snp	40	34	0.4279	0.3309	0.325	0.7353	0.4103
Chr4	7508048	indel	63	61	0.389	0.306	0.5079	0.8197	0.3117
Chr4	7520804	snp	64	50	0.405	0.3181	0.375	0.7	0.325
Chr4	7520828	snp	68	60	0.4147	0.3118	0.3235	0.6833	0.3598
Chr4	7523573	snp	64	63	0.4033	0.307	0.3906	0.7302	0.3395
Chr4	7537316	indel	92	98	0.3636	0.2799	0.5	0.7857	0.2857
Chr4	7539832	indel	73	101	0.3841	0.2958	0.4384	0.7921	0.3537
Chr4	7568509	snp	72	68	0.3848	0.2998	0.625	0.9412	0.3162
Chr4	7573250	snp	91	70	0.3912	0.2956	0.5385	0.8571	0.3187
Chr4	7580582	indel	91	63	0.3944	0.2979	0.5385	0.873	0.3346
Chr4	7589213	indel	97	79	0.371	0.2862	0.567	0.8987	0.3317
Chr4	7597183	indel	86	61	0.3942	0.2932	0.6047	0.9016	0.297
Chr4	7607088	indel	68	81	0.3778	0.299	0.5147	0.8148	0.3001
Chr4	7608230	snp	93	90	0.3871	0.29	0.4946	0.8333	0.3387
Chr4	7612459	indel	79	67	0.3837	0.2942	0.5316	0.8507	0.3191
Chr4	7615675	snp	75	51	0.4118	0.3122	0.6	0.9216	0.3216
Chr4	7644427	snp	59	45	0.4102	0.316	0.4407	0.7778	0.3371
Chr4	7646224	indel	97	72	0.3784	0.2947	0.4227	0.7361	0.3134
Chr4	7647455	snp	49	43	0.4177	0.3218	0.3673	0.7209	0.3536
Chr4	7647582	snp	44	31	0.4274	0.3328	0.3636	0.7097	0.346
Chr4	7648223	snp	67	49	0.4237	0.3177	0.2537	0.5714	0.3177
Chr4	7649110	snp	62	42	0.4155	0.3187	0.1935	0.619	0.4255
Chr4	7649124	indel	64	41	0.4123	0.3236	0.2188	0.5854	0.3666
Chr4	7651702	snp	52	41	0.4151	0.3227	0.4038	0.7317	0.3279
Chr4	7651986	indel	85	83	0.3955	0.2991	0.4471	0.759	0.312
Chr4	7653810	indel	47	65	0.4157	0.3129	0.2128	0.5385	0.3257
Chr4	7657010	snp	49	26	0.4341	0.3297	0.2245	0.6154	0.3909
Chr4	7657389	snp	45	33	0.4384	0.3333	0.1333	0.4848	0.3515
Chr4	7659583	snp	40	26	0.4462	0.35	0.3	0.6538	0.3538
Chr4	7659716	snp	53	31	0.44	0.3408	0.3019	0.6774	0.3755
Chr4	7727376	snp	64	52	0.399	0.3077	0.2656	0.6923	0.4267
Chr4	7727748	snp	45	33	0.4384	0.3333	0.2444	0.697	0.4525
Chr4	7728192	snp	47	36	0.4196	0.3245	0.2766	0.75	0.4734
Chr4	7728600	indel	32	23	0.4701	0.3641	0.0938	0.5217	0.428
Chr4	7728603	snp	31	23	0.4698	0.3619	0.0968	0.5217	0.425
Chr4	7728781	snp	51	29	0.4348	0.3313	0.2549	0.6207	0.3658
Chr4	7729267	snp	77	67	0.3801	0.295	0.4805	0.7761	0.2956
Chr4	7732716	snp	60	33	0.4273	0.3364	0.3833	0.7879	0.4045
Chr4	7735385	snp	43	25	0.4577	0.3442	0.1395	0.56	0.4205
Chr4	7735993	snp	58	30	0.4391	0.3333	0.1552	0.6	0.4448
Chr4	7736048	snp	69	25	0.4487	0.3467	0.1739	0.56	0.3861
Chr4	7736131	snp	76	27	0.4366	0.3246	0.1974	0.5556	0.3582
Chr4	7736192	snp	71	34	0.4279	0.3219	0.1268	0.5294	0.4027
Chr4	7736273	snp	74	48	0.4037	0.3114	0.2432	0.5625	0.3193
Chr4	7736438	snp	60	52	0.4064	0.3051	0.3333	0.6538	0.3205
Chr4	7742045	indel	53	62	0.3999	0.3028	0.566	0.9355	0.3694
Chr4	7768161	snp	69	78	0.3868	0.3043	0.4493	0.8462	0.3969
Chr4	7792454	snp	91	76	0.3943	0.2951	0.5385	0.8553	0.3168
Chr4	7793883	indel	86	93	0.3742	0.2884	0.4651	0.7957	0.3306
Chr4	7800758	snp	79	64	0.3993	0.2959	0.481	0.8125	0.3315
Chr4	7815168	indel	137	88	0.3712	0.2804	0.438	0.7727	0.3348
Chr4	7818473	indel	101	76	0.3868	0.2884	0.4356	0.7895	0.3538
Chr4	7818994	indel	115	93	0.3756	0.2841	0.5217	0.8065	0.2847
Chr4	7820831	indel	128	111	0.3757	0.2784	0.4453	0.7658	0.3205
Chr4	7822900	snp	105	76	0.3718	0.2951	0.5238	0.8289	0.3051
Chr4	7826529	snp	95	100	0.3753	0.2874	0.4947	0.83	0.3353
Chr4	7840124	snp	88	60	0.3932	0.3023	0.5909	0.9	0.3091
Chr4	7885301	snp	58	60	0.404	0.3161	0.5	0.8167	0.3167
Chr4	7917331	indel	99	89	0.3667	0.2858	0.5758	0.8652	0.2894
Chr4	7921680	indel	98	75	0.3824	0.2962	0.5408	0.84	0.2992
Chr4	7925080	snp	93	73	0.3712	0.2919	0.4946	0.8356	0.341
Chr4	7937978	snp	71	78	0.3875	0.294	0.5493	0.8974	0.3481
Chr4	7956500	snp	71	89	0.3923	0.2964	0.493	0.7978	0.3048
Chr4	7959315	snp	79	81	0.3872	0.2996	0.4304	0.8148	0.3844
Chr4	7983487	indel	85	72	0.3863	0.2935	0.5059	0.8056	0.2997
Chr4	7983978	snp	46	57	0.4092	0.3146	0.2826	0.6316	0.349
Chr4	7986317	snp	68	42	0.4132	0.3172	0.25	0.5952	0.3452
Chr4	7986529	snp	77	73	0.3905	0.2925	0.5195	0.8219	0.3024
Chr4	8018320	indel	41	44	0.4329	0.3193	0.3415	0.6818	0.3404
Chr4	8018511	snp	50	33	0.4382	0.3267	0.34	0.6667	0.3267
Chr4	8021589	snp	69	54	0.3953	0.3076	0.4348	0.7593	0.3245
Chr4	8023525	snp	81	76	0.3813	0.295	0.4568	0.7763	0.3195
Chr4	8025506	snp	62	62	0.4032	0.3065	0.3387	0.6935	0.3548
Chr4	8026443	snp	61	50	0.3993	0.3085	0.1475	0.5	0.3525
Chr4	8026453	snp	58	41	0.4142	0.3238	0.1034	0.439	0.3356
Chr4	8027374	snp	54	44	0.4184	0.3258	0.2407	0.5682	0.3274
Chr4	8027396	snp	53	35	0.4216	0.3186	0.2264	0.5714	0.345
Chr4	8028001	snp	82	67	0.3844	0.2949	0.4024	0.7463	0.3438
Chr4	8031522	snp	111	84	0.3867	0.2941	0.4865	0.7857	0.2992
Chr4	8037557	snp	67	79	0.3837	0.2942	0.4478	0.7468	0.2991
Chr4	8038261	indel	44	39	0.4225	0.3316	0.3636	0.7179	0.3543
Chr4	8040932	snp	28	28	0.4643	0.3571	0.2143	0.7143	0.5
Chr4	8047342	snp	72	79	0.382	0.3036	0.3056	0.6456	0.34
Chr4	8047400	snp	79	100	0.3868	0.2903	0.4937	0.81	0.3163
Chr4	8047942	snp	25	26	0.4892	0.3708	0.16	0.6154	0.4554
Chr4	8047980	snp	41	44	0.4329	0.3193	0.3415	0.8182	0.4767
Chr4	8047983	snp	44	51	0.4095	0.3217	0.3636	0.8235	0.4599
Chr4	8049390	snp	77	62	0.3913	0.2985	0.4935	0.8226	0.3291
Chr4	8055741	snp	11	9	0.6667	0.5051	0.4545	1.0	0.5455
Chr4	8059775	snp	27	22	0.4848	0.3771	0.5185	0.9545	0.436
Chr4	8061042	indel	56	47	0.4115	0.3203	0.6071	0.9362	0.329
Chr4	8062798	snp	40	53	0.4108	0.3288	0.425	0.7925	0.3675
Chr4	8062812	snp	40	54	0.4167	0.3306	0.4	0.7963	0.3963
Chr4	8064582	snp	62	63	0.392	0.3103	0.2581	0.5873	0.3292
Chr4	8065547	snp	77	68	0.3925	0.2939	0.4416	0.75	0.3084
Chr4	8116167	snp	42	21	0.4762	0.3571	0.0714	0.4286	0.3571
Chr4	8116193	snp	49	25	0.4367	0.3355	0.1429	0.52	0.3771
Chr4	8120727	snp	41	10	0.5341	0.4122	0.4634	0.9	0.4366
Chr4	8123067	snp	65	35	0.4352	0.3187	0.2923	0.6857	0.3934
Chr4	8212073	indel	76	67	0.383	0.3032	0.5789	0.9104	0.3315
Chr4	8239338	snp	72	87	0.3774	0.2969	0.4861	0.8506	0.3645
Chr4	8243327	indel	85	57	0.3899	0.3018	0.5294	0.8421	0.3127
Chr4	8265799	snp	92	64	0.3947	0.305	0.4457	0.7812	0.3356
Chr4	8270797	indel	87	70	0.381	0.2949	0.4483	0.7857	0.3374
Chr4	8270825	snp	90	52	0.3953	0.3013	0.4778	0.7885	0.3107
Chr4	8270979	snp	55	43	0.4097	0.3239	0.2545	0.5814	0.3268
Chr4	8271189	snp	44	27	0.4478	0.3426	0.1136	0.5185	0.4049
Chr4	8271198	snp	42	27	0.4444	0.3439	0.0952	0.4444	0.3492
Chr4	8275542	snp	57	45	0.4175	0.3135	0.2281	0.5778	0.3497
Chr4	8275546	indel	55	48	0.4042	0.3133	0.2182	0.6042	0.386
Chr4	8276652	snp	34	17	0.5	0.3824	0.0882	0.4706	0.3824
Chr4	8276705	snp	42	21	0.4762	0.3571	0.0952	0.4762	0.381
Chr4	8276742	snp	41	28	0.4477	0.3467	0.2195	0.6071	0.3876
Chr4	8277600	snp	73	39	0.4064	0.3123	0.3151	0.6923	0.3772
Chr4	8277820	snp	45	19	0.476	0.3649	0.1111	0.5263	0.4152
Chr4	8277938	snp	51	38	0.4298	0.3246	0.2353	0.6053	0.37
Chr4	8280471	snp	26	18	0.5043	0.3846	0.1923	0.6111	0.4188
Chr4	8283140	snp	100	88	0.3718	0.2859	0.49	0.8295	0.3395
Chr4	8284144	snp	83	62	0.3805	0.2997	0.4578	0.7581	0.3002
Chr4	8286971	snp	70	51	0.4095	0.3098	0.4857	0.8627	0.377
Chr4	8287079	snp	61	66	0.4006	0.3085	0.4754	0.8182	0.3428
Chr4	8288268	snp	115	88	0.3681	0.2872	0.4783	0.875	0.3967
Chr4	8289592	snp	86	76	0.3788	0.2959	0.5	0.8421	0.3421
Chr4	8293665	snp	46	65	0.4033	0.3084	0.5217	0.8462	0.3244
Chr4	8297303	snp	58	70	0.3808	0.3059	0.3448	0.7286	0.3837
Chr4	8304673	snp	82	86	0.3721	0.2842	0.5122	0.8023	0.2901
Chr4	8384620	indel	40	43	0.4244	0.3262	0.2	0.5814	0.3814
Chr4	8384622	snp	42	44	0.4188	0.3247	0.2619	0.5909	0.329
Chr4	8385422	snp	47	36	0.4196	0.3245	0.2553	0.6111	0.3558
Chr4	8386169	indel	59	53	0.4007	0.3099	0.5763	0.8868	0.3105
Chr4	8386260	snp	48	52	0.4038	0.3157	0.3333	0.6923	0.359
Chr4	8386393	snp	63	45	0.4095	0.3143	0.2381	0.6222	0.3841
Chr4	8386519	snp	48	36	0.4306	0.3333	0.1667	0.5278	0.3611
Chr4	8387863	snp	39	38	0.4265	0.3259	0.1282	0.5263	0.3981
Chr4	8388295	snp	47	19	0.4692	0.3539	0.1915	0.5789	0.3875
Chr4	8388302	snp	47	18	0.4586	0.3605	0.1915	0.5556	0.3641
Chr4	8389141	snp	18	9	0.6111	0.4444	0.1111	0.5556	0.4444
Chr4	8389321	snp	30	13	0.5231	0.4128	0.3	0.7692	0.4692
Chr4	8389327	indel	32	19	0.4868	0.3734	0.2812	0.7895	0.5082
Chr4	8389715	snp	77	50	0.3925	0.3023	0.3766	0.7	0.3234
Chr4	8390391	snp	57	39	0.4035	0.3158	0.386	0.7179	0.332
Chr4	8392651	snp	89	74	0.3813	0.2915	0.5169	0.8514	0.3345
Chr4	8403653	snp	72	56	0.4107	0.3095	0.4861	0.8393	0.3532
Chr4	8468200	snp	68	54	0.3954	0.3066	0.4706	0.8148	0.3442
Chr4	8545127	snp	97	80	0.3885	0.2979	0.3711	0.8125	0.4414
Chr4	8546480	snp	84	64	0.3802	0.2917	0.381	0.6875	0.3065
Chr4	8548254	snp	67	68	0.3782	0.2917	0.3582	0.6912	0.333
Chr4	8548875	snp	36	31	0.4597	0.3441	0.1944	0.5484	0.3539
Chr4	8551179	indel	87	81	0.3802	0.2929	0.4713	0.7654	0.2942
Chr4	8551200	indel	82	78	0.3837	0.2983	0.4024	0.7821	0.3796
Chr4	8551245	snp	69	88	0.3849	0.2956	0.4493	0.8068	0.3575
Chr4	8552712	snp	84	90	0.3833	0.2929	0.4167	0.8	0.3833
Chr4	8557654	snp	68	48	0.4007	0.3113	0.2353	0.6042	0.3689
Chr4	8561635	snp	56	52	0.408	0.3077	0.25	0.5962	0.3462
Chr4	8569663	snp	58	59	0.4173	0.3162	0.2069	0.6102	0.4033
Chr4	8571337	snp	40	26	0.4462	0.35	0.2	0.6154	0.4154
Chr4	8573284	snp	55	33	0.4242	0.3333	0.0909	0.4242	0.3333
Chr4	8576751	snp	56	51	0.4114	0.3165	0.2679	0.5882	0.3204
Chr4	8580319	snp	44	37	0.4441	0.3292	0.2955	0.6486	0.3532
Chr4	8580323	snp	42	32	0.442	0.3393	0.2619	0.6562	0.3943
Chr4	8583917	snp	27	24	0.4722	0.3704	0.2963	0.7083	0.412
Chr4	8583947	snp	8	10	0.675	0.525	0.25	0.9	0.65
Chr4	8584388	snp	37	31	0.4499	0.3479	0.1622	0.5806	0.4185
Chr4	8584392	snp	39	30	0.459	0.341	0.1282	0.5333	0.4051
Chr4	8587307	snp	90	84	0.3833	0.2929	0.4444	0.7381	0.2937
Chr4	8590775	indel	44	27	0.4478	0.3426	0.0682	0.5185	0.4503
Chr4	8590836	snp	40	22	0.4523	0.3568	0.125	0.5	0.375
Chr4	8591766	snp	56	70	0.4	0.3036	0.2857	0.6429	0.3571
Chr4	8593426	indel	74	52	0.4038	0.3119	0.4189	0.7308	0.3119
Chr4	8594636	snp	92	71	0.3781	0.2936	0.5217	0.8169	0.2952
Chr4	8595613	indel	79	55	0.4037	0.3096	0.4177	0.7818	0.3641
Chr4	8595665	snp	65	51	0.4066	0.3113	0.3692	0.8431	0.4739
Chr4	8595713	indel	62	51	0.4029	0.314	0.4194	0.7451	0.3257
Chr4	8595863	snp	56	45	0.4206	0.323	0.1429	0.4889	0.346
Chr4	8598370	snp	65	38	0.4138	0.317	0.3077	0.7105	0.4028
Chr4	8598391	snp	61	36	0.4185	0.316	0.2787	0.6389	0.3602
Chr4	8599441	indel	36	22	0.4747	0.3662	0.0833	0.5455	0.4621
Chr4	8603588	snp	91	71	0.3883	0.2914	0.4945	0.7887	0.2942
Chr4	8976054	snp	73	51	0.3889	0.3086	0.4658	0.8039	0.3382
Chr4	8986634	snp	72	39	0.4049	0.3152	0.4444	0.7692	0.3248
Chr4	9003743	snp	79	64	0.3993	0.2959	0.3924	0.7188	0.3263
Chr4	9004857	snp	72	61	0.4005	0.301	0.4028	0.7541	0.3513
Chr4	9013315	indel	80	94	0.3721	0.2915	0.4625	0.7766	0.3141
Chr4	9040933	indel	105	89	0.377	0.2898	0.4571	0.7978	0.3406
Chr4	9052939	snp	65	66	0.3893	0.3002	0.4923	0.803	0.3107
Chr4	9055766	indel	92	78	0.3821	0.294	0.5	0.8462	0.3462
Chr4	9056831	snp	64	58	0.4009	0.3098	0.5312	0.8793	0.3481
Chr4	9057327	snp	76	67	0.383	0.3032	0.4605	0.806	0.3454
Chr4	9060163	indel	50	56	0.405	0.3143	0.52	0.8393	0.3193
Chr4	9064311	indel	91	82	0.3799	0.2873	0.4945	0.8171	0.3226
Chr4	9070762	snp	51	43	0.4181	0.3288	0.2745	0.6047	0.3301
Chr4	9078939	snp	43	30	0.4481	0.3411	0.1628	0.5333	0.3705
Chr4	9079569	snp	54	35	0.4196	0.3222	0.037	0.3714	0.3344
Chr4	9092953	indel	54	46	0.4211	0.3221	0.2593	0.6087	0.3494
Chr4	9093178	snp	63	53	0.3986	0.3073	0.3968	0.7358	0.339
Chr4	9093754	snp	88	79	0.378	0.2923	0.4545	0.8354	0.3809
Chr4	9094096	snp	36	41	0.4295	0.3354	0.0556	0.4146	0.3591
Chr4	9094792	snp	47	37	0.4204	0.3255	0.1702	0.5405	0.3703
Chr4	9094824	snp	56	42	0.3988	0.3155	0.3036	0.6667	0.3631
Chr4	9095034	snp	42	30	0.4333	0.3381	0.3571	0.7	0.3429
Chr4	9095413	snp	66	31	0.4296	0.3289	0.303	0.7097	0.4066
Chr4	9095474	snp	66	31	0.4296	0.3289	0.1818	0.5161	0.3343
Chr4	9106216	snp	31	23	0.4698	0.3619	0.1935	0.6522	0.4586
Chr4	9106223	snp	30	25	0.4733	0.3733	0.2	0.6	0.4
Chr4	9108722	snp	45	46	0.4266	0.3203	0.2889	0.6304	0.3415
Chr4	9108988	indel	36	29	0.4607	0.3429	0.0833	0.4828	0.3994
Chr4	9109008	snp	32	28	0.4509	0.3571	0.0938	0.4643	0.3705
Chr4	9127353	indel	57	75	0.3902	0.2968	0.4386	0.7467	0.3081
Chr4	9136101	snp	80	79	0.3837	0.2953	0.5125	0.8354	0.3229
Chr4	9138407	snp	49	24	0.4439	0.341	0.1837	0.5417	0.358
Chr4	9141355	snp	76	69	0.3839	0.2969	0.3947	0.7681	0.3734
Chr4	9142194	snp	45	25	0.4578	0.3511	0.2444	0.64	0.3956
Chr4	9142211	snp	41	20	0.4598	0.3598	0.1707	0.7	0.5293
Chr4	9142272	snp	36	20	0.4889	0.3667	0.1389	0.7	0.5611
Chr4	9142330	indel	38	26	0.4656	0.3502	0.1053	0.4615	0.3563
Chr4	9143848	indel	81	72	0.3889	0.2978	0.4938	0.7917	0.2978
Chr4	9144240	indel	67	51	0.3989	0.3102	0.4179	0.7843	0.3664
Chr4	9146658	snp	63	35	0.419	0.3206	0.3016	0.8286	0.527
Chr4	9163015	snp	62	53	0.3999	0.3028	0.2581	0.6038	0.3457
Chr4	9164338	snp	44	26	0.4493	0.3462	0.1818	0.5769	0.3951
Chr4	9165127	snp	45	29	0.433	0.3341	0.4444	0.8276	0.3831
Chr4	9165130	snp	45	33	0.4384	0.3333	0.4222	0.8788	0.4566
Chr4	9167997	snp	42	24	0.4405	0.3452	0.0714	0.4167	0.3452
Chr4	9168728	snp	45	40	0.4139	0.3333	0.1778	0.525	0.3472
Chr4	9169885	snp	52	43	0.4092	0.3202	0.25	0.6047	0.3547
Chr4	9171601	snp	56	45	0.4206	0.323	0.2143	0.7111	0.4968
Chr4	9171943	snp	39	17	0.4751	0.3725	0.0256	0.4118	0.3861
Chr4	9171963	snp	47	29	0.4505	0.3412	0.2128	0.5862	0.3734
Chr4	9175381	indel	65	62	0.3975	0.306	0.4154	0.7419	0.3266
Chr4	9176646	snp	74	56	0.4044	0.3055	0.5676	0.8929	0.3253
Chr4	9179676	snp	77	65	0.396	0.2955	0.4416	0.7692	0.3277
Chr4	9181572	snp	42	29	0.4384	0.335	0.2857	0.6207	0.335
Chr4	9182879	snp	95	67	0.3769	0.2918	0.5263	0.8507	0.3244
Chr4	9184809	snp	64	47	0.4036	0.3102	0.25	0.5745	0.3245
Chr4	9184855	snp	78	52	0.391	0.2949	0.3333	0.7115	0.3782
Chr4	9185071	snp	102	82	0.3757	0.2929	0.451	0.7683	0.3173
Chr4	9188821	indel	92	89	0.3731	0.2926	0.4891	0.7978	0.3086
Chr4	9192245	snp	96	80	0.3792	0.2896	0.5417	0.8375	0.2958
Chr4	9192856	snp	55	52	0.4024	0.3094	0.2727	0.6154	0.3427
Chr4	9201716	snp	89	91	0.3792	0.289	0.5618	0.8681	0.3063
Chr4	9203986	snp	41	47	0.4338	0.3243	0.1951	0.7021	0.507
Chr4	9206112	snp	47	32	0.4395	0.3371	0.2766	0.625	0.3484
Chr4	9209321	snp	78	98	0.3789	0.2873	0.4487	0.7449	0.2962
Chr4	9216128	snp	62	69	0.3957	0.3039	0.4677	0.7826	0.3149
Chr4	9223735	snp	47	43	0.4231	0.3261	0.2128	0.5581	0.3454
Chr4	9224265	snp	69	63	0.3885	0.303	0.5362	0.873	0.3368
Chr4	9226752	snp	43	34	0.4501	0.3399	0.3953	0.7353	0.3399
Chr4	9226821	snp	50	40	0.415	0.325	0.36	0.7	0.34
Chr4	9227757	snp	66	50	0.3879	0.3073	0.3636	0.7	0.3364
Chr4	9227806	indel	65	46	0.4033	0.3084	0.2615	0.6522	0.3906
Chr4	9227811	snp	68	45	0.4092	0.3147	0.3088	0.7333	0.4245
Chr4	9230486	snp	42	51	0.4146	0.3179	0.2619	0.5882	0.3263
Chr4	9231672	snp	74	65	0.3871	0.3008	0.4054	0.7231	0.3177
Chr4	9231743	snp	74	65	0.3871	0.3008	0.3649	0.6769	0.3121
Chr4	9233522	snp	40	37	0.4399	0.3277	0.225	0.5946	0.3696
Chr4	9233537	snp	33	29	0.4598	0.3521	0.1212	0.5517	0.4305
Chr4	9234163	snp	58	61	0.3954	0.3067	0.3621	0.6721	0.3101
Chr4	9234219	snp	52	62	0.4014	0.312	0.3654	0.7097	0.3443
Chr4	9236723	snp	49	44	0.4235	0.3256	0.2653	0.6136	0.3483
Chr4	9236753	snp	52	49	0.4223	0.3214	0.1346	0.6327	0.498
Chr4	9236868	snp	104	86	0.3708	0.2882	0.4904	0.7907	0.3003
Chr4	9237290	snp	55	56	0.4058	0.3146	0.2909	0.625	0.3341
Chr4	9237291	snp	55	51	0.3954	0.3184	0.2545	0.5882	0.3337
Chr4	9239970	snp	62	38	0.4244	0.3192	0.3065	0.6316	0.3251
Chr4	9242731	indel	52	30	0.4346	0.3295	0.3077	0.7333	0.4256
Chr4	9242750	snp	51	30	0.4333	0.3333	0.2353	0.7	0.4647
Chr4	9243695	snp	58	48	0.4052	0.3175	0.2931	0.6458	0.3527
Chr4	9244252	snp	74	46	0.3907	0.3067	0.4324	0.7609	0.3284
Chr4	9244297	snp	57	29	0.4265	0.3388	0.193	0.6552	0.4622
Chr4	9247770	snp	52	39	0.4231	0.3205	0.25	0.6923	0.4423
Chr4	9247855	snp	65	42	0.3982	0.3198	0.2769	0.6429	0.3659
Chr4	9248393	snp	75	40	0.4133	0.3117	0.4267	0.75	0.3233
Chr4	9248466	snp	77	42	0.3918	0.3095	0.3636	0.8333	0.4697
Chr4	9248522	indel	87	58	0.3966	0.2989	0.4368	0.7931	0.3563
Chr4	9269864	snp	81	73	0.3749	0.2982	0.4938	0.8219	0.3281
Chr4	9522758	indel	17	18	0.5425	0.4281	0.0588	0.8889	0.8301
Chr4	9556067	indel	74	68	0.3915	0.2957	0.5676	0.8676	0.3001
Chr4	9568844	snp	77	51	0.4018	0.3097	0.5325	0.8431	0.3107
Chr4	9582140	snp	91	89	0.3792	0.289	0.5165	0.8427	0.3262
Chr4	9587469	indel	89	66	0.397	0.2978	0.5618	0.8788	0.317
Chr4	9591920	indel	88	74	0.371	0.2942	0.5341	0.8514	0.3173
Chr4	9596141	snp	73	68	0.3995	0.2996	0.4658	0.7794	0.3137
Chr4	9602457	snp	99	72	0.375	0.2955	0.3737	0.7083	0.3346
Chr4	9602622	snp	140	132	0.3636	0.2803	0.3786	0.7045	0.326
Chr4	9609347	snp	93	45	0.4093	0.3047	0.3978	0.7111	0.3133
Chr4	9611660	snp	83	94	0.3782	0.2959	0.5783	0.9043	0.3259
Chr4	9615342	indel	89	67	0.3755	0.2968	0.5056	0.8955	0.3899
Chr4	9623757	indel	126	114	0.3605	0.2857	0.4444	0.7368	0.2924
Chr4	9629844	snp	87	79	0.3732	0.2949	0.5402	0.8354	0.2952
Chr4	9630576	indel	84	23	0.4337	0.3349	0.5476	0.913	0.3654
Chr4	9635135	indel	12	15	0.5667	0.45	0.0	0.4667	0.4667
Chr4	9637687	snp	61	35	0.4319	0.3208	0.2951	0.7143	0.4192
Chr4	9639558	snp	72	73	0.3662	0.2953	0.3472	0.6986	0.3514
Chr4	9639845	snp	104	83	0.3716	0.2852	0.4231	0.7108	0.2878
Chr4	9645049	indel	59	65	0.4044	0.3056	0.4915	0.8308	0.3392
Chr4	9645725	snp	77	75	0.383	0.2925	0.4416	0.7867	0.3451
Chr4	9649584	snp	46	54	0.4211	0.3221	0.5435	0.8889	0.3454
Chr4	9669863	snp	63	26	0.4359	0.3388	0.2698	0.6154	0.3455
Chr4	9671210	snp	54	41	0.4101	0.3144	0.1852	0.5122	0.327
Chr4	9682852	snp	39	50	0.4292	0.3297	0.4359	0.82	0.3841
Chr4	9682856	snp	40	51	0.4221	0.3255	0.425	0.8235	0.3985
Chr4	9683846	snp	77	59	0.4041	0.3024	0.4935	0.8305	0.337
Chr4	9700194	snp	70	64	0.3969	0.3018	0.6286	0.9375	0.3089
Chr4	9704196	indel	57	57	0.4035	0.3158	0.5088	0.8246	0.3158
Chr4	9707634	snp	82	52	0.3931	0.3021	0.4024	0.75	0.3476
Chr4	9786719	indel	99	80	0.3956	0.2941	0.4545	0.7875	0.333
Chr4	9808708	snp	76	40	0.4013	0.3079	0.5395	0.875	0.3355
Chr4	9921534	snp	90	48	0.3875	0.3028	0.5667	0.875	0.3083
Chr4	9924040	snp	83	103	0.3754	0.2917	0.5181	0.835	0.3169
Chr4	9925798	snp	83	51	0.3971	0.3083	0.4819	0.902	0.42
Chr4	9983458	indel	62	31	0.4194	0.3387	0.4677	0.8065	0.3387
Chr4	9983936	indel	95	77	0.3781	0.2915	0.5895	0.9351	0.3456
Chr4	9987912	snp	80	68	0.3919	0.3029	0.55	0.8676	0.3176
Chr4	9990468	indel	46	48	0.4058	0.317	0.2609	0.5833	0.3225
Chr4	10001344	indel	67	24	0.4335	0.3439	0.3134	0.7083	0.3949
Chr4	10014585	indel	53	13	0.4891	0.3904	0.3774	0.8462	0.4688
Chr4	10019065	indel	103	88	0.3827	0.2963	0.4078	0.7045	0.2968
Chr4	10022233	snp	74	54	0.3899	0.3068	0.5676	0.9074	0.3398
Chr4	10058460	snp	58	53	0.4239	0.3155	0.4138	0.7925	0.3787
Chr4	10071464	indel	79	92	0.3756	0.2906	0.3544	0.6957	0.3412
Chr4	10072731	snp	48	39	0.4103	0.3189	0.2083	0.5641	0.3558
Chr4	10078238	indel	53	59	0.4007	0.3099	0.2642	0.5932	0.3291
Chr4	10080401	indel	52	42	0.4212	0.3141	0.25	0.5952	0.3452
Chr4	10092030	snp	94	81	0.3688	0.2875	0.5319	0.8765	0.3446
Chr4	10093556	snp	58	48	0.4052	0.3175	0.2069	0.6042	0.3973
Chr4	10094956	snp	79	58	0.3826	0.2997	0.4937	0.8103	0.3167
Chr4	10095025	indel	93	64	0.3874	0.2965	0.5269	0.8281	0.3012
Chr4	10147323	snp	93	100	0.3782	0.2906	0.5591	0.88	0.3209
Chr4	10148736	snp	56	39	0.419	0.3205	0.2679	0.641	0.3732
Chr4	10148738	snp	54	41	0.4101	0.3144	0.2593	0.6341	0.3749
Chr4	10150769	indel	19	22	0.5096	0.3876	0.2632	0.6818	0.4187
Chr4	10156490	indel	19	37	0.4922	0.3627	0.6316	0.2432	-0.3883
Chr4	10157332	snp	70	40	0.4179	0.3143	0.2857	0.75	0.4643
Chr4	10157371	snp	50	29	0.4476	0.3462	0.2	0.6897	0.4897
Chr4	10158998	snp	74	60	0.4018	0.3	0.4054	0.7667	0.3613
Chr4	10162842	snp	92	71	0.3781	0.2936	0.4457	0.831	0.3853
Chr4	10162910	indel	96	85	0.3853	0.2983	0.5	0.8235	0.3235
Chr4	10163681	snp	80	87	0.3856	0.2897	0.4125	0.7356	0.3231
Chr4	10164781	snp	101	82	0.376	0.2883	0.4554	0.8293	0.3738
Chr4	10164859	snp	86	68	0.3748	0.2958	0.4535	0.7941	0.3406
Chr4	10164896	snp	68	47	0.4196	0.3229	0.3235	0.6596	0.336
Chr4	10165188	snp	51	55	0.3954	0.3184	0.1373	0.5273	0.39
Chr4	10165761	indel	45	55	0.4141	0.3152	0.4222	0.7636	0.3414
Chr4	10179725	snp	67	74	0.3971	0.2975	0.5672	0.8784	0.3112
Chr4	10180176	snp	65	35	0.4352	0.3187	0.1231	0.4857	0.3626
Chr4	10180266	snp	79	61	0.3899	0.3013	0.3797	0.7705	0.3907
Chr4	10181687	snp	61	52	0.4001	0.3124	0.1148	0.4615	0.3468
Chr4	10181865	snp	65	41	0.415	0.3212	0.2923	0.6341	0.3418
Chr4	10182017	snp	60	61	0.4189	0.3079	0.35	0.7049	0.3549
Chr4	10182361	snp	64	53	0.3927	0.3037	0.3594	0.6981	0.3387
Chr4	10182410	snp	64	60	0.3865	0.3052	0.3594	0.7333	0.374
Chr4	10182584	snp	73	61	0.3955	0.2998	0.3014	0.6393	0.338
Chr4	10182628	snp	62	52	0.4014	0.312	0.2742	0.6154	0.3412
Chr4	10182772	snp	75	66	0.38	0.3024	0.48	0.7879	0.3079
Chr4	10183082	snp	65	72	0.4006	0.3	0.3077	0.6389	0.3312
Chr4	10183115	snp	48	45	0.4153	0.3181	0.25	0.5778	0.3278
Chr4	10183174	indel	56	47	0.4115	0.3203	0.4286	0.7872	0.3587
Chr4	10183201	snp	52	52	0.4038	0.3269	0.4231	0.8077	0.3846
Chr4	10184209	snp	44	27	0.4478	0.3426	0.1364	0.5185	0.3822
Chr4	10184214	snp	40	29	0.4586	0.3517	0.15	0.5172	0.3672
Chr4	10184453	snp	69	52	0.3977	0.306	0.3333	0.7115	0.3782
Chr4	10184548	snp	77	51	0.4018	0.3097	0.3636	0.7059	0.3422
Chr4	10184669	snp	74	54	0.3899	0.3068	0.3919	0.7037	0.3118
Chr4	10184779	snp	58	40	0.4207	0.3207	0.2759	0.65	0.3741
Chr4	10185195	snp	60	54	0.4056	0.3093	0.3167	0.6296	0.313
Chr4	10186131	snp	60	63	0.4008	0.3032	0.3667	0.7143	0.3476
Chr4	10186170	snp	59	45	0.4102	0.316	0.2542	0.6444	0.3902
Chr4	10186591	snp	46	44	0.4229	0.3281	0.3696	0.8182	0.4486
Chr4	10186916	snp	33	21	0.4805	0.3636	0.2424	0.6667	0.4242
Chr4	10187043	indel	41	36	0.4295	0.3354	0.2439	0.5833	0.3394
Chr4	10188412	snp	72	68	0.3848	0.2998	0.3333	0.6912	0.3578
Chr4	10189747	snp	50	34	0.4271	0.3365	0.14	0.5	0.36
Chr4	10189777	snp	46	33	0.4361	0.332	0.087	0.4848	0.3979
Chr4	10189804	snp	43	34	0.4501	0.3399	0.0465	0.5	0.4535
Chr4	10189940	snp	55	49	0.4212	0.3147	0.1818	0.5102	0.3284
Chr4	10190077	snp	51	53	0.404	0.3111	0.2353	0.5849	0.3496
Chr4	10190103	snp	51	32	0.4167	0.3382	0.1176	0.4688	0.3511
Chr4	10190136	snp	52	34	0.4389	0.3303	0.0962	0.4706	0.3744
Chr4	10192371	snp	68	72	0.3848	0.2998	0.4853	0.8056	0.3203
Chr4	10192427	snp	59	36	0.4157	0.3216	0.2542	0.6389	0.3847
Chr4	10192522	snp	58	29	0.431	0.3448	0.1552	0.5862	0.431
Chr4	10192573	snp	58	35	0.4325	0.33	0.2241	0.5714	0.3473
Chr4	10193143	snp	111	91	0.3739	0.286	0.4685	0.8242	0.3557
Chr4	10193194	indel	127	118	0.3666	0.2892	0.5197	0.822	0.3023
Chr4	10194783	snp	93	91	0.3807	0.294	0.4624	0.7912	0.3288
Chr4	10194892	snp	71	78	0.3875	0.294	0.493	0.8077	0.3147
Chr4	10195011	snp	46	31	0.4369	0.3394	0.0435	0.3871	0.3436
Chr4	10196160	snp	59	35	0.4252	0.3254	0.3051	0.6571	0.3521
Chr4	10196320	snp	58	27	0.433	0.3416	0.2586	0.6667	0.408
Chr4	10196586	snp	31	34	0.4421	0.3454	0.1613	0.5882	0.4269
Chr4	10197893	snp	68	61	0.3927	0.3028	0.5	0.8197	0.3197
Chr4	10197997	indel	57	39	0.4035	0.3158	0.2632	0.6154	0.3522
Chr4	10198465	snp	50	59	0.4088	0.3149	0.34	0.6949	0.3549
Chr4	10198946	snp	94	110	0.3791	0.2882	0.4468	0.8455	0.3986
Chr4	10199359	snp	57	26	0.4393	0.3414	0.1754	0.5769	0.4015
Chr4	10200493	snp	82	64	0.3979	0.3045	0.3902	0.7344	0.3441
Chr4	10200586	snp	62	38	0.4244	0.3192	0.3226	0.6579	0.3353
Chr4	10201084	snp	49	28	0.4439	0.3418	0.3265	0.75	0.4235
Chr4	10201098	snp	46	27	0.4388	0.343	0.3043	0.7407	0.4364
Chr4	10202691	indel	112	84	0.3839	0.2887	0.5536	0.8452	0.2917
Chr4	10202776	indel	101	61	0.385	0.2925	0.4356	0.7705	0.3348
Chr4	10204842	snp	54	28	0.4497	0.3452	0.1111	0.5	0.3889
Chr4	10204846	snp	52	31	0.4206	0.3251	0.1346	0.5484	0.4138
Chr4	10204903	indel	66	51	0.4046	0.3119	0.4242	0.8039	0.3797
Chr4	10205637	snp	76	54	0.3962	0.3007	0.4474	0.7593	0.3119
Chr4	10205970	snp	58	46	0.4108	0.3081	0.3621	0.7826	0.4205
Chr4	10206748	snp	67	42	0.4126	0.323	0.3582	0.7619	0.4037
Chr4	10207712	indel	53	41	0.4188	0.3267	0.1132	0.4878	0.3746
Chr4	10207719	indel	44	37	0.4441	0.3292	0.0	0.4054	0.4054
Chr4	10208168	snp	44	21	0.4665	0.3506	0.2045	0.619	0.4145
Chr4	10210808	snp	88	61	0.3778	0.2958	0.5	0.8197	0.3197
Chr4	10214312	indel	50	41	0.4229	0.3254	0.34	0.6829	0.3429
Chr4	10224665	snp	25	36	0.4578	0.3467	0.28	0.6667	0.3867
Chr4	10224809	indel	67	82	0.3844	0.2949	0.3731	0.7805	0.4074
Chr4	10224877	snp	65	71	0.3876	0.3029	0.4615	0.831	0.3694
Chr4	10225683	snp	65	61	0.4096	0.309	0.3692	0.6885	0.3193
Chr4	10225732	snp	41	52	0.4151	0.3227	0.3171	0.7115	0.3945
Chr4	10231262	snp	35	23	0.4683	0.3652	0.1714	0.6087	0.4373
Chr4	10231272	snp	29	17	0.4888	0.3854	0.069	0.5294	0.4604
Chr4	10231346	snp	51	33	0.4314	0.3351	0.2549	0.6061	0.3512
Chr4	10233258	snp	45	34	0.4176	0.3294	0.2444	0.7059	0.4614
Chr4	10243737	snp	47	53	0.4095	0.3107	0.2979	0.6792	0.3814
Chr4	10243795	snp	47	65	0.4157	0.3129	0.4043	0.8	0.3957
Chr4	10243842	snp	45	49	0.429	0.3215	0.2222	0.7347	0.5125
Chr4	10244340	snp	41	37	0.437	0.3316	0.2195	0.5946	0.3751
Chr4	10244482	snp	48	40	0.4375	0.3333	0.2708	0.75	0.4792
Chr4	10244662	snp	46	45	0.4266	0.3203	0.3478	0.7111	0.3633
Chr4	10244729	snp	57	53	0.4012	0.3174	0.386	0.7547	0.3688
Chr4	10244834	snp	50	42	0.4229	0.3219	0.32	0.6667	0.3467
Chr4	10245868	snp	36	22	0.4747	0.3662	0.0278	0.6364	0.6086
Chr4	10245881	snp	33	24	0.4773	0.3674	0.0909	0.5833	0.4924
Chr4	10245905	snp	41	24	0.4573	0.3526	0.3902	0.75	0.3598
Chr4	10256305	snp	25	28	0.4871	0.3671	0.2	0.5714	0.3714
Chr4	10257919	snp	55	55	0.4182	0.3091	0.2	0.5091	0.3091
Chr4	10258196	snp	28	20	0.4929	0.3786	0.2857	0.75	0.4643
Chr4	10259121	snp	37	25	0.4638	0.3557	0.1622	0.68	0.5178
Chr4	10259986	snp	47	25	0.4409	0.3396	0.2553	0.6	0.3447
Chr4	10260857	snp	69	58	0.3991	0.3073	0.4783	0.8276	0.3493
Chr4	10261086	snp	51	39	0.4299	0.3228	0.2745	0.6154	0.3409
Chr4	10261091	indel	45	41	0.4228	0.3274	0.2222	0.6341	0.4119
Chr4	10261647	snp	47	30	0.4418	0.3383	0.0851	0.4333	0.3482
Chr4	10263405	snp	85	69	0.3881	0.2975	0.3529	0.6957	0.3427
Chr4	10268012	snp	73	78	0.4046	0.2968	0.5068	0.8462	0.3393
Chr4	10269181	snp	24	14	0.5238	0.4107	0.0	0.4286	0.4286
Chr4	10280872	indel	93	76	0.3855	0.2912	0.4516	0.8026	0.351
Chr4	10281627	snp	65	74	0.3871	0.3008	0.4769	0.8784	0.4015
Chr4	10289867	indel	65	61	0.4096	0.309	0.5077	0.8197	0.312
Chr4	10294151	indel	103	59	0.389	0.297	0.4466	0.7627	0.3161
Chr4	10295810	indel	75	54	0.3948	0.297	0.3733	0.7963	0.423
Chr4	10317086	snp	105	55	0.3853	0.2961	0.419	0.7455	0.3264
Chr4	10318507	indel	65	60	0.3949	0.3038	0.4462	0.8167	0.3705
Chr4	10322146	snp	41	46	0.43	0.3271	0.4634	0.8913	0.4279
Chr4	10394047	snp	89	94	0.3633	0.2828	0.5056	0.8404	0.3348
Chr4	10410566	snp	71	71	0.3944	0.3099	0.3239	0.7465	0.4225
Chr4	10410572	indel	94	78	0.3753	0.2919	0.2553	0.6667	0.4113
Chr4	10410663	snp	25	17	0.5247	0.4047	0.32	0.7647	0.4447
Chr4	10410681	snp	20	19	0.4947	0.3895	0.4	0.8421	0.4421
Chr4	10410693	indel	19	13	0.5587	0.4251	0.4211	1.0	0.5789
Chr4	10412330	indel	107	69	0.3695	0.2844	0.4673	0.7681	0.3008
Chr4	10417850	snp	81	59	0.3848	0.3061	0.3951	0.7627	0.3677
Chr4	10418720	indel	66	92	0.3758	0.2931	0.5152	0.8152	0.3001
Chr4	10422213	snp	59	27	0.4388	0.3446	0.5424	0.8889	0.3465
Chr4	10486126	indel	63	84	0.3849	0.3016	0.3968	0.7024	0.3056
Chr4	10486128	snp	59	82	0.407	0.3041	0.3898	0.7439	0.3541
Chr4	10486129	snp	60	78	0.3897	0.3	0.3833	0.7051	0.3218
Chr4	10527899	snp	72	58	0.3803	0.3051	0.5139	0.8621	0.3482
Chr4	10533106	indel	97	97	0.3711	0.2887	0.5052	0.7938	0.2887
Chr4	10590216	snp	70	58	0.3808	0.3059	0.4143	0.7414	0.3271
Chr4	10590426	snp	48	31	0.42	0.3286	0.2917	0.6774	0.3858
Chr4	10590689	snp	60	42	0.4262	0.3214	0.35	0.7857	0.4357
Chr4	10591842	snp	58	48	0.4052	0.3175	0.431	0.7708	0.3398
Chr4	10592541	snp	52	51	0.3986	0.3028	0.3269	0.6471	0.3201
Chr4	10657501	snp	70	102	0.3773	0.291	0.5	0.8137	0.3137
Chr4	10663445	snp	88	79	0.378	0.2923	0.4659	0.8354	0.3695
Chr4	10688315	snp	102	88	0.3779	0.2923	0.4902	0.7841	0.2939
Chr4	10741602	indel	68	68	0.4118	0.3088	0.5147	0.8235	0.3088
Chr4	10752375	snp	84	65	0.3744	0.294	0.5	0.8154	0.3154
Chr4	10752851	snp	43	51	0.4181	0.3288	0.3256	0.7647	0.4391
Chr4	10752944	snp	66	51	0.4046	0.3119	0.3333	0.7451	0.4118
Chr4	10755329	snp	47	36	0.4196	0.3245	0.234	0.6389	0.4048
Chr4	10779851	indel	104	67	0.3839	0.2913	0.6154	0.9254	0.31
Chr4	10806403	snp	58	36	0.4157	0.3257	0.2931	0.6944	0.4013
Chr4	10809040	snp	31	39	0.4467	0.3383	0.5161	0.8974	0.3813
Chr4	10814923	snp	61	50	0.3993	0.3085	0.3279	0.64	0.3121
Chr4	10832097	snp	71	56	0.3979	0.3058	0.4789	0.7857	0.3068
Chr4	10833267	snp	30	35	0.4524	0.3476	0.4333	0.9143	0.481
Chr4	10833509	snp	33	33	0.4545	0.3333	0.0303	0.4545	0.4242
Chr4	10834999	snp	50	49	0.4147	0.3135	0.26	0.5918	0.3318
Chr4	10843551	snp	90	78	0.3829	0.2991	0.4556	0.7949	0.3393
Chr4	10855771	snp	99	91	0.3679	0.2922	0.4848	0.7802	0.2954
Chr4	10861107	snp	88	64	0.392	0.304	0.4886	0.8281	0.3395
Chr4	10862065	snp	87	75	0.383	0.2933	0.5517	0.8533	0.3016
Chr4	10869496	indel	119	108	0.3633	0.2786	0.4454	0.75	0.3046
Chr4	10870845	snp	58	38	0.4111	0.3212	0.1207	0.5	0.3793
Chr4	10874912	snp	82	76	0.3944	0.294	0.4634	0.7763	0.3129
Chr4	10876268	snp	85	67	0.3956	0.2943	0.4471	0.8209	0.3738
Chr4	10876797	indel	84	73	0.3891	0.2921	0.5357	0.8493	0.3136
Chr4	10876876	snp	66	47	0.4146	0.3108	0.3636	0.7021	0.3385
Chr4	10880751	snp	86	86	0.3721	0.2907	0.5116	0.814	0.3023
Chr4	10881210	snp	112	91	0.3709	0.2885	0.5089	0.8132	0.3043
Chr4	10885747	snp	63	47	0.4272	0.3056	0.4762	0.8511	0.3749
Chr4	10888420	snp	39	44	0.4225	0.3316	0.3333	0.6818	0.3485
Chr4	10889479	snp	80	64	0.3937	0.3031	0.4	0.7188	0.3187
Chr4	10892217	snp	56	74	0.4044	0.3055	0.4643	0.7973	0.333
Chr4	10902246	snp	84	79	0.3867	0.2951	0.4643	0.7975	0.3332
Chr4	10905224	snp	81	74	0.3782	0.303	0.5185	0.8514	0.3328
Chr4	10905413	snp	62	43	0.407	0.314	0.3871	0.7907	0.4036
Chr4	10905414	indel	44	41	0.4329	0.3193	0.5227	0.8537	0.3309
Chr4	10905476	snp	42	37	0.4247	0.3346	0.3095	0.7568	0.4472
Chr4	10905477	snp	42	36	0.4444	0.3333	0.3333	0.75	0.4167
Chr4	10930963	snp	91	75	0.3801	0.2947	0.4725	0.8267	0.3541
Chr4	10931412	snp	99	78	0.3854	0.2988	0.5051	0.859	0.3539
Chr4	10934807	snp	53	52	0.4118	0.3153	0.6226	0.9423	0.3197
Chr4	10940956	snp	68	43	0.4145	0.3092	0.3529	0.7209	0.368
Chr4	10941869	snp	50	26	0.4508	0.3354	0.14	0.5	0.36
Chr4	10941920	indel	66	62	0.3998	0.3128	0.2879	0.6613	0.3734
Chr4	10941943	snp	75	69	0.3768	0.2968	0.4	0.7246	0.3246
Chr4	10942516	snp	86	69	0.3932	0.3006	0.3721	0.6957	0.3236
Chr4	10942523	indel	85	71	0.3841	0.2923	0.4	0.7183	0.3183
Chr4	10942953	snp	58	56	0.3867	0.3017	0.2759	0.6071	0.3313
Chr4	10946759	indel	88	58	0.3836	0.2978	0.4659	0.8448	0.3789
Chr4	10951936	snp	86	74	0.3796	0.2901	0.4651	0.7703	0.3052
Chr4	10982729	snp	84	65	0.3744	0.294	0.4286	0.7846	0.356
Chr4	10989586	snp	73	73	0.3836	0.3014	0.411	0.8082	0.3973
Chr4	11020157	snp	97	123	0.3628	0.2815	0.5155	0.8049	0.2894
Chr4	11042332	indel	45	44	0.4157	0.3253	0.3111	0.7045	0.3934
Chr4	11078443	snp	33	19	0.4944	0.3732	0.3939	0.8947	0.5008
Chr4	11079169	snp	51	24	0.4387	0.3554	0.3333	0.75	0.4167
Chr4	11083575	snp	52	55	0.4024	0.3094	0.2308	0.5818	0.351
Chr4	11440707	snp	53	32	0.4163	0.3284	0.4906	0.9375	0.4469
Chr4	11506727	snp	82	57	0.3945	0.3032	0.4634	0.807	0.3436
Chr4	11550025	snp	107	100	0.3642	0.2793	0.4299	0.71	0.2801
Chr4	11566322	snp	89	119	0.372	0.2905	0.5281	0.8403	0.3122
Chr4	11723877	snp	58	45	0.4008	0.3123	0.4655	0.8889	0.4234
Chr4	11770495	snp	75	40	0.4133	0.3117	0.5333	0.85	0.3167
Chr4	11863729	snp	69	62	0.3957	0.3039	0.5072	0.8226	0.3153
Chr4	12088150	snp	27	21	0.4921	0.381	0.2593	0.7619	0.5026
Chr4	12092327	indel	100	77	0.3662	0.2904	0.48	0.7922	0.3122
Chr4	12107633	snp	93	85	0.3766	0.2886	0.5054	0.8353	0.3299
Chr4	12394825	snp	61	34	0.4306	0.3259	0.459	0.8235	0.3645
Chr4	12451050	snp	96	95	0.3815	0.2876	0.4792	0.7789	0.2998
Chr4	12454328	snp	93	87	0.3686	0.2866	0.4516	0.7586	0.307
Chr4	12458622	snp	91	85	0.3754	0.2892	0.4505	0.7882	0.3377
Chr4	12479030	indel	70	78	0.3883	0.3026	0.4571	0.8974	0.4403
Chr4	12479061	snp	73	85	0.385	0.2967	0.4521	0.8824	0.4303
Chr4	12480485	snp	93	82	0.3841	0.2872	0.4516	0.7439	0.2923
Chr4	12511463	snp	94	107	0.367	0.2883	0.4681	0.7944	0.3263
Chr4	12515588	snp	83	34	0.422	0.3164	0.4699	0.7941	0.3242
Chr4	12540043	indel	81	76	0.3813	0.295	0.5309	0.8289	0.2981
Chr4	12542967	snp	81	82	0.3746	0.2892	0.4444	0.7805	0.336
Chr4	12564115	indel	51	47	0.4113	0.3179	0.3725	0.7872	0.4147
Chr4	12901071	snp	46	34	0.4169	0.3223	0.6739	0.2941	-0.3798
Chr4	12929747	snp	158	81	0.3698	0.2803	0.7722	0.4691	-0.303
Chr4	12929905	snp	117	66	0.3796	0.2867	0.7863	0.3636	-0.4227
Chr4	12935958	snp	136	71	0.3771	0.2926	0.8456	0.5493	-0.2963
Chr4	13078623	snp	57	40	0.4241	0.3189	0.5088	0.85	0.3412
Chr4	13433366	snp	38	63	0.4194	0.3241	0.3421	0.746	0.4039
Chr4	13601654	snp	66	63	0.3997	0.3074	0.5606	0.1746	-0.386
Chr4	13655057	snp	104	89	0.3665	0.2847	0.4519	0.7528	0.3009
Chr4	13853608	snp	18	14	0.5635	0.4286	0.2222	0.7143	0.4921
Chr4	13999113	snp	72	82	0.3865	0.3008	0.4722	0.7805	0.3083
Chr4	14078125	snp	64	64	0.3906	0.3125	0.2188	0.5312	0.3125
Chr4	14171368	snp	69	73	0.3919	0.3081	0.4203	0.7671	0.3468
Chr4	14172186	indel	90	77	0.3733	0.2883	0.5	0.8052	0.3052
Chr4	14173665	snp	96	83	0.3824	0.2893	0.4688	0.759	0.2903
Chr4	14191585	snp	77	73	0.3905	0.2925	0.4675	0.8219	0.3544
Chr4	14239239	snp	102	102	0.3824	0.2941	0.4216	0.7745	0.3529
Chr4	14246311	snp	67	64	0.3911	0.3102	0.4627	0.7969	0.3342
Chr4	14251071	snp	71	66	0.3807	0.2951	0.4648	0.8485	0.3837
Chr4	14256529	snp	37	33	0.4365	0.3423	0.1081	0.5152	0.407
Chr4	14256530	snp	38	32	0.4457	0.3405	0.1053	0.5	0.3947
Chr4	14256531	indel	38	33	0.4418	0.3429	0.1053	0.4848	0.3796
Chr4	14265801	snp	76	66	0.3892	0.2994	0.4868	0.7879	0.301
Chr4	14270660	snp	61	49	0.4108	0.3128	0.459	0.898	0.4389
Chr4	14270780	snp	77	82	0.3874	0.2941	0.4675	0.8659	0.3983
Chr4	14273113	snp	75	73	0.389	0.2972	0.44	0.7808	0.3408
Chr4	14273224	snp	50	29	0.4476	0.3462	0.18	0.5517	0.3717
Chr4	14273252	indel	41	31	0.4343	0.3352	0.2439	0.8065	0.5625
Chr4	14273257	snp	41	21	0.4483	0.3519	0.122	0.4762	0.3542
Chr4	14306185	indel	81	59	0.3848	0.3061	0.3951	0.7627	0.3677
Chr4	14340526	snp	81	69	0.3784	0.2904	0.5679	0.8841	0.3162
Chr4	14349592	snp	75	61	0.3921	0.3019	0.4533	0.7869	0.3336
Chr4	14351579	snp	58	57	0.3911	0.3043	0.5	0.8421	0.3421
Chr4	14357180	snp	81	54	0.4012	0.3086	0.4321	0.7407	0.3086
Chr4	14396363	snp	91	87	0.375	0.2915	0.4505	0.7471	0.2966
Chr4	14411044	snp	53	37	0.409	0.3202	0.3774	0.7027	0.3253
Chr4	14411080	snp	44	30	0.4379	0.3379	0.2273	0.5667	0.3394
Chr4	14415699	snp	82	70	0.385	0.2972	0.3415	0.7571	0.4157
Chr4	14431938	snp	104	110	0.3778	0.285	0.4808	0.8	0.3192
Chr4	14434773	snp	62	49	0.3983	0.3144	0.3871	0.7347	0.3476
Chr4	14435115	snp	78	51	0.3944	0.3024	0.4615	0.8235	0.362
Chr4	14435245	snp	64	39	0.4123	0.3185	0.2031	0.6667	0.4635
Chr4	14435276	snp	59	34	0.4257	0.3215	0.1695	0.5588	0.3893
Chr4	14435357	snp	80	55	0.392	0.3023	0.3625	0.7091	0.3466
Chr4	14435483	snp	89	77	0.3952	0.3	0.5169	0.8182	0.3013
Chr4	14443341	snp	49	62	0.3983	0.3144	0.1837	0.6129	0.4292
Chr4	14445453	snp	109	98	0.3585	0.28	0.4679	0.7857	0.3178
Chr4	14453759	snp	66	48	0.4148	0.3144	0.3636	0.7292	0.3655
Chr4	14453854	snp	91	62	0.4006	0.2958	0.4725	0.7742	0.3017
Chr4	14456561	snp	64	45	0.4118	0.309	0.25	0.6444	0.3944
Chr4	14457897	snp	44	38	0.4258	0.3313	0.2273	0.6316	0.4043
Chr4	14457901	snp	42	36	0.4444	0.3333	0.1905	0.6111	0.4206
Chr4	14463207	snp	123	111	0.3683	0.2764	0.4878	0.7748	0.287
Chr4	14464464	snp	84	59	0.3923	0.3039	0.4524	0.7627	0.3103
Chr4	14466795	snp	71	53	0.3933	0.3037	0.5211	0.8302	0.3091
Chr4	14472107	snp	76	53	0.4007	0.3069	0.3684	0.7925	0.424
Chr4	14472185	snp	80	46	0.4022	0.3027	0.475	0.7826	0.3076
Chr4	14472649	snp	57	45	0.4175	0.3135	0.2982	0.7111	0.4129
Chr4	14472713	snp	66	61	0.4006	0.3085	0.4242	0.7541	0.3299
Chr4	14474677	snp	50	29	0.4476	0.3462	0.28	0.6552	0.3752
Chr4	14476555	snp	74	95	0.3781	0.2939	0.3784	0.7158	0.3374
Chr4	14476676	snp	95	76	0.3816	0.2947	0.4316	0.75	0.3184
Chr4	14481269	snp	95	88	0.3652	0.2801	0.4737	0.7727	0.299
Chr4	14487085	snp	58	46	0.4108	0.3081	0.5345	0.8478	0.3133
Chr4	14506011	snp	91	92	0.3653	0.2787	0.4505	0.7935	0.3429
Chr4	14507235	snp	105	103	0.3752	0.2807	0.4857	0.8155	0.3298
Chr4	14509425	snp	63	47	0.4272	0.3056	0.4762	0.8085	0.3323
Chr4	14518340	snp	79	68	0.3833	0.2943	0.443	0.7647	0.3217
Chr4	14518958	snp	56	43	0.412	0.314	0.2857	0.6744	0.3887
Chr4	14527573	snp	79	62	0.4036	0.2999	0.4557	0.8387	0.383
Chr4	14531060	snp	58	40	0.4207	0.3207	0.3621	0.75	0.3879
Chr4	14532167	snp	70	49	0.398	0.3122	0.4714	0.8163	0.3449
Chr4	14533468	snp	67	66	0.398	0.2942	0.4925	0.7879	0.2953
Chr4	14534250	snp	100	84	0.38	0.2914	0.45	0.8333	0.3833
Chr4	14535228	snp	71	62	0.3839	0.299	0.4366	0.8387	0.4021
Chr4	14544936	snp	60	62	0.3968	0.3086	0.3667	0.6935	0.3269
Chr4	14544984	snp	62	63	0.392	0.3103	0.3387	0.6825	0.3438
Chr4	14545900	snp	67	43	0.4176	0.3145	0.3582	0.6744	0.3162
Chr4	14549380	snp	61	45	0.416	0.3166	0.3115	0.6889	0.3774
Chr4	14552267	snp	70	59	0.3923	0.2949	0.4286	0.8136	0.385
Chr4	14557572	snp	59	43	0.4218	0.3205	0.4237	0.7442	0.3205
Chr4	14566836	snp	43	26	0.4517	0.3435	0.186	0.5385	0.3524
Chr4	14575654	snp	53	36	0.4214	0.3249	0.2264	0.6389	0.4125
Chr4	14617419	snp	61	68	0.3927	0.3028	0.3279	0.6765	0.3486
Chr4	15014125	snp	34	33	0.4617	0.3449	0.3529	0.7273	0.3743
Chr4	15302365	indel	76	89	0.3805	0.2929	0.4737	0.7865	0.3128
Chr4	15404606	snp	37	36	0.4279	0.3408	0.4324	0.8056	0.3731
Chr4	15602041	snp	59	48	0.3902	0.3121	0.5593	0.8958	0.3365
Chr4	15628706	snp	102	95	0.3607	0.287	0.5	0.8	0.3
Chr4	15633787	snp	84	100	0.38	0.2914	0.4524	0.78	0.3276
Chr4	16126327	snp	24	24	0.5	0.375	0.375	0.875	0.5
Chr4	16199355	snp	39	34	0.4351	0.3394	0.3846	0.7941	0.4095
Chr4	16206047	snp	76	73	0.3796	0.294	0.5	0.8767	0.3767
Chr4	16206048	snp	76	73	0.3796	0.294	0.5	0.8767	0.3767
Chr4	16222803	snp	63	47	0.4272	0.3056	0.619	0.1915	-0.4276
Chr4	16259279	snp	104	104	0.375	0.2788	0.5577	0.8462	0.2885
Chr4	16387468	snp	80	58	0.3974	0.3082	0.475	0.8793	0.4043
Chr4	16452683	snp	34	38	0.4427	0.3375	0.6471	0.2632	-0.3839
Chr4	16452932	snp	72	54	0.3981	0.3056	0.6667	0.2222	-0.4444
Chr4	16461707	snp	69	55	0.3866	0.3033	0.7101	0.3636	-0.3465
Chr4	16475494	snp	62	28	0.4309	0.3364	0.7742	0.4286	-0.3456
Chr4	16476247	snp	65	48	0.417	0.3093	0.9231	0.5	-0.4231
Chr4	16476273	snp	63	35	0.419	0.3206	0.9524	0.6286	-0.3238
Chr4	16483747	snp	55	39	0.4089	0.3179	0.6364	0.3077	-0.3287
Chr4	16500747	snp	84	67	0.3889	0.2964	0.75	0.4328	-0.3172
Chr4	16501219	snp	109	95	0.3682	0.2827	0.5688	0.2526	-0.3162
Chr4	16502422	snp	99	97	0.3679	0.2852	0.6364	0.3505	-0.2858
Chr4	16503209	snp	102	96	0.3621	0.2825	0.6078	0.2396	-0.3683
Chr4	16503351	snp	120	81	0.383	0.287	0.55	0.2346	-0.3154
Chr4	16503823	snp	76	77	0.3978	0.2963	0.6974	0.3636	-0.3337
Chr4	16504295	snp	99	81	0.3793	0.2907	0.6162	0.3086	-0.3075
Chr4	16510809	snp	83	56	0.3832	0.2922	0.6265	0.2679	-0.3586
Chr4	16541113	snp	18	16	0.5347	0.4167	0.6667	0.25	-0.4167
Chr4	17442606	snp	66	45	0.4091	0.3121	0.5	0.8222	0.3222
Chr4	17462571	snp	58	44	0.3997	0.3143	0.4483	0.8636	0.4154
Chr4	17766548	snp	55	72	0.4109	0.3106	0.5636	0.9167	0.353
Chr4	17904849	snp	61	60	0.4189	0.3079	0.4918	0.8167	0.3249
Chr4	17909699	snp	30	33	0.4606	0.3394	0.3667	0.8485	0.4818
Chr4	17909772	snp	55	63	0.3942	0.303	0.4545	0.7937	0.3391
Chr4	17910189	snp	41	21	0.4483	0.3519	0.1707	0.5238	0.3531
Chr4	17910190	snp	43	23	0.457	0.3498	0.2093	0.5652	0.3559
Chr4	17912341	snp	29	25	0.4621	0.3586	0.3448	0.72	0.3752
Chr4	17915555	snp	94	55	0.3851	0.2928	0.5319	0.9091	0.3772
Chr4	17942947	indel	94	75	0.3875	0.2969	0.4362	0.8	0.3638
Chr4	17942956	snp	75	69	0.3768	0.2968	0.52	0.8261	0.3061
Chr4	17945571	snp	86	90	0.392	0.2915	0.4884	0.7889	0.3005
Chr4	17985116	snp	81	72	0.3889	0.2978	0.5062	0.8194	0.3133
Chr4	18001760	snp	45	40	0.4139	0.3333	0.0889	0.5	0.4111
Chr4	18006638	snp	40	29	0.4586	0.3517	0.3	0.6897	0.3897
Chr4	18008064	snp	103	90	0.3713	0.2852	0.534	0.8556	0.3216
Chr4	18011184	snp	68	74	0.3915	0.2957	0.5147	0.8243	0.3096
Chr4	18017349	snp	54	46	0.4211	0.3221	0.4074	0.8478	0.4404
Chr4	18017408	snp	28	27	0.4907	0.3796	0.2143	0.7778	0.5635
Chr4	18019371	snp	30	30	0.4667	0.3667	0.0667	0.4333	0.3667
Chr4	18019725	snp	73	65	0.4044	0.302	0.3699	0.6923	0.3224
Chr4	18028724	snp	64	52	0.399	0.3077	0.375	0.6923	0.3173
Chr4	18030179	snp	65	56	0.3887	0.2964	0.4615	0.7679	0.3063
Chr4	18031790	snp	55	54	0.4125	0.3047	0.2909	0.6111	0.3202
Chr4	18034110	indel	61	36	0.4185	0.316	0.3607	0.6944	0.3338
Chr4	18034127	indel	55	35	0.4286	0.3299	0.3455	0.7143	0.3688
Chr4	18034128	snp	60	35	0.4214	0.3262	0.2167	0.5714	0.3548
Chr4	18034147	snp	69	40	0.4062	0.3101	0.2899	0.65	0.3601
Chr4	18035350	snp	62	50	0.4097	0.3135	0.4839	0.8	0.3161
Chr4	18035450	indel	41	33	0.4405	0.3385	0.122	0.6667	0.5447
Chr4	18035468	snp	44	45	0.4157	0.3253	0.2955	0.7111	0.4157
Chr4	18052637	indel	110	88	0.3795	0.2909	0.5091	0.8182	0.3091
Chr4	18392085	snp	44	19	0.4641	0.3589	0.25	0.6316	0.3816
Chr4	18392940	snp	32	47	0.4395	0.3371	0.1562	0.5532	0.3969
Chr4	18395230	snp	94	96	0.3774	0.2863	0.4362	0.75	0.3138
Chr4	18395232	indel	98	98	0.3673	0.2857	0.449	0.7449	0.2959
Chr4	18401405	snp	57	67	0.3936	0.3077	0.3509	0.7761	0.4252
Chr4	18401435	snp	64	50	0.405	0.3181	0.3594	0.7	0.3406
Chr4	18406352	snp	92	85	0.3735	0.2902	0.4565	0.7529	0.2964
Chr4	18407517	snp	87	71	0.3902	0.2979	0.4713	0.8732	0.402
Chr4	18436514	snp	59	60	0.4099	0.3102	0.4407	0.9167	0.476
Chr4	18436517	indel	67	63	0.4037	0.3196	0.3881	0.9206	0.5326
Chr4	18463811	snp	69	48	0.3913	0.3062	0.4783	0.8125	0.3342
Chr4	18568716	snp	47	30	0.4418	0.3383	0.1489	0.5	0.3511
Chr4	18576589	snp	35	30	0.4524	0.3476	0.1143	0.4667	0.3524
Chr4	18582066	snp	69	34	0.4024	0.3269	0.4203	0.8235	0.4032
Chr4	18583851	indel	36	59	0.4157	0.3216	0.2778	0.6441	0.3663
Chr4	18601528	snp	73	72	0.3662	0.2953	0.3425	0.7361	0.3936
Chr4	18602847	indel	76	76	0.3947	0.2895	0.4211	0.7105	0.2895
Chr4	18613425	snp	52	41	0.4151	0.3227	0.3077	0.6341	0.3265
Chr4	18613492	snp	44	36	0.4394	0.3359	0.1591	0.5	0.3409
Chr4	18614328	snp	103	114	0.3892	0.2953	0.5049	0.8246	0.3197
Chr4	18616434	snp	57	55	0.4096	0.3193	0.3158	0.6727	0.3569
Chr4	18616449	snp	50	54	0.4007	0.3111	0.28	0.6481	0.3681
Chr4	18620671	indel	107	79	0.379	0.2926	0.5234	0.8228	0.2994
Chr4	18668948	snp	80	75	0.3733	0.2917	0.475	0.7867	0.3117
Chr4	18675375	indel	49	55	0.4212	0.3147	0.3673	0.7636	0.3963
Chr4	18675418	snp	55	62	0.405	0.3059	0.3091	0.6774	0.3683
Chr4	18675462	snp	45	52	0.4021	0.3115	0.1333	0.5577	0.4244
Chr4	18701505	snp	64	38	0.4145	0.3191	0.2656	0.6053	0.3396
Chr4	18705718	snp	67	19	0.4454	0.3488	0.2537	0.6842	0.4305
Chr4	18706923	snp	18	20	0.5222	0.4111	0.1667	0.65	0.4833
Chr4	18722179	snp	66	48	0.4148	0.3144	0.303	0.625	0.322
Chr4	18741705	snp	57	74	0.3907	0.3073	0.3333	0.7703	0.4369
Chr4	18786264	snp	49	65	0.3959	0.3039	0.3061	0.6769	0.3708
Chr4	18793084	snp	38	38	0.4474	0.3421	0.3684	0.7105	0.3421
Chr4	18795638	snp	75	59	0.3713	0.2963	0.4933	0.8644	0.3711
Chr4	18795760	snp	91	80	0.3768	0.2945	0.4615	0.8125	0.351
Chr4	18801832	snp	63	54	0.3889	0.3042	0.4286	0.7593	0.3307
Chr4	18807562	snp	59	72	0.3771	0.2999	0.4407	0.7639	0.3232
Chr4	18807570	indel	73	85	0.385	0.2967	0.411	0.7176	0.3067
Chr4	18849075	snp	59	36	0.4157	0.3216	0.6102	0.9444	0.3343
Chr4	18854416	snp	83	104	0.3716	0.2852	0.5542	0.8846	0.3304
Chr4	18857226	snp	19	17	0.5139	0.3963	0.1053	0.5294	0.4241
Chr4	18865882	indel	51	59	0.3981	0.3081	0.3922	0.7458	0.3536
Chr4	18881059	snp	20	20	0.5	0.4	0.15	0.65	0.5
Chr4	18901670	snp	35	28	0.4571	0.3429	0.2286	0.6071	0.3786
Chr4	18903327	snp	57	74	0.3907	0.3073	0.4561	0.7838	0.3276
Chr4	18906426	snp	91	48	0.3832	0.3006	0.4066	0.7083	0.3017
Chr4	18906469	snp	80	46	0.4022	0.3027	0.3875	0.6957	0.3082
Chr4	18906915	snp	84	84	0.381	0.2976	0.5119	0.8333	0.3214
Chr4	18926937	snp	80	73	0.3784	0.2885	0.5375	0.863	0.3255
Chr4	18988574	snp	11	9	0.6667	0.5051	0.0	0.5556	0.5556
Chr4	18989492	snp	58	74	0.3798	0.3001	0.6034	0.9054	0.302
Chr4	18989535	indel	69	70	0.3965	0.3085	0.5217	0.8429	0.3211
Chr4	19034924	indel	37	28	0.4537	0.3542	0.1351	0.5357	0.4006
Chr4	19036171	snp	57	38	0.4211	0.3158	0.5088	0.8421	0.3333
Chr4	19037022	snp	107	61	0.3918	0.2983	0.4486	0.8033	0.3547
Chr4	19037092	snp	100	61	0.3861	0.2957	0.43	0.8033	0.3733
Chr4	19045366	snp	64	71	0.3853	0.3008	0.3125	0.7606	0.4481
Chr4	19045499	snp	65	58	0.3973	0.3093	0.2923	0.7241	0.4318
Chr4	19045503	snp	67	57	0.3936	0.3077	0.2985	0.7368	0.4383
Chr4	19045537	snp	70	52	0.4022	0.3071	0.3429	0.6923	0.3495
Chr4	19062090	snp	68	75	0.3914	0.3004	0.5	0.8133	0.3133
Chr4	19065478	snp	36	37	0.4279	0.3408	0.3889	0.7838	0.3949
Chr4	19093895	snp	44	29	0.4514	0.348	0.1818	0.6207	0.4389
Chr4	19108452	snp	90	84	0.3833	0.2929	0.5444	0.8452	0.3008
Chr4	19138569	indel	27	18	0.4815	0.3704	0.0741	0.5556	0.4815
Chr4	19138603	snp	28	19	0.4868	0.3816	0.2857	0.7368	0.4511
Chr4	19138604	snp	23	15	0.5362	0.4087	0.2174	0.6667	0.4493
Chr4	19297012	snp	51	41	0.4127	0.3152	0.2353	0.6341	0.3989
Chr4	19309848	indel	19	17	0.5139	0.3963	0.1579	0.5882	0.4303
Chr4	19328394	indel	59	46	0.4053	0.3084	0.4068	0.7174	0.3106
Chr4	19329966	snp	48	51	0.4191	0.3223	0.2292	0.5686	0.3395
Chr4	19329973	indel	49	58	0.4085	0.3146	0.2245	0.6207	0.3962
Chr4	19330695	snp	41	31	0.4343	0.3352	0.2195	0.5806	0.3611
Chr4	19343779	snp	22	30	0.4606	0.3697	0.0909	0.5	0.4091
Chr4	19344372	snp	76	86	0.3788	0.2959	0.5395	0.8605	0.321
Chr4	19348324	snp	50	31	0.4297	0.3297	0.16	0.5806	0.4206
Chr4	19348353	snp	61	35	0.4319	0.3208	0.2951	0.6571	0.3621
Chr4	19348389	snp	58	46	0.4108	0.3081	0.3276	0.7391	0.4115
Chr4	19348403	indel	58	45	0.4008	0.3123	0.3276	0.6667	0.3391
Chr4	19350554	snp	16	10	0.5875	0.4625	0.1875	0.8	0.6125
Chr4	19356976	indel	65	63	0.3927	0.3028	0.5538	0.873	0.3192
Chr4	19357618	snp	40	9	0.5528	0.4306	0.225	0.6667	0.4417
Chr4	19357671	indel	48	27	0.4398	0.3403	0.2708	0.6667	0.3958
Chr4	19374035	snp	62	67	0.395	0.3091	0.5	0.8358	0.3358
Chr4	19380754	snp	18	22	0.5253	0.3939	0.5556	0.9545	0.399
Chr4	19380761	indel	22	23	0.4704	0.3775	0.5	0.9565	0.4565
Chr4	19384704	indel	30	26	0.4744	0.359	0.1	0.5	0.4
Chr4	19385681	indel	19	8	0.5921	0.4737	0.1579	0.75	0.5921
Chr4	19385711	snp	23	14	0.5373	0.4099	0.3043	0.7857	0.4814
Chr4	19385716	snp	21	18	0.5	0.3889	0.3333	0.8333	0.5
Chr4	19391595	snp	105	88	0.3752	0.288	0.5333	0.8523	0.3189
Chr4	19408618	snp	24	13	0.5481	0.4135	0.0833	0.5385	0.4551
Chr4	19496097	indel	34	26	0.457	0.3507	0.2941	0.7308	0.4367
Chr4	19496409	snp	58	42	0.4253	0.3309	0.4138	0.8333	0.4195
Chr4	19496831	snp	61	59	0.4048	0.3156	0.4262	0.7627	0.3365
Chr4	19496911	snp	43	38	0.4406	0.3293	0.2326	0.5789	0.3464
Chr4	19499561	snp	35	46	0.4373	0.3335	0.1714	0.5217	0.3503
Chr4	19503827	snp	53	25	0.4558	0.3457	0.3208	0.72	0.3992
Chr4	19506016	snp	32	19	0.4868	0.3734	0.125	0.5263	0.4013
Chr4	19506023	indel	31	22	0.4824	0.3724	0.1613	0.5909	0.4296
Chr4	19519270	snp	24	24	0.5	0.375	0.0833	0.4583	0.375
Chr4	19519307	snp	39	33	0.4242	0.3333	0.2564	0.6667	0.4103
Chr4	19520516	snp	40	32	0.4562	0.35	0.2	0.625	0.425
Chr4	19522127	indel	33	41	0.4405	0.3385	0.1212	0.6585	0.5373
Chr4	19522134	snp	37	41	0.437	0.3316	0.2162	0.6341	0.4179
Chr4	19555731	snp	65	65	0.4	0.3077	0.6	0.9231	0.3231
Chr4	19616864	indel	46	45	0.4266	0.3203	0.3261	0.7111	0.385
Chr4	19616982	snp	49	36	0.4365	0.3305	0.3469	0.7778	0.4308
Chr4	19617609	snp	35	22	0.487	0.3623	0.1143	0.5	0.3857
Chr4	19617767	snp	36	30	0.4722	0.3556	0.1111	0.5667	0.4556
Chr4	19617908	snp	39	31	0.4467	0.3383	0.3077	0.6774	0.3697
Chr4	19624127	snp	16	16	0.5625	0.4375	0.1875	0.625	0.4375
Chr4	19624131	snp	18	18	0.5556	0.3889	0.2222	0.6111	0.3889
Chr4	19625114	snp	41	21	0.4483	0.3519	0.0488	0.4286	0.3798
Chr4	19625190	indel	42	37	0.4247	0.3346	0.1429	0.5405	0.3977
Chr4	19625222	snp	40	30	0.45	0.3417	0.125	0.4667	0.3417
Chr4	19634731	snp	38	34	0.4427	0.3375	0.2895	0.7353	0.4458
Chr4	19636053	snp	72	48	0.3958	0.3056	0.4028	0.7083	0.3056
Chr4	19636766	snp	57	36	0.4137	0.3304	0.193	0.5278	0.3348
Chr4	19638279	snp	49	33	0.4317	0.3302	0.2449	0.6364	0.3915
Chr4	19638296	snp	60	46	0.4043	0.3101	0.35	0.7174	0.3674
Chr4	19638850	snp	86	64	0.3779	0.2958	0.407	0.7188	0.3118
Chr4	19638963	snp	77	62	0.3913	0.2985	0.4545	0.7581	0.3035
Chr4	19639747	snp	45	29	0.433	0.3341	0.1556	0.5172	0.3617
Chr4	19639785	snp	59	42	0.4189	0.3208	0.3559	0.6905	0.3345
Chr4	19641855	snp	85	70	0.3882	0.2958	0.5412	0.8429	0.3017
Chr4	19659246	snp	91	78	0.3736	0.2949	0.4505	0.7564	0.3059
Chr4	19659325	snp	75	78	0.3831	0.2954	0.4533	0.7692	0.3159
Chr4	19660615	indel	77	52	0.4181	0.3109	0.3636	0.75	0.3864
Chr4	19663859	indel	76	70	0.3808	0.2996	0.4474	0.7857	0.3383
Chr4	19665486	snp	44	26	0.4493	0.3462	0.1818	0.6538	0.472
Chr4	19665487	snp	41	23	0.4602	0.3542	0.1463	0.6087	0.4624
Chr4	19665497	indel	41	22	0.4734	0.3614	0.1707	0.6364	0.4656
Chr4	19667148	indel	64	63	0.4033	0.307	0.4844	0.7937	0.3093
Chr4	19667252	snp	42	20	0.469	0.3667	0.0714	0.45	0.3786
Chr4	19668266	snp	59	45	0.4102	0.316	0.5085	0.8444	0.336
Chr4	19673883	snp	47	33	0.4294	0.3295	0.2979	0.6667	0.3688
Chr4	19673894	indel	53	35	0.4216	0.3186	0.3396	0.7143	0.3747
Chr4	19674276	indel	56	44	0.4205	0.3263	0.375	0.7045	0.3295
Chr4	19679680	snp	55	37	0.4113	0.3214	0.1818	0.5946	0.4128
Chr4	19679681	snp	56	35	0.4107	0.325	0.1786	0.5714	0.3929
Chr4	19680764	snp	57	39	0.4035	0.3158	0.6316	0.9487	0.3171
Chr4	19686866	snp	80	63	0.3859	0.3052	0.5375	0.8571	0.3196
Chr4	19688575	indel	77	69	0.3939	0.2955	0.4675	0.8116	0.3441
Chr4	19688596	snp	63	57	0.4035	0.3099	0.4603	0.8246	0.3642
Chr4	19688863	indel	54	46	0.4211	0.3221	0.4259	0.8478	0.4219
Chr4	19705740	snp	36	13	0.5128	0.4081	0.0556	0.5385	0.4829
Chr4	19705795	snp	33	22	0.4848	0.3788	0.0909	0.6364	0.5455
Chr4	19705797	snp	33	24	0.4773	0.3674	0.1212	0.6667	0.5455
Chr4	19710730	snp	43	23	0.457	0.3498	0.1628	0.5217	0.3589
Chr4	19713390	snp	40	20	0.475	0.375	0.25	0.65	0.4
Chr4	19713531	snp	99	68	0.389	0.2935	0.5556	0.8676	0.3121
Chr4	19713993	snp	36	30	0.4722	0.3556	0.1111	0.4667	0.3556
Chr4	19714011	snp	33	25	0.4667	0.3673	0.0606	0.44	0.3794
Chr4	19784388	snp	17	18	0.5425	0.4281	0.0588	0.5	0.4412
Chr4	19788388	snp	60	42	0.4262	0.3214	0.4	0.7381	0.3381
Chr4	19788549	snp	41	20	0.4598	0.3598	0.1951	0.6	0.4049
Chr4	19788554	snp	36	18	0.4722	0.3611	0.1667	0.5556	0.3889
Chr4	19789519	indel	49	31	0.424	0.3305	0.2449	0.6774	0.4325
Chr4	19789537	snp	51	28	0.4433	0.3417	0.2549	0.7143	0.4594
Chr4	19794807	snp	54	42	0.4101	0.3175	0.537	0.8571	0.3201
Chr4	19798296	snp	52	27	0.448	0.3383	0.2885	0.6296	0.3412
Chr4	19802567	snp	45	26	0.4359	0.3427	0.0889	0.5	0.4111
Chr4	19805760	snp	71	59	0.3903	0.3001	0.3239	0.6441	0.3201
Chr4	19807621	snp	60	51	0.4059	0.3157	0.4167	0.7647	0.348
Chr4	19823360	snp	64	79	0.3993	0.2959	0.4844	0.7848	0.3004
Chr4	19823361	snp	65	77	0.396	0.2955	0.4769	0.7792	0.3023
Chr4	19883323	snp	51	45	0.4118	0.3229	0.2549	0.6444	0.3895
Chr4	19961309	indel	9	15	0.6222	0.4667	0.1111	0.7333	0.6222
Chr4	19967088	snp	35	23	0.4683	0.3652	0.2857	0.7826	0.4969
Chr4	19967127	indel	42	40	0.4155	0.3179	0.3333	0.675	0.3417
Chr4	19969675	snp	27	14	0.5212	0.4127	0.2963	0.7143	0.418
Chr4	19969743	indel	23	25	0.4957	0.3757	0.6957	0.28	-0.4157
Chr4	19969746	indel	27	27	0.4815	0.3704	0.3704	0.7407	0.3704
Chr4	19969767	indel	27	25	0.4637	0.3526	0.3333	0.72	0.3867
Chr4	20028025	snp	55	45	0.4141	0.3152	0.3455	0.7333	0.3879
Chr4	20032559	indel	92	97	0.3875	0.288	0.5761	0.866	0.2899
Chr4	20073677	indel	37	17	0.4817	0.3768	0.2432	0.7059	0.4626
Chr4	20073679	snp	36	16	0.5069	0.3819	0.2222	0.6875	0.4653
Chr4	20074665	snp	38	38	0.4474	0.3421	0.5	0.8421	0.3421
Chr4	20075953	snp	51	45	0.4118	0.3229	0.5882	0.9333	0.3451
Chr4	20095683	indel	94	95	0.3754	0.291	0.5319	0.8316	0.2997
Chr4	20251343	snp	32	30	0.475	0.3563	0.0938	0.5333	0.4396
Chr4	20251382	indel	42	38	0.4348	0.3271	0.3095	0.6842	0.3747
Chr4	20251387	snp	45	40	0.4139	0.3333	0.3333	0.675	0.3417
Chr4	20255947	snp	58	51	0.3979	0.307	0.4655	0.7843	0.3188
Chr4	20256464	snp	16	10	0.5875	0.4625	0.3125	0.8	0.4875
Chr4	20296018	snp	32	16	0.5	0.375	0.1875	0.5625	0.375
Chr4	20296087	snp	34	23	0.4604	0.3581	0.1176	0.5652	0.4476
Chr4	20296477	snp	44	32	0.4233	0.3267	0.1818	0.5938	0.4119
Chr4	20296482	snp	40	25	0.46	0.345	0.075	0.44	0.365
Chr4	20297543	snp	43	30	0.4481	0.3411	0.186	0.5333	0.3473
Chr4	20300274	snp	40	38	0.4368	0.3368	0.2	0.6316	0.4316
Chr4	20300281	snp	34	32	0.4577	0.3382	0.1176	0.5938	0.4761
Chr4	20301557	snp	40	23	0.4576	0.3576	0.15	0.5652	0.4152
Chr4	20316257	indel	35	20	0.4857	0.3643	0.4286	0.8	0.3714
Chr4	20374867	indel	26	19	0.4919	0.3866	0.6154	0.1579	-0.4575
Chr4	20399922	indel	98	83	0.3732	0.2871	0.6122	0.9518	0.3396
Chr4	20408746	snp	20	17	0.5235	0.4059	0.05	0.6471	0.5971
Chr4	20425465	snp	45	56	0.4206	0.323	0.5333	0.8929	0.3595
Chr4	20465293	indel	78	47	0.3983	0.305	0.4744	0.8298	0.3554
Chr4	20499721	snp	36	42	0.4444	0.3333	0.2222	0.5714	0.3492
Chr4	20500849	indel	28	18	0.5079	0.3968	0.0714	0.6111	0.5397
Chr4	20504347	snp	51	58	0.3979	0.307	0.3725	0.6897	0.3171
Chr4	20506240	indel	90	92	0.3729	0.285	0.4889	0.7826	0.2937
Chr4	20512773	snp	20	20	0.5	0.4	0.1	0.5	0.4
Chr4	20512989	snp	39	32	0.4423	0.3429	0.2564	0.625	0.3686
Chr4	20544135	snp	26	20	0.4923	0.3808	0.1538	0.65	0.4962
Chr4	20544187	snp	26	19	0.4919	0.3866	0.1154	0.5789	0.4636
Chr4	20547303	indel	19	11	0.5694	0.4498	1.0	0.0909	-0.9091
Chr4	20550083	snp	25	36	0.4578	0.3467	0.36	0.7222	0.3622
Chr4	20553237	snp	33	27	0.4512	0.3468	0.2424	0.6296	0.3872
Chr4	20555035	indel	42	57	0.416	0.317	0.2619	0.6491	0.3872
Chr4	20556530	indel	81	102	0.3755	0.2861	0.3951	0.6863	0.2912
Chr4	20565745	snp	57	40	0.4241	0.3189	0.1404	0.475	0.3346
Chr4	20565779	snp	73	54	0.3935	0.3049	0.274	0.6111	0.3371
Chr4	20567091	snp	72	54	0.3981	0.3056	0.5278	0.8333	0.3056
Chr4	20568327	snp	43	44	0.4239	0.3319	0.3488	0.7045	0.3557
Chr4	20569104	snp	51	66	0.4046	0.3119	0.451	0.7879	0.3369
Chr4	20572172	snp	25	22	0.4927	0.3745	0.44	0.9091	0.4691
Chr4	20644135	snp	48	47	0.4136	0.3223	0.2292	0.5745	0.3453
Chr4	20670088	indel	40	33	0.4576	0.347	0.375	0.7273	0.3523
Chr4	20671186	snp	39	28	0.4579	0.3498	0.1538	0.5357	0.3819
Chr4	20671197	snp	42	31	0.4493	0.3287	0.1429	0.5484	0.4055
Chr4	20672932	indel	105	85	0.3899	0.293	0.4857	0.8	0.3143
Chr4	20679893	indel	35	27	0.4434	0.3439	0.2286	0.6296	0.4011
Chr4	20679906	snp	26	29	0.4629	0.3554	0.1923	0.6207	0.4284
Chr4	20684091	snp	39	36	0.4359	0.3397	0.2051	0.6111	0.406
Chr4	20697784	indel	35	34	0.4227	0.3353	0.2571	0.6471	0.3899
Chr4	20698504	snp	36	24	0.4444	0.3611	0.1389	0.5417	0.4028
Chr4	20700274	snp	34	26	0.457	0.3507	0.0588	0.4615	0.4027
Chr4	20700298	indel	42	30	0.4333	0.3381	0.1905	0.5333	0.3429
Chr4	20700305	snp	38	32	0.4457	0.3405	0.1579	0.5312	0.3734
Chr4	20700994	snp	36	25	0.4578	0.3467	0.25	0.6	0.35
Chr4	20701597	indel	24	17	0.5074	0.3897	0.1667	0.6471	0.4804
Chr4	20701714	indel	39	33	0.4242	0.3333	0.3333	0.6667	0.3333
Chr4	20701774	snp	27	19	0.499	0.3879	0.037	0.4737	0.4366
Chr4	20702765	indel	35	35	0.4286	0.3429	0.1143	0.4857	0.3714
Chr4	20744746	indel	27	31	0.4636	0.3584	0.2593	0.6452	0.3859
Chr4	20745813	snp	43	40	0.4244	0.3262	0.2093	0.575	0.3657
Chr4	20748554	snp	71	48	0.4255	0.314	0.3521	0.6667	0.3146
Chr4	20748593	snp	48	34	0.435	0.3309	0.1458	0.5294	0.3836
Chr4	20756597	snp	35	38	0.4316	0.3391	0.3143	0.7105	0.3962
Chr4	20756616	snp	32	36	0.4479	0.3438	0.3125	0.75	0.4375
Chr4	20760880	snp	50	50	0.42	0.32	0.36	0.7	0.34
Chr4	20760892	snp	42	37	0.4247	0.3346	0.2619	0.6757	0.4138
Chr4	20760964	snp	45	39	0.4291	0.3265	0.2667	0.641	0.3744
Chr4	20762009	snp	36	22	0.4747	0.3662	0.2222	0.6364	0.4141
Chr4	20765353	snp	46	36	0.4396	0.3394	0.413	0.7778	0.3647
Chr4	20771385	snp	44	21	0.4665	0.3506	0.0682	0.4286	0.3604
Chr4	20771470	indel	44	49	0.4235	0.3256	0.2273	0.5918	0.3646
Chr4	20771639	snp	40	34	0.4279	0.3309	0.225	0.6471	0.4221
Chr4	20771651	snp	30	23	0.4754	0.3725	0.1333	0.5217	0.3884
Chr4	20774049	snp	30	21	0.4762	0.3762	0.0333	0.5238	0.4905
Chr4	20774062	snp	27	15	0.5111	0.4074	0.0	0.4667	0.4667
Chr4	20774730	snp	33	22	0.4848	0.3788	0.2121	0.7273	0.5152
Chr4	20818333	snp	51	32	0.4167	0.3382	0.3725	0.7188	0.3462
Chr4	20823791	snp	40	24	0.4667	0.3583	0.225	0.6667	0.4417
Chr4	20824244	snp	76	69	0.3839	0.2969	0.4342	0.7826	0.3484
Chr4	20824897	snp	76	54	0.3962	0.3007	0.5395	0.8704	0.3309
Chr4	20826042	indel	60	30	0.4333	0.3333	0.55	1.0	0.45
Chr4	20840515	indel	50	48	0.4092	0.3225	0.42	0.75	0.33
Chr4	20842679	snp	49	76	0.4176	0.3096	0.3878	0.7105	0.3228
Chr4	20842725	snp	38	54	0.424	0.3294	0.3158	0.6852	0.3694
Chr4	20845372	snp	24	19	0.4978	0.4013	0.3333	0.8421	0.5088
Chr4	20848731	snp	23	18	0.529	0.3986	0.0435	0.4444	0.401
Chr4	20848988	snp	86	64	0.3779	0.2958	0.4884	0.7969	0.3085
Chr4	20849520	indel	47	28	0.4316	0.3457	0.2766	0.6429	0.3663
Chr4	20850161	snp	34	30	0.4471	0.3431	0.1471	0.5333	0.3863
Chr4	20850371	snp	35	20	0.4857	0.3643	0.2	0.6	0.4
Chr4	20850378	indel	30	23	0.4754	0.3725	0.0667	0.6087	0.542
Chr4	20852005	indel	38	33	0.4418	0.3429	0.1842	0.6061	0.4219
Chr4	20854622	snp	59	41	0.4117	0.3154	0.678	1.0	0.322
Chr4	20892757	snp	88	83	0.3779	0.289	0.5682	0.8795	0.3113
Chr4	20925175	snp	68	60	0.4147	0.3118	0.4853	0.8333	0.348
Chr4	20935172	snp	42	29	0.4384	0.335	0.2381	0.5862	0.3481
Chr4	20945889	snp	34	13	0.5113	0.3982	0.1176	0.6154	0.4977
Chr4	20945893	snp	36	17	0.4935	0.3824	0.1667	0.6471	0.4804
Chr4	20947152	snp	58	32	0.4159	0.3147	0.1724	0.5	0.3276
Chr4	20949755	snp	56	36	0.4206	0.3175	0.375	0.7222	0.3472
Chr4	20949860	snp	45	37	0.4312	0.3327	0.2889	0.6216	0.3327
Chr4	20949937	snp	40	31	0.4419	0.3347	0.3	0.6452	0.3452
Chr4	20949974	snp	35	25	0.4571	0.3543	0.2857	0.64	0.3543
Chr4	20952469	snp	30	33	0.4606	0.3394	0.1667	0.5152	0.3485
Chr4	20953938	snp	56	48	0.4196	0.3155	0.2857	0.6458	0.3601
Chr4	20955403	snp	60	71	0.3939	0.2939	0.4333	0.8028	0.3695
Chr4	20964963	snp	38	33	0.4418	0.3429	0.0526	0.4545	0.4019
Chr4	20969034	snp	17	19	0.5139	0.3963	0.1765	0.5789	0.4025
Chr4	20970244	snp	58	46	0.4108	0.3081	0.4483	0.7826	0.3343
Chr4	20970470	snp	43	36	0.4335	0.3359	0.4419	0.8056	0.3637
Chr4	20973814	indel	92	62	0.3885	0.2928	0.5761	0.8871	0.311
Chr4	20975349	snp	41	42	0.4233	0.3258	0.1951	0.5714	0.3763
Chr4	20975362	snp	35	34	0.4227	0.3353	0.0571	0.5294	0.4723
Chr4	20977947	indel	55	42	0.4108	0.3169	0.2909	0.6905	0.3996
Chr4	20977951	snp	52	41	0.4151	0.3227	0.2885	0.7073	0.4189
Chr4	20978009	snp	53	34	0.4206	0.3246	0.2642	0.6471	0.3829
Chr4	20978034	snp	43	25	0.4577	0.3442	0.093	0.48	0.387
Chr4	20987470	snp	31	24	0.4785	0.3629	0.2258	0.6667	0.4409
Chr4	20993844	snp	31	13	0.5112	0.402	0.1935	0.6154	0.4218
Chr4	21004482	snp	63	36	0.4206	0.3175	0.4286	0.75	0.3214
Chr4	21004768	snp	40	30	0.45	0.3417	0.15	0.6	0.45
Chr4	21018167	snp	35	21	0.4762	0.3619	0.1714	0.5714	0.4
Chr4	21091336	snp	69	67	0.3844	0.3067	0.5217	0.8657	0.3439
Chr4	21116307	indel	106	74	0.371	0.2861	0.5094	0.8378	0.3284
Chr4	21206437	snp	52	57	0.3941	0.3114	0.5192	0.8596	0.3404
Chr4	21216803	snp	52	28	0.4231	0.3324	0.3269	0.75	0.4231
Chr4	21222562	snp	16	9	0.5903	0.4653	0.1875	0.6667	0.4792
Chr4	21222586	snp	20	9	0.5889	0.4667	0.15	0.6667	0.5167
Chr4	21231477	snp	25	27	0.4637	0.3526	0.44	0.8148	0.3748
Chr4	21231502	snp	14	8	0.6429	0.5	0.0	0.5	0.5
Chr4	21231503	snp	14	9	0.6032	0.4921	0.0	0.5556	0.5556
Chr4	21240085	snp	44	20	0.4682	0.3636	0.4318	0.85	0.4182
Chr4	21254661	snp	53	41	0.4188	0.3267	0.4717	0.8293	0.3576
Chr4	21254674	indel	50	38	0.4179	0.3189	0.36	0.7632	0.4032
Chr4	21255916	indel	118	105	0.3596	0.2801	0.5678	0.8952	0.3274
Chr4	21257038	indel	52	36	0.4209	0.3291	0.3654	0.6944	0.3291
Chr4	21266540	snp	41	36	0.4295	0.3354	0.122	0.5278	0.4058
Chr4	21273280	snp	14	20	0.5357	0.4143	0.1429	0.7	0.5571
Chr4	21273306	indel	24	23	0.4891	0.3659	0.25	0.6957	0.4457
Chr4	21283238	indel	95	102	0.3607	0.287	0.5789	0.8725	0.2936
Chr4	21284914	snp	82	46	0.4072	0.3107	0.5732	0.8913	0.3181
Chr4	21294359	snp	55	37	0.4113	0.3214	0.4545	0.8108	0.3563
Chr4	21295290	snp	80	61	0.3893	0.2996	0.45	0.7541	0.3041
Chr4	21482258	indel	62	48	0.3999	0.3098	0.3548	0.6667	0.3118
Chr4	21483690	snp	55	45	0.4141	0.3152	0.2545	0.6889	0.4343
Chr4	21492440	snp	50	26	0.4508	0.3354	0.32	0.6923	0.3723
Chr4	21492481	snp	35	28	0.4571	0.3429	0.3143	0.6786	0.3643
Chr4	21493726	snp	52	34	0.4389	0.3303	0.3462	0.6765	0.3303
Chr4	21516176	snp	78	69	0.3868	0.3043	0.5641	0.8696	0.3055
Chr4	21549741	snp	18	8	0.5972	0.4722	0.3889	1.0	0.6111
Chr4	21550520	indel	48	40	0.4375	0.3333	0.4583	0.8	0.3417
Chr4	21550933	snp	32	24	0.4792	0.3646	0.1875	0.5833	0.3958
Chr4	21552378	snp	18	10	0.5889	0.4667	0.0556	0.7	0.6444
Chr4	21556987	snp	10	15	0.5667	0.4667	0.1	0.6	0.5
Chr4	21674687	snp	59	65	0.4044	0.3056	0.4746	0.8	0.3254
Chr4	21687597	snp	34	31	0.4421	0.3454	0.0882	0.4839	0.3956
Chr4	21687620	snp	47	45	0.4142	0.3225	0.3191	0.6444	0.3253
Chr4	21687836	snp	48	51	0.4191	0.3223	0.3125	0.7255	0.413
Chr4	21698747	snp	47	39	0.4157	0.3262	0.383	0.7949	0.4119
Chr4	21698796	snp	46	21	0.4658	0.3582	0.0652	0.4762	0.411
Chr4	21699387	snp	35	21	0.4762	0.3619	0.1429	0.5714	0.4286
Chr4	21699558	snp	97	67	0.3868	0.2937	0.5979	0.8955	0.2976
Chr4	21700809	snp	40	36	0.45	0.3361	0.225	0.6667	0.4417
Chr4	21714524	snp	70	59	0.3923	0.2949	0.4	0.7458	0.3458
Chr4	21716817	snp	38	30	0.4368	0.3386	0.1579	0.5333	0.3754
Chr4	21716834	snp	41	34	0.4426	0.335	0.122	0.5	0.378
Chr4	21717354	snp	44	36	0.4394	0.3359	0.1818	0.5556	0.3737
Chr4	21717427	snp	54	39	0.4217	0.3248	0.1852	0.6154	0.4302
Chr4	21717431	indel	56	41	0.4037	0.3079	0.1786	0.6098	0.4312
Chr4	21718310	snp	42	54	0.4101	0.3175	0.3333	0.7037	0.3704
Chr4	21718326	snp	32	48	0.4375	0.3333	0.25	0.6667	0.4167
Chr4	21720785	snp	34	22	0.4759	0.361	0.0294	0.5909	0.5615
Chr4	21720791	indel	31	25	0.4774	0.3652	0.0323	0.4	0.3677
Chr4	21720802	snp	34	19	0.4721	0.3669	0.0294	0.4211	0.3916
Chr4	21901881	snp	48	28	0.4256	0.3363	0.2292	0.6071	0.378
Chr4	21904040	snp	49	35	0.4245	0.3306	0.2041	0.5429	0.3388
Chr4	21911145	indel	18	16	0.5347	0.4167	1.0	0.1875	-0.8125
Chr4	21912758	snp	11	8	0.6591	0.5114	0.0909	0.625	0.5341
Chr4	21987766	indel	102	85	0.3882	0.3039	0.4608	0.8235	0.3627
Chr4	22293008	snp	13	11	0.5874	0.4476	0.1538	0.6364	0.4825
Chr4	22348827	indel	92	79	0.3756	0.2906	0.4783	0.7848	0.3065
Chr4	22440022	snp	75	52	0.3872	0.3013	0.5867	0.9231	0.3364
Chr4	22641422	indel	62	60	0.3968	0.3086	0.6129	0.95	0.3371
Chr4	22676144	snp	62	76	0.3867	0.2992	0.6129	0.9211	0.3081
Chr4	22755403	indel	53	60	0.3981	0.3082	0.4528	0.8	0.3472
Chr4	23477186	snp	60	54	0.4056	0.3093	0.3833	0.7222	0.3389
Chr4	23623053	indel	64	39	0.4123	0.3185	0.5469	0.8718	0.3249
Chr4	25093648	snp	65	63	0.3927	0.3028	0.2923	0.6508	0.3585
Chr4	25317893	snp	60	42	0.4262	0.3214	0.25	0.5952	0.3452
Chr4	25390495	indel	44	44	0.4091	0.3182	0.1136	0.4318	0.3182
Chr4	25607743	snp	73	59	0.3993	0.3107	0.3288	0.6441	0.3153
Chr4	25622946	snp	75	59	0.3713	0.2963	0.4267	0.7288	0.3021
Chr4	25641460	snp	23	18	0.529	0.3986	0.3913	0.8333	0.442
Chr4	25716190	indel	69	36	0.4215	0.32	0.7391	0.4167	-0.3225
Chr4	26079582	indel	65	70	0.3923	0.3066	0.5538	0.8857	0.3319
Chr4	26131948	snp	49	46	0.4264	0.323	0.2857	0.6304	0.3447
Chr4	26150018	snp	57	35	0.414	0.3173	0.2456	0.5714	0.3258
Chr4	26150057	indel	68	57	0.3991	0.3047	0.3676	0.7544	0.3867
Chr4	26150095	snp	58	48	0.4052	0.3175	0.431	0.7708	0.3398
Chr4	26172202	indel	38	22	0.4713	0.3589	0.0789	0.4545	0.3756
Chr4	26216552	snp	39	32	0.4423	0.3429	0.2051	0.5938	0.3886
Chr4	26216560	snp	44	32	0.4233	0.3267	0.2273	0.5938	0.3665
Chr4	26253709	snp	47	26	0.437	0.3396	0.2128	0.6538	0.4411
Chr4	26253719	snp	53	27	0.4396	0.3445	0.2453	0.6667	0.4214
Chr4	26327613	indel	53	39	0.4204	0.3203	0.2264	0.5897	0.3633
Chr4	26327618	snp	52	40	0.4173	0.3212	0.2308	0.625	0.3942
Chr4	26535083	snp	39	23	0.4571	0.3523	0.1795	0.5652	0.3857
Chr4	26603434	snp	47	49	0.4155	0.3178	0.1489	0.4694	0.3205
Chr4	26660879	snp	14	10	0.5857	0.4571	0.1429	0.7	0.5571
Chr4	26723935	snp	56	52	0.408	0.3077	0.5	0.8077	0.3077
Chr4	26772500	indel	69	56	0.4032	0.3072	0.3333	0.6429	0.3095
Chr4	26777563	snp	66	56	0.4113	0.3095	0.4394	0.7679	0.3285
Chr4	26780658	snp	61	45	0.416	0.3166	0.3934	0.7111	0.3177
Chr4	26805081	snp	38	36	0.4327	0.3289	0.1842	0.5833	0.3991
Chr4	26805082	snp	38	33	0.4418	0.3429	0.1842	0.5455	0.3612
Chr4	26873141	snp	34	23	0.4604	0.3581	0.1471	0.5652	0.4182
Chr4	26873796	snp	35	17	0.5076	0.3899	0.4	0.0	-0.4
Chr4	27506166	indel	18	13	0.5684	0.4359	0.1111	0.7692	0.6581
Chr4	27707563	indel	12	24	0.5417	0.4167	0.3333	0.9167	0.5833
Chr4	27774307	snp	44	40	0.4227	0.3295	0.4773	0.825	0.3477
Chr4	27827771	snp	55	31	0.4328	0.332	0.4	0.7742	0.3742
Chr4	27891478	snp	37	45	0.4312	0.3327	0.0811	0.4222	0.3411
Chr4	27891496	snp	34	53	0.4206	0.3246	0.0882	0.4528	0.3646
Chr4	27950510	indel	32	15	0.4875	0.3896	0.9688	0.0667	-0.9021
Chr4	28027281	indel	81	71	0.3885	0.2932	0.4321	0.7746	0.3425
Chr4	28125247	indel	39	53	0.4204	0.3203	0.1282	0.4906	0.3624
Chr4	28204266	indel	75	48	0.4042	0.3125	0.5067	0.8958	0.3892
Chr4	28205068	snp	41	39	0.424	0.3252	0.2683	0.6154	0.3471
Chr4	28331776	indel	28	35	0.4571	0.3429	0.0714	0.5143	0.4429
Chr4	28336214	snp	34	37	0.4428	0.3426	0.1176	0.4865	0.3688
Chr4	28336232	snp	31	27	0.4636	0.3584	0.0645	0.4444	0.3799
Chr4	28531503	indel	54	49	0.4161	0.3159	0.2778	0.6327	0.3549
Chr4	28783081	snp	50	30	0.4467	0.34	0.18	0.5333	0.3533
Chr4	28797530	snp	13	15	0.5692	0.4359	0.1538	0.6	0.4462
Chr4	28812850	indel	78	51	0.3944	0.3024	0.5	0.8039	0.3039
Chr4	28864925	indel	27	17	0.5054	0.3943	0.4815	0.0	-0.4815
Chr4	29727007	snp	81	81	0.3827	0.2963	0.8148	0.4444	-0.3704
Chr4	29920786	snp	36	32	0.4479	0.3438	0.1667	0.5312	0.3646
Chr4	30360966	snp	61	33	0.4108	0.3224	0.1803	0.5152	0.3348
Chr5	62711	snp	76	67	0.383	0.3032	0.2105	0.5224	0.3119
Chr5	196185	indel	75	36	0.4122	0.32	0.4933	0.8333	0.34
Chr5	228271	snp	80	68	0.3919	0.3029	0.275	0.6176	0.3426
Chr5	355454	indel	48	34	0.435	0.3309	0.5417	0.8824	0.3407
Chr5	580038	indel	21	8	0.6071	0.4643	0.1429	1.0	0.8571
Chr5	588011	snp	52	26	0.4423	0.3269	0.2308	0.6154	0.3846
Chr5	614819	snp	15	31	0.5097	0.4065	0.3333	0.7419	0.4086
Chr5	615041	snp	66	36	0.4192	0.3258	0.1667	0.5556	0.3889
Chr5	638373	indel	56	44	0.4205	0.3263	0.5893	0.9318	0.3425
Chr5	1048045	snp	64	75	0.3988	0.3023	0.2344	0.56	0.3256
Chr5	1468090	snp	73	62	0.3922	0.2963	0.0959	0.4516	0.3557
Chr5	1913070	snp	75	70	0.3781	0.2962	0.4267	0.7571	0.3305
Chr5	2455353	snp	49	55	0.4212	0.3147	0.4286	0.7818	0.3532
Chr5	2756255	snp	45	29	0.433	0.3341	0.4889	0.8276	0.3387
Chr5	3087501	indel	68	75	0.3914	0.3004	0.4118	0.7333	0.3216
Chr5	3275300	snp	45	52	0.4021	0.3115	0.0	0.3654	0.3654
Chr5	3365448	snp	28	28	0.4643	0.3571	0.3571	0.7143	0.3571
Chr5	3469396	snp	51	63	0.4071	0.3119	0.451	0.8254	0.3744
Chr5	3683959	indel	106	67	0.383	0.2903	0.5094	0.209	-0.3005
Chr5	3982806	indel	44	18	0.4697	0.3687	0.1136	0.5	0.3864
Chr5	4403905	snp	50	51	0.4078	0.3086	0.44	0.7647	0.3247
Chr5	4403944	indel	66	65	0.3893	0.3002	0.3182	0.6615	0.3434
Chr5	4836712	indel	110	63	0.3872	0.2986	0.3818	0.6825	0.3007
Chr5	4939708	indel	41	12	0.502	0.3882	0.122	0.5833	0.4614
Chr5	4939715	snp	41	13	0.5291	0.4034	0.122	0.6154	0.4934
Chr5	5410306	indel	96	62	0.3723	0.289	0.3958	0.6935	0.2977
Chr5	5454390	snp	47	31	0.4345	0.3466	0.3191	0.6774	0.3583
Chr5	5464151	snp	54	41	0.4101	0.3144	0.1481	0.5122	0.364
Chr5	5718435	snp	40	44	0.4227	0.3295	0.425	0.7955	0.3705
Chr5	5787220	snp	61	41	0.4042	0.3147	0.7541	0.3902	-0.3639
Chr5	8261636	indel	31	30	0.4441	0.3452	0.6452	0.2	-0.4452
Chr5	9114605	snp	49	39	0.4218	0.3349	0.4082	0.7949	0.3867
Chr5	10607084	indel	47	53	0.4095	0.3107	0.9149	0.5472	-0.3677
Chr5	10995550	indel	58	47	0.4039	0.3147	0.5172	0.8936	0.3764
Chr5	11135792	snp	80	81	0.379	0.291	0.7375	0.4321	-0.3054
Chr5	11207645	indel	83	70	0.3904	0.2957	0.5783	0.2571	-0.3212
Chr5	11289967	snp	24	11	0.5265	0.4356	0.75	0.1818	-0.5682
Chr5	11310483	snp	40	37	0.4399	0.3277	0.825	0.4595	-0.3655
Chr5	11491608	indel	46	50	0.3991	0.3174	0.6522	0.3	-0.3522
Chr5	11736881	indel	50	58	0.4014	0.3117	0.78	0.431	-0.349
Chr5	11736885	snp	51	52	0.3986	0.3028	0.7843	0.4615	-0.3228
Chr5	11957470	snp	47	16	0.492	0.3697	0.4468	0.9375	0.4907
Chr5	12109307	snp	47	21	0.4691	0.3526	0.7872	0.381	-0.4063
Chr5	12354150	snp	59	58	0.4173	0.3162	0.7627	0.4138	-0.3489
Chr5	12429226	snp	71	50	0.4042	0.302	0.6056	0.3	-0.3056
Chr5	12562420	snp	47	73	0.4037	0.3095	0.766	0.4384	-0.3276
Chr5	12623037	indel	37	22	0.4656	0.3587	0.973	0.4545	-0.5184
Chr5	12623051	indel	50	24	0.4533	0.3467	0.68	0.3333	-0.3467
Chr5	13168203	snp	56	60	0.4024	0.3083	0.6786	0.3667	-0.3119
Chr5	13228598	snp	77	83	0.3788	0.299	0.6104	0.2892	-0.3212
Chr5	13309985	snp	28	35	0.4571	0.3429	0.5	0.0857	-0.4143
Chr5	13586778	snp	57	29	0.4265	0.3388	0.5263	0.1724	-0.3539
Chr5	14298400	indel	52	22	0.4598	0.3479	0.6346	0.2727	-0.3619
Chr5	14303236	snp	19	14	0.5226	0.4173	0.4211	0.0	-0.4211
Chr5	14303553	snp	46	34	0.4169	0.3223	0.7174	0.3235	-0.3939
Chr5	14722483	indel	34	38	0.4427	0.3375	0.8529	0.4737	-0.3793
Chr5	15265129	snp	57	54	0.3996	0.3012	0.807	0.463	-0.3441
Chr5	15435546	snp	116	64	0.3782	0.2845	0.5431	0.25	-0.2931
Chr5	16872958	snp	43	16	0.4869	0.3706	0.6047	0.1875	-0.4172
Chr5	16872973	indel	40	15	0.4917	0.3833	0.625	0.2	-0.425
Chr5	16915815	snp	53	54	0.4196	0.3113	0.6038	0.9259	0.3222
Chr5	17030964	snp	63	62	0.392	0.3103	0.6349	0.3065	-0.3285
Chr5	17429779	indel	13	11	0.5874	0.4476	0.0769	0.5455	0.4685
Chr5	17982895	indel	47	24	0.4734	0.3484	0.4894	0.125	-0.3644
Chr5	18463608	snp	42	27	0.4444	0.3439	0.5	0.8519	0.3519
Chr5	18487710	snp	58	50	0.4014	0.3117	0.7414	0.34	-0.4014
Chr5	18559872	snp	47	35	0.4377	0.3319	0.7234	0.3714	-0.352
Chr5	18610104	snp	66	47	0.4146	0.3108	0.7424	0.4255	-0.3169
Chr5	18632013	snp	43	35	0.4405	0.3389	0.8837	0.5143	-0.3694
Chr5	18684342	snp	69	54	0.3953	0.3076	0.7971	0.4074	-0.3897
Chr5	19033373	snp	62	54	0.3996	0.2933	0.6452	0.3333	-0.3118
Chr5	19083955	snp	44	49	0.4235	0.3256	0.8409	0.4694	-0.3715
Chr5	19359206	snp	72	63	0.3889	0.3036	0.6944	0.3492	-0.3452
Chr5	19469619	indel	57	34	0.437	0.3313	0.5965	0.2059	-0.3906
Chr5	19516434	snp	43	45	0.4088	0.3178	0.7209	0.3333	-0.3876
Chr5	19526009	snp	82	80	0.3841	0.2963	0.5732	0.2625	-0.3107
Chr5	19656730	snp	53	49	0.4109	0.3246	0.8302	0.4898	-0.3404
Chr5	19662528	indel	56	43	0.412	0.314	0.4821	0.1628	-0.3194
Chr5	20162976	indel	105	100	0.381	0.2876	0.5619	0.26	-0.3019
Chr5	20176731	snp	42	37	0.4247	0.3346	0.5476	0.1081	-0.4395
Chr5	20484718	snp	47	58	0.4039	0.3147	0.9787	0.6379	-0.3408
Chr5	20501431	indel	59	61	0.4048	0.3156	0.5932	0.2131	-0.3801
Chr5	20510211	snp	15	11	0.5758	0.4424	0.5333	0.0	-0.5333
Chr5	20510246	indel	24	17	0.5074	0.3897	0.4583	0.0	-0.4583
Chr5	20519334	indel	22	39	0.4534	0.3601	0.9545	0.5128	-0.4417
Chr5	20523042	snp	52	55	0.4024	0.3094	0.7885	0.3636	-0.4248
Chr5	20628801	snp	69	57	0.4066	0.3051	0.7971	0.4561	-0.341
Chr5	20632658	snp	69	42	0.4193	0.3199	0.5072	0.1429	-0.3644
Chr5	21003177	snp	37	39	0.4435	0.3423	0.7838	0.4103	-0.3735
Chr5	21004559	snp	66	51	0.4046	0.3119	0.7273	0.4118	-0.3155
Chr5	21014738	snp	43	43	0.4186	0.3256	0.7674	0.4186	-0.3488
Chr5	21015235	snp	51	45	0.4118	0.3229	0.549	0.2222	-0.3268
Chr5	21036845	snp	47	52	0.4116	0.3196	0.766	0.3654	-0.4006
Chr5	21042612	snp	49	51	0.4218	0.3205	0.7347	0.4118	-0.3229
Chr5	21069919	snp	47	43	0.4231	0.3261	0.7234	0.3721	-0.3513
Chr5	21162283	snp	68	70	0.3937	0.3063	0.6471	0.3286	-0.3185
Chr5	21235171	snp	44	32	0.4233	0.3267	0.5455	0.2188	-0.3267
Chr5	21388161	snp	34	51	0.4118	0.3235	0.8529	0.4706	-0.3824
Chr5	21390978	snp	69	54	0.3953	0.3076	0.4928	0.1852	-0.3076
Chr5	21575627	indel	53	28	0.4313	0.3329	0.5849	0.2143	-0.3706
Chr5	21595905	snp	60	48	0.4042	0.3083	0.7667	0.3958	-0.3708
Chr5	21621435	snp	97	105	0.3613	0.2813	0.5361	0.2095	-0.3266
Chr5	21623931	snp	40	39	0.4423	0.341	0.85	0.4359	-0.4141
Chr5	21625230	snp	54	25	0.4422	0.3467	0.6481	0.28	-0.3681
Chr5	21628217	snp	44	38	0.4258	0.3313	0.6591	0.2632	-0.3959
Chr5	21628814	snp	48	27	0.4398	0.3403	0.7917	0.4444	-0.3472
Chr5	21629497	snp	56	38	0.4248	0.3346	0.8393	0.4737	-0.3656
Chr5	21629519	snp	63	42	0.4048	0.3175	0.7143	0.3571	-0.3571
Chr5	21678316	snp	68	40	0.4206	0.3206	0.6324	0.3	-0.3324
Chr5	21744765	snp	53	56	0.3976	0.3063	0.6981	0.3393	-0.3588
Chr5	21759459	indel	64	57	0.403	0.3169	0.6406	0.3158	-0.3248
Chr5	21816717	snp	51	38	0.4298	0.3246	0.8431	0.5	-0.3431
Chr5	21828608	indel	27	32	0.4676	0.3542	1.0	0.5625	-0.4375
Chr5	21883875	snp	86	49	0.3975	0.3071	0.5581	0.2245	-0.3336
Chr5	21913513	indel	37	22	0.4656	0.3587	0.7297	0.3636	-0.3661
Chr5	21997440	indel	50	12	0.4933	0.3933	0.92	0.0833	-0.8367
Chr5	22027203	snp	93	71	0.3809	0.2938	0.5376	0.2113	-0.3264
Chr5	22031691	snp	75	57	0.3902	0.2968	0.5733	0.2281	-0.3453
Chr5	22072788	snp	66	51	0.4046	0.3119	0.5606	0.1961	-0.3645
Chr5	22082121	snp	65	54	0.3991	0.31	0.6615	0.3333	-0.3282
Chr5	22083787	snp	71	49	0.4044	0.3101	0.662	0.3265	-0.3354
Chr5	22129811	snp	93	90	0.3871	0.29	0.5591	0.2111	-0.348
Chr5	22165128	snp	73	50	0.3901	0.3068	0.7808	0.42	-0.3608
Chr5	22247022	indel	49	54	0.4161	0.3159	0.7143	0.3889	-0.3254
Chr5	22247054	snp	42	52	0.4212	0.3141	0.8095	0.4423	-0.3672
Chr5	22247135	snp	46	36	0.4396	0.3394	0.9565	0.4722	-0.4843
Chr5	22247167	snp	52	44	0.4161	0.3112	0.8269	0.3864	-0.4406
Chr5	22247223	indel	61	69	0.4018	0.3022	0.6557	0.2754	-0.3804
Chr5	22248443	indel	37	30	0.4378	0.3423	0.7568	0.3667	-0.3901
Chr5	22267020	indel	66	60	0.4	0.297	0.7424	0.3667	-0.3758
Chr5	22267023	snp	66	51	0.4046	0.3119	0.7121	0.3529	-0.3592
Chr5	22326833	indel	92	102	0.3753	0.2926	0.6196	0.3137	-0.3058
Chr5	22326898	snp	62	64	0.4103	0.3155	0.7581	0.4219	-0.3362
Chr5	22327351	indel	63	63	0.3968	0.3016	0.6825	0.381	-0.3016
Chr5	22333486	snp	59	46	0.4053	0.3084	0.8136	0.4783	-0.3353
Chr5	22343159	snp	55	54	0.4125	0.3047	0.6909	0.2778	-0.4131
Chr5	22360948	snp	58	54	0.4183	0.3123	0.7931	0.463	-0.3301
Chr5	22387345	snp	42	29	0.4384	0.335	0.5952	0.1724	-0.4228
Chr5	22393615	snp	54	39	0.4217	0.3248	0.7778	0.4103	-0.3675
Chr5	22449765	snp	90	59	0.3902	0.3049	0.5778	0.2712	-0.3066
Chr5	22452119	snp	81	54	0.4012	0.3086	0.5802	0.2593	-0.321
Chr5	22463221	snp	106	54	0.3997	0.2977	0.5094	0.2037	-0.3057
Chr5	22472171	snp	71	41	0.4126	0.3167	0.7183	0.3902	-0.3281
Chr5	22472202	snp	67	49	0.4237	0.3177	0.7761	0.3878	-0.3884
Chr5	22491246	snp	40	23	0.4576	0.3576	0.8	0.3478	-0.4522
Chr5	22512025	snp	67	58	0.3958	0.3049	0.5522	0.2414	-0.3109
Chr5	22516939	snp	77	51	0.4018	0.3097	0.7143	0.2941	-0.4202
Chr5	22516988	snp	65	50	0.4046	0.3154	0.8	0.28	-0.52
Chr5	22645547	snp	68	58	0.4133	0.3048	0.7647	0.4138	-0.3509
Chr5	22648709	indel	45	55	0.4141	0.3152	0.7333	0.3818	-0.3515
Chr5	22648847	snp	86	88	0.3679	0.278	0.593	0.3068	-0.2862
Chr5	22648956	snp	63	60	0.4008	0.3032	0.6984	0.35	-0.3484
Chr5	22695338	snp	26	35	0.4648	0.3505	0.5	0.1429	-0.3571
Chr5	22701633	snp	45	43	0.4088	0.3178	0.7111	0.3721	-0.339
Chr5	22711254	snp	66	39	0.4207	0.317	0.6364	0.3077	-0.3287
Chr5	22712130	snp	60	53	0.3981	0.3082	0.6167	0.3019	-0.3148
Chr5	22755979	snp	39	26	0.4487	0.3462	0.9487	0.5769	-0.3718
Chr5	22775837	snp	74	84	0.3877	0.2876	0.6757	0.25	-0.4257
Chr5	22776919	indel	64	34	0.4292	0.329	0.5	0.1176	-0.3824
Chr5	22777108	snp	63	38	0.4194	0.3241	0.7619	0.3947	-0.3672
Chr5	22783202	snp	39	32	0.4423	0.3429	0.9231	0.5312	-0.3918
Chr5	22785861	snp	52	47	0.4116	0.3196	0.9038	0.5532	-0.3507
Chr5	22789575	snp	92	74	0.3922	0.2985	0.5543	0.2297	-0.3246
Chr5	22794485	indel	70	76	0.3808	0.2996	0.6571	0.3421	-0.315
Chr5	22794723	snp	47	28	0.4316	0.3457	0.7234	0.2857	-0.4377
Chr5	22794757	snp	42	30	0.4333	0.3381	0.7143	0.3	-0.4143
Chr5	22795461	snp	55	36	0.4111	0.3222	0.7273	0.3889	-0.3384
Chr5	22798510	snp	55	49	0.4212	0.3147	0.7636	0.449	-0.3147
Chr5	22798511	snp	53	52	0.4118	0.3153	0.7736	0.4423	-0.3313
Chr5	22808044	snp	81	59	0.3848	0.3061	0.5802	0.2373	-0.343
Chr5	22816432	snp	98	78	0.3789	0.2873	0.6327	0.2821	-0.3506
Chr5	22836533	indel	98	85	0.3691	0.2797	0.5714	0.2471	-0.3244
Chr5	22837296	snp	48	27	0.4398	0.3403	0.8333	0.4444	-0.3889
Chr5	22842770	indel	53	44	0.4181	0.3195	0.8868	0.5455	-0.3413
Chr5	22842840	indel	47	40	0.416	0.3271	1.0	0.575	-0.425
Chr5	22844814	snp	65	53	0.4073	0.31	0.8923	0.566	-0.3263
Chr5	22844864	snp	65	63	0.3927	0.3028	0.8615	0.5397	-0.3219
Chr5	22875885	indel	64	76	0.3849	0.2969	0.4688	0.1711	-0.2977
Chr5	22878075	snp	85	80	0.3949	0.2993	0.7059	0.35	-0.3559
Chr5	22881152	snp	49	19	0.4629	0.3577	0.6327	0.2632	-0.3695
Chr5	22898835	snp	92	60	0.3906	0.2978	0.5326	0.2167	-0.3159
Chr5	22906982	snp	86	77	0.3798	0.2908	0.5349	0.1818	-0.3531
Chr5	22925640	snp	56	66	0.4113	0.3095	0.5	0.1515	-0.3485
Chr5	22931119	indel	84	90	0.3833	0.2929	0.631	0.2889	-0.3421
Chr5	22933962	snp	73	82	0.3846	0.2949	0.5753	0.2561	-0.3192
Chr5	22993665	snp	62	56	0.3992	0.3059	0.7581	0.4464	-0.3116
Chr5	23002728	snp	95	68	0.3796	0.2954	0.5895	0.2941	-0.2954
Chr5	23008413	snp	71	58	0.4065	0.2982	0.6338	0.2931	-0.3407
Chr5	23026364	snp	72	33	0.4242	0.3194	0.6389	0.1818	-0.4571
Chr5	23034197	indel	48	53	0.4104	0.3141	0.6458	0.3208	-0.3251
Chr5	23034249	snp	53	63	0.3986	0.3073	0.5849	0.2381	-0.3468
Chr5	23036739	snp	44	20	0.4682	0.3636	0.7955	0.3	-0.4955
Chr5	23038224	indel	38	23	0.4497	0.3535	0.8947	0.4348	-0.46
Chr5	23041841	snp	57	45	0.4175	0.3135	0.8421	0.4889	-0.3532
Chr5	23042700	snp	42	25	0.4429	0.3467	0.9048	0.52	-0.3848
Chr5	23044273	snp	49	76	0.4176	0.3096	0.6122	0.2763	-0.3359
Chr5	23067683	snp	76	72	0.3801	0.2931	0.5921	0.2917	-0.3004
Chr5	23067849	indel	86	83	0.3853	0.291	0.5814	0.253	-0.3284
Chr5	23121837	snp	34	68	0.4118	0.3088	0.5294	0.1912	-0.3382
Chr5	23159588	snp	51	70	0.4095	0.3098	0.7451	0.4286	-0.3165
Chr5	23163009	snp	57	42	0.416	0.317	0.7368	0.4048	-0.3321
Chr5	23163818	snp	126	90	0.3794	0.2889	0.5556	0.2444	-0.3111
Chr5	23238632	snp	80	94	0.3721	0.2915	0.55	0.2021	-0.3479
Chr5	23244824	snp	60	39	0.4231	0.3192	0.6667	0.3333	-0.3333
Chr5	23245189	snp	83	73	0.4007	0.2878	0.5904	0.2877	-0.3027
Chr5	23246780	snp	80	85	0.3949	0.2993	0.6375	0.3294	-0.3081
Chr5	23251536	indel	71	94	0.3819	0.289	0.662	0.3404	-0.3215
Chr5	23257456	snp	64	60	0.3865	0.3052	0.7031	0.3833	-0.3198
Chr5	23260348	snp	60	63	0.4008	0.3032	0.7	0.3175	-0.3825
Chr5	23260527	snp	49	48	0.4026	0.3197	0.7143	0.3542	-0.3601
Chr5	23260733	snp	66	88	0.3826	0.2992	0.7576	0.4091	-0.3485
Chr5	23260737	indel	64	102	0.3799	0.2932	0.7656	0.402	-0.3637
Chr5	23261904	snp	81	78	0.3827	0.2934	0.5926	0.2949	-0.2977
Chr5	23263784	snp	32	36	0.4479	0.3438	0.4062	0.0556	-0.3507
Chr5	23263829	snp	46	48	0.4058	0.317	0.587	0.1667	-0.4203
Chr5	23270125	snp	88	83	0.3779	0.289	0.5455	0.2169	-0.3286
Chr5	23297240	snp	61	72	0.4005	0.301	0.5902	0.1944	-0.3957
Chr5	23316879	indel	60	45	0.4	0.3111	0.5833	0.2667	-0.3167
Chr5	23316883	indel	60	36	0.4278	0.3333	0.5667	0.2222	-0.3444
Chr5	23333911	snp	82	94	0.3804	0.294	0.561	0.2447	-0.3163
Chr5	23338772	indel	84	99	0.3842	0.2937	0.5714	0.2727	-0.2987
Chr5	23359567	snp	83	83	0.3735	0.2892	0.5542	0.241	-0.3133
Chr5	23365855	snp	91	102	0.3605	0.2805	0.6703	0.3627	-0.3076
Chr5	23378690	snp	64	55	0.4045	0.3108	0.5469	0.2	-0.3469
Chr5	23381638	snp	52	60	0.4064	0.3051	0.7885	0.4833	-0.3051
Chr5	23407165	snp	76	55	0.3971	0.3124	0.6974	0.3636	-0.3337
Chr5	23419572	snp	52	42	0.4212	0.3141	0.7115	0.3333	-0.3782
Chr5	23419908	snp	87	56	0.3976	0.3071	0.5632	0.25	-0.3132
Chr5	23421902	snp	68	37	0.4209	0.3152	0.75	0.4054	-0.3446
Chr5	23424113	snp	65	23	0.4569	0.3472	0.9077	0.4783	-0.4294
Chr5	23428181	indel	45	60	0.4	0.3111	0.8889	0.5667	-0.3222
Chr5	23431542	snp	51	63	0.4071	0.3119	0.7451	0.4127	-0.3324
Chr5	23436002	snp	45	35	0.4349	0.3302	0.8667	0.5143	-0.3524
Chr5	23437879	snp	55	42	0.4108	0.3169	0.9636	0.5476	-0.416
Chr5	23437888	snp	56	43	0.412	0.314	0.9464	0.5814	-0.365
Chr5	23442251	indel	75	68	0.3914	0.3004	0.6	0.2941	-0.3059
Chr5	23442257	snp	68	58	0.4133	0.3048	0.6765	0.3448	-0.3316
Chr5	23450795	snp	66	77	0.4026	0.3009	0.6667	0.3247	-0.342
Chr5	23484280	snp	91	88	0.387	0.2946	0.5824	0.2727	-0.3097
Chr5	23492635	snp	112	78	0.3826	0.2995	0.6696	0.359	-0.3107
Chr5	23502193	snp	67	59	0.3795	0.3008	0.806	0.4746	-0.3314
Chr5	23504677	snp	81	51	0.4038	0.3137	0.6914	0.3137	-0.3776
Chr5	23510502	snp	81	65	0.3867	0.2976	0.6543	0.2615	-0.3928
Chr5	23510574	snp	80	68	0.3919	0.3029	0.6625	0.3088	-0.3537
Chr5	23511363	snp	63	29	0.4226	0.3246	0.619	0.1724	-0.4466
Chr5	23511376	indel	61	24	0.4372	0.3388	0.6721	0.2917	-0.3805
Chr5	23516439	snp	59	34	0.4257	0.3215	0.8136	0.4412	-0.3724
Chr5	23519527	snp	61	86	0.3942	0.2932	0.6393	0.2674	-0.3719
Chr5	23547413	snp	69	49	0.404	0.3138	0.6812	0.3265	-0.3546
Chr5	23548203	snp	52	57	0.3941	0.3114	0.6538	0.2807	-0.3731
Chr5	23550838	snp	65	59	0.4044	0.3056	0.6923	0.3559	-0.3364
Chr5	23550871	indel	73	67	0.3827	0.2956	0.6712	0.3731	-0.2981
Chr5	23560422	indel	42	52	0.4212	0.3141	0.8095	0.4808	-0.3288
Chr5	23563188	indel	47	48	0.4136	0.3223	0.9362	0.5	-0.4362
Chr5	23566965	snp	71	52	0.3952	0.3044	0.6338	0.3269	-0.3069
Chr5	23567005	snp	73	47	0.4037	0.3095	0.6986	0.3191	-0.3795
Chr5	23577999	indel	109	76	0.3707	0.2854	0.5046	0.1974	-0.3072
Chr5	23580004	snp	48	41	0.4162	0.3216	0.7708	0.4146	-0.3562
Chr5	23580050	indel	47	44	0.4309	0.3216	0.7447	0.3864	-0.3583
Chr5	23582487	snp	47	34	0.4374	0.3279	0.766	0.3824	-0.3836
Chr5	23582999	snp	92	78	0.3821	0.294	0.6522	0.3205	-0.3317
Chr5	23585017	snp	72	52	0.406	0.3109	0.6667	0.3462	-0.3205
Chr5	23585155	snp	52	39	0.4231	0.3205	0.8654	0.5128	-0.3526
Chr5	23585196	snp	63	54	0.3889	0.3042	0.6984	0.3704	-0.328
Chr5	23615046	indel	65	54	0.3991	0.31	0.5692	0.2593	-0.31
Chr5	23624500	indel	69	57	0.4066	0.3051	0.6957	0.386	-0.3097
Chr5	23625879	snp	60	50	0.3867	0.3067	0.85	0.48	-0.37
Chr5	23635582	snp	84	81	0.384	0.2945	0.6548	0.3086	-0.3461
Chr5	23653799	indel	55	45	0.4141	0.3152	0.8182	0.3778	-0.4404
Chr5	23653848	snp	57	43	0.4117	0.3125	0.7193	0.3488	-0.3705
Chr5	23653884	indel	61	47	0.3973	0.3136	0.7705	0.4255	-0.345
Chr5	23653942	indel	68	51	0.4069	0.3039	0.7353	0.4118	-0.3235
Chr5	23658549	snp	72	61	0.4005	0.301	0.7361	0.377	-0.3591
Chr5	23658980	snp	51	44	0.4095	0.3217	0.7647	0.4318	-0.3329
Chr5	23664030	snp	67	65	0.3952	0.3052	0.7612	0.4308	-0.3304
Chr5	23674986	snp	68	69	0.4005	0.2992	0.5294	0.2174	-0.312
Chr5	23677897	snp	68	59	0.3893	0.3036	0.6029	0.2881	-0.3148
Chr5	23678557	indel	37	37	0.4324	0.3243	0.7297	0.4054	-0.3243
Chr5	23688791	snp	45	48	0.4153	0.3181	0.8	0.4375	-0.3625
Chr5	23695017	snp	51	50	0.4078	0.3086	0.5882	0.26	-0.3282
Chr5	23696572	snp	62	52	0.4014	0.312	0.8065	0.3654	-0.4411
Chr5	23696722	snp	79	76	0.3931	0.2923	0.6203	0.3158	-0.3045
Chr5	23703542	indel	74	44	0.4066	0.3163	0.6486	0.3182	-0.3305
Chr5	23705022	snp	45	36	0.4333	0.3333	0.9333	0.5833	-0.35
Chr5	23705050	indel	60	45	0.4	0.3111	0.7333	0.4222	-0.3111
Chr5	23705062	indel	55	46	0.4012	0.3138	0.7818	0.4348	-0.347
Chr5	23705860	snp	36	19	0.4839	0.3757	0.6389	0.2105	-0.4284
Chr5	23708661	snp	49	50	0.4147	0.3135	0.7755	0.44	-0.3355
Chr5	23713858	snp	60	63	0.4008	0.3032	0.7333	0.3175	-0.4159
Chr5	23715785	snp	58	46	0.4108	0.3081	0.8276	0.4565	-0.3711
Chr5	23731960	snp	51	60	0.4059	0.3157	0.7255	0.4	-0.3255
Chr5	23737754	snp	60	68	0.4147	0.3118	0.7333	0.3971	-0.3363
Chr5	23756163	indel	90	84	0.3833	0.2929	0.6111	0.2857	-0.3254
Chr5	23756182	snp	86	82	0.3721	0.2842	0.5698	0.2805	-0.2893
Chr5	23756213	indel	78	70	0.3883	0.3026	0.4744	0.1286	-0.3458
Chr5	23756865	snp	40	26	0.4462	0.35	0.5	0.1154	-0.3846
Chr5	23799036	snp	64	72	0.3924	0.2969	0.7031	0.3056	-0.3976
Chr5	23808008	snp	68	70	0.3937	0.3063	0.6618	0.3286	-0.3332
Chr5	23816937	indel	79	96	0.3674	0.2853	0.6076	0.2917	-0.3159
Chr5	23818129	snp	56	46	0.4115	0.3191	0.6964	0.3696	-0.3269
Chr5	23818661	snp	68	64	0.4044	0.3051	0.7353	0.3125	-0.4228
Chr5	23827463	snp	53	41	0.4188	0.3267	0.7358	0.3171	-0.4188
Chr5	23828330	indel	95	67	0.3769	0.2918	0.5684	0.2388	-0.3296
Chr5	23828380	snp	77	53	0.4077	0.3168	0.6883	0.3585	-0.3298
Chr5	23829608	snp	92	78	0.3821	0.294	0.6413	0.3205	-0.3208
Chr5	23858075	indel	73	92	0.3778	0.2895	0.5342	0.2391	-0.2951
Chr5	23859132	indel	95	62	0.3932	0.2886	0.5474	0.2419	-0.3054
Chr5	23867011	snp	57	58	0.3911	0.3043	0.6316	0.3103	-0.3212
Chr5	23869461	indel	41	42	0.4233	0.3258	0.8537	0.5238	-0.3298
Chr5	23873697	snp	82	67	0.3844	0.2949	0.6463	0.3134	-0.3329
Chr5	23890678	snp	35	26	0.4648	0.3505	0.7714	0.3077	-0.4637
Chr5	23891513	snp	61	57	0.4078	0.3072	0.6721	0.3158	-0.3563
Chr5	23893257	snp	81	61	0.3839	0.3058	0.6173	0.2295	-0.3878
Chr5	23897751	snp	109	96	0.3652	0.2831	0.5688	0.2292	-0.3396
Chr5	23904065	snp	95	73	0.3755	0.288	0.5368	0.1781	-0.3588
Chr5	23906124	snp	85	92	0.3735	0.2902	0.5294	0.2391	-0.2903
Chr5	23911362	snp	55	62	0.405	0.3059	0.8545	0.5161	-0.3384
Chr5	23911414	snp	75	65	0.3856	0.2995	0.72	0.3846	-0.3354
Chr5	23913591	snp	94	96	0.3774	0.2863	0.5532	0.25	-0.3032
Chr5	23917830	snp	57	42	0.416	0.317	0.8246	0.5	-0.3246
Chr5	23918329	snp	69	58	0.3991	0.3073	0.6957	0.3276	-0.3681
Chr5	23921780	indel	60	23	0.4326	0.3391	0.8	0.3913	-0.4087
Chr5	23923699	snp	72	72	0.375	0.2917	0.5417	0.2222	-0.3194
Chr5	23923891	snp	24	24	0.5	0.375	0.8333	0.4583	-0.375
Chr5	23959120	snp	56	76	0.3891	0.2979	0.75	0.4474	-0.3026
Chr5	23959701	snp	50	46	0.3991	0.3174	0.94	0.6087	-0.3313
Chr5	23960654	indel	67	44	0.4145	0.3107	0.6567	0.2955	-0.3613
Chr5	23961183	snp	79	66	0.388	0.3048	0.7468	0.3939	-0.3529
Chr5	23961226	snp	62	62	0.4032	0.3065	0.8548	0.5484	-0.3065
Chr5	23972503	indel	70	58	0.3808	0.3059	0.5714	0.2586	-0.3128
Chr5	23979012	snp	63	56	0.4028	0.3115	0.6984	0.3571	-0.3413
Chr5	23979112	snp	35	45	0.4349	0.3302	0.9714	0.6222	-0.3492
Chr5	24064371	snp	58	60	0.404	0.3161	0.6897	0.3667	-0.323
Chr5	24067648	snp	50	58	0.4014	0.3117	0.96	0.5862	-0.3738
Chr5	24070328	indel	82	77	0.3874	0.2941	0.5488	0.2208	-0.328
Chr5	24075226	snp	72	72	0.375	0.2917	0.625	0.2917	-0.3333
Chr5	24076848	snp	91	68	0.4093	0.3025	0.6593	0.3235	-0.3358
Chr5	24077737	snp	67	60	0.3953	0.3005	0.806	0.4667	-0.3393
Chr5	24082823	snp	52	37	0.4257	0.3295	0.9615	0.5405	-0.421
Chr5	24084646	snp	63	27	0.4286	0.3333	0.8889	0.4815	-0.4074
Chr5	24087477	indel	30	41	0.4472	0.3407	1.0	0.6585	-0.3415
Chr5	24088200	snp	65	60	0.3949	0.3038	0.7692	0.3833	-0.3859
Chr5	24088486	snp	67	57	0.3936	0.3077	0.806	0.4737	-0.3323
Chr5	24092372	snp	61	77	0.3926	0.3085	0.6557	0.3117	-0.344
Chr5	24092858	indel	71	55	0.3851	0.3024	0.6056	0.2909	-0.3147
Chr5	24093569	indel	57	64	0.403	0.3169	0.5439	0.2188	-0.3251
Chr5	24103657	snp	67	35	0.4281	0.3262	0.5821	0.2	-0.3821
Chr5	24109415	snp	65	63	0.3927	0.3028	0.6462	0.254	-0.3922
Chr5	24109500	snp	69	80	0.3982	0.3042	0.5652	0.225	-0.3402
Chr5	24112168	snp	66	87	0.3762	0.2957	0.7424	0.3908	-0.3516
Chr5	24114415	snp	56	64	0.4152	0.3103	0.6786	0.3594	-0.3192
Chr5	24124559	snp	92	55	0.3937	0.2962	0.5652	0.2545	-0.3107
Chr5	24143346	snp	63	55	0.3942	0.303	0.5714	0.2545	-0.3169
Chr5	24173573	snp	74	80	0.3953	0.3007	0.5946	0.2875	-0.3071
Chr5	24175799	snp	94	84	0.3832	0.2931	0.5957	0.2619	-0.3338
Chr5	24176083	snp	90	68	0.3801	0.2944	0.5333	0.2353	-0.298
Chr5	24180325	snp	64	60	0.3865	0.3052	0.4688	0.15	-0.3187
Chr5	24192239	indel	108	123	0.3692	0.2807	0.5648	0.2602	-0.3047
Chr5	24197596	indel	73	73	0.3836	0.3014	0.6849	0.274	-0.411
Chr5	24197708	snp	67	68	0.3782	0.2917	0.5821	0.2353	-0.3468
Chr5	24202172	indel	38	30	0.4368	0.3386	0.6053	0.2667	-0.3386
Chr5	24203206	snp	52	23	0.4599	0.3495	0.9038	0.4348	-0.4691
Chr5	24204466	snp	58	69	0.3991	0.3073	0.6552	0.2609	-0.3943
Chr5	24205198	snp	49	50	0.4147	0.3135	0.9184	0.58	-0.3384
Chr5	24209309	snp	107	82	0.3688	0.286	0.5607	0.2683	-0.2925
Chr5	24216929	snp	37	25	0.4638	0.3557	0.8108	0.36	-0.4508
Chr5	24216971	snp	38	24	0.4496	0.3553	0.5526	0.0417	-0.511
Chr5	24216981	indel	40	27	0.4519	0.3435	0.525	0.0	-0.525
Chr5	24219662	indel	92	58	0.3943	0.3021	0.5978	0.2759	-0.322
Chr5	24224839	indel	107	67	0.38	0.2942	0.5514	0.2537	-0.2977
Chr5	24229212	snp	73	60	0.3879	0.3057	0.5479	0.2333	-0.3146
Chr5	24234248	snp	76	60	0.3816	0.3026	0.5789	0.2333	-0.3456
Chr5	24254411	snp	77	68	0.3925	0.2939	0.6104	0.2794	-0.331
Chr5	24257230	snp	82	81	0.3746	0.2892	0.5488	0.1605	-0.3883
Chr5	24261481	snp	97	92	0.3875	0.288	0.5876	0.2826	-0.305
Chr5	24261712	snp	94	91	0.3841	0.2902	0.5745	0.2527	-0.3217
Chr5	24263726	snp	80	79	0.3837	0.2953	0.6	0.2532	-0.3468
Chr5	24273098	indel	47	36	0.4196	0.3245	0.4894	0.0	-0.4894
Chr5	24275213	snp	79	84	0.3867	0.2951	0.6962	0.3095	-0.3867
Chr5	24276269	indel	59	74	0.4008	0.3028	0.6441	0.2838	-0.3603
Chr5	24278302	snp	36	36	0.4167	0.3333	0.6667	0.25	-0.4167
Chr5	24278321	snp	27	24	0.4722	0.3704	0.6667	0.2917	-0.375
Chr5	24279738	indel	44	46	0.4229	0.3281	0.3864	0.7391	0.3528
Chr5	24280373	snp	39	46	0.4314	0.3266	0.4615	0.1304	-0.3311
Chr5	24281206	snp	47	50	0.426	0.3234	0.4255	0.06	-0.3655
Chr5	24281920	indel	83	68	0.3871	0.2939	0.5301	0.1765	-0.3536
Chr5	24287236	snp	86	75	0.3839	0.2915	0.6047	0.2933	-0.3113
Chr5	24292115	indel	42	31	0.4493	0.3287	0.4286	0.0645	-0.3641
Chr5	24293012	snp	79	70	0.3861	0.2982	0.481	0.1714	-0.3096
Chr5	24293127	indel	60	65	0.3949	0.3038	0.3833	0.0769	-0.3064
Chr5	24295803	indel	86	68	0.3748	0.2958	0.6512	0.25	-0.4012
Chr5	24307214	snp	83	84	0.3754	0.2932	0.6145	0.2857	-0.3287
Chr5	24316046	indel	95	65	0.3895	0.2955	0.5368	0.2308	-0.3061
Chr5	24316262	snp	71	76	0.3866	0.3011	0.6197	0.25	-0.3697
Chr5	24316317	snp	69	66	0.3966	0.3024	0.6087	0.2727	-0.336
Chr5	24316458	indel	77	74	0.3807	0.2948	0.6104	0.3108	-0.2996
Chr5	24321794	snp	49	41	0.4385	0.336	0.4898	0.1463	-0.3435
Chr5	24326839	snp	116	87	0.3707	0.2816	0.6207	0.3218	-0.2989
Chr5	24346051	indel	90	78	0.3829	0.2991	0.5333	0.1923	-0.341
Chr5	24403742	snp	85	79	0.3912	0.2998	0.6235	0.2911	-0.3324
Chr5	24404535	snp	65	56	0.3887	0.2964	0.7231	0.3929	-0.3302
Chr5	24408079	indel	79	50	0.4109	0.3056	0.5696	0.26	-0.3096
Chr5	24413963	snp	88	65	0.3895	0.2946	0.5455	0.2462	-0.2993
Chr5	24423904	snp	91	70	0.3912	0.2956	0.6154	0.2571	-0.3582
Chr5	24427483	snp	54	37	0.4219	0.3238	0.7037	0.3243	-0.3794
Chr5	24429171	snp	95	105	0.3784	0.2877	0.6211	0.3143	-0.3068
Chr5	24430102	snp	58	53	0.4239	0.3155	0.9138	0.5849	-0.3289
Chr5	24431295	snp	79	56	0.3881	0.3108	0.6835	0.2857	-0.3978
Chr5	24441039	snp	73	71	0.3884	0.294	0.589	0.2535	-0.3355
Chr5	24441203	snp	67	66	0.398	0.2942	0.7015	0.3485	-0.353
Chr5	24449463	snp	91	88	0.387	0.2946	0.5495	0.25	-0.2995
Chr5	24454079	snp	67	60	0.3953	0.3005	0.6119	0.3	-0.3119
Chr5	24454220	snp	92	78	0.3821	0.294	0.6522	0.3205	-0.3317
Chr5	24454655	snp	48	52	0.4038	0.3157	0.7292	0.3846	-0.3446
Chr5	24454669	snp	46	54	0.4211	0.3221	0.7391	0.3889	-0.3502
Chr5	24459278	snp	79	62	0.4036	0.2999	0.6456	0.3387	-0.3069
Chr5	24460942	snp	61	38	0.4288	0.327	0.7377	0.3421	-0.3956
Chr5	24461026	snp	64	46	0.4083	0.3118	0.6875	0.3043	-0.3832
Chr5	24462208	snp	78	95	0.3628	0.2864	0.641	0.3474	-0.2937
Chr5	24462990	snp	72	76	0.3801	0.2931	0.6389	0.3421	-0.2968
Chr5	24464238	snp	59	43	0.4218	0.3205	0.6441	0.3023	-0.3417
Chr5	24467854	snp	71	56	0.3979	0.3058	0.7746	0.4464	-0.3282
Chr5	24467876	snp	83	57	0.3919	0.2997	0.7711	0.4561	-0.3149
Chr5	24468131	snp	80	78	0.3798	0.2901	0.5875	0.2564	-0.3311
Chr5	24473051	snp	45	31	0.4351	0.3319	0.8	0.4516	-0.3484
Chr5	24477774	snp	74	66	0.3931	0.3051	0.6486	0.3333	-0.3153
Chr5	24479841	snp	101	64	0.3806	0.293	0.7129	0.3438	-0.3691
Chr5	24479858	indel	107	83	0.3825	0.2917	0.6729	0.2892	-0.3837
Chr5	24486026	snp	63	52	0.409	0.308	0.8254	0.4038	-0.4216
Chr5	24487713	snp	62	52	0.4014	0.312	0.7419	0.4231	-0.3189
Chr5	24487815	snp	80	69	0.3982	0.3042	0.6625	0.3478	-0.3147
Chr5	24491187	snp	58	40	0.4207	0.3207	0.8448	0.475	-0.3698
Chr5	24500469	snp	76	72	0.3801	0.2931	0.6053	0.2361	-0.3692
Chr5	24505043	snp	66	78	0.3939	0.3007	0.697	0.3718	-0.3252
Chr5	24507871	snp	86	74	0.3796	0.2901	0.5814	0.2703	-0.3111
Chr5	24507928	indel	72	42	0.4147	0.3155	0.6528	0.3333	-0.3194
Chr5	24513655	snp	87	70	0.381	0.2949	0.6322	0.3286	-0.3036
Chr5	24514370	snp	77	66	0.4026	0.3009	0.7532	0.4242	-0.329
Chr5	24514463	snp	75	46	0.4142	0.3154	0.76	0.3478	-0.4122
Chr5	24516384	snp	37	23	0.4747	0.3608	0.9189	0.5217	-0.3972
Chr5	24516666	snp	84	68	0.3971	0.306	0.5714	0.2206	-0.3508
Chr5	24520196	snp	46	49	0.4264	0.323	0.8478	0.4286	-0.4193
Chr5	24523636	snp	104	96	0.3694	0.2869	0.5385	0.25	-0.2885
Chr5	24523915	snp	71	52	0.3952	0.3044	0.7324	0.3846	-0.3478
Chr5	24524759	indel	98	87	0.3747	0.2904	0.6735	0.3218	-0.3516
Chr5	24525565	snp	74	55	0.3936	0.3079	0.7703	0.4	-0.3703
Chr5	24525697	snp	64	42	0.4107	0.3177	0.8594	0.4524	-0.407
Chr5	24525951	snp	91	80	0.3768	0.2945	0.6264	0.3125	-0.3139
Chr5	24527629	snp	51	34	0.4118	0.3235	0.8431	0.5	-0.3431
Chr5	24528426	snp	58	67	0.3958	0.3049	0.8448	0.5075	-0.3374
Chr5	24528506	snp	68	98	0.3736	0.2932	0.6912	0.398	-0.2932
Chr5	24529047	snp	72	64	0.3924	0.2969	0.5833	0.2812	-0.3021
Chr5	24533738	snp	62	54	0.3996	0.2933	0.8226	0.5	-0.3226
Chr5	24534102	indel	67	83	0.3888	0.2987	0.7761	0.4699	-0.3062
Chr5	24534515	snp	39	24	0.4679	0.3526	0.7436	0.3333	-0.4103
Chr5	24535587	snp	51	51	0.4314	0.3333	0.7647	0.3725	-0.3922
Chr5	24536960	snp	62	95	0.3932	0.2886	0.7581	0.3684	-0.3896
Chr5	24538479	snp	105	103	0.3752	0.2807	0.5619	0.2524	-0.3095
Chr5	24539657	snp	88	90	0.3816	0.2922	0.6705	0.3333	-0.3371
Chr5	24541727	snp	92	80	0.3571	0.2864	0.6304	0.25	-0.3804
Chr5	24544171	snp	80	64	0.3937	0.3031	0.6125	0.2969	-0.3156
Chr5	24544397	snp	55	39	0.4089	0.3179	0.5818	0.2564	-0.3254
Chr5	24545399	snp	58	48	0.4052	0.3175	0.6552	0.25	-0.4052
Chr5	24545756	snp	80	64	0.3937	0.3031	0.6625	0.3438	-0.3187
Chr5	24545847	indel	71	84	0.3882	0.2961	0.5775	0.2738	-0.3037
Chr5	24547197	snp	61	68	0.3927	0.3028	0.8525	0.5147	-0.3378
Chr5	24547960	snp	69	75	0.3768	0.2968	0.6667	0.32	-0.3467
Chr5	24548683	snp	80	66	0.3883	0.297	0.6875	0.3788	-0.3087
Chr5	24552106	indel	45	40	0.4139	0.3333	0.6444	0.275	-0.3694
Chr5	24552147	snp	55	37	0.4113	0.3214	0.6364	0.2973	-0.3391
Chr5	24552640	snp	56	36	0.4206	0.3175	0.7679	0.3889	-0.379
Chr5	24561309	snp	48	27	0.4398	0.3403	0.8333	0.2593	-0.5741
Chr5	24561317	snp	44	28	0.4318	0.3409	0.8864	0.3214	-0.5649
Chr5	24563336	snp	83	85	0.3955	0.2991	0.7349	0.4353	-0.2996
Chr5	24563826	snp	84	76	0.3828	0.2926	0.7619	0.4211	-0.3409
Chr5	24564849	snp	77	53	0.4077	0.3168	0.7792	0.4528	-0.3264
Chr5	24565362	indel	79	75	0.3889	0.2908	0.6709	0.3333	-0.3376
Chr5	24565405	snp	74	64	0.3932	0.2998	0.6622	0.3281	-0.334
Chr5	24566810	snp	80	78	0.3798	0.2901	0.525	0.2051	-0.3199
Chr5	24574564	snp	97	89	0.3714	0.289	0.6082	0.3034	-0.3049
Chr5	24577795	snp	91	69	0.381	0.3	0.5604	0.2464	-0.3141
Chr5	24578816	snp	83	80	0.3765	0.289	0.6867	0.375	-0.3117
Chr5	24581624	snp	61	52	0.4001	0.3124	0.7377	0.3462	-0.3916
Chr5	24583963	snp	81	44	0.4004	0.3011	0.8519	0.4773	-0.3746
Chr5	24585559	snp	65	71	0.3876	0.3029	0.6462	0.2958	-0.3504
Chr5	24588063	snp	68	79	0.3833	0.2943	0.6176	0.3038	-0.3138
Chr5	24588549	snp	66	58	0.4086	0.3067	0.7576	0.4138	-0.3438
Chr5	24588883	snp	55	46	0.4012	0.3138	0.8909	0.4348	-0.4561
Chr5	24588897	snp	58	47	0.4039	0.3147	0.7931	0.4468	-0.3463
Chr5	24590847	indel	63	54	0.3889	0.3042	0.6032	0.2963	-0.3069
Chr5	24590968	snp	78	43	0.4109	0.3131	0.5513	0.186	-0.3652
Chr5	24598075	snp	68	46	0.3932	0.2999	0.7059	0.3261	-0.3798
Chr5	24600841	snp	53	30	0.4314	0.327	0.6981	0.3667	-0.3314
Chr5	24618411	snp	62	41	0.4174	0.319	0.8871	0.561	-0.3261
Chr5	24619868	snp	61	53	0.3981	0.3087	0.7705	0.4528	-0.3177
Chr5	24621524	snp	63	55	0.3942	0.303	0.6667	0.3636	-0.303
Chr5	24624589	snp	63	46	0.4058	0.3147	0.8413	0.4565	-0.3847
Chr5	24625539	snp	56	48	0.4196	0.3155	0.75	0.3958	-0.3542
Chr5	24627930	snp	73	64	0.3938	0.3022	0.6849	0.3281	-0.3568
Chr5	24632438	snp	49	59	0.4095	0.3172	0.7347	0.3898	-0.3449
Chr5	24632501	indel	71	103	0.3863	0.293	0.6197	0.2718	-0.3479
Chr5	24633031	snp	70	53	0.4022	0.3078	0.5571	0.2075	-0.3496
Chr5	24635306	snp	103	90	0.3713	0.2852	0.6019	0.3111	-0.2908
Chr5	24636025	snp	95	87	0.3739	0.2887	0.6632	0.3678	-0.2953
Chr5	24638555	snp	105	90	0.3825	0.2889	0.6286	0.2556	-0.373
Chr5	24639812	snp	60	45	0.4	0.3111	0.65	0.2667	-0.3833
Chr5	24639967	snp	47	36	0.4196	0.3245	0.7234	0.3333	-0.3901
Chr5	24640149	indel	80	81	0.379	0.291	0.6375	0.3457	-0.2918
Chr5	24646219	snp	90	69	0.3821	0.2947	0.6889	0.2464	-0.4425
Chr5	24647714	snp	38	27	0.4513	0.345	0.6579	0.2963	-0.3616
Chr5	24650002	snp	86	77	0.3798	0.2908	0.7209	0.4286	-0.2924
Chr5	24650768	snp	77	41	0.407	0.3079	0.7662	0.3659	-0.4004
Chr5	24651243	snp	51	35	0.4364	0.3361	0.8627	0.5143	-0.3485
Chr5	24652299	snp	66	50	0.3879	0.3073	0.7121	0.4	-0.3121
Chr5	24652763	snp	98	88	0.3813	0.2894	0.7449	0.4432	-0.3017
Chr5	24655974	indel	99	59	0.3792	0.2941	0.5758	0.2203	-0.3554
Chr5	24656055	snp	77	26	0.4311	0.3297	0.7013	0.3077	-0.3936
Chr5	24656196	snp	54	37	0.4219	0.3238	0.8333	0.4324	-0.4009
Chr5	24657132	snp	80	83	0.3765	0.289	0.575	0.2651	-0.3099
Chr5	24659237	snp	55	49	0.4212	0.3147	0.7455	0.3878	-0.3577
Chr5	24671083	indel	84	54	0.3889	0.2963	0.8571	0.4259	-0.4312
Chr5	24671085	snp	90	56	0.3833	0.3004	0.7778	0.4286	-0.3492
Chr5	24672643	snp	75	45	0.4089	0.3111	0.6	0.2889	-0.3111
Chr5	24676018	snp	86	84	0.3774	0.2957	0.6977	0.3929	-0.3048
Chr5	24676728	snp	59	41	0.4117	0.3154	0.8305	0.4146	-0.4159
Chr5	24676861	snp	56	31	0.4205	0.3312	0.5714	0.2258	-0.3456
Chr5	24677570	snp	72	45	0.4139	0.3167	0.7639	0.4222	-0.3417
Chr5	24678745	snp	94	84	0.3832	0.2931	0.6064	0.3095	-0.2969
Chr5	24679683	indel	83	85	0.3955	0.2991	0.6386	0.3176	-0.3209
Chr5	24680217	snp	64	37	0.4215	0.3205	0.7656	0.4324	-0.3332
Chr5	24683899	snp	70	70	0.3857	0.3	0.6	0.2857	-0.3143
Chr5	24685464	snp	89	64	0.4017	0.3021	0.5843	0.2812	-0.303
Chr5	24687081	snp	41	34	0.4426	0.335	0.878	0.4412	-0.4369
Chr5	24687089	snp	44	32	0.4233	0.3267	0.8182	0.4688	-0.3494
Chr5	24701393	snp	76	100	0.3742	0.2884	0.7763	0.46	-0.3163
Chr5	24702321	snp	110	77	0.3727	0.2818	0.6636	0.3506	-0.313
Chr5	24705837	indel	48	50	0.4092	0.3225	0.8333	0.5	-0.3333
Chr5	24711251	snp	78	65	0.3821	0.2974	0.7051	0.3538	-0.3513
Chr5	24711317	snp	83	78	0.3716	0.2955	0.5663	0.2692	-0.297
Chr5	24711876	indel	100	84	0.38	0.2914	0.62	0.3214	-0.2986
Chr5	24711918	snp	81	69	0.3784	0.2904	0.6296	0.3188	-0.3108
Chr5	24714367	snp	52	43	0.4092	0.3202	0.75	0.4186	-0.3314
Chr5	24714748	snp	63	70	0.3857	0.2984	0.8254	0.4714	-0.354
Chr5	24718491	snp	68	87	0.384	0.2958	0.6471	0.2874	-0.3597
Chr5	24721856	snp	60	38	0.4149	0.3219	0.7167	0.3684	-0.3482
Chr5	24724078	indel	68	79	0.3833	0.2943	0.5588	0.2532	-0.3057
Chr5	24726570	indel	26	25	0.4892	0.3708	0.8846	0.32	-0.5646
Chr5	24727617	indel	57	70	0.3965	0.3018	0.6316	0.2429	-0.3887
Chr5	24727660	snp	59	64	0.3994	0.3096	0.678	0.2656	-0.4123
Chr5	24727905	snp	51	40	0.4221	0.3255	0.8431	0.475	-0.3681
Chr5	24728206	indel	85	83	0.3955	0.2991	0.5882	0.241	-0.3473
Chr5	24734175	snp	69	49	0.404	0.3138	0.7826	0.4286	-0.354
Chr5	24734659	snp	81	74	0.3782	0.303	0.6667	0.3514	-0.3153
Chr5	24734751	snp	80	70	0.3875	0.2982	0.7	0.3857	-0.3143
Chr5	24741094	snp	29	22	0.4843	0.3715	0.5862	0.1818	-0.4044
Chr5	24742665	snp	68	40	0.4206	0.3206	0.6029	0.275	-0.3279
Chr5	24744631	snp	50	24	0.4533	0.3467	0.92	0.5417	-0.3783
Chr5	24745338	snp	60	19	0.4649	0.3561	0.8333	0.4737	-0.3596
Chr5	24745570	snp	67	58	0.3958	0.3049	0.6716	0.2931	-0.3785
Chr5	24745629	indel	64	71	0.3853	0.3008	0.6094	0.2535	-0.3559
Chr5	24746183	snp	60	35	0.4214	0.3262	0.65	0.2857	-0.3643
Chr5	24748862	snp	39	22	0.4534	0.3601	0.6154	0.2273	-0.3881
Chr5	24763891	snp	37	39	0.4435	0.3423	0.7297	0.359	-0.3708
Chr5	24765033	snp	62	68	0.3975	0.3112	0.6613	0.3382	-0.3231
Chr5	24766245	indel	40	29	0.4586	0.3517	0.8	0.2414	-0.5586
Chr5	24766295	snp	38	20	0.4895	0.3579	0.7368	0.25	-0.4868
Chr5	24766393	snp	48	13	0.5064	0.3942	0.7083	0.2308	-0.4776
Chr5	24771547	snp	66	51	0.4046	0.3119	0.8485	0.5294	-0.3191
Chr5	24773746	snp	79	59	0.3948	0.3066	0.6835	0.339	-0.3446
Chr5	24778896	snp	90	86	0.392	0.2915	0.6111	0.2907	-0.3204
Chr5	24781788	snp	44	41	0.4329	0.3193	0.8864	0.561	-0.3254
Chr5	24782700	snp	62	53	0.3999	0.3028	0.629	0.2642	-0.3649
Chr5	24790104	snp	97	118	0.3687	0.281	0.6392	0.322	-0.3171
Chr5	24793210	snp	88	67	0.3811	0.2924	0.6477	0.3433	-0.3044
Chr5	24794038	snp	80	81	0.379	0.291	0.6625	0.3086	-0.3539
Chr5	24796397	snp	82	62	0.393	0.2994	0.6341	0.2742	-0.36
Chr5	24796788	snp	83	68	0.3871	0.2939	0.5663	0.2647	-0.3016
Chr5	24797389	snp	70	84	0.3952	0.3024	0.7571	0.3452	-0.4119
Chr5	24797396	indel	72	86	0.376	0.2923	0.7361	0.314	-0.4222
Chr5	24802974	snp	88	42	0.4085	0.3144	0.6705	0.3333	-0.3371
Chr5	24803445	snp	77	67	0.3801	0.295	0.5974	0.2836	-0.3138
Chr5	24804743	snp	72	66	0.3914	0.2955	0.6528	0.3485	-0.3043
Chr5	24807455	snp	65	61	0.4096	0.309	0.7077	0.3443	-0.3634
Chr5	24808764	snp	53	37	0.409	0.3202	0.8868	0.5405	-0.3463
Chr5	24809385	snp	77	52	0.4181	0.3109	0.7403	0.4231	-0.3172
Chr5	24811833	snp	58	42	0.4253	0.3309	0.7586	0.4048	-0.3539
Chr5	24817866	snp	41	44	0.4329	0.3193	0.6341	0.2955	-0.3387
Chr5	24818381	snp	101	84	0.3635	0.2867	0.5842	0.2857	-0.2984
Chr5	24820568	snp	66	55	0.4091	0.3061	0.5606	0.2182	-0.3424
Chr5	24822422	indel	73	56	0.3855	0.2979	0.7397	0.4286	-0.3112
Chr5	24828489	snp	93	70	0.3776	0.2951	0.5591	0.2429	-0.3163
Chr5	24832937	snp	85	69	0.3881	0.2975	0.6235	0.3188	-0.3047
Chr5	24845226	snp	68	59	0.3893	0.3036	0.7647	0.3729	-0.3918
Chr5	24851343	snp	117	77	0.3755	0.289	0.6068	0.2597	-0.3471
Chr5	24853847	snp	59	63	0.3955	0.3129	0.678	0.3651	-0.3129
Chr5	24859456	snp	68	43	0.4145	0.3092	0.8824	0.5581	-0.3242
Chr5	24859789	snp	64	45	0.4118	0.309	0.75	0.4222	-0.3278
Chr5	24859817	indel	71	54	0.4051	0.3161	0.6901	0.2963	-0.3938
Chr5	24862437	snp	69	55	0.3866	0.3033	0.5942	0.2727	-0.3215
Chr5	24862801	snp	48	24	0.4375	0.3333	0.7917	0.3333	-0.4583
Chr5	24866178	snp	80	87	0.3856	0.2897	0.7	0.4023	-0.2977
Chr5	24869956	snp	89	84	0.3812	0.2932	0.6292	0.3333	-0.2959
Chr5	24877189	snp	77	97	0.3871	0.2943	0.6753	0.3196	-0.3557
Chr5	24877277	snp	64	84	0.3802	0.2917	0.75	0.4405	-0.3095
Chr5	24880543	snp	89	85	0.3811	0.2924	0.6854	0.3176	-0.3677
Chr5	24881020	indel	89	111	0.3702	0.2889	0.5506	0.2523	-0.2983
Chr5	24881053	snp	89	88	0.3897	0.2993	0.5843	0.2727	-0.3115
Chr5	24887084	snp	65	62	0.3975	0.306	0.8308	0.5	-0.3308
Chr5	24887085	snp	64	61	0.397	0.2979	0.8438	0.4918	-0.3519
Chr5	24887246	snp	50	50	0.42	0.32	0.78	0.42	-0.36
Chr5	24888880	snp	40	35	0.425	0.3321	0.85	0.4286	-0.4214
Chr5	24892189	snp	51	48	0.4191	0.3223	0.7059	0.375	-0.3309
Chr5	24893371	snp	92	79	0.3756	0.2906	0.6413	0.3418	-0.2995
Chr5	24893783	snp	28	36	0.4524	0.3492	0.7143	0.3333	-0.381
Chr5	24893951	snp	58	76	0.3911	0.3008	0.5862	0.25	-0.3362
Chr5	24896323	snp	55	60	0.3955	0.3076	0.8909	0.5833	-0.3076
Chr5	24897935	indel	46	26	0.4498	0.3395	0.8478	0.5	-0.3478
Chr5	24899492	snp	86	53	0.4002	0.2997	0.593	0.283	-0.31
Chr5	24900926	snp	102	85	0.3882	0.3039	0.5392	0.2353	-0.3039
Chr5	24921665	indel	75	74	0.3811	0.3011	0.6133	0.2973	-0.316
Chr5	24925083	snp	78	65	0.3821	0.2974	0.641	0.3385	-0.3026
Chr5	24925187	snp	46	48	0.4058	0.317	0.8478	0.5208	-0.327
Chr5	24925847	indel	66	74	0.3931	0.3051	0.6364	0.3108	-0.3256
Chr5	24925970	snp	87	85	0.3747	0.2924	0.6092	0.3059	-0.3033
Chr5	24932023	indel	54	54	0.3889	0.2963	0.8148	0.4259	-0.3889
Chr5	24934194	snp	48	49	0.4026	0.3197	0.7708	0.3878	-0.3831
Chr5	24934885	snp	79	59	0.3948	0.3066	0.6203	0.2542	-0.366
Chr5	24939052	snp	73	54	0.3935	0.3049	0.7397	0.4259	-0.3138
Chr5	24939627	indel	79	85	0.3912	0.2998	0.7089	0.3882	-0.3206
Chr5	24942270	indel	83	83	0.3735	0.2892	0.6386	0.241	-0.3976
Chr5	24942760	indel	58	42	0.4253	0.3309	0.6724	0.3333	-0.3391
Chr5	24946087	snp	63	72	0.3889	0.3036	0.6667	0.3611	-0.3056
Chr5	24946307	indel	77	66	0.4026	0.3009	0.7403	0.4394	-0.3009
Chr5	24946316	snp	80	69	0.3982	0.3042	0.7	0.3623	-0.3377
Chr5	24946915	indel	54	49	0.4161	0.3159	0.8704	0.551	-0.3193
Chr5	24946987	snp	65	56	0.3887	0.2964	0.6923	0.3214	-0.3709
Chr5	24958440	snp	27	35	0.4434	0.3439	0.4074	0.0571	-0.3503
Chr5	24962587	snp	57	46	0.4092	0.3146	0.6842	0.3696	-0.3146
Chr5	24965946	indel	23	14	0.5373	0.4099	0.4348	0.0	-0.4348
Chr5	24971960	snp	94	88	0.3677	0.2875	0.6064	0.3068	-0.2996
Chr5	24975047	snp	85	77	0.3824	0.2923	0.7294	0.4286	-0.3008
Chr5	24977006	snp	80	54	0.4028	0.3106	0.6375	0.3148	-0.3227
Chr5	24980501	snp	64	75	0.3988	0.3023	0.7188	0.4	-0.3187
Chr5	24984076	snp	79	59	0.3948	0.3066	0.7342	0.4237	-0.3104
Chr5	24987489	indel	62	43	0.407	0.314	0.8065	0.4651	-0.3413
Chr5	24993835	snp	71	49	0.4044	0.3101	0.6197	0.2857	-0.334
Chr5	24998190	snp	58	41	0.4142	0.3238	0.7414	0.4146	-0.3267
Chr5	25000708	snp	76	51	0.403	0.3114	0.6447	0.3333	-0.3114
Chr5	25000978	snp	93	88	0.3795	0.2951	0.7419	0.4318	-0.3101
Chr5	25002958	snp	68	69	0.4005	0.2992	0.7353	0.4348	-0.3005
Chr5	25005918	snp	62	41	0.4174	0.319	0.6774	0.3415	-0.336
Chr5	25006032	snp	80	49	0.4018	0.3089	0.575	0.1837	-0.3913
Chr5	25016397	snp	70	49	0.398	0.3122	0.7857	0.4286	-0.3571
Chr5	25017413	snp	51	35	0.4364	0.3361	0.8235	0.4	-0.4235
Chr5	25018498	indel	78	75	0.3831	0.2954	0.6538	0.3333	-0.3205
Chr5	25018624	snp	102	90	0.3706	0.2908	0.6275	0.3111	-0.3163
Chr5	25018834	snp	68	50	0.4047	0.3112	0.9118	0.6	-0.3118
Chr5	25020277	snp	71	59	0.3903	0.3001	0.7183	0.4068	-0.3115
Chr5	25021338	snp	81	80	0.379	0.291	0.5679	0.1875	-0.3804
Chr5	25022229	snp	69	58	0.3991	0.3073	0.8551	0.4483	-0.4068
Chr5	25026046	snp	78	83	0.3716	0.2955	0.7051	0.4096	-0.2955
Chr5	25028517	snp	62	37	0.4128	0.316	0.7419	0.3784	-0.3636
Chr5	25030347	snp	85	46	0.3997	0.3074	0.5882	0.2609	-0.3274
Chr5	25030706	indel	83	47	0.3973	0.3102	0.6265	0.2128	-0.4137
Chr5	25032268	snp	64	66	0.401	0.3063	0.6875	0.3788	-0.3087
Chr5	25037905	indel	59	73	0.3993	0.3107	0.661	0.3288	-0.3322
Chr5	25042002	indel	47	69	0.4104	0.3108	0.8085	0.4493	-0.3592
Chr5	25044017	snp	79	60	0.3981	0.3004	0.557	0.2167	-0.3403
Chr5	25047327	snp	97	88	0.3847	0.2898	0.5155	0.2159	-0.2996
Chr5	25083983	indel	87	102	0.3739	0.2874	0.7126	0.3725	-0.3401
Chr5	25086921	snp	93	44	0.4	0.3065	0.6882	0.2727	-0.4154
Chr5	25162690	snp	64	38	0.4145	0.3191	0.6094	0.2895	-0.3199
Chr5	25172406	snp	65	41	0.415	0.3212	0.5692	0.1951	-0.3741
Chr5	25175073	snp	76	64	0.3849	0.2969	0.6053	0.2188	-0.3865
Chr5	25175119	indel	44	21	0.4665	0.3506	0.7045	0.2857	-0.4188
Chr5	25176031	snp	66	59	0.3901	0.3017	0.697	0.339	-0.358
Chr5	25182171	snp	63	59	0.3955	0.3129	0.8889	0.5254	-0.3635
Chr5	25183592	snp	79	65	0.384	0.298	0.6835	0.2769	-0.4066
Chr5	25183729	snp	76	56	0.3891	0.2979	0.7237	0.3929	-0.3308
Chr5	25185476	snp	47	56	0.4115	0.3203	0.7872	0.4643	-0.3229
Chr5	25200899	snp	89	60	0.3912	0.3006	0.7303	0.35	-0.3803
Chr5	25201462	snp	82	76	0.3944	0.294	0.6951	0.3947	-0.3004
Chr5	25201543	indel	59	65	0.4044	0.3056	0.7966	0.3846	-0.412
Chr5	25201552	snp	60	62	0.3968	0.3086	0.7833	0.3871	-0.3962
Chr5	25201675	snp	74	60	0.4018	0.3	0.6216	0.2833	-0.3383
Chr5	25210416	snp	64	53	0.3927	0.3037	0.6406	0.283	-0.3576
Chr5	25210424	indel	70	74	0.3973	0.3012	0.5714	0.1892	-0.3822
Chr5	25216076	snp	103	119	0.3745	0.2833	0.6408	0.3277	-0.313
Chr5	25217363	snp	82	74	0.3909	0.2989	0.6585	0.3243	-0.3342
Chr5	25222782	snp	73	46	0.4014	0.3097	0.6575	0.3261	-0.3314
Chr5	25222863	snp	66	47	0.4146	0.3108	0.7273	0.4043	-0.323
Chr5	25222905	indel	62	45	0.4168	0.3118	0.6935	0.3778	-0.3158
Chr5	25230575	snp	64	53	0.3927	0.3037	0.8281	0.5094	-0.3187
Chr5	25231730	snp	57	54	0.3996	0.3012	0.6491	0.3333	-0.3158
Chr5	25234939	snp	51	37	0.4308	0.3275	0.5882	0.1622	-0.4261
Chr5	25241678	snp	84	70	0.3952	0.3024	0.6071	0.2857	-0.3214
Chr5	25251483	indel	91	67	0.3882	0.2957	0.6484	0.3284	-0.32
Chr5	25251526	snp	89	61	0.3772	0.2971	0.6854	0.3607	-0.3247
Chr5	25252870	snp	45	30	0.4444	0.3444	0.8	0.4	-0.4
Chr5	25254062	indel	104	87	0.3686	0.2858	0.6731	0.3793	-0.2938
Chr5	25258830	indel	44	31	0.4274	0.3328	0.9545	0.6129	-0.3416
Chr5	25263876	snp	55	77	0.4	0.3013	0.6909	0.3766	-0.3143
Chr5	25290567	snp	102	107	0.3751	0.2835	0.598	0.3084	-0.2896
Chr5	25291882	snp	90	43	0.4171	0.3129	0.6667	0.3256	-0.3411
Chr5	25303980	snp	80	61	0.3893	0.2996	0.6	0.2951	-0.3049
Chr5	25309739	snp	92	66	0.3758	0.2931	0.6087	0.2576	-0.3511
Chr5	25324892	snp	76	50	0.4026	0.3053	0.5789	0.18	-0.3989
Chr5	25349282	snp	84	76	0.3828	0.2926	0.6429	0.2763	-0.3665
Chr5	25350457	snp	85	77	0.3824	0.2923	0.6353	0.3117	-0.3236
Chr5	25352654	snp	53	55	0.412	0.3136	0.717	0.4	-0.317
Chr5	25370671	snp	70	49	0.398	0.3122	0.7857	0.3469	-0.4388
Chr5	25372934	snp	65	31	0.4203	0.3236	0.6154	0.2903	-0.3251
Chr5	25377256	snp	62	50	0.4097	0.3135	0.6774	0.3	-0.3774
Chr5	25391749	snp	77	62	0.3913	0.2985	0.5974	0.2903	-0.3071
Chr5	25395537	snp	101	64	0.3806	0.293	0.6238	0.3125	-0.3113
Chr5	25408031	snp	57	56	0.4154	0.3108	0.7018	0.375	-0.3268
Chr5	25409072	snp	81	69	0.3784	0.2904	0.9136	0.5652	-0.3484
Chr5	25410845	indel	59	54	0.3927	0.3107	0.8814	0.537	-0.3443
Chr5	25411764	snp	39	29	0.4518	0.3475	0.8462	0.4483	-0.3979
Chr5	25415481	snp	62	48	0.3999	0.3098	0.7419	0.4167	-0.3253
Chr5	25418719	indel	43	38	0.4406	0.3293	0.5814	0.2368	-0.3446
Chr5	25420207	indel	60	60	0.4167	0.3167	0.5667	0.2167	-0.35
Chr5	25420890	snp	79	46	0.4155	0.3088	0.8734	0.4783	-0.3952
Chr5	25421986	snp	61	54	0.3922	0.3139	0.8852	0.5556	-0.3297
Chr5	25443367	snp	59	57	0.3967	0.309	0.5932	0.2632	-0.3301
Chr5	25479146	snp	84	77	0.3842	0.29	0.7619	0.3896	-0.3723
Chr5	25485700	indel	77	91	0.3826	0.2917	0.6494	0.3516	-0.2977
Chr5	25491509	snp	56	31	0.4205	0.3312	0.75	0.3548	-0.3952
Chr5	25491959	indel	60	69	0.3971	0.3058	0.7833	0.4638	-0.3196
Chr5	25493195	snp	74	49	0.4098	0.3149	0.7568	0.4286	-0.3282
Chr5	25583353	snp	98	91	0.3815	0.2904	0.6122	0.3187	-0.2936
Chr5	25593460	snp	56	39	0.419	0.3205	0.6964	0.3333	-0.3631
Chr5	25645642	snp	106	85	0.3805	0.2933	0.566	0.2588	-0.3072
Chr5	25720322	snp	74	71	0.3911	0.3028	0.5676	0.2535	-0.314
Chr5	25899283	snp	81	57	0.4003	0.3067	0.679	0.3333	-0.3457
Chr5	25979444	snp	98	87	0.3747	0.2904	0.6122	0.3103	-0.3019
Chr5	26067145	snp	60	50	0.3867	0.3067	0.75	0.44	-0.31
Chr5	26067157	indel	46	48	0.4058	0.317	0.8913	0.4583	-0.433
Chr5	26093873	snp	60	48	0.4042	0.3083	0.65	0.3333	-0.3167
Chr5	26097714	snp	88	76	0.3888	0.2871	0.625	0.3026	-0.3224
Chr5	26107021	indel	62	56	0.3992	0.3059	0.629	0.1964	-0.4326
Chr5	26107040	snp	56	42	0.3988	0.3155	0.625	0.3095	-0.3155
Chr5	26107769	indel	61	61	0.4098	0.3115	0.6393	0.2459	-0.3934
Chr5	26108578	indel	60	54	0.4056	0.3093	0.6167	0.2963	-0.3204
Chr5	26109989	indel	83	86	0.3853	0.291	0.5301	0.2326	-0.2976
Chr5	26114790	snp	29	24	0.4741	0.3635	0.8621	0.375	-0.4871
Chr5	26123077	snp	59	51	0.3981	0.3081	0.6102	0.2745	-0.3357
Chr5	26123598	indel	91	62	0.4006	0.2958	0.6813	0.2903	-0.391
Chr5	26124827	snp	108	91	0.3659	0.2827	0.6296	0.2747	-0.3549
Chr5	26127033	snp	66	53	0.4025	0.3122	0.7727	0.4528	-0.3199
Chr5	26127657	snp	103	59	0.389	0.297	0.6699	0.3729	-0.297
Chr5	26134248	snp	60	70	0.3905	0.3048	0.7333	0.4286	-0.3048
Chr5	26140479	snp	91	64	0.385	0.3	0.5714	0.25	-0.3214
Chr5	26144404	snp	69	75	0.3768	0.2968	0.6957	0.3467	-0.349
Chr5	26145456	snp	103	71	0.3863	0.293	0.5534	0.2394	-0.314
Chr5	26179896	snp	66	58	0.4086	0.3067	0.6667	0.2931	-0.3736
Chr5	26186799	snp	52	33	0.4196	0.3287	0.5192	0.1818	-0.3374
Chr5	26461908	snp	64	30	0.4302	0.3292	0.8281	0.4667	-0.3615
Chr5	26464603	indel	28	17	0.5147	0.3971	0.6071	0.1176	-0.4895
Chr5	26487895	indel	69	100	0.3861	0.2932	0.6087	0.3	-0.3087
Chr5	26583589	snp	92	81	0.3841	0.2947	0.6522	0.3457	-0.3065
Chr5	26592541	snp	79	56	0.3881	0.3108	0.7595	0.4464	-0.3131
Chr5	26592726	snp	73	45	0.4131	0.3139	0.7397	0.4222	-0.3175
Chr5	26592765	snp	67	44	0.4145	0.3107	0.7612	0.3864	-0.3748
Chr5	26595739	snp	55	51	0.3954	0.3184	0.8182	0.451	-0.3672
Chr5	26630130	snp	59	56	0.3977	0.3057	0.7119	0.3393	-0.3726
Chr5	26630139	snp	60	57	0.3868	0.3096	0.6833	0.3158	-0.3675
Chr5	26641552	snp	59	40	0.411	0.3119	0.8475	0.425	-0.4225
Chr5	26641564	snp	59	40	0.411	0.3119	0.8305	0.5	-0.3305
Chr5	26647339	snp	36	34	0.4395	0.3448	0.6667	0.2941	-0.3725
Chr5	26648202	indel	45	29	0.433	0.3341	0.7556	0.4138	-0.3418
Chr5	26648611	snp	85	66	0.3845	0.2934	0.7294	0.3485	-0.3809
Chr5	26648716	snp	64	71	0.3853	0.3008	0.6875	0.3521	-0.3354
Chr5	26649215	indel	63	75	0.3886	0.301	0.7302	0.36	-0.3702
Chr5	26649217	snp	62	72	0.3992	0.3024	0.7097	0.3333	-0.3763
Chr5	26656336	snp	77	57	0.4122	0.3023	0.6494	0.3158	-0.3336
Chr5	26672521	snp	46	53	0.4212	0.324	0.4783	0.0943	-0.3839
Chr5	26677419	snp	71	82	0.3928	0.3008	0.4366	0.1341	-0.3025
Chr5	26696423	snp	78	64	0.3914	0.3017	0.6026	0.2969	-0.3057
Chr5	26709486	snp	94	82	0.3804	0.294	0.5638	0.2561	-0.3077
Chr5	26714273	snp	89	62	0.3853	0.291	0.5056	0.2097	-0.2959
Chr5	26716887	snp	67	44	0.4145	0.3107	0.6418	0.2955	-0.3463
Chr5	26726025	snp	69	63	0.3885	0.303	0.6377	0.3016	-0.3361
Chr5	26729948	snp	87	65	0.3901	0.305	0.7586	0.4462	-0.3125
Chr5	26732020	snp	97	89	0.3714	0.289	0.6804	0.3371	-0.3433
Chr5	26732038	indel	99	98	0.3713	0.2887	0.6263	0.2857	-0.3405
Chr5	26732201	snp	89	55	0.3843	0.3019	0.6292	0.2909	-0.3383
Chr5	26732593	snp	83	56	0.3832	0.2922	0.6506	0.3393	-0.3113
Chr5	26733067	snp	93	86	0.3742	0.2884	0.6129	0.2791	-0.3338
Chr5	26738806	snp	74	54	0.3899	0.3068	0.6486	0.2778	-0.3709
Chr5	26742153	snp	68	58	0.4133	0.3048	0.7206	0.3966	-0.324
Chr5	26778158	snp	85	76	0.3845	0.2904	0.6353	0.3421	-0.2932
Chr5	26781443	snp	65	56	0.3887	0.2964	0.6154	0.2857	-0.3297
Chr5	26786757	indel	63	83	0.3846	0.3014	0.5556	0.253	-0.3025
Chr5	26786758	indel	69	74	0.3848	0.2971	0.5652	0.2568	-0.3085
Chr5	26786763	snp	63	74	0.3887	0.3048	0.5556	0.2432	-0.3123
Chr5	26786856	snp	64	66	0.401	0.3063	0.4844	0.1212	-0.3632
Chr5	26786955	indel	52	52	0.4038	0.3269	0.4423	0.0577	-0.3846
Chr5	26958836	snp	68	77	0.3925	0.2939	0.5294	0.1688	-0.3606
Chr5	26992015	indel	76	55	0.3971	0.3124	0.4474	0.1273	-0.3201
Chr5	27024814	snp	64	55	0.4045	0.3108	0.875	0.5273	-0.3477
Chr5	27030739	snp	61	49	0.4108	0.3128	0.377	0.0408	-0.3362
Chr5	27034267	indel	89	76	0.3805	0.2929	0.3371	0.0395	-0.2976
Chr5	27041331	indel	75	69	0.3768	0.2968	0.4667	0.1449	-0.3217
Chr5	27041385	snp	57	68	0.3991	0.3047	0.4386	0.1176	-0.3209
Chr5	27060879	snp	73	76	0.3796	0.294	0.6712	0.2763	-0.3949
Chr5	27061695	snp	106	111	0.3695	0.276	0.5849	0.2703	-0.3146
Chr5	27062443	snp	60	57	0.3868	0.3096	0.55	0.2281	-0.3219
Chr5	27064344	snp	75	87	0.383	0.2933	0.5733	0.2759	-0.2975
Chr5	27068513	snp	93	101	0.3736	0.2862	0.5054	0.2079	-0.2975
Chr5	27072086	indel	87	53	0.3951	0.3032	0.7126	0.3396	-0.373
Chr5	27073242	indel	50	57	0.4116	0.3091	0.42	0.0877	-0.3323
Chr5	27075452	snp	69	56	0.4032	0.3072	0.5072	0.1607	-0.3465
Chr5	27126902	snp	110	76	0.3792	0.2914	0.6545	0.3553	-0.2993
Chr5	27244195	snp	81	62	0.402	0.2995	0.6173	0.2903	-0.327
Chr5	27364023	indel	32	29	0.4741	0.3524	0.5625	0.1724	-0.3901
Chr5	27388479	snp	47	68	0.4196	0.3229	0.5957	0.2353	-0.3605
Chr5	27388484	indel	43	67	0.4176	0.3145	0.4884	0.1642	-0.3242
Chr5	27388579	snp	47	46	0.3996	0.3122	0.7872	0.3696	-0.4177
Chr5	27392187	snp	87	74	0.3835	0.2957	0.6437	0.3378	-0.3058
Chr5	27394963	snp	65	37	0.4262	0.3181	0.7385	0.3514	-0.3871
Chr5	27397033	snp	91	76	0.3943	0.2951	0.5824	0.2763	-0.3061
Chr5	27404427	snp	76	69	0.3839	0.2969	0.6184	0.2174	-0.401
Chr5	27404560	snp	49	46	0.4264	0.323	0.6122	0.2609	-0.3514
Chr5	27404660	indel	44	37	0.4441	0.3292	0.6591	0.2973	-0.3618
Chr5	27438288	snp	96	87	0.3793	0.2848	0.6458	0.2989	-0.347
Chr5	27438448	snp	102	83	0.3783	0.2817	0.598	0.3012	-0.2968
Chr5	27439468	snp	95	40	0.4013	0.3118	0.5789	0.25	-0.3289
Chr5	27440702	snp	77	73	0.3905	0.2925	0.6234	0.3151	-0.3083
Chr5	27444387	snp	94	78	0.3753	0.2919	0.6383	0.3205	-0.3178
Chr5	27449427	snp	72	72	0.375	0.2917	0.7361	0.4028	-0.3333
Chr5	27449791	snp	91	67	0.3882	0.2957	0.6593	0.3433	-0.3161
Chr5	27450152	snp	93	81	0.3708	0.2927	0.7419	0.3704	-0.3716
Chr5	27450280	snp	72	72	0.375	0.2917	0.7639	0.4583	-0.3056
Chr5	27450350	snp	61	67	0.4035	0.3066	0.7869	0.4179	-0.369
Chr5	27451884	snp	76	27	0.4366	0.3246	0.6316	0.2963	-0.3353
Chr5	27463644	indel	68	66	0.4015	0.3115	0.6765	0.3485	-0.328
Chr5	27463686	snp	59	57	0.3967	0.309	0.6949	0.386	-0.309
Chr5	27472671	snp	54	44	0.4184	0.3258	0.7593	0.3864	-0.3729
Chr5	27477765	snp	60	59	0.4099	0.3102	0.65	0.2712	-0.3788
Chr5	27485998	snp	82	70	0.385	0.2972	0.6585	0.3571	-0.3014
Chr5	27518253	indel	67	78	0.3917	0.3	0.6418	0.3077	-0.3341
Chr5	27519704	indel	93	103	0.3858	0.2956	0.6667	0.3495	-0.3172
Chr5	27522991	snp	44	24	0.4583	0.3485	0.9773	0.625	-0.3523
Chr5	27523044	snp	53	42	0.4182	0.323	0.8868	0.4286	-0.4582
Chr5	27523170	snp	64	74	0.3932	0.2998	0.6719	0.3243	-0.3476
Chr5	27526634	snp	91	112	0.3709	0.2885	0.6703	0.3482	-0.3221
Chr5	27529438	snp	86	96	0.3852	0.2909	0.6047	0.3021	-0.3026
Chr5	27529820	indel	69	60	0.3971	0.3058	0.8841	0.5667	-0.3174
Chr5	27531033	snp	101	64	0.3806	0.293	0.6634	0.3438	-0.3196
Chr5	27535731	snp	64	46	0.4083	0.3118	0.6406	0.2391	-0.4015
Chr5	27537423	snp	75	65	0.3856	0.2995	0.8267	0.3385	-0.4882
Chr5	27543558	snp	48	60	0.4042	0.3083	0.6667	0.3333	-0.3333
Chr5	27544071	snp	63	63	0.3968	0.3016	0.6667	0.3492	-0.3175
Chr5	27544205	indel	75	81	0.3857	0.2943	0.72	0.3457	-0.3743
Chr5	27544213	snp	71	67	0.3809	0.3004	0.7465	0.4328	-0.3136
Chr5	27546588	snp	69	74	0.3848	0.2971	0.5652	0.2568	-0.3085
Chr5	27547215	snp	55	47	0.4085	0.311	0.8545	0.4894	-0.3652
Chr5	27607510	indel	84	91	0.3645	0.2857	0.6429	0.3077	-0.3352
Chr5	27624646	indel	44	66	0.3939	0.3182	0.4318	0.0758	-0.3561
Chr5	27626516	indel	95	82	0.376	0.2879	0.6632	0.3659	-0.2973
Chr5	27629011	indel	109	105	0.3837	0.2848	0.6606	0.3238	-0.3367
Chr5	27635219	snp	49	53	0.4109	0.3246	0.5306	0.1887	-0.3419
Chr5	27639827	indel	79	59	0.3948	0.3066	0.5823	0.2203	-0.3619
Chr5	27639844	snp	66	61	0.4006	0.3085	0.5909	0.2295	-0.3614
Chr5	27644580	snp	81	78	0.3827	0.2934	0.5802	0.2308	-0.3495
Chr5	27652207	snp	84	101	0.3635	0.2867	0.5952	0.297	-0.2982
Chr5	27654470	snp	70	63	0.3857	0.2984	0.4	0.0794	-0.3206
Chr5	27659228	indel	54	33	0.4226	0.3249	0.3889	0.0303	-0.3586
Chr5	27679848	snp	71	57	0.3916	0.3044	0.4648	0.1404	-0.3244
Chr5	27681440	snp	85	61	0.3965	0.3049	0.6471	0.3279	-0.3192
Chr5	27685526	snp	83	67	0.3888	0.2987	0.5542	0.2388	-0.3154
Chr5	27688578	indel	70	68	0.3937	0.3063	0.5286	0.2059	-0.3227
Chr5	27688635	snp	54	54	0.3889	0.2963	0.4259	0.0926	-0.3333
Chr5	27688697	snp	65	55	0.3958	0.3091	0.5077	0.1455	-0.3622
Chr5	27714216	snp	67	72	0.3939	0.2946	0.597	0.2083	-0.3887
Chr5	27716095	indel	90	76	0.3813	0.2892	0.6667	0.3158	-0.3509
Chr5	27716198	snp	76	77	0.3978	0.2963	0.6053	0.2987	-0.3066
Chr5	27716748	snp	117	99	0.3667	0.2836	0.6068	0.3232	-0.2836
Chr5	27718567	snp	94	61	0.3866	0.2972	0.5106	0.1475	-0.3631
Chr5	27723710	snp	90	59	0.3902	0.3049	0.6667	0.322	-0.3446
Chr5	27725477	indel	115	88	0.3681	0.2872	0.5478	0.2045	-0.3433
Chr5	27774264	indel	71	62	0.3839	0.299	0.7324	0.3871	-0.3453
Chr5	27781721	snp	59	41	0.4117	0.3154	0.7966	0.4634	-0.3332
Chr5	27790323	snp	38	30	0.4368	0.3386	0.6842	0.2667	-0.4175
Chr5	27792056	snp	60	54	0.4056	0.3093	0.6	0.2778	-0.3222
Chr5	27794045	snp	98	95	0.3603	0.284	0.5918	0.2737	-0.3182
Chr5	27798488	snp	92	83	0.368	0.2881	0.5326	0.2169	-0.3157
Chr5	27807172	snp	96	100	0.3679	0.2858	0.6458	0.3	-0.3458
Chr5	27809737	snp	101	91	0.3722	0.2888	0.6733	0.3297	-0.3436
Chr5	27810565	indel	74	62	0.3906	0.2995	0.5135	0.2097	-0.3038
Chr5	27825696	indel	88	65	0.3895	0.2946	0.4659	0.1231	-0.3428
Chr5	27828390	snp	94	66	0.3946	0.2975	0.617	0.2879	-0.3291
Chr5	27829217	indel	94	94	0.383	0.2872	0.5319	0.1702	-0.3617
Chr5	27829233	snp	84	83	0.3754	0.2932	0.5714	0.1928	-0.3787
Chr5	27835403	snp	84	73	0.3891	0.2921	0.619	0.2603	-0.3588
Chr5	27835879	snp	82	88	0.3891	0.2935	0.7195	0.3409	-0.3786
Chr5	27836672	indel	58	45	0.4008	0.3123	0.7069	0.3556	-0.3513
Chr5	27836678	indel	82	61	0.3916	0.3009	0.5122	0.1967	-0.3155
Chr5	27839881	indel	62	40	0.4185	0.3242	0.7258	0.375	-0.3508
Chr5	27841953	snp	85	84	0.3852	0.3014	0.6824	0.3452	-0.3371
Chr5	27842379	snp	73	67	0.3827	0.2956	0.726	0.3433	-0.3827
Chr5	27869559	snp	34	25	0.4447	0.3482	0.7353	0.36	-0.3753
Chr5	27911151	indel	69	64	0.3775	0.305	0.6232	0.25	-0.3732
Chr5	27918551	snp	83	81	0.4016	0.2911	0.6506	0.3457	-0.3049
Chr5	27923353	indel	49	48	0.4026	0.3197	0.5102	0.1875	-0.3227
Chr5	27923940	indel	91	93	0.3807	0.294	0.6264	0.3118	-0.3145
Chr5	27928018	snp	53	51	0.404	0.3111	0.5094	0.1765	-0.333
Chr5	27934882	snp	58	45	0.4008	0.3123	0.5	0.1778	-0.3222
Chr5	27936881	indel	107	83	0.3825	0.2917	0.6822	0.3855	-0.2967
Chr5	27947853	indel	86	69	0.3932	0.3006	0.6163	0.2899	-0.3264
Chr5	27950328	indel	58	36	0.4157	0.3257	0.8103	0.4444	-0.3659
Chr5	27950755	snp	48	58	0.4052	0.3175	0.8125	0.4828	-0.3297
Chr5	27950811	indel	53	69	0.4025	0.3095	0.7358	0.3478	-0.388
Chr5	27951791	indel	67	37	0.4248	0.3239	0.8657	0.4865	-0.3792
Chr5	27954976	snp	77	80	0.3773	0.2888	0.5455	0.225	-0.3205
Chr5	27955523	snp	77	74	0.3807	0.2948	0.7143	0.3649	-0.3494
Chr5	27956201	indel	75	66	0.38	0.3024	0.56	0.2121	-0.3479
Chr5	27956249	snp	73	66	0.3977	0.3026	0.4932	0.1667	-0.3265
Chr5	27957177	snp	99	112	0.3718	0.2851	0.6061	0.2768	-0.3293
Chr5	27958198	snp	43	11	0.5159	0.4207	0.6047	0.0909	-0.5137
Chr5	27963826	indel	98	102	0.3731	0.2853	0.6531	0.3627	-0.2903
Chr5	27970996	snp	100	69	0.3861	0.2932	0.6	0.3043	-0.2957
Chr5	27971924	snp	125	79	0.3856	0.2936	0.608	0.2785	-0.3295
Chr5	27972318	snp	79	53	0.3948	0.3107	0.6582	0.283	-0.3752
Chr5	27974488	snp	80	89	0.373	0.2942	0.6	0.2809	-0.3191
Chr5	27974853	indel	55	56	0.4058	0.3146	0.4545	0.125	-0.3295
Chr5	27981689	snp	84	74	0.3877	0.2876	0.5714	0.2162	-0.3552
Chr5	27981838	snp	84	55	0.3864	0.3037	0.5119	0.1818	-0.3301
Chr5	27987877	indel	38	43	0.4406	0.3293	0.3421	0.0	-0.3421
Chr5	27987907	indel	46	44	0.4229	0.3281	0.4348	0.0682	-0.3666
Chr5	27987914	snp	54	45	0.4111	0.3148	0.5185	0.1556	-0.363
Chr5	27989996	snp	64	85	0.3857	0.2994	0.6875	0.3176	-0.3699
Chr5	27997202	snp	117	99	0.3667	0.2836	0.6325	0.2929	-0.3395
Chr5	28001203	snp	59	76	0.3923	0.3058	0.4746	0.1579	-0.3167
Chr5	28089414	snp	83	76	0.3776	0.2953	0.6265	0.3289	-0.2976
Chr5	28127906	snp	48	52	0.4038	0.3157	0.8125	0.4615	-0.351
Chr5	28127922	indel	53	48	0.4104	0.3141	0.7736	0.4167	-0.3569
Chr5	28127932	indel	50	47	0.426	0.3234	0.74	0.383	-0.357
Chr5	28131916	snp	73	62	0.3922	0.2963	0.8356	0.5161	-0.3195
Chr5	28133305	snp	79	84	0.3867	0.2951	0.6582	0.3095	-0.3487
Chr5	28134115	snp	106	85	0.3805	0.2933	0.5943	0.2941	-0.3002
Chr5	28134505	indel	105	92	0.38	0.2917	0.7238	0.3587	-0.3651
Chr5	28134588	snp	84	70	0.3952	0.3024	0.8333	0.5286	-0.3048
Chr5	28134721	snp	96	73	0.3823	0.293	0.625	0.3151	-0.3099
Chr5	28137793	snp	63	78	0.3913	0.301	0.746	0.4359	-0.3101
Chr5	28137858	snp	69	79	0.3939	0.3049	0.6522	0.3165	-0.3357
Chr5	28238286	snp	66	66	0.3939	0.303	0.6818	0.3333	-0.3485
Chr5	28258683	snp	114	121	0.3681	0.287	0.6316	0.2975	-0.3341
Chr5	28258778	indel	103	122	0.3718	0.2816	0.5922	0.2705	-0.3217
Chr5	28261534	snp	76	60	0.3816	0.3026	0.6579	0.35	-0.3079
Chr5	28279494	snp	66	52	0.4184	0.3054	0.6818	0.3269	-0.3549
Chr5	28282995	snp	53	49	0.4109	0.3246	0.717	0.3878	-0.3292
Chr5	28283195	indel	28	23	0.4689	0.3665	0.7857	0.3913	-0.3944
Chr5	28283264	indel	60	56	0.4024	0.3083	0.6667	0.25	-0.4167
Chr5	28283269	snp	59	48	0.3902	0.3121	0.7288	0.2917	-0.4371
Chr5	28285037	snp	79	88	0.378	0.2923	0.6076	0.2727	-0.3349
Chr5	28285633	indel	73	61	0.3955	0.2998	0.7123	0.4098	-0.3025
Chr5	28293213	snp	65	46	0.4033	0.3084	0.5692	0.2391	-0.3301
Chr5	28295132	snp	103	78	0.3879	0.2946	0.6019	0.2564	-0.3455
Chr5	28299421	indel	82	84	0.3746	0.2979	0.6341	0.2976	-0.3365
Chr5	28300996	snp	71	71	0.3944	0.3099	0.6338	0.2958	-0.338
Chr5	28301086	indel	56	68	0.3971	0.3057	0.7321	0.3971	-0.3351
Chr5	28302199	snp	42	31	0.4493	0.3287	0.6667	0.3226	-0.3441
Chr5	28303467	indel	81	65	0.3867	0.2976	0.7531	0.4308	-0.3223
Chr5	28306715	indel	43	35	0.4405	0.3389	0.7907	0.4	-0.3907
Chr5	28306751	snp	47	44	0.4309	0.3216	0.6596	0.2727	-0.3868
Chr5	28306981	snp	74	72	0.3836	0.2887	0.6892	0.3889	-0.3003
Chr5	28309488	snp	66	70	0.4004	0.3052	0.7121	0.3857	-0.3264
Chr5	28313571	indel	54	54	0.3889	0.2963	0.6296	0.2963	-0.3333
Chr5	28313575	snp	55	54	0.4125	0.3047	0.6182	0.2778	-0.3404
Chr5	28315384	snp	83	64	0.3934	0.302	0.7349	0.4219	-0.3131
Chr5	28318910	snp	85	67	0.3956	0.2943	0.7412	0.4179	-0.3233
Chr5	28319080	snp	88	85	0.3767	0.2936	0.6136	0.3176	-0.296
Chr5	28321305	snp	78	76	0.3897	0.2976	0.6538	0.3289	-0.3249
Chr5	28323919	indel	88	79	0.378	0.2923	0.6705	0.3418	-0.3287
Chr5	28323922	snp	87	75	0.383	0.2933	0.6782	0.3333	-0.3448
Chr5	28327001	indel	67	82	0.3844	0.2949	0.6418	0.3415	-0.3003
Chr5	28327116	snp	57	57	0.4035	0.3158	0.8246	0.5088	-0.3158
Chr5	28419945	snp	86	71	0.3798	0.2905	0.6047	0.3099	-0.2948
Chr5	28421058	snp	97	90	0.3597	0.2781	0.5979	0.3111	-0.2868
Chr5	28424566	snp	73	86	0.3818	0.2942	0.6712	0.3023	-0.3689
Chr5	28435612	snp	53	71	0.3933	0.3037	0.6226	0.3099	-0.3128
Chr5	28460819	snp	63	65	0.3927	0.3028	0.5873	0.2	-0.3873
Chr5	28463564	snp	32	34	0.4577	0.3382	0.4688	0.0882	-0.3805
Chr5	28466502	snp	42	24	0.4405	0.3452	0.6429	0.125	-0.5179
Chr5	28473847	snp	79	70	0.3861	0.2982	0.6203	0.2857	-0.3345
Chr5	28483630	snp	107	91	0.3586	0.2794	0.5981	0.2747	-0.3234
Chr5	28483701	indel	97	81	0.3779	0.2893	0.6495	0.2716	-0.3779
Chr5	28483923	snp	88	61	0.3778	0.2958	0.5568	0.1967	-0.3601
Chr5	28490884	snp	90	97	0.3597	0.2781	0.6	0.299	-0.301
Chr5	28493494	indel	70	81	0.3797	0.2926	0.5714	0.1728	-0.3986
Chr5	28493497	indel	69	80	0.3982	0.3042	0.5507	0.15	-0.4007
Chr5	28496275	snp	103	89	0.3768	0.2828	0.5825	0.2584	-0.3241
Chr5	28507532	snp	44	43	0.4239	0.3319	0.4318	0.0	-0.4318
Chr5	28526299	snp	110	90	0.3758	0.2828	0.6545	0.3111	-0.3434
Chr5	28543265	indel	104	88	0.3785	0.2885	0.6442	0.2841	-0.3601
Chr5	28543490	snp	60	48	0.4042	0.3083	0.9333	0.6042	-0.3292
Chr5	28543493	indel	60	47	0.4004	0.3124	0.9167	0.5957	-0.3209
Chr5	28544315	snp	51	58	0.3979	0.307	0.4902	0.1207	-0.3695
Chr5	28546141	indel	54	39	0.4217	0.3248	0.6111	0.2564	-0.3547
Chr5	28546200	snp	60	63	0.4008	0.3032	0.65	0.3175	-0.3325
Chr5	28546213	indel	49	65	0.3959	0.3039	0.7959	0.3231	-0.4728
Chr5	28546425	snp	51	59	0.3981	0.3081	0.8039	0.4915	-0.3124
Chr5	28549101	snp	105	76	0.3718	0.2951	0.6667	0.3553	-0.3114
Chr5	28549763	snp	92	61	0.395	0.3029	0.6848	0.377	-0.3077
Chr5	28550138	indel	72	34	0.4085	0.3154	0.7083	0.3824	-0.326
Chr5	28550529	snp	71	63	0.3921	0.2987	0.7324	0.3492	-0.3832
Chr5	28551388	snp	95	70	0.3774	0.2955	0.6105	0.3	-0.3105
Chr5	28553992	snp	80	65	0.3952	0.299	0.6875	0.3385	-0.349
Chr5	28653701	snp	91	66	0.3783	0.2915	0.6264	0.3182	-0.3082
Chr5	28654509	indel	81	85	0.3961	0.2973	0.642	0.3176	-0.3243
Chr5	28654877	snp	104	91	0.3832	0.2981	0.6442	0.3297	-0.3146
Chr5	28656096	snp	53	43	0.4103	0.3247	0.6226	0.2326	-0.3901
Chr5	28656139	snp	49	42	0.415	0.3231	0.6531	0.3095	-0.3435
Chr5	28665398	snp	84	86	0.3774	0.2957	0.5476	0.2093	-0.3383
Chr5	28666718	snp	88	70	0.3731	0.2877	0.75	0.3714	-0.3786
Chr5	28666764	snp	69	53	0.4025	0.3095	0.8986	0.566	-0.3325
Chr5	28667100	snp	85	69	0.3881	0.2975	0.6235	0.2174	-0.4061
Chr5	28723731	indel	84	109	0.3785	0.2895	0.631	0.3303	-0.3007
Chr5	28777264	snp	93	74	0.3774	0.2938	0.6667	0.3514	-0.3153
Chr5	28780571	indel	106	80	0.3802	0.2913	0.6415	0.3125	-0.329
Chr5	28782871	snp	71	60	0.3939	0.2939	0.662	0.3333	-0.3286
Chr5	28792195	indel	62	74	0.3906	0.2995	0.7258	0.3919	-0.3339
Chr5	28799454	snp	92	99	0.3755	0.2902	0.663	0.3636	-0.2994
Chr5	28810836	indel	59	51	0.3981	0.3081	0.8305	0.4902	-0.3403
Chr5	28816643	snp	87	82	0.3789	0.2921	0.5517	0.2195	-0.3322
Chr5	28819850	snp	52	58	0.3952	0.305	0.5192	0.2069	-0.3123
Chr5	28824933	snp	96	84	0.3839	0.2887	0.5729	0.2619	-0.311
Chr5	28830906	snp	102	91	0.3605	0.2805	0.598	0.3077	-0.2903
Chr5	28832632	snp	90	57	0.3842	0.3064	0.6444	0.2807	-0.3637
Chr5	28834857	snp	92	83	0.368	0.2881	0.6304	0.3133	-0.3172
Chr5	28837495	snp	73	88	0.3808	0.2922	0.6712	0.2727	-0.3985
Chr5	28843893	snp	74	52	0.4038	0.3119	0.6351	0.2308	-0.4044
Chr5	28846946	snp	92	84	0.3768	0.2888	0.587	0.2857	-0.3012
Chr5	28859865	snp	115	91	0.3811	0.2804	0.6174	0.3187	-0.2987
Chr5	28863371	snp	38	77	0.4122	0.3202	0.4474	0.0909	-0.3565
Chr5	28864567	snp	50	57	0.4116	0.3091	0.56	0.2105	-0.3495
Chr5	28864665	snp	56	45	0.4206	0.323	0.5357	0.1778	-0.3579
Chr5	28868591	indel	98	68	0.3736	0.2932	0.551	0.2206	-0.3304
Chr5	28870043	snp	91	88	0.387	0.2946	0.6374	0.3409	-0.2965
Chr5	28876182	snp	81	71	0.3885	0.2932	0.5679	0.2535	-0.3144
Chr5	28881548	indel	93	76	0.3855	0.2912	0.6774	0.3553	-0.3222
Chr5	28910231	snp	77	44	0.4091	0.3117	0.6234	0.2955	-0.3279
Chr5	28910742	snp	38	30	0.4368	0.3386	0.8947	0.5	-0.3947
Chr5	28910777	indel	52	39	0.4231	0.3205	0.7885	0.4359	-0.3526
Chr5	28949433	snp	83	83	0.3735	0.2892	0.5904	0.2892	-0.3012
Chr5	28960216	indel	62	37	0.4128	0.316	0.8065	0.4324	-0.374
Chr5	28960226	snp	62	37	0.4128	0.316	0.7742	0.4324	-0.3418
Chr5	28966175	snp	71	42	0.4054	0.3156	0.8451	0.4762	-0.3689
Chr5	28971312	snp	77	54	0.3992	0.3086	0.8312	0.463	-0.3682
Chr5	28973565	indel	19	22	0.5096	0.3876	0.7368	0.2273	-0.5096
Chr5	28973584	snp	20	26	0.4923	0.3808	0.7	0.2692	-0.4308
Chr5	28973616	snp	35	28	0.4571	0.3429	0.6286	0.2857	-0.3429
Chr5	28975915	snp	71	41	0.4126	0.3167	0.831	0.4878	-0.3432
Chr5	28978251	indel	74	55	0.3936	0.3079	0.6486	0.2909	-0.3577
Chr5	28978693	snp	81	65	0.3867	0.2976	0.6543	0.3231	-0.3312
Chr5	28983345	snp	105	88	0.3752	0.288	0.6476	0.3295	-0.3181
Chr5	28984159	snp	48	45	0.4153	0.3181	0.8958	0.5778	-0.3181
Chr5	28987450	snp	94	99	0.3625	0.2864	0.734	0.3939	-0.3401
Chr5	28991594	indel	56	46	0.4115	0.3191	0.6786	0.3261	-0.3525
Chr5	28991848	snp	69	51	0.3964	0.3009	0.5942	0.2745	-0.3197
Chr5	28993714	snp	68	60	0.4147	0.3118	0.6912	0.3167	-0.3745
Chr5	28999090	snp	69	63	0.3885	0.303	0.6812	0.3651	-0.3161
Chr5	29020304	snp	85	85	0.3765	0.2941	0.6588	0.3647	-0.2941
Chr5	29031115	snp	81	69	0.3784	0.2904	0.5432	0.2029	-0.3403
Chr5	29036165	snp	106	94	0.3743	0.2844	0.6321	0.3298	-0.3023
Chr5	29079014	indel	56	15	0.4881	0.3762	0.7321	0.3333	-0.3988
Chr5	29082242	snp	71	57	0.3916	0.3044	0.5634	0.2456	-0.3178
Chr5	29084316	indel	94	47	0.3936	0.3085	0.8404	0.4681	-0.3723
Chr5	29096021	indel	54	33	0.4226	0.3249	0.5741	0.2121	-0.362
Chr5	29114261	snp	75	56	0.3895	0.3005	0.7867	0.4464	-0.3402
Chr5	29129957	snp	35	60	0.4214	0.3262	0.6286	0.2667	-0.3619
Chr5	29151373	snp	84	82	0.3746	0.2979	0.6786	0.378	-0.3005
Chr5	29369474	indel	57	84	0.3866	0.2964	0.7368	0.4405	-0.2964
Chr5	29369498	snp	66	84	0.4026	0.3041	0.7727	0.4405	-0.3323
Chr5	29596986	snp	28	35	0.4571	0.3429	0.6071	0.2571	-0.35
Chr5	30185715	indel	18	10	0.5889	0.4667	0.6667	0.1	-0.5667
Chr5	30421385	snp	18	12	0.5556	0.4444	0.0556	0.5	0.4444
Chr5	30620979	indel	34	18	0.4902	0.3791	0.0588	0.5	0.4412
Chr5	30620980	indel	40	22	0.4523	0.3568	0.1	0.5455	0.4455
Chr5	30631986	indel	35	26	0.4648	0.3505	0.3714	0.0	-0.3714
Chr5	31498636	indel	79	42	0.4075	0.3174	0.8608	0.5	-0.3608
Chr5	31875511	indel	49	21	0.4558	0.3537	0.7347	0.3333	-0.4014
Chr5	33572310	snp	18	14	0.5635	0.4286	0.2778	0.7857	0.5079
Chr6	35300	indel	98	86	0.3742	0.281	0.7347	0.4535	-0.2812
Chr6	195750	snp	68	54	0.3954	0.3066	0.6324	0.2963	-0.3361
Chr6	198542	indel	65	25	0.4277	0.3354	0.7231	0.36	-0.3631
Chr6	208676	snp	40	65	0.4135	0.3154	0.475	0.0769	-0.3981
Chr6	210327	indel	24	21	0.4762	0.381	0.5	0.0952	-0.4048
Chr6	258442	snp	58	40	0.4207	0.3207	0.3448	0.0	-0.3448
Chr6	258511	snp	41	30	0.4472	0.3407	0.4878	0.0	-0.4878
Chr6	259470	snp	32	28	0.4509	0.3571	0.5312	0.1071	-0.4241
Chr6	259523	snp	31	19	0.4907	0.3735	0.7097	0.1579	-0.5518
Chr6	284680	snp	74	86	0.3796	0.2901	0.3378	0.0349	-0.303
Chr6	286785	snp	73	62	0.3922	0.2963	0.3288	0.0161	-0.3126
Chr6	295455	snp	54	36	0.4259	0.3241	0.7778	0.3611	-0.4167
Chr6	299796	snp	37	25	0.4638	0.3557	0.5405	0.08	-0.4605
Chr6	301962	snp	56	55	0.4058	0.3146	0.3393	0.0182	-0.3211
Chr6	302479	snp	45	31	0.4351	0.3319	0.6444	0.2258	-0.4186
Chr6	310282	snp	57	55	0.4096	0.3193	0.3509	0.0182	-0.3327
Chr6	313183	snp	40	28	0.4429	0.3393	0.35	0.0	-0.35
Chr6	314848	snp	37	28	0.4537	0.3542	0.5405	0.1429	-0.3977
Chr6	314876	snp	53	41	0.4188	0.3267	0.4717	0.122	-0.3497
Chr6	314890	indel	57	52	0.3941	0.3114	0.4386	0.0962	-0.3424
Chr6	320307	snp	31	24	0.4785	0.3629	0.6129	0.2083	-0.4046
Chr6	320321	snp	36	35	0.4365	0.3262	0.5278	0.1429	-0.3849
Chr6	320655	snp	76	46	0.3896	0.3061	0.3816	0.0217	-0.3598
Chr6	321109	snp	30	17	0.498	0.3902	0.4667	0.0588	-0.4078
Chr6	325223	snp	118	97	0.3687	0.281	0.7373	0.3814	-0.3558
Chr6	330647	snp	50	35	0.4171	0.3257	0.64	0.3143	-0.3257
Chr6	345134	snp	83	74	0.3986	0.2963	0.747	0.4324	-0.3146
Chr6	404150	snp	59	42	0.4189	0.3208	0.5932	0.2381	-0.3551
Chr6	414201	snp	30	30	0.4667	0.3667	0.4667	0.1	-0.3667
Chr6	414683	indel	70	39	0.4092	0.3125	0.7	0.2564	-0.4436
Chr6	414689	snp	51	37	0.4308	0.3275	0.6863	0.2432	-0.443
Chr6	424625	indel	61	56	0.4031	0.3106	0.6885	0.375	-0.3135
Chr6	431711	indel	68	44	0.4131	0.3182	0.6912	0.2955	-0.3957
Chr6	438193	snp	69	53	0.4025	0.3095	0.7391	0.4151	-0.324
Chr6	579127	indel	79	55	0.4037	0.3096	0.8228	0.5091	-0.3137
Chr6	579179	snp	60	45	0.4	0.3111	0.8667	0.5556	-0.3111
Chr6	599922	snp	62	55	0.405	0.3059	0.7903	0.4727	-0.3176
Chr6	606066	snp	86	62	0.392	0.3016	0.7674	0.4355	-0.332
Chr6	615081	indel	89	50	0.3942	0.2969	0.6854	0.28	-0.4054
Chr6	617907	snp	89	83	0.3907	0.2974	0.7978	0.4578	-0.3399
Chr6	626402	snp	69	52	0.3977	0.306	0.7101	0.3269	-0.3832
Chr6	628722	snp	56	47	0.4115	0.3203	0.7143	0.383	-0.3313
Chr6	631227	snp	82	70	0.385	0.2972	0.7683	0.4286	-0.3397
Chr6	636102	snp	79	74	0.3744	0.2951	0.7722	0.473	-0.2992
Chr6	643971	snp	89	99	0.3667	0.2858	0.7528	0.4545	-0.2983
Chr6	651649	snp	59	70	0.3923	0.2949	0.7458	0.4429	-0.3029
Chr6	688301	snp	54	48	0.4028	0.3194	0.8889	0.5	-0.3889
Chr6	692162	snp	57	42	0.416	0.317	0.7368	0.4048	-0.3321
Chr6	708369	snp	84	69	0.3799	0.295	0.8214	0.4493	-0.3722
Chr6	710847	snp	77	85	0.3824	0.2923	0.6623	0.3529	-0.3094
Chr6	715661	snp	73	65	0.4044	0.302	0.8219	0.4615	-0.3604
Chr6	715799	snp	76	85	0.3845	0.2904	0.6711	0.3765	-0.2946
Chr6	719917	snp	80	90	0.3778	0.2958	0.775	0.4778	-0.2972
Chr6	729595	snp	59	64	0.3994	0.3096	0.7797	0.4531	-0.3265
Chr6	729763	snp	64	58	0.4009	0.3098	0.8281	0.5172	-0.3109
Chr6	729852	indel	65	53	0.4073	0.31	0.8462	0.4906	-0.3556
Chr6	754546	indel	14	8	0.6429	0.5	0.7857	0.125	-0.6607
Chr6	754548	snp	10	9	0.6778	0.4889	0.7	0.1111	-0.5889
Chr6	761973	snp	83	81	0.4016	0.2911	0.5663	0.2716	-0.2947
Chr6	770942	indel	34	39	0.4351	0.3394	0.7941	0.4359	-0.3582
Chr6	772970	snp	81	55	0.3836	0.2972	0.6914	0.3636	-0.3277
Chr6	789993	snp	55	78	0.3823	0.2944	0.7818	0.359	-0.4228
Chr6	794964	snp	108	78	0.3718	0.2906	0.6667	0.3718	-0.2949
Chr6	796184	snp	31	26	0.4665	0.3573	0.871	0.4615	-0.4094
Chr6	819238	indel	56	36	0.4206	0.3175	0.5714	0.1944	-0.377
Chr6	819256	snp	52	39	0.4231	0.3205	0.5577	0.1795	-0.3782
Chr6	822927	indel	121	66	0.3719	0.2879	0.6777	0.3636	-0.314
Chr6	836863	snp	69	55	0.3866	0.3033	0.8696	0.5636	-0.3059
Chr6	839796	snp	89	91	0.3792	0.289	0.7416	0.3846	-0.357
Chr6	841067	snp	40	35	0.425	0.3321	0.65	0.2857	-0.3643
Chr6	841304	indel	84	83	0.3754	0.2932	0.7143	0.3976	-0.3167
Chr6	842439	snp	59	66	0.3901	0.3017	0.8983	0.5606	-0.3377
Chr6	852997	snp	89	80	0.373	0.2942	0.7079	0.4125	-0.2954
Chr6	856877	snp	58	41	0.4142	0.3238	0.8103	0.4634	-0.3469
Chr6	861705	snp	89	95	0.383	0.2904	0.6966	0.3158	-0.3808
Chr6	863350	snp	98	73	0.3831	0.2961	0.7245	0.3973	-0.3272
Chr6	869878	snp	93	72	0.392	0.2917	0.7527	0.4583	-0.2944
Chr6	897958	snp	80	66	0.3883	0.297	0.725	0.4091	-0.3159
Chr6	898435	snp	74	57	0.3907	0.3073	0.6757	0.3684	-0.3073
Chr6	901948	snp	98	86	0.3742	0.281	0.7041	0.3837	-0.3204
Chr6	903838	snp	71	73	0.3884	0.294	0.8028	0.4795	-0.3234
Chr6	937492	snp	68	52	0.4106	0.3156	0.7353	0.3462	-0.3891
Chr6	956273	snp	100	85	0.3718	0.2859	0.75	0.3882	-0.3618
Chr6	962718	snp	71	56	0.3979	0.3058	0.6761	0.3214	-0.3546
Chr6	975617	snp	46	48	0.4058	0.317	0.6522	0.2917	-0.3605
Chr6	977637	snp	60	59	0.4099	0.3102	0.5	0.1695	-0.3305
Chr6	992019	snp	72	73	0.3662	0.2953	0.6528	0.3562	-0.2966
Chr6	999260	snp	63	35	0.419	0.3206	0.5556	0.2	-0.3556
Chr6	1162941	snp	81	65	0.3867	0.2976	0.6296	0.3231	-0.3066
Chr6	1176701	snp	96	74	0.3778	0.2903	0.7292	0.4054	-0.3238
Chr6	1203882	snp	97	82	0.3867	0.2948	0.7835	0.4878	-0.2957
Chr6	1258668	snp	55	57	0.4096	0.3193	0.7091	0.3684	-0.3407
Chr6	1258671	snp	56	56	0.4107	0.3214	0.6964	0.3393	-0.3571
Chr6	1258738	snp	62	59	0.3997	0.307	0.7742	0.3898	-0.3844
Chr6	1260337	snp	78	67	0.3917	0.3	0.7308	0.4179	-0.3129
Chr6	1309132	snp	91	72	0.3718	0.2924	0.7033	0.4028	-0.3005
Chr6	1312636	snp	99	91	0.3679	0.2922	0.697	0.3956	-0.3014
Chr6	1506511	snp	83	62	0.3805	0.2997	0.747	0.4194	-0.3276
Chr6	1511065	snp	48	38	0.4243	0.33	0.4583	0.1053	-0.3531
Chr6	1539775	indel	111	60	0.3721	0.2874	0.6667	0.3333	-0.3333
Chr6	1543080	snp	31	53	0.44	0.3408	0.5806	0.2264	-0.3542
Chr6	1556686	indel	50	66	0.3879	0.3073	0.72	0.3636	-0.3564
Chr6	1575881	snp	47	44	0.4309	0.3216	0.766	0.3182	-0.4478
Chr6	1582456	indel	87	57	0.3817	0.3031	0.7471	0.4386	-0.3085
Chr6	1584278	indel	29	41	0.4315	0.3482	0.4828	0.0244	-0.4584
Chr6	1584280	snp	31	45	0.4351	0.3319	0.5484	0.1778	-0.3706
Chr6	1604144	snp	57	56	0.4154	0.3108	0.6842	0.2857	-0.3985
Chr6	1752510	indel	82	75	0.3896	0.2917	0.6829	0.3333	-0.3496
Chr6	1826079	snp	26	35	0.4648	0.3505	0.6154	0.2286	-0.3868
Chr6	1836124	snp	73	50	0.3901	0.3068	0.6712	0.32	-0.3512
Chr6	1847258	snp	35	34	0.4227	0.3353	0.6	0.2647	-0.3353
Chr6	1853767	indel	19	14	0.5226	0.4173	0.6842	0.0714	-0.6128
Chr6	1866892	snp	43	44	0.4239	0.3319	0.7442	0.3636	-0.3805
Chr6	1880031	snp	30	24	0.4667	0.3667	0.6667	0.25	-0.4167
Chr6	1886849	snp	71	52	0.3952	0.3044	0.662	0.3269	-0.335
Chr6	1891297	indel	31	28	0.4562	0.356	0.6452	0.2143	-0.4309
Chr6	1891298	indel	33	29	0.4598	0.3521	0.5758	0.1379	-0.4378
Chr6	1891301	snp	33	31	0.4487	0.3519	0.5455	0.129	-0.4164
Chr6	1891518	snp	102	91	0.3605	0.2805	0.6961	0.3297	-0.3664
Chr6	1892696	indel	73	70	0.3838	0.2969	0.4384	0.1286	-0.3098
Chr6	1902918	indel	38	37	0.4403	0.3336	0.4211	0.0541	-0.367
Chr6	1959394	snp	59	72	0.3771	0.2999	0.5424	0.2222	-0.3202
Chr6	1970015	snp	46	29	0.4453	0.3381	0.6739	0.2759	-0.3981
Chr6	1992337	snp	85	86	0.3804	0.2978	0.7294	0.407	-0.3224
Chr6	1994890	indel	102	133	0.365	0.2816	0.7745	0.4511	-0.3234
Chr6	1994904	snp	100	102	0.3751	0.2782	0.77	0.4902	-0.2798
Chr6	1996429	indel	59	52	0.4188	0.3126	0.7797	0.4615	-0.3181
Chr6	2014323	snp	42	21	0.4762	0.3571	0.7143	0.3333	-0.381
Chr6	2050682	snp	35	48	0.4065	0.3161	0.4571	0.1042	-0.353
Chr6	2060404	snp	10	14	0.5857	0.4571	0.6	0.0	-0.6
Chr6	2061337	snp	33	41	0.4405	0.3385	0.5455	0.1707	-0.3747
Chr6	2061353	snp	38	45	0.4257	0.3287	0.6842	0.3333	-0.3509
Chr6	2124703	snp	89	89	0.3708	0.2921	0.7191	0.382	-0.3371
Chr6	2124983	snp	64	62	0.4103	0.3155	0.5156	0.1935	-0.3221
Chr6	2153977	snp	15	19	0.5368	0.4175	0.7333	0.3158	-0.4175
Chr6	2311268	snp	56	48	0.4196	0.3155	0.8036	0.4583	-0.3452
Chr6	2463081	snp	80	96	0.3792	0.2896	0.725	0.4062	-0.3187
Chr6	2468839	snp	78	78	0.3846	0.2949	0.7179	0.4103	-0.3077
Chr6	2468844	indel	72	73	0.3662	0.2953	0.6667	0.3288	-0.3379
Chr6	2470563	indel	80	80	0.375	0.3	0.6	0.2875	-0.3125
Chr6	2477527	indel	70	57	0.3965	0.3018	0.6714	0.3684	-0.303
Chr6	2492508	snp	21	19	0.5363	0.3985	0.5714	0.0526	-0.5188
Chr6	2509224	indel	32	47	0.4395	0.3371	0.625	0.2128	-0.4122
Chr6	2509234	snp	34	46	0.4169	0.3223	0.6765	0.3478	-0.3286
Chr6	2509244	snp	33	47	0.4294	0.3295	0.7273	0.383	-0.3443
Chr6	2509667	indel	72	80	0.4	0.3042	0.75	0.4375	-0.3125
Chr6	2511848	snp	48	50	0.4092	0.3225	0.7917	0.4	-0.3917
Chr6	2538950	indel	70	71	0.3893	0.3034	0.6571	0.3521	-0.305
Chr6	2540431	snp	16	23	0.5136	0.3967	0.875	0.3913	-0.4837
Chr6	2540444	snp	22	28	0.4968	0.3701	0.8182	0.4286	-0.3896
Chr6	2553716	snp	49	26	0.4341	0.3297	0.6327	0.2308	-0.4019
Chr6	2554158	snp	47	50	0.426	0.3234	0.5957	0.26	-0.3357
Chr6	2567947	snp	35	30	0.4524	0.3476	0.6857	0.1	-0.5857
Chr6	2567984	snp	33	36	0.4545	0.3535	0.697	0.1944	-0.5025
Chr6	2567999	snp	29	35	0.4384	0.3409	0.6897	0.2	-0.4897
Chr6	2584556	indel	100	68	0.3929	0.2976	0.64	0.3235	-0.3165
Chr6	2586346	indel	66	49	0.4014	0.3105	0.3939	0.0612	-0.3327
Chr6	2603800	snp	37	30	0.4378	0.3423	0.7027	0.3	-0.4027
Chr6	2678969	indel	58	64	0.4009	0.3098	0.8448	0.5	-0.3448
Chr6	2678993	snp	55	54	0.4125	0.3047	0.8727	0.5	-0.3727
Chr6	2805340	snp	71	55	0.3851	0.3024	0.5915	0.2727	-0.3188
Chr6	2894446	snp	49	82	0.397	0.3036	0.5714	0.2439	-0.3275
Chr6	2914878	indel	62	51	0.4029	0.314	0.7581	0.4118	-0.3463
Chr6	3050770	snp	98	79	0.3778	0.2937	0.7245	0.4177	-0.3068
Chr6	3050798	indel	98	94	0.3667	0.2829	0.6327	0.2979	-0.3348
Chr6	3051959	snp	20	18	0.5222	0.4111	0.75	0.3333	-0.4167
Chr6	3109504	indel	40	18	0.4833	0.3667	0.625	0.0556	-0.5694
Chr6	3122690	snp	88	92	0.3701	0.292	0.6705	0.3587	-0.3118
Chr6	3217087	snp	92	62	0.3885	0.2928	0.7174	0.4194	-0.298
Chr6	3240970	snp	102	58	0.378	0.2955	0.7843	0.4138	-0.3705
Chr6	3257341	snp	73	66	0.3977	0.3026	0.726	0.4091	-0.3169
Chr6	3279903	snp	109	80	0.3822	0.2888	0.6697	0.3625	-0.3072
Chr6	3289110	snp	79	72	0.382	0.3036	0.7089	0.4028	-0.3061
Chr6	3295967	snp	82	64	0.3979	0.3045	0.6341	0.2812	-0.3529
Chr6	3306145	indel	65	70	0.3923	0.3066	0.8	0.4714	-0.3286
Chr6	3333174	snp	64	53	0.3927	0.3037	0.8438	0.5094	-0.3343
Chr6	3363682	indel	93	107	0.3681	0.2812	0.7742	0.4766	-0.2976
Chr6	3373816	indel	49	41	0.4385	0.336	0.8163	0.4634	-0.3529
Chr6	3374443	snp	76	71	0.3866	0.3011	0.8158	0.4225	-0.3933
Chr6	3381920	snp	28	24	0.4702	0.3631	0.8214	0.4167	-0.4048
Chr6	3401670	snp	61	65	0.4096	0.309	0.8689	0.4769	-0.3919
Chr6	3408687	snp	30	51	0.4333	0.3333	0.6667	0.3333	-0.3333
Chr6	3416835	snp	93	71	0.3809	0.2938	0.7204	0.3521	-0.3683
Chr6	3416913	snp	79	79	0.3797	0.3038	0.6835	0.3418	-0.3418
Chr6	3425087	snp	58	35	0.4325	0.33	0.6552	0.2857	-0.3695
Chr6	3438584	snp	78	49	0.4037	0.3145	0.5256	0.1837	-0.342
Chr6	3448096	indel	8	12	0.6667	0.5	0.5	0.0	-0.5
Chr6	3497320	indel	68	88	0.3944	0.2981	0.7353	0.375	-0.3603
Chr6	3501838	indel	42	35	0.4286	0.3333	0.619	0.2571	-0.3619
Chr6	3504325	snp	50	33	0.4382	0.3267	0.84	0.4848	-0.3552
Chr6	3504361	indel	35	25	0.4571	0.3543	0.9143	0.56	-0.3543
Chr6	3510151	snp	39	27	0.4558	0.3476	0.5128	0.1481	-0.3647
Chr6	3529534	snp	39	41	0.424	0.3252	0.7179	0.3902	-0.3277
Chr6	3535815	snp	56	61	0.4031	0.3106	0.6964	0.377	-0.3194
Chr6	3568337	snp	71	44	0.3979	0.3156	0.831	0.5	-0.331
Chr6	3579821	snp	60	57	0.3868	0.3096	0.75	0.4386	-0.3114
Chr6	3636020	snp	74	72	0.3836	0.2887	0.6757	0.375	-0.3007
Chr6	3653817	snp	15	26	0.5026	0.3974	0.6667	0.2308	-0.4359
Chr6	3674434	snp	48	44	0.4072	0.3201	0.5208	0.1364	-0.3845
Chr6	3677531	indel	72	79	0.382	0.3036	0.6667	0.3544	-0.3122
Chr6	3680473	snp	88	71	0.3942	0.2929	0.7273	0.4225	-0.3047
Chr6	3683082	snp	34	34	0.4412	0.3529	0.7647	0.4118	-0.3529
Chr6	3684068	snp	64	44	0.4162	0.3168	0.8906	0.5682	-0.3224
Chr6	3716542	snp	81	108	0.3673	0.287	0.3333	0.0463	-0.287
Chr6	3721865	snp	63	43	0.4227	0.3189	0.9048	0.5581	-0.3466
Chr6	3722073	snp	93	84	0.3844	0.2961	0.7097	0.4048	-0.3049
Chr6	3724104	snp	107	80	0.3822	0.2949	0.7103	0.4125	-0.2978
Chr6	3727263	snp	56	42	0.3988	0.3155	0.875	0.5476	-0.3274
Chr6	3727489	snp	82	73	0.3846	0.2949	0.8171	0.4795	-0.3376
Chr6	3756669	snp	66	68	0.4015	0.3115	0.6212	0.2941	-0.3271
Chr6	3763765	snp	101	79	0.3739	0.2859	0.6832	0.3797	-0.3034
Chr6	3766677	snp	67	48	0.4129	0.3141	0.7313	0.3958	-0.3355
Chr6	3789753	snp	48	35	0.4065	0.3161	0.9792	0.6571	-0.322
Chr6	3802644	snp	31	14	0.5023	0.3986	0.7419	0.1429	-0.5991
Chr6	3802826	snp	45	20	0.4611	0.3667	0.7333	0.35	-0.3833
Chr6	3802855	indel	48	31	0.42	0.3286	0.625	0.1613	-0.4637
Chr6	3802990	snp	51	43	0.4181	0.3288	0.5882	0.2558	-0.3324
Chr6	3803041	snp	42	33	0.4351	0.3442	0.4762	0.0909	-0.3853
Chr6	3803219	snp	32	20	0.475	0.3625	0.7188	0.15	-0.5687
Chr6	3804001	snp	34	27	0.4608	0.3573	0.6176	0.0741	-0.5436
Chr6	3804705	snp	52	34	0.4389	0.3303	0.5192	0.0882	-0.431
Chr6	3807602	snp	42	31	0.4493	0.3287	0.4286	0.0	-0.4286
Chr6	3808318	indel	16	26	0.5192	0.4038	0.625	0.1154	-0.5096
Chr6	3809472	indel	61	59	0.4048	0.3156	0.4262	0.0678	-0.3584
Chr6	3809526	snp	61	50	0.3993	0.3085	0.4426	0.08	-0.3626
Chr6	3810819	snp	57	28	0.4348	0.3296	0.4912	0.0714	-0.4198
Chr6	3810873	snp	68	33	0.4131	0.3266	0.3971	0.0606	-0.3365
Chr6	3813611	snp	53	56	0.3976	0.3063	0.3774	0.0179	-0.3595
Chr6	3815606	snp	70	71	0.3893	0.3034	0.7143	0.3944	-0.3199
Chr6	3818246	indel	30	22	0.4606	0.3697	0.7333	0.3636	-0.3697
Chr6	3819165	snp	51	44	0.4095	0.3217	0.549	0.1818	-0.3672
Chr6	3820303	snp	55	37	0.4113	0.3214	0.4909	0.0811	-0.4098
Chr6	3820896	snp	53	60	0.3981	0.3082	0.8302	0.4833	-0.3469
Chr6	3821005	indel	53	62	0.3999	0.3028	0.4717	0.1129	-0.3588
Chr6	3821045	snp	57	57	0.4035	0.3158	0.4561	0.1228	-0.3333
Chr6	3821199	snp	27	23	0.4799	0.38	0.6296	0.1304	-0.4992
Chr6	3821611	snp	26	9	0.5769	0.4359	0.7308	0.0	-0.7308
Chr6	3821646	snp	38	20	0.4895	0.3579	0.5789	0.0	-0.5789
Chr6	3821833	snp	40	29	0.4586	0.3517	0.575	0.1724	-0.4026
Chr6	3825005	indel	45	54	0.4111	0.3148	0.9556	0.6111	-0.3444
Chr6	3825022	snp	46	37	0.4313	0.3325	0.5435	0.0811	-0.4624
Chr6	3825085	snp	57	53	0.4012	0.3174	0.4561	0.0189	-0.4373
Chr6	3831089	snp	36	21	0.4762	0.3611	0.8333	0.2857	-0.5476
Chr6	3852013	snp	45	42	0.4238	0.3238	0.6889	0.3333	-0.3556
Chr6	3860799	snp	76	73	0.3796	0.294	0.6711	0.2055	-0.4656
Chr6	3865866	snp	95	87	0.3739	0.2887	0.6947	0.4023	-0.2924
Chr6	3868573	snp	87	70	0.381	0.2949	0.7356	0.4286	-0.3071
Chr6	3869551	indel	61	37	0.4289	0.3217	0.7049	0.2162	-0.4887
Chr6	3869637	snp	73	65	0.4044	0.302	0.6438	0.3077	-0.3361
Chr6	3886748	snp	53	53	0.3962	0.3208	0.7547	0.3585	-0.3962
Chr6	3886754	snp	56	55	0.4058	0.3146	0.7679	0.3818	-0.386
Chr6	3907212	snp	79	74	0.3744	0.2951	0.8228	0.527	-0.2958
Chr6	3911679	snp	77	71	0.3806	0.2983	0.6494	0.2817	-0.3677
Chr6	3930946	indel	64	35	0.425	0.3259	0.4375	0.0857	-0.3518
Chr6	3933124	snp	72	73	0.3662	0.2953	0.75	0.3562	-0.3938
Chr6	3938806	snp	82	49	0.397	0.3036	0.8171	0.3469	-0.4701
Chr6	3948746	snp	70	60	0.3905	0.3048	0.7714	0.4	-0.3714
Chr6	3950431	snp	116	54	0.3847	0.2921	0.6466	0.3333	-0.3132
Chr6	3954092	snp	88	71	0.3942	0.2929	0.75	0.4366	-0.3134
Chr6	3965208	snp	68	60	0.4147	0.3118	0.7353	0.3833	-0.352
Chr6	3966777	snp	55	41	0.4231	0.3197	0.8	0.4634	-0.3366
Chr6	3966994	snp	69	41	0.4083	0.3107	0.9275	0.6098	-0.3178
Chr6	3982347	snp	48	42	0.4167	0.3155	0.7708	0.4286	-0.3423
Chr6	3983007	indel	19	25	0.4842	0.3768	0.5263	0.08	-0.4463
Chr6	3990558	snp	57	49	0.41	0.3165	0.7544	0.4286	-0.3258
Chr6	3999214	indel	63	63	0.3968	0.3016	0.4921	0.1746	-0.3175
Chr6	3999228	snp	64	65	0.3954	0.3017	0.5469	0.2154	-0.3315
Chr6	4014177	snp	84	74	0.3877	0.2876	0.5952	0.1892	-0.406
Chr6	4014286	snp	89	72	0.3851	0.2998	0.6742	0.3611	-0.313
Chr6	4016019	snp	70	54	0.3968	0.3053	0.8286	0.5185	-0.3101
Chr6	4017829	snp	85	48	0.4078	0.31	0.6824	0.2708	-0.4115
Chr6	4018397	snp	87	67	0.3877	0.2946	0.6897	0.3731	-0.3165
Chr6	4018466	snp	65	53	0.4073	0.31	0.7692	0.3962	-0.373
Chr6	4023389	snp	71	67	0.3809	0.3004	0.7887	0.4776	-0.3111
Chr6	4025896	snp	113	94	0.3782	0.2877	0.6283	0.3404	-0.2879
Chr6	4033782	snp	79	72	0.382	0.3036	0.7595	0.4444	-0.315
Chr6	4055259	snp	62	33	0.437	0.324	0.6613	0.3333	-0.328
Chr6	4061285	snp	78	79	0.3901	0.2882	0.8205	0.5316	-0.2889
Chr6	4065920	snp	52	39	0.4231	0.3205	0.8462	0.3846	-0.4615
Chr6	4065953	snp	54	29	0.4361	0.3404	0.9259	0.5172	-0.4087
Chr6	4066247	snp	55	64	0.4045	0.3108	0.8364	0.5156	-0.3207
Chr6	4067227	snp	54	71	0.4051	0.3161	0.6111	0.2817	-0.3294
Chr6	4075389	snp	68	53	0.4062	0.3094	0.6471	0.3019	-0.3452
Chr6	4081834	snp	75	81	0.3857	0.2943	0.5467	0.2346	-0.3121
Chr6	4082491	snp	101	75	0.3856	0.2973	0.7525	0.3867	-0.3658
Chr6	4086582	indel	76	61	0.3926	0.3037	0.6447	0.2787	-0.366
Chr6	4086601	indel	72	59	0.3771	0.2999	0.6111	0.1864	-0.4247
Chr6	4094688	snp	99	101	0.3793	0.289	0.7374	0.4059	-0.3314
Chr6	4097805	snp	68	38	0.4187	0.3166	0.7794	0.4474	-0.332
Chr6	4101204	snp	81	83	0.4016	0.2911	0.6173	0.3133	-0.304
Chr6	4113021	snp	77	82	0.3874	0.2941	0.7792	0.4634	-0.3158
Chr6	4113022	snp	78	85	0.3789	0.2944	0.7692	0.4588	-0.3104
Chr6	4118726	snp	87	81	0.3802	0.2929	0.6782	0.3827	-0.2954
Chr6	4124760	snp	105	86	0.378	0.2936	0.6476	0.3372	-0.3104
Chr6	4125707	snp	75	55	0.3976	0.297	0.68	0.3636	-0.3164
Chr6	4126460	snp	68	68	0.4118	0.3088	0.7206	0.3971	-0.3235
Chr6	4145171	snp	39	40	0.4423	0.341	0.6923	0.325	-0.3673
Chr6	4168183	indel	79	82	0.3881	0.3023	0.7722	0.3902	-0.3819
Chr6	4207399	snp	84	84	0.381	0.2976	0.7262	0.4286	-0.2976
Chr6	4210333	snp	54	51	0.4074	0.3126	0.8519	0.5294	-0.3224
Chr6	4219360	indel	54	59	0.3927	0.3107	0.7593	0.3729	-0.3864
Chr6	4219391	snp	45	48	0.4153	0.3181	0.7778	0.4167	-0.3611
Chr6	4220258	snp	63	48	0.4167	0.3185	0.7619	0.4167	-0.3452
Chr6	4223140	snp	89	73	0.3977	0.2969	0.7416	0.4247	-0.3169
Chr6	4227012	snp	89	120	0.3757	0.2846	0.6966	0.4	-0.2966
Chr6	4229200	snp	75	54	0.3948	0.297	0.7333	0.4259	-0.3074
Chr6	4231681	snp	62	77	0.3913	0.2985	0.6452	0.2727	-0.3724
Chr6	4231713	indel	85	79	0.3912	0.2998	0.7059	0.3038	-0.4021
Chr6	4231782	indel	89	80	0.373	0.2942	0.7079	0.3875	-0.3204
Chr6	4231820	snp	85	70	0.3882	0.2958	0.7059	0.3714	-0.3345
Chr6	4239556	indel	115	102	0.3688	0.2761	0.7391	0.4314	-0.3078
Chr6	4260484	indel	84	94	0.3832	0.2931	0.7857	0.3404	-0.4453
Chr6	4260491	snp	82	71	0.3928	0.3008	0.7683	0.4085	-0.3598
Chr6	4267864	indel	56	59	0.3977	0.3057	1.0	0.4915	-0.5085
Chr6	4267996	snp	63	53	0.3986	0.3073	0.7937	0.4717	-0.322
Chr6	4269275	snp	98	65	0.386	0.2987	0.7245	0.4154	-0.3091
Chr6	4276423	indel	44	31	0.4274	0.3328	0.9091	0.5484	-0.3607
Chr6	4332824	indel	73	70	0.3838	0.2969	0.8356	0.5143	-0.3213
Chr6	4349066	snp	51	47	0.4113	0.3179	0.7843	0.4468	-0.3375
Chr6	4353029	snp	69	44	0.4022	0.3152	0.7246	0.4091	-0.3155
Chr6	4362298	snp	75	75	0.3867	0.2933	0.7067	0.36	-0.3467
Chr6	4368580	snp	81	85	0.3961	0.2973	0.7407	0.4235	-0.3172
Chr6	4372796	snp	72	37	0.4118	0.3247	0.7917	0.4054	-0.3863
Chr6	4433957	snp	84	83	0.3754	0.2932	0.6548	0.3494	-0.3054
Chr6	4448493	indel	88	91	0.387	0.2946	0.7045	0.3956	-0.3089
Chr6	4448728	snp	72	77	0.3885	0.303	0.7083	0.3766	-0.3317
Chr6	4452906	snp	69	55	0.3866	0.3033	0.8551	0.4727	-0.3823
Chr6	4461308	snp	68	77	0.3925	0.2939	0.8529	0.4805	-0.3724
Chr6	4465297	indel	78	73	0.4046	0.2968	0.8718	0.5479	-0.3238
Chr6	4472300	indel	60	57	0.3868	0.3096	0.9667	0.6316	-0.3351
Chr6	4482981	snp	72	33	0.4242	0.3194	0.6111	0.2727	-0.3384
Chr6	4485150	indel	71	82	0.3928	0.3008	0.6479	0.3293	-0.3186
Chr6	4486446	indel	46	33	0.4361	0.332	0.4565	0.1212	-0.3353
Chr6	4486827	indel	95	93	0.3744	0.2877	0.7579	0.4409	-0.317
Chr6	4486832	indel	92	80	0.3571	0.2864	0.8152	0.475	-0.3402
Chr6	4488444	snp	80	44	0.3966	0.308	0.7625	0.3409	-0.4216
Chr6	4489105	indel	82	42	0.4094	0.313	0.622	0.2857	-0.3362
Chr6	4495501	indel	68	61	0.3927	0.3028	0.7059	0.3934	-0.3124
Chr6	4496055	indel	88	93	0.3795	0.2951	0.6705	0.3548	-0.3156
Chr6	4500263	snp	65	46	0.4033	0.3084	0.7077	0.2826	-0.4251
Chr6	4508977	indel	73	57	0.4004	0.3028	0.8356	0.4386	-0.397
Chr6	4509514	snp	45	46	0.4266	0.3203	0.8	0.4565	-0.3435
Chr6	4509521	snp	37	41	0.437	0.3316	0.7838	0.439	-0.3448
Chr6	4525162	indel	44	47	0.4309	0.3216	0.6364	0.2128	-0.4236
Chr6	4543163	indel	22	17	0.5187	0.3877	0.5455	0.1176	-0.4278
Chr6	4543859	snp	28	40	0.4429	0.3393	0.75	0.3	-0.45
Chr6	4543869	snp	36	44	0.4394	0.3359	0.7222	0.3636	-0.3586
Chr6	4545006	snp	86	91	0.3764	0.2917	0.6163	0.2857	-0.3306
Chr6	4552203	snp	101	64	0.3806	0.293	0.6931	0.3125	-0.3806
Chr6	4552419	snp	83	33	0.4257	0.3176	0.6747	0.3333	-0.3414
Chr6	4555360	snp	85	70	0.3882	0.2958	0.7882	0.4	-0.3882
Chr6	4559411	snp	68	71	0.3838	0.3065	0.6029	0.2676	-0.3353
Chr6	4561436	snp	61	49	0.4108	0.3128	0.7213	0.3878	-0.3336
Chr6	4561867	snp	49	24	0.4439	0.341	0.7755	0.2917	-0.4838
Chr6	4591008	indel	90	90	0.3778	0.2889	0.6889	0.3222	-0.3667
Chr6	4592930	snp	91	60	0.3817	0.2938	0.7143	0.4	-0.3143
Chr6	4595494	snp	36	59	0.4157	0.3216	0.4167	0.0847	-0.3319
Chr6	4596723	snp	69	85	0.3881	0.2975	0.6667	0.3529	-0.3137
Chr6	4623006	indel	46	47	0.3996	0.3122	0.6739	0.3617	-0.3122
Chr6	4776036	snp	79	54	0.3863	0.3036	0.8101	0.463	-0.3472
Chr6	4776502	snp	84	70	0.3952	0.3024	0.6905	0.3571	-0.3333
Chr6	4786041	snp	70	46	0.4174	0.3161	0.7571	0.3478	-0.4093
Chr6	4786608	snp	37	31	0.4499	0.3479	0.7297	0.3548	-0.3749
Chr6	4796225	snp	76	76	0.3947	0.2895	0.7763	0.4868	-0.2895
Chr6	4808904	snp	28	33	0.4578	0.3506	0.5714	0.2121	-0.3593
Chr6	4809093	indel	81	76	0.3813	0.295	0.7037	0.3816	-0.3221
Chr6	4809202	snp	71	55	0.3851	0.3024	0.7465	0.3818	-0.3647
Chr6	4809209	snp	72	58	0.3803	0.3051	0.75	0.3966	-0.3534
Chr6	4822164	snp	62	43	0.407	0.314	0.8387	0.5116	-0.3271
Chr6	4880629	snp	96	50	0.3762	0.2963	0.8333	0.5	-0.3333
Chr6	4885845	snp	41	64	0.4123	0.3236	0.9024	0.5781	-0.3243
Chr6	4889413	indel	68	69	0.4005	0.2992	0.8676	0.5507	-0.3169
Chr6	4889432	snp	71	72	0.3975	0.3005	0.8451	0.5278	-0.3173
Chr6	4896152	snp	57	47	0.4225	0.3251	0.8596	0.5319	-0.3277
Chr6	4896784	snp	81	59	0.3848	0.3061	0.679	0.3729	-0.3061
Chr6	4909215	snp	74	57	0.3907	0.3073	0.7432	0.3684	-0.3748
Chr6	4916156	indel	55	38	0.4297	0.3225	0.7273	0.2632	-0.4641
Chr6	4916161	snp	56	33	0.4167	0.322	0.7143	0.303	-0.4113
Chr6	4917013	snp	122	68	0.3845	0.2898	0.7131	0.3824	-0.3308
Chr6	4923592	snp	83	57	0.3919	0.2997	0.7349	0.4211	-0.3139
Chr6	4985148	snp	46	49	0.4264	0.323	0.5217	0.1837	-0.3381
Chr6	4985545	snp	76	46	0.3896	0.3061	0.6974	0.3478	-0.3495
Chr6	4987557	indel	77	44	0.4091	0.3117	0.6494	0.3182	-0.3312
Chr6	4988208	snp	83	63	0.3846	0.3014	0.7349	0.3492	-0.3857
Chr6	4989001	snp	67	31	0.4136	0.324	0.7015	0.3226	-0.3789
Chr6	4993437	indel	22	16	0.5114	0.4034	0.7727	0.3125	-0.4602
Chr6	4994541	snp	69	48	0.3913	0.3062	0.8841	0.5417	-0.3424
Chr6	4994931	snp	82	48	0.3999	0.3044	0.7439	0.3958	-0.3481
Chr6	4995914	snp	36	43	0.4335	0.3359	0.6944	0.3488	-0.3456
Chr6	5013610	snp	74	60	0.4018	0.3	0.6216	0.2833	-0.3383
Chr6	5028912	snp	102	75	0.3839	0.2898	0.7255	0.4267	-0.2988
Chr6	5058234	indel	64	58	0.4009	0.3098	0.6562	0.3276	-0.3287
Chr6	5058349	snp	34	52	0.4389	0.3303	0.4706	0.0962	-0.3744
Chr6	5060457	snp	70	80	0.3875	0.2982	0.6143	0.3	-0.3143
Chr6	5063285	snp	100	84	0.38	0.2914	0.65	0.3095	-0.3405
Chr6	5063401	snp	93	80	0.3777	0.2899	0.6989	0.3875	-0.3114
Chr6	5113378	snp	57	58	0.3911	0.3043	0.8596	0.5517	-0.3079
Chr6	5127132	snp	68	80	0.3919	0.3029	0.75	0.3375	-0.4125
Chr6	5128152	snp	71	48	0.4255	0.314	0.7183	0.375	-0.3433
Chr6	5140000	snp	88	80	0.3841	0.2943	0.7841	0.475	-0.3091
Chr6	5143486	snp	58	51	0.3979	0.307	0.8276	0.5098	-0.3178
Chr6	5151768	snp	47	38	0.4351	0.3337	0.5106	0.1579	-0.3527
Chr6	5155254	snp	73	37	0.3884	0.3184	0.6575	0.2703	-0.3873
Chr6	5197247	snp	76	64	0.3849	0.2969	0.7105	0.4062	-0.3043
Chr6	5203503	snp	66	67	0.398	0.2942	0.7273	0.3731	-0.3541
Chr6	5214837	indel	101	73	0.3841	0.2958	0.6634	0.3425	-0.3209
Chr6	5226679	indel	35	29	0.4384	0.3409	0.8	0.4483	-0.3517
Chr6	5232932	indel	95	91	0.3737	0.2923	0.7053	0.4066	-0.2987
Chr6	5236804	snp	88	51	0.4062	0.303	0.8636	0.549	-0.3146
Chr6	5236860	snp	84	62	0.3967	0.3034	0.9048	0.5484	-0.3564
Chr6	5241058	snp	73	84	0.3891	0.2921	0.7945	0.4286	-0.3659
Chr6	5261778	snp	92	94	0.3751	0.2815	0.7174	0.383	-0.3344
Chr6	5269411	snp	78	76	0.3897	0.2976	0.6923	0.3553	-0.337
Chr6	5285061	indel	60	45	0.4	0.3111	0.5333	0.2	-0.3333
Chr6	5288264	indel	87	97	0.3836	0.294	0.7241	0.4124	-0.3118
Chr6	5288816	snp	79	51	0.4135	0.304	0.7089	0.3529	-0.3559
Chr6	5296927	snp	67	62	0.395	0.3091	0.8657	0.5484	-0.3173
Chr6	5296959	snp	68	55	0.4003	0.3094	0.8676	0.5455	-0.3222
Chr6	5311205	indel	63	69	0.3885	0.303	0.6349	0.2899	-0.3451
Chr6	5311233	snp	69	72	0.3798	0.3019	0.6522	0.2917	-0.3605
Chr6	5312579	snp	72	79	0.382	0.3036	0.6944	0.3418	-0.3527
Chr6	5312686	snp	41	72	0.4262	0.3184	0.561	0.1944	-0.3665
Chr6	5312708	indel	42	54	0.4101	0.3175	0.5238	0.0741	-0.4497
Chr6	5315187	snp	46	52	0.4172	0.3253	0.5217	0.1538	-0.3679
Chr6	5320510	indel	93	67	0.3771	0.2953	0.7204	0.3433	-0.3771
Chr6	5321859	indel	124	109	0.3688	0.2749	0.7177	0.4404	-0.2774
Chr6	5323826	snp	70	38	0.4105	0.3241	0.6429	0.3158	-0.3271
Chr6	5331444	snp	77	68	0.3925	0.2939	0.6883	0.3529	-0.3354
Chr6	5339750	snp	44	51	0.4095	0.3217	0.5	0.1373	-0.3627
Chr6	5339758	snp	45	50	0.4133	0.3267	0.4667	0.14	-0.3267
Chr6	5340715	snp	86	78	0.3739	0.2841	0.6744	0.3846	-0.2898
Chr6	5342246	snp	88	78	0.391	0.2957	0.7841	0.4744	-0.3097
Chr6	5344695	snp	61	48	0.4177	0.321	0.5902	0.25	-0.3402
Chr6	5345476	snp	62	74	0.3906	0.2995	0.629	0.2703	-0.3588
Chr6	5353334	snp	50	60	0.3867	0.3067	0.62	0.2833	-0.3367
Chr6	5354817	indel	71	40	0.3993	0.3106	0.6479	0.3	-0.3479
Chr6	5354833	snp	59	34	0.4257	0.3215	0.6949	0.3235	-0.3714
Chr6	5362581	snp	63	102	0.381	0.2955	0.6984	0.3725	-0.3259
Chr6	5369149	snp	93	82	0.3841	0.2872	0.7097	0.4146	-0.295
Chr6	5370525	indel	67	60	0.3953	0.3005	0.8358	0.5167	-0.3192
Chr6	5373026	snp	31	44	0.4274	0.3328	0.5484	0.2045	-0.3438
Chr6	5377829	snp	22	31	0.4824	0.3724	0.6364	0.2581	-0.3783
Chr6	5380704	snp	71	76	0.3866	0.3011	0.6479	0.3421	-0.3058
Chr6	5381869	snp	110	111	0.3758	0.2844	0.7091	0.3784	-0.3307
Chr6	5386421	snp	96	102	0.3621	0.2825	0.7188	0.402	-0.3168
Chr6	5390919	snp	56	40	0.4071	0.3214	0.4643	0.125	-0.3393
Chr6	5391401	snp	70	64	0.3969	0.3018	0.7	0.3438	-0.3562
Chr6	5391641	snp	81	71	0.3885	0.2932	0.6173	0.2676	-0.3497
Chr6	5392641	snp	102	64	0.3799	0.2932	0.6765	0.3438	-0.3327
Chr6	5392659	indel	105	59	0.4061	0.2949	0.6667	0.2881	-0.3785
Chr6	5396595	snp	66	53	0.4025	0.3122	0.6667	0.3208	-0.3459
Chr6	5397213	snp	90	75	0.3711	0.2933	0.7111	0.2933	-0.4178
Chr6	5398509	snp	74	63	0.3887	0.3048	0.7297	0.4127	-0.317
Chr6	5401882	snp	45	64	0.4118	0.309	0.5778	0.2656	-0.3122
Chr6	5416358	indel	84	25	0.431	0.3314	0.5833	0.12	-0.4633
Chr6	5435977	snp	22	20	0.5182	0.3909	0.8636	0.45	-0.4136
Chr6	5438076	snp	74	57	0.3907	0.3073	0.7297	0.386	-0.3438
Chr6	5455031	snp	51	67	0.3989	0.3102	0.5882	0.1493	-0.439
Chr6	5456663	indel	68	60	0.4147	0.3118	0.6765	0.3333	-0.3431
Chr6	5477612	snp	38	46	0.4142	0.3238	0.4211	0.087	-0.3341
Chr6	5477643	snp	47	59	0.4053	0.3163	0.5532	0.2034	-0.3498
Chr6	5485228	indel	104	78	0.3686	0.2821	0.7019	0.2949	-0.4071
Chr6	5580893	indel	45	38	0.4257	0.3287	0.8444	0.5	-0.3444
Chr6	5580904	snp	50	35	0.4171	0.3257	0.76	0.4286	-0.3314
Chr6	5602591	snp	72	66	0.3914	0.2955	0.9167	0.6061	-0.3106
Chr6	5716938	snp	96	50	0.3762	0.2963	0.6354	0.32	-0.3154
Chr6	5732781	indel	79	59	0.3948	0.3066	0.6962	0.3729	-0.3233
Chr6	5774474	snp	73	58	0.4025	0.3087	0.726	0.3621	-0.364
Chr6	5915052	snp	68	65	0.3995	0.3093	0.7059	0.3692	-0.3367
Chr6	5919221	snp	52	61	0.4001	0.3124	0.7308	0.4098	-0.3209
Chr6	6168704	indel	94	75	0.3875	0.2969	0.7553	0.4267	-0.3287
Chr6	6270699	snp	55	37	0.4113	0.3214	0.8545	0.4865	-0.3681
Chr6	6287834	snp	85	71	0.3841	0.2923	0.8706	0.5775	-0.2931
Chr6	6291615	snp	85	67	0.3956	0.2943	0.7765	0.4179	-0.3586
Chr6	6291627	indel	85	68	0.3882	0.2941	0.7412	0.4118	-0.3294
Chr6	6296783	snp	68	68	0.4118	0.3088	0.7353	0.3824	-0.3529
Chr6	6302145	indel	62	38	0.4244	0.3192	0.6452	0.2368	-0.4083
Chr6	6313031	snp	72	59	0.3771	0.2999	0.7083	0.4068	-0.3016
Chr6	6313220	snp	76	64	0.3849	0.2969	0.8289	0.5312	-0.2977
Chr6	6321468	snp	86	64	0.3779	0.2958	0.7442	0.4219	-0.3223
Chr6	6323503	snp	68	45	0.4092	0.3147	0.9559	0.6222	-0.3337
Chr6	6399923	snp	38	24	0.4496	0.3553	0.6579	0.25	-0.4079
Chr6	6400005	indel	46	33	0.4361	0.332	0.7391	0.3939	-0.3452
Chr6	6420720	snp	48	30	0.4292	0.3333	0.7917	0.3333	-0.4583
Chr6	6427808	snp	89	91	0.3792	0.289	0.6292	0.3297	-0.2995
Chr6	6432206	snp	48	41	0.4162	0.3216	0.7292	0.3902	-0.3389
Chr6	6494539	snp	111	103	0.3719	0.2915	0.6757	0.3689	-0.3067
Chr6	6572682	indel	50	63	0.3943	0.3073	0.74	0.4286	-0.3114
Chr6	6576525	indel	74	72	0.3836	0.2887	0.6757	0.3611	-0.3146
Chr6	6709345	snp	53	37	0.409	0.3202	0.7358	0.4054	-0.3304
Chr6	6722960	snp	78	80	0.3798	0.2901	0.7179	0.3875	-0.3304
Chr6	6724612	indel	73	49	0.4062	0.3106	0.6301	0.3061	-0.324
Chr6	6790058	snp	33	35	0.4416	0.3472	0.7879	0.3714	-0.4165
Chr6	6790134	snp	29	24	0.4741	0.3635	0.8276	0.4167	-0.4109
Chr6	6812283	snp	60	47	0.4004	0.3124	0.75	0.4255	-0.3245
Chr6	6814293	snp	103	59	0.389	0.297	0.7573	0.4576	-0.2997
Chr6	6911902	indel	52	57	0.3941	0.3114	0.8077	0.4912	-0.3165
Chr6	6914332	snp	76	72	0.3801	0.2931	0.8026	0.5	-0.3026
Chr6	6922567	snp	83	80	0.3765	0.289	0.7952	0.4625	-0.3327
Chr6	7203672	snp	37	56	0.4257	0.3272	0.4595	0.125	-0.3345
Chr6	7216955	indel	67	47	0.3992	0.3144	0.7612	0.4468	-0.3144
Chr6	7219045	indel	38	44	0.4258	0.3313	1.0	0.6136	-0.3864
Chr6	7231068	snp	55	54	0.4125	0.3047	0.8909	0.4815	-0.4094
Chr6	7231112	indel	51	47	0.4113	0.3179	0.8627	0.4894	-0.3734
Chr6	7233092	snp	68	64	0.4044	0.3051	0.6618	0.3438	-0.318
Chr6	7235313	snp	33	27	0.4512	0.3468	0.8788	0.5185	-0.3603
Chr6	7235313	indel	18	17	0.5425	0.4281	0.7222	0.1765	-0.5458
Chr6	7236785	snp	89	105	0.377	0.2898	0.6966	0.3619	-0.3347
Chr6	7268552	snp	61	53	0.3981	0.3087	0.6557	0.3208	-0.335
Chr6	7268553	snp	61	50	0.3993	0.3085	0.6885	0.32	-0.3685
Chr6	7268670	indel	70	50	0.4086	0.3171	0.8429	0.36	-0.4829
Chr6	7268696	snp	49	36	0.4365	0.3305	0.898	0.4444	-0.4535
Chr6	7268707	snp	40	33	0.4576	0.347	0.875	0.3333	-0.5417
Chr6	7275336	snp	82	71	0.3928	0.3008	0.7317	0.4225	-0.3092
Chr6	7275933	snp	52	55	0.4024	0.3094	0.75	0.4364	-0.3136
Chr6	7322053	indel	27	12	0.537	0.4167	0.1481	1.0	0.8519
Chr6	7330989	indel	9	14	0.6032	0.4921	0.6667	0.0714	-0.5952
Chr6	7342525	indel	62	46	0.4208	0.3247	0.6613	0.2174	-0.4439
Chr6	7350606	snp	83	70	0.3904	0.2957	0.5904	0.2857	-0.3046
Chr6	7357828	indel	30	43	0.4481	0.3411	0.8333	0.4419	-0.3915
Chr6	7361192	indel	29	22	0.4843	0.3715	0.4138	0.0	-0.4138
Chr6	7404788	indel	36	10	0.5556	0.4222	0.5556	0.1	-0.4556
Chr6	7412321	snp	74	62	0.3906	0.2995	0.7973	0.4516	-0.3457
Chr6	7433155	snp	85	94	0.3772	0.2926	0.6824	0.383	-0.2994
Chr6	7518316	snp	41	33	0.4405	0.3385	0.9024	0.5455	-0.357
Chr6	7526628	indel	70	65	0.3923	0.3066	0.7	0.3846	-0.3154
Chr6	7526640	snp	78	76	0.3897	0.2976	0.6795	0.3289	-0.3505
Chr6	7534331	indel	83	63	0.3846	0.3014	0.3855	0.0794	-0.3062
Chr6	7554251	snp	63	57	0.4035	0.3099	0.7937	0.4737	-0.32
Chr6	7556549	snp	81	77	0.392	0.3005	0.6173	0.3117	-0.3056
Chr6	7559137	snp	50	26	0.4508	0.3354	0.74	0.3846	-0.3554
Chr6	7573473	indel	53	55	0.412	0.3136	0.6226	0.3091	-0.3136
Chr6	7573543	snp	37	44	0.4441	0.3292	0.5946	0.25	-0.3446
Chr6	7573553	snp	34	41	0.4426	0.335	0.5882	0.2195	-0.3687
Chr6	7581781	snp	63	43	0.4227	0.3189	0.4921	0.1628	-0.3293
Chr6	7587609	indel	93	80	0.3777	0.2899	0.6774	0.325	-0.3524
Chr6	7623264	snp	58	53	0.4239	0.3155	0.5862	0.2264	-0.3598
Chr6	7625019	snp	76	54	0.3962	0.3007	0.8947	0.5556	-0.3392
Chr6	7661369	snp	70	61	0.3684	0.2885	0.7571	0.377	-0.3801
Chr6	7783229	snp	74	74	0.3919	0.2973	0.6892	0.3378	-0.3514
Chr6	7811722	snp	77	69	0.3939	0.2955	0.7792	0.4783	-0.301
Chr6	7818435	indel	75	79	0.3889	0.2908	0.6133	0.3038	-0.3095
Chr6	7823175	snp	91	49	0.394	0.303	0.7692	0.4082	-0.3611
Chr6	7832893	snp	70	56	0.4	0.3036	0.6857	0.3571	-0.3286
Chr6	7939834	snp	59	55	0.3895	0.3072	0.8305	0.5091	-0.3214
Chr6	7945254	indel	33	65	0.4214	0.3277	1.0	0.6615	-0.3385
Chr6	7973384	indel	28	15	0.5143	0.4071	0.1071	0.6667	0.5595
Chr6	7974666	snp	68	57	0.3991	0.3047	0.7794	0.4737	-0.3057
Chr6	8017794	indel	70	76	0.3808	0.2996	0.8429	0.5132	-0.3297
Chr6	8017838	snp	67	70	0.4009	0.3119	0.8955	0.5571	-0.3384
Chr6	8047067	snp	55	56	0.4058	0.3146	0.8182	0.4107	-0.4075
Chr6	8076200	indel	25	29	0.4621	0.3586	0.72	0.3448	-0.3752
Chr6	8287183	snp	90	73	0.3782	0.2883	0.6667	0.3562	-0.3105
Chr6	8455358	indel	48	37	0.4234	0.3361	0.9583	0.5946	-0.3637
Chr6	8984715	indel	44	40	0.4227	0.3295	0.5909	0.175	-0.4159
Chr6	8984783	snp	46	39	0.4314	0.3266	0.8043	0.4615	-0.3428
Chr6	9001488	indel	82	84	0.3746	0.2979	0.6707	0.3571	-0.3136
Chr6	9013430	snp	97	66	0.3828	0.2894	0.6701	0.3485	-0.3216
Chr6	9013513	snp	61	56	0.4031	0.3106	0.8361	0.4821	-0.3539
Chr6	9014846	indel	78	69	0.3868	0.3043	0.7308	0.3913	-0.3395
Chr6	9094471	indel	30	22	0.4606	0.3697	0.5333	0.1364	-0.397
Chr6	9094641	snp	83	75	0.3796	0.294	0.6988	0.3067	-0.3921
Chr6	9367064	snp	58	61	0.3954	0.3067	0.7931	0.4754	-0.3177
Chr6	9374728	snp	73	95	0.3755	0.288	0.726	0.4105	-0.3155
Chr6	9583634	indel	51	51	0.4314	0.3333	0.549	0.2157	-0.3333
Chr6	10231460	snp	19	19	0.5263	0.4211	0.5263	0.1053	-0.4211
Chr6	10243512	snp	26	25	0.4892	0.3708	0.5385	0.16	-0.3785
Chr6	10252567	indel	32	49	0.4235	0.338	0.0312	0.3878	0.3565
Chr6	10665730	indel	47	46	0.3996	0.3122	0.7447	0.3913	-0.3534
Chr6	10686158	snp	61	68	0.3927	0.3028	0.7541	0.4412	-0.3129
Chr6	11001756	snp	46	40	0.4391	0.3293	0.587	0.25	-0.337
Chr6	11004993	indel	107	89	0.3787	0.289	0.5981	0.2584	-0.3397
Chr6	11111254	indel	19	10	0.5895	0.4421	0.8421	0.3	-0.5421
Chr6	11182346	snp	69	84	0.3799	0.295	0.5942	0.2738	-0.3204
Chr6	11456735	indel	11	24	0.5265	0.4356	0.0	0.5833	0.5833
Chr6	11831789	snp	19	16	0.5395	0.4046	0.7368	0.3125	-0.4243
Chr6	12426633	indel	57	67	0.3936	0.3077	0.4386	0.7463	0.3077
Chr6	14476705	indel	27	9	0.5556	0.4444	0.037	0.5556	0.5185
Chr6	14512013	snp	11	11	0.6364	0.4545	0.0909	0.6364	0.5455
Chr6	14550036	snp	59	50	0.4088	0.3149	0.3051	0.62	0.3149
Chr6	14710720	indel	26	19	0.4919	0.3866	0.1154	1.0	0.8846
Chr6	15801749	snp	19	24	0.4978	0.4013	0.3158	0.875	0.5592
Chr6	15801761	snp	21	23	0.501	0.3789	0.381	0.8696	0.4886
Chr6	17908724	snp	47	40	0.416	0.3271	0.4255	0.775	0.3495
Chr6	17947442	indel	81	46	0.3894	0.3065	0.3333	0.6739	0.3406
Chr6	17956555	indel	74	36	0.4092	0.3161	0.3108	0.6944	0.3836
Chr6	17983130	snp	106	91	0.392	0.2868	0.2547	0.5604	0.3057
Chr6	18202923	snp	40	47	0.416	0.3271	0.45	0.7872	0.3372
Chr6	18229797	indel	56	34	0.4097	0.3204	0.1964	0.5294	0.333
Chr6	18442593	snp	26	21	0.4927	0.3773	0.5769	0.1905	-0.3864
Chr6	18451121	snp	42	24	0.4405	0.3452	0.4286	0.0417	-0.3869
Chr6	18452416	snp	33	19	0.4944	0.3732	0.5758	0.1579	-0.4179
Chr6	18467077	indel	26	41	0.4484	0.3443	0.8077	0.439	-0.3687
Chr6	18475992	snp	21	40	0.4798	0.3619	0.6667	0.25	-0.4167
Chr6	18477732	snp	36	18	0.4722	0.3611	0.5	0.1111	-0.3889
Chr6	18477756	indel	46	17	0.4604	0.3734	0.5	0.1176	-0.3824
Chr6	18493407	snp	32	34	0.4577	0.3382	0.6875	0.2941	-0.3934
Chr6	18528860	snp	32	32	0.4375	0.375	0.0	0.375	0.375
Chr6	18536867	snp	14	19	0.5226	0.4173	0.7857	0.3684	-0.4173
Chr6	18542852	snp	78	49	0.4037	0.3145	0.2051	0.551	0.3459
Chr6	18557262	indel	64	52	0.399	0.3077	0.9844	0.6346	-0.3498
Chr6	18672459	snp	20	17	0.5235	0.4059	0.55	0.1176	-0.4324
Chr6	18679796	snp	25	16	0.51	0.395	0.72	0.25	-0.47
Chr6	18684650	snp	19	15	0.5368	0.4175	0.8421	0.3333	-0.5088
Chr6	18718187	snp	32	41	0.4505	0.3354	0.5938	0.1707	-0.423
Chr6	18726592	snp	37	29	0.4539	0.3486	0.1622	0.5517	0.3896
Chr6	18743177	snp	49	22	0.4527	0.3553	0.2653	0.6364	0.3711
Chr6	18928560	indel	25	28	0.4871	0.3671	0.16	0.5357	0.3757
Chr6	19239300	indel	69	27	0.43	0.3349	0.1594	0.5185	0.3591
Chr6	19269576	snp	27	31	0.4636	0.3584	0.8148	0.4516	-0.3632
Chr6	19271164	snp	12	23	0.529	0.4094	0.1667	0.6087	0.442
Chr6	19604488	indel	35	41	0.4383	0.3317	0.8286	0.4878	-0.3408
Chr6	19604496	indel	29	39	0.4518	0.3475	1.0	0.5385	-0.4615
Chr6	19782782	indel	101	92	0.374	0.2858	0.6832	0.3913	-0.2919
Chr6	19955323	snp	56	53	0.3976	0.3063	0.5536	0.2453	-0.3083
Chr6	20440770	snp	21	16	0.5149	0.4048	0.1905	0.6875	0.497
Chr6	20440788	snp	21	16	0.5149	0.4048	0.1905	0.6875	0.497
Chr6	20470528	snp	58	57	0.3911	0.3043	0.3966	0.7368	0.3403
Chr6	20708987	snp	74	74	0.3919	0.2973	0.7838	0.4865	-0.2973
Chr6	20936211	snp	43	66	0.4109	0.3097	0.7209	0.3636	-0.3573
Chr6	21091267	snp	20	16	0.55	0.425	0.2	0.625	0.425
Chr6	21169135	snp	40	20	0.475	0.375	0.425	0.8	0.375
Chr6	21501964	snp	41	38	0.4255	0.3331	0.7805	0.4474	-0.3331
Chr6	21515781	snp	32	40	0.4562	0.35	0.625	0.25	-0.375
Chr6	21581690	snp	32	28	0.4509	0.3571	0.75	0.3929	-0.3571
Chr6	21582398	snp	26	26	0.4615	0.3462	0.6538	0.3077	-0.3462
Chr6	21583599	snp	43	44	0.4239	0.3319	0.5814	0.2045	-0.3768
Chr6	21589212	snp	23	24	0.4891	0.3659	0.7391	0.3333	-0.4058
Chr6	22287066	snp	25	29	0.4621	0.3586	0.84	0.4483	-0.3917
Chr6	22827577	indel	35	17	0.5076	0.3899	0.5714	1.0	0.4286
Chr6	22959837	snp	48	59	0.3902	0.3121	0.5625	0.2034	-0.3591
Chr6	23764475	snp	37	37	0.4324	0.3243	0.1081	0.4865	0.3784
Chr6	23764483	snp	38	38	0.4474	0.3421	0.1579	0.5	0.3421
Chr6	23871530	indel	22	13	0.542	0.4231	0.1364	0.6154	0.479
Chr6	24003146	snp	50	37	0.4249	0.3346	0.56	0.1892	-0.3708
Chr6	24023556	indel	34	26	0.457	0.3507	0.5294	0.1538	-0.3756
Chr6	24075600	snp	40	36	0.45	0.3361	0.55	0.1389	-0.4111
Chr6	24226404	indel	9	8	0.6528	0.5278	0.1111	0.75	0.6389
Chr6	24387137	snp	21	27	0.4921	0.381	0.2857	0.7407	0.455
Chr6	24412704	snp	42	28	0.4524	0.3452	0.619	0.25	-0.369
Chr6	24778962	snp	26	36	0.453	0.3526	0.8462	0.4444	-0.4017
Chr6	24847865	snp	86	79	0.3781	0.2875	0.6512	0.3418	-0.3094
Chr6	24872939	indel	55	66	0.4091	0.3061	0.6909	0.3788	-0.3121
Chr6	24872978	snp	51	47	0.4113	0.3179	0.8039	0.4043	-0.3997
Chr6	24880640	snp	55	62	0.405	0.3059	0.7273	0.3548	-0.3724
Chr6	24914444	snp	33	34	0.4617	0.3449	0.7273	0.3529	-0.3743
Chr6	24914464	snp	40	38	0.4368	0.3368	0.75	0.3947	-0.3553
Chr6	25020225	snp	57	71	0.3916	0.3044	0.7895	0.4789	-0.3106
Chr6	25043355	indel	68	67	0.3782	0.2917	0.4118	0.0746	-0.3371
Chr6	25374288	indel	24	27	0.4722	0.3704	0.0417	0.5556	0.5139
Chr6	25374293	snp	27	32	0.4676	0.3542	0.2222	0.6562	0.434
Chr6	25376122	snp	68	58	0.4133	0.3048	0.5882	0.2759	-0.3124
Chr6	25416242	snp	16	11	0.5966	0.4432	0.1875	0.7273	0.5398
Chr6	25940030	snp	58	65	0.3973	0.3093	0.7931	0.4462	-0.3469
Chr6	26304518	snp	78	78	0.3846	0.2949	0.6282	0.3333	-0.2949
Chr6	26396410	snp	48	32	0.4375	0.3333	0.875	0.5312	-0.3438
Chr6	26814236	snp	82	54	0.4002	0.3017	0.6585	0.3148	-0.3437
Chr6	27303375	indel	38	52	0.419	0.3239	0.7105	0.3846	-0.3259
Chr6	27304751	indel	88	67	0.3811	0.2924	0.7273	0.4328	-0.2944
Chr6	28125226	snp	60	62	0.3968	0.3086	0.3667	0.7742	0.4075
Chr6	28826995	snp	14	18	0.5635	0.4286	0.0	0.5	0.5
Chr6	30006035	snp	71	75	0.385	0.2967	0.7606	0.4533	-0.3072
Chr6	30276473	indel	48	39	0.4103	0.3189	0.8958	0.5641	-0.3317
Chr6	30307810	indel	29	14	0.5419	0.4039	0.931	0.0	-0.931
Chr6	31023285	snp	10	18	0.5889	0.4667	0.2	0.6667	0.4667
Chr6	31313081	indel	51	63	0.4071	0.3119	0.7451	0.3492	-0.3959
Chr7	274841	snp	72	45	0.4139	0.3167	0.5417	0.2	-0.3417
Chr7	430461	snp	84	52	0.3883	0.3013	0.5595	0.25	-0.3095
Chr7	476084	indel	12	10	0.6333	0.4667	0.5833	0.1	-0.4833
Chr7	573165	indel	76	70	0.3808	0.2996	0.4737	0.1571	-0.3165
Chr7	576191	snp	91	81	0.3822	0.2876	0.5165	0.1852	-0.3313
Chr7	676541	snp	57	51	0.4056	0.3189	0.6667	0.2745	-0.3922
Chr7	759555	indel	49	48	0.4026	0.3197	0.6122	0.2917	-0.3206
Chr7	769452	snp	74	68	0.3915	0.2957	0.5135	0.2059	-0.3076
Chr7	795051	indel	14	25	0.5286	0.4086	0.0	0.72	0.72
Chr7	810061	indel	93	64	0.3874	0.2965	0.5484	0.25	-0.2984
Chr7	816304	snp	88	63	0.3892	0.2985	0.5568	0.2381	-0.3187
Chr7	829208	indel	51	58	0.3979	0.307	0.8039	0.3621	-0.4419
Chr7	829216	snp	53	53	0.3962	0.3208	0.6792	0.3208	-0.3585
Chr7	889112	indel	64	44	0.4162	0.3168	0.5312	0.1818	-0.3494
Chr7	932201	indel	45	40	0.4139	0.3333	0.4889	0.15	-0.3389
Chr7	932213	indel	46	44	0.4229	0.3281	0.587	0.25	-0.337
Chr7	945060	snp	75	58	0.3885	0.3007	0.44	0.1379	-0.3021
Chr7	971004	snp	80	65	0.3952	0.299	0.4625	0.1385	-0.324
Chr7	1055074	snp	56	68	0.3971	0.3057	0.4464	0.1324	-0.3141
Chr7	1239480	indel	68	41	0.4132	0.3095	0.5	0.1463	-0.3537
Chr7	1308945	snp	42	66	0.4004	0.3052	0.881	0.5758	-0.3052
Chr7	1416337	indel	32	34	0.4577	0.3382	0.625	0.2059	-0.4191
Chr7	1416407	snp	38	18	0.4649	0.3596	0.7632	0.2778	-0.4854
Chr7	1416483	snp	42	20	0.469	0.3667	0.9048	0.45	-0.4548
Chr7	1416665	snp	46	46	0.4348	0.3261	0.6957	0.3478	-0.3478
Chr7	1421657	snp	50	31	0.4297	0.3297	0.88	0.5161	-0.3639
Chr7	1422846	snp	70	65	0.3923	0.3066	0.6286	0.2923	-0.3363
Chr7	1525446	indel	66	60	0.4	0.297	0.3636	0.0667	-0.297
Chr7	1525960	indel	57	59	0.3967	0.309	0.4561	0.1186	-0.3375
Chr7	1532058	indel	104	93	0.3811	0.2855	0.5288	0.2151	-0.3138
Chr7	1549896	indel	62	38	0.4244	0.3192	0.4355	0.0526	-0.3829
Chr7	1549911	indel	70	40	0.4179	0.3143	0.4571	0.075	-0.3821
Chr7	1558344	snp	44	28	0.4318	0.3409	0.8409	0.5	-0.3409
Chr7	1575811	indel	49	62	0.3983	0.3144	0.6327	0.3065	-0.3262
Chr7	1605804	snp	64	66	0.401	0.3063	0.5156	0.197	-0.3187
Chr7	1653965	snp	52	24	0.4423	0.3429	0.6154	0.25	-0.3654
Chr7	1659962	snp	60	46	0.4043	0.3101	0.8167	0.4565	-0.3601
Chr7	1659964	snp	58	45	0.4008	0.3123	0.8276	0.4444	-0.3831
Chr7	1659981	indel	57	44	0.4083	0.3186	0.8421	0.4773	-0.3648
Chr7	1692323	snp	42	31	0.4493	0.3287	0.6429	0.2903	-0.3525
Chr7	1695431	indel	30	31	0.4441	0.3452	1.0	0.6452	-0.3548
Chr7	1698514	snp	58	53	0.4239	0.3155	0.7759	0.434	-0.3419
Chr7	1709713	snp	73	31	0.4132	0.3221	0.5342	0.1613	-0.373
Chr7	1712535	snp	39	41	0.424	0.3252	0.7436	0.4146	-0.329
Chr7	1723650	indel	71	49	0.4044	0.3101	0.5915	0.2653	-0.3262
Chr7	1807567	snp	80	93	0.3777	0.2899	0.45	0.1398	-0.3102
Chr7	1845865	snp	75	53	0.3947	0.3026	0.7467	0.4151	-0.3316
Chr7	1849418	snp	69	38	0.4088	0.3127	0.6232	0.2368	-0.3863
Chr7	1849433	snp	73	37	0.3884	0.3184	0.5753	0.2432	-0.3321
Chr7	1850967	snp	81	68	0.3778	0.299	0.5802	0.25	-0.3302
Chr7	1851195	snp	108	77	0.3624	0.292	0.4352	0.1299	-0.3053
Chr7	1854075	snp	88	94	0.3677	0.2875	0.4886	0.1596	-0.3291
Chr7	1855306	snp	101	86	0.3727	0.2878	0.4653	0.1047	-0.3607
Chr7	1856620	snp	95	101	0.3835	0.2918	0.5368	0.2277	-0.3091
Chr7	1856857	indel	65	57	0.4005	0.3082	0.6	0.2632	-0.3368
Chr7	1856910	snp	53	33	0.4368	0.331	0.7358	0.303	-0.4328
Chr7	1856945	snp	54	38	0.424	0.3294	0.7037	0.2105	-0.4932
Chr7	1857875	snp	36	31	0.4597	0.3441	0.6389	0.2258	-0.4131
Chr7	1858038	snp	40	22	0.4523	0.3568	0.525	0.0909	-0.4341
Chr7	1858144	snp	60	45	0.4	0.3111	0.5333	0.1778	-0.3556
Chr7	1859455	snp	52	36	0.4209	0.3291	0.5	0.1389	-0.3611
Chr7	1859625	snp	49	27	0.4346	0.3401	0.7551	0.3333	-0.4218
Chr7	1859632	snp	60	30	0.4333	0.3333	0.6667	0.3333	-0.3333
Chr7	1860377	snp	119	94	0.3711	0.2876	0.5042	0.1915	-0.3127
Chr7	1861798	snp	68	48	0.4007	0.3113	0.7206	0.3333	-0.3873
Chr7	1864048	snp	76	85	0.3845	0.2904	0.4868	0.1647	-0.3221
Chr7	1864226	snp	85	93	0.3766	0.2886	0.4706	0.172	-0.2985
Chr7	1866382	snp	77	68	0.3925	0.2939	0.4805	0.1765	-0.304
Chr7	1873261	snp	81	96	0.3816	0.2878	0.4444	0.1146	-0.3299
Chr7	1875090	indel	93	108	0.3608	0.2873	0.4839	0.0833	-0.4005
Chr7	1879045	indel	93	68	0.389	0.3001	0.4409	0.0441	-0.3967
Chr7	1883724	snp	94	83	0.3782	0.2959	0.4894	0.1205	-0.3689
Chr7	1888607	snp	61	53	0.3981	0.3087	0.5246	0.1887	-0.3359
Chr7	1889965	snp	37	25	0.4638	0.3557	0.8378	0.4	-0.4378
Chr7	1893546	snp	79	73	0.3865	0.2956	0.443	0.137	-0.3061
Chr7	1896320	indel	63	65	0.3927	0.3028	0.4444	0.1385	-0.306
Chr7	1898910	snp	76	71	0.3866	0.3011	0.4868	0.1408	-0.346
Chr7	1899251	indel	53	61	0.3981	0.3087	0.4906	0.1475	-0.343
Chr7	1910718	indel	78	79	0.3901	0.2882	0.4487	0.1013	-0.3475
Chr7	1914317	snp	62	42	0.4155	0.3187	0.5161	0.1905	-0.3257
Chr7	1914384	snp	62	47	0.4104	0.3085	0.5968	0.1277	-0.4691
Chr7	1915165	snp	66	53	0.4025	0.3122	0.697	0.3396	-0.3573
Chr7	1915204	snp	59	42	0.4189	0.3208	0.8305	0.4286	-0.4019
Chr7	1917178	snp	88	87	0.3815	0.2915	0.4091	0.1034	-0.3056
Chr7	1939628	snp	98	103	0.372	0.2802	0.4898	0.1553	-0.3345
Chr7	1941341	snp	68	74	0.3915	0.2957	0.5294	0.1216	-0.4078
Chr7	1945395	snp	103	87	0.3693	0.2888	0.4272	0.1264	-0.3007
Chr7	1952372	snp	85	65	0.3846	0.2941	0.3882	0.0923	-0.2959
Chr7	1952912	indel	66	97	0.3828	0.2894	0.4545	0.1546	-0.2999
Chr7	1954351	snp	53	32	0.4163	0.3284	0.4906	0.0938	-0.3968
Chr7	1955097	snp	85	70	0.3882	0.2958	0.4235	0.1	-0.3235
Chr7	1964747	snp	100	88	0.3718	0.2859	0.48	0.1477	-0.3323
Chr7	1968788	snp	82	82	0.3902	0.2927	0.4634	0.1707	-0.2927
Chr7	1972855	snp	71	73	0.3884	0.294	0.4366	0.137	-0.2996
Chr7	1981987	indel	112	78	0.3826	0.2995	0.4286	0.1282	-0.3004
Chr7	1982016	snp	97	67	0.3868	0.2937	0.433	0.1343	-0.2987
Chr7	1992466	snp	52	59	0.4188	0.3126	0.3846	0.0678	-0.3168
Chr7	2001888	indel	47	53	0.4095	0.3107	0.4043	0.0755	-0.3288
Chr7	2030160	snp	60	52	0.4064	0.3051	0.4833	0.1731	-0.3103
Chr7	2041645	snp	60	50	0.3867	0.3067	0.55	0.18	-0.37
Chr7	2041695	snp	53	42	0.4182	0.323	0.6981	0.2381	-0.46
Chr7	2045197	snp	42	33	0.4351	0.3442	0.7857	0.4242	-0.3615
Chr7	2045367	snp	42	48	0.4167	0.3155	0.6667	0.2292	-0.4375
Chr7	2045800	snp	51	30	0.4333	0.3333	0.7451	0.4	-0.3451
Chr7	2046276	snp	51	30	0.4333	0.3333	0.8627	0.4667	-0.3961
Chr7	2046279	snp	49	25	0.4367	0.3355	0.898	0.56	-0.338
Chr7	2046396	indel	68	29	0.4199	0.3271	0.6471	0.2414	-0.4057
Chr7	2046494	snp	73	68	0.3995	0.2996	0.5068	0.1029	-0.4039
Chr7	2046501	indel	78	72	0.3825	0.2917	0.4744	0.1111	-0.3632
Chr7	2046580	snp	85	67	0.3956	0.2943	0.5176	0.1791	-0.3385
Chr7	2047409	snp	114	87	0.3953	0.2907	0.4825	0.1379	-0.3445
Chr7	2047548	snp	78	77	0.38	0.292	0.4872	0.1558	-0.3313
Chr7	2048705	snp	106	101	0.3605	0.2841	0.4906	0.1881	-0.3024
Chr7	2049162	snp	43	36	0.4335	0.3359	0.6977	0.3333	-0.3643
Chr7	2049743	snp	40	32	0.4562	0.35	0.675	0.3125	-0.3625
Chr7	2051776	snp	63	41	0.4131	0.319	0.5397	0.1707	-0.369
Chr7	2055808	snp	75	103	0.385	0.2929	0.5067	0.165	-0.3416
Chr7	2056509	snp	67	61	0.4035	0.3066	0.5224	0.2131	-0.3093
Chr7	2060182	snp	99	97	0.3679	0.2852	0.4949	0.1649	-0.33
Chr7	2060207	snp	92	82	0.381	0.2972	0.4674	0.1341	-0.3332
Chr7	2060469	snp	33	35	0.4416	0.3472	0.7273	0.3429	-0.3844
Chr7	2061904	snp	40	49	0.4209	0.3235	0.7	0.3469	-0.3531
Chr7	2062085	indel	51	54	0.4074	0.3126	0.5882	0.2037	-0.3845
Chr7	2064252	snp	50	30	0.4467	0.34	0.84	0.5	-0.34
Chr7	2064438	snp	57	41	0.4129	0.3145	0.5439	0.1951	-0.3487
Chr7	2064594	snp	101	74	0.3849	0.2968	0.4554	0.1216	-0.3338
Chr7	2065188	snp	49	29	0.4398	0.3427	0.6735	0.2069	-0.4666
Chr7	2080782	snp	61	23	0.449	0.3564	0.7705	0.3913	-0.3792
Chr7	2080816	snp	64	36	0.4132	0.3264	0.7812	0.3056	-0.4757
Chr7	2082714	indel	45	31	0.4351	0.3319	0.6889	0.3226	-0.3663
Chr7	2085413	snp	50	55	0.4091	0.3164	0.64	0.2545	-0.3855
Chr7	2085444	snp	36	34	0.4395	0.3448	0.8333	0.4412	-0.3922
Chr7	2085828	indel	60	34	0.4186	0.3206	0.4833	0.0588	-0.4245
Chr7	2085977	snp	41	22	0.4734	0.3614	0.7561	0.3182	-0.4379
Chr7	2087048	indel	89	68	0.3792	0.2902	0.3933	0.0882	-0.305
Chr7	2087333	snp	59	32	0.428	0.3289	0.6441	0.1562	-0.4878
Chr7	2095122	snp	37	18	0.4805	0.3709	0.6216	0.2222	-0.3994
Chr7	2096448	snp	62	32	0.4294	0.3327	0.7581	0.375	-0.3831
Chr7	2096540	snp	57	30	0.4351	0.3333	0.7544	0.3667	-0.3877
Chr7	2096605	snp	42	29	0.4384	0.335	0.8095	0.4138	-0.3957
Chr7	2096635	snp	46	41	0.43	0.3271	0.6522	0.2927	-0.3595
Chr7	2097988	snp	53	37	0.409	0.3202	0.7925	0.4595	-0.333
Chr7	2098446	indel	45	34	0.4176	0.3294	0.6	0.1471	-0.4529
Chr7	2098459	snp	58	36	0.4157	0.3257	0.5862	0.1944	-0.3918
Chr7	2102684	snp	57	44	0.4083	0.3186	0.7018	0.3636	-0.3381
Chr7	2103007	snp	24	25	0.4717	0.3833	0.625	0.24	-0.385
Chr7	2103044	snp	25	15	0.52	0.4	0.8	0.3333	-0.4667
Chr7	2103051	indel	23	14	0.5373	0.4099	0.8696	0.4286	-0.441
Chr7	2120004	snp	44	25	0.4527	0.3509	0.7273	0.28	-0.4473
Chr7	2121717	snp	50	31	0.4297	0.3297	0.64	0.2903	-0.3497
Chr7	2122688	snp	53	49	0.4109	0.3246	0.6981	0.3469	-0.3512
Chr7	2123592	snp	62	58	0.4038	0.3037	0.5645	0.1207	-0.4438
Chr7	2123674	indel	50	62	0.4097	0.3135	0.66	0.2903	-0.3697
Chr7	2123692	snp	50	53	0.4147	0.3192	0.58	0.1887	-0.3913
Chr7	2126070	snp	59	39	0.4216	0.3272	0.7288	0.3846	-0.3442
Chr7	2126143	snp	61	43	0.4053	0.3206	0.7869	0.3488	-0.438
Chr7	2126203	indel	47	42	0.4189	0.3262	1.0	0.3571	-0.6429
Chr7	2126209	indel	68	61	0.3927	0.3028	0.7206	0.2459	-0.4747
Chr7	2127909	snp	63	53	0.3986	0.3073	0.5556	0.0755	-0.4801
Chr7	2127994	snp	44	25	0.4527	0.3509	0.5909	0.16	-0.4309
Chr7	2129098	snp	71	71	0.3944	0.3099	0.507	0.1549	-0.3521
Chr7	2129190	snp	46	23	0.4565	0.3478	0.7609	0.3913	-0.3696
Chr7	2151200	snp	46	28	0.4472	0.3509	0.8043	0.25	-0.5543
Chr7	2201451	indel	56	47	0.4115	0.3203	0.5357	0.1702	-0.3655
Chr7	2202408	snp	64	63	0.4033	0.307	0.3906	0.0794	-0.3113
Chr7	2211153	snp	93	73	0.3712	0.2919	0.4731	0.0959	-0.3772
Chr7	2226039	snp	72	66	0.3914	0.2955	0.5417	0.1667	-0.375
Chr7	2227078	snp	43	19	0.481	0.3709	0.8605	0.4737	-0.3868
Chr7	2227494	snp	71	60	0.3939	0.2939	0.4648	0.0833	-0.3815
Chr7	2227512	snp	74	69	0.3848	0.2971	0.4595	0.087	-0.3725
Chr7	2227536	indel	79	104	0.384	0.2959	0.443	0.0577	-0.3853
Chr7	2227686	snp	91	90	0.3698	0.2921	0.4505	0.1333	-0.3172
Chr7	2254181	indel	97	68	0.3775	0.2921	0.3814	0.0882	-0.2932
Chr7	2259894	snp	79	79	0.3797	0.3038	0.6076	0.1392	-0.4684
Chr7	2264508	snp	89	87	0.3847	0.293	0.4157	0.1149	-0.3008
Chr7	2270408	snp	84	81	0.384	0.2945	0.4762	0.1728	-0.3034
Chr7	2272233	snp	55	49	0.4212	0.3147	0.4364	0.102	-0.3343
Chr7	2274286	indel	113	83	0.3763	0.2853	0.4071	0.1084	-0.2986
Chr7	2274369	indel	95	97	0.373	0.2817	0.4	0.0928	-0.3072
Chr7	2277169	snp	47	25	0.4409	0.3396	0.4681	0.04	-0.4281
Chr7	2279641	indel	58	41	0.4142	0.3238	0.4483	0.122	-0.3263
Chr7	2290259	indel	77	54	0.3992	0.3086	0.5714	0.2407	-0.3307
Chr7	2290292	snp	71	46	0.4179	0.3141	0.5775	0.2609	-0.3166
Chr7	2290944	snp	34	50	0.4271	0.3365	0.6471	0.16	-0.4871
Chr7	2296431	snp	78	77	0.38	0.292	0.4615	0.0649	-0.3966
Chr7	2301960	snp	47	34	0.4374	0.3279	0.617	0.2059	-0.4111
Chr7	2302000	snp	64	60	0.3865	0.3052	0.5312	0.15	-0.3812
Chr7	2302584	snp	35	21	0.4762	0.3619	0.8	0.381	-0.419
Chr7	2304594	indel	88	71	0.3942	0.2929	0.4091	0.1127	-0.2964
Chr7	2309001	snp	83	80	0.3765	0.289	0.3976	0.0875	-0.3101
Chr7	2310017	snp	80	93	0.3777	0.2899	0.4875	0.086	-0.4015
Chr7	2314409	indel	80	84	0.3845	0.2929	0.4625	0.1548	-0.3077
Chr7	2327929	snp	34	32	0.4577	0.3382	0.3824	0.0312	-0.3511
Chr7	2327942	snp	31	28	0.4562	0.356	0.3871	0.0	-0.3871
Chr7	2327978	indel	32	21	0.4821	0.372	0.4062	0.0	-0.4062
Chr7	2328029	indel	44	29	0.4514	0.348	0.4091	0.0345	-0.3746
Chr7	2345373	snp	80	100	0.38	0.29	0.3375	0.04	-0.2975
Chr7	2349288	indel	84	67	0.3889	0.2964	0.4048	0.0299	-0.3749
Chr7	2365149	indel	80	67	0.3938	0.3067	0.5125	0.1194	-0.3931
Chr7	2365620	snp	83	89	0.3907	0.2974	0.4217	0.1236	-0.2981
Chr7	2366185	snp	74	102	0.3877	0.296	0.473	0.1176	-0.3553
Chr7	2375664	snp	78	46	0.4047	0.306	0.4487	0.1087	-0.34
Chr7	2396216	snp	66	74	0.3931	0.3051	0.4697	0.1081	-0.3616
Chr7	2402067	snp	75	60	0.3967	0.3	0.52	0.2	-0.32
Chr7	2403019	snp	66	55	0.4091	0.3061	0.4545	0.1455	-0.3091
Chr7	2403116	snp	69	79	0.3939	0.3049	0.5072	0.1519	-0.3553
Chr7	2403260	snp	48	66	0.4148	0.3144	0.6458	0.2273	-0.4186
Chr7	2406192	snp	67	62	0.395	0.3091	0.4776	0.1613	-0.3163
Chr7	2406325	indel	61	68	0.3927	0.3028	0.4918	0.1471	-0.3447
Chr7	2406979	snp	48	38	0.4243	0.33	0.5625	0.1579	-0.4046
Chr7	2406994	indel	53	44	0.4181	0.3195	0.566	0.1818	-0.3842
Chr7	2408429	snp	47	40	0.416	0.3271	0.6383	0.3	-0.3383
Chr7	2408430	snp	46	41	0.43	0.3271	0.6522	0.2927	-0.3595
Chr7	2408806	snp	58	43	0.4166	0.3228	0.5345	0.1628	-0.3717
Chr7	2408991	indel	63	57	0.4035	0.3099	0.4921	0.1754	-0.3166
Chr7	2409009	indel	52	57	0.3941	0.3114	0.5192	0.1754	-0.3438
Chr7	2409235	snp	44	16	0.4716	0.375	0.75	0.25	-0.5
Chr7	2409296	snp	45	29	0.433	0.3341	0.6889	0.3103	-0.3785
Chr7	2409356	indel	72	67	0.3939	0.2946	0.6111	0.2537	-0.3574
Chr7	2410318	indel	72	56	0.4107	0.3095	0.4306	0.1071	-0.3234
Chr7	2412454	snp	36	35	0.4365	0.3262	0.7778	0.3714	-0.4063
Chr7	2415743	snp	79	54	0.3863	0.3036	0.557	0.2222	-0.3347
Chr7	2417538	indel	38	35	0.4316	0.3391	0.4737	0.0857	-0.388
Chr7	2418073	snp	54	49	0.4161	0.3159	0.463	0.102	-0.3609
Chr7	2419882	snp	70	51	0.4095	0.3098	0.7	0.3529	-0.3471
Chr7	2419901	snp	80	65	0.3952	0.299	0.6375	0.2769	-0.3606
Chr7	2420059	snp	51	38	0.4298	0.3246	0.6863	0.3421	-0.3442
Chr7	2420511	snp	52	33	0.4196	0.3287	0.8462	0.4848	-0.3613
Chr7	2420610	snp	50	53	0.4147	0.3192	0.82	0.3962	-0.4238
Chr7	2421947	snp	65	48	0.417	0.3093	0.6615	0.2708	-0.3907
Chr7	2422339	snp	53	33	0.4368	0.331	0.6981	0.303	-0.3951
Chr7	2422345	snp	55	32	0.4278	0.3318	0.7455	0.3125	-0.433
Chr7	2423229	snp	75	60	0.3967	0.3	0.4667	0.15	-0.3167
Chr7	2423444	snp	61	47	0.3973	0.3136	0.5902	0.2766	-0.3136
Chr7	2423472	snp	55	41	0.4231	0.3197	0.6182	0.2927	-0.3255
Chr7	2423743	snp	58	40	0.4207	0.3207	0.6552	0.325	-0.3302
Chr7	2426549	indel	70	66	0.4004	0.3052	0.6429	0.3333	-0.3095
Chr7	2426612	snp	49	37	0.4242	0.3227	0.8163	0.4865	-0.3298
Chr7	2428698	snp	58	61	0.3954	0.3067	0.5517	0.1967	-0.355
Chr7	2429168	snp	62	45	0.4168	0.3118	0.629	0.1778	-0.4513
Chr7	2432228	snp	75	51	0.4118	0.3122	0.6133	0.098	-0.5153
Chr7	2432296	snp	81	38	0.4035	0.3187	0.5432	0.1579	-0.3853
Chr7	2433298	snp	81	94	0.3688	0.2875	0.4691	0.1383	-0.3308
Chr7	2434601	snp	62	55	0.405	0.3059	0.4355	0.1273	-0.3082
Chr7	2434919	snp	59	47	0.4053	0.3163	0.678	0.2553	-0.4226
Chr7	2435827	snp	73	61	0.3955	0.2998	0.5479	0.2131	-0.3348
Chr7	2436556	snp	57	33	0.4258	0.3333	0.7018	0.3636	-0.3381
Chr7	2439611	snp	83	54	0.396	0.2941	0.6506	0.3148	-0.3358
Chr7	2439676	snp	73	52	0.4075	0.3061	0.6575	0.3077	-0.3498
Chr7	2440039	snp	107	86	0.3654	0.2915	0.4953	0.1744	-0.3209
Chr7	2440620	snp	60	42	0.4262	0.3214	0.6833	0.2143	-0.469
Chr7	2440647	snp	68	43	0.4145	0.3092	0.6029	0.2558	-0.3471
Chr7	2440845	snp	70	48	0.4071	0.3131	0.5857	0.2292	-0.3565
Chr7	2441037	snp	60	46	0.4043	0.3101	0.5167	0.1957	-0.321
Chr7	2442902	snp	82	70	0.385	0.2972	0.5488	0.2429	-0.3059
Chr7	2443312	snp	43	32	0.4477	0.3459	0.7907	0.4062	-0.3844
Chr7	2443313	snp	46	31	0.4369	0.3394	0.7391	0.3871	-0.352
Chr7	2444802	snp	65	44	0.4329	0.3133	0.6154	0.1364	-0.479
Chr7	2444841	snp	75	53	0.3947	0.3026	0.5733	0.1509	-0.4224
Chr7	2445523	snp	98	95	0.3603	0.284	0.5408	0.2211	-0.3198
Chr7	2447107	snp	70	73	0.3838	0.2969	0.5286	0.2055	-0.3231
Chr7	2448118	snp	88	92	0.3701	0.292	0.5114	0.163	-0.3483
Chr7	2450473	snp	32	19	0.4868	0.3734	0.7812	0.3684	-0.4128
Chr7	2450879	snp	66	29	0.4295	0.3302	0.6667	0.3103	-0.3563
Chr7	2451463	snp	91	74	0.3891	0.292	0.4615	0.0946	-0.3669
Chr7	2451809	snp	88	76	0.3888	0.2871	0.4432	0.1316	-0.3116
Chr7	2451893	snp	82	76	0.3944	0.294	0.5122	0.2105	-0.3017
Chr7	2452251	snp	80	59	0.3913	0.3002	0.5	0.1695	-0.3305
Chr7	2452464	snp	47	38	0.4351	0.3337	0.7021	0.3684	-0.3337
Chr7	2453097	snp	47	47	0.4043	0.3191	0.5745	0.1277	-0.4468
Chr7	2454677	snp	102	110	0.375	0.2854	0.451	0.1182	-0.3328
Chr7	2455356	snp	66	44	0.3939	0.3182	0.697	0.3636	-0.3333
Chr7	2456386	snp	80	64	0.3937	0.3031	0.675	0.2812	-0.3938
Chr7	2456431	snp	63	67	0.4037	0.3196	0.7619	0.2985	-0.4634
Chr7	2461313	snp	63	23	0.4451	0.3464	0.6508	0.1739	-0.4769
Chr7	2461470	indel	69	29	0.4198	0.3308	0.7826	0.2414	-0.5412
Chr7	2461477	snp	73	31	0.4132	0.3221	0.7123	0.2258	-0.4865
Chr7	2462176	snp	49	30	0.4476	0.3327	0.7551	0.2667	-0.4884
Chr7	2462232	snp	39	20	0.4692	0.3667	0.8974	0.45	-0.4474
Chr7	2466389	snp	45	43	0.4088	0.3178	0.6444	0.2791	-0.3654
Chr7	2466578	indel	62	37	0.4128	0.316	0.5484	0.1622	-0.3862
Chr7	2466584	snp	49	27	0.4346	0.3401	0.5306	0.1111	-0.4195
Chr7	2467845	snp	40	37	0.4399	0.3277	0.625	0.2162	-0.4088
Chr7	2468048	snp	44	48	0.4072	0.3201	0.6591	0.2083	-0.4508
Chr7	2469374	snp	64	48	0.4115	0.3125	0.7188	0.3542	-0.3646
Chr7	2469722	snp	53	23	0.4504	0.3486	0.7358	0.3478	-0.388
Chr7	2471425	snp	53	45	0.4147	0.3182	0.6981	0.3556	-0.3426
Chr7	2471426	snp	57	44	0.4083	0.3186	0.6842	0.3636	-0.3206
Chr7	2474710	snp	64	47	0.4036	0.3102	0.625	0.2128	-0.4122
Chr7	2476151	snp	65	68	0.3995	0.3093	0.6154	0.2794	-0.336
Chr7	2476403	snp	51	28	0.4433	0.3417	0.8039	0.4286	-0.3754
Chr7	2478145	indel	81	54	0.4012	0.3086	0.4444	0.1296	-0.3148
Chr7	2478650	snp	35	34	0.4227	0.3353	0.5429	0.2059	-0.337
Chr7	2479541	indel	96	81	0.3816	0.2878	0.5	0.2099	-0.2901
Chr7	2480627	indel	83	52	0.3911	0.3044	0.5181	0.1154	-0.4027
Chr7	2482237	snp	65	62	0.3975	0.306	0.4	0.0806	-0.3194
Chr7	2482261	indel	83	65	0.3965	0.2955	0.506	0.1692	-0.3368
Chr7	2485686	indel	108	95	0.3736	0.2835	0.5556	0.1789	-0.3766
Chr7	2491627	indel	57	47	0.4225	0.3251	0.4737	0.0426	-0.4311
Chr7	2491729	snp	28	28	0.4643	0.3571	0.3571	0.0	-0.3571
Chr7	2496178	snp	66	45	0.4091	0.3121	0.5152	0.1556	-0.3596
Chr7	2503157	snp	94	111	0.3778	0.2845	0.4468	0.1532	-0.2937
Chr7	2517619	snp	86	65	0.3968	0.3004	0.4186	0.0923	-0.3263
Chr7	2517756	indel	66	71	0.3807	0.2951	0.3636	0.0563	-0.3073
Chr7	2517783	snp	66	78	0.3939	0.3007	0.3788	0.0769	-0.3019
Chr7	2521689	snp	85	79	0.3912	0.2998	0.5059	0.1013	-0.4046
Chr7	2524571	snp	79	71	0.3876	0.2965	0.4051	0.0986	-0.3065
Chr7	2529524	snp	90	69	0.3821	0.2947	0.4778	0.1594	-0.3184
Chr7	2530167	indel	105	94	0.3626	0.2831	0.6	0.2872	-0.3128
Chr7	2531449	indel	61	78	0.3993	0.301	0.4426	0.1154	-0.3272
Chr7	2531856	indel	61	70	0.3684	0.2885	0.377	0.0714	-0.3056
Chr7	2531857	snp	61	69	0.4018	0.3022	0.3934	0.0725	-0.321
Chr7	2533129	snp	37	26	0.4563	0.3524	0.5676	0.1923	-0.3753
Chr7	2536118	snp	66	55	0.4091	0.3061	0.5758	0.1636	-0.4121
Chr7	2538907	snp	66	95	0.3963	0.3021	0.4848	0.1263	-0.3585
Chr7	2547034	snp	50	50	0.42	0.32	0.34	0.02	-0.32
Chr7	2549235	indel	94	74	0.37	0.2841	0.4574	0.1622	-0.2953
Chr7	2559374	snp	77	74	0.3807	0.2948	0.5065	0.1757	-0.3308
Chr7	2566381	snp	82	49	0.397	0.3036	0.378	0.0612	-0.3168
Chr7	2585323	indel	51	62	0.4029	0.314	0.4706	0.129	-0.3416
Chr7	2585454	snp	73	70	0.3838	0.2969	0.4795	0.1714	-0.308
Chr7	2588932	indel	115	69	0.3797	0.2957	0.4	0.0725	-0.3275
Chr7	2589384	snp	100	91	0.3774	0.2833	0.46	0.1758	-0.2842
Chr7	2589593	indel	84	83	0.3754	0.2932	0.5119	0.1446	-0.3673
Chr7	2590018	snp	41	26	0.4484	0.3443	0.7073	0.2308	-0.4765
Chr7	2590242	snp	64	59	0.3994	0.3096	0.4688	0.1356	-0.3332
Chr7	2591219	indel	86	83	0.3853	0.291	0.5581	0.1325	-0.4256
Chr7	2592663	snp	69	89	0.3858	0.2973	0.5217	0.2135	-0.3083
Chr7	2593613	indel	62	54	0.3996	0.2933	0.4032	0.0556	-0.3477
Chr7	2593671	snp	78	63	0.3913	0.301	0.5128	0.2063	-0.3065
Chr7	2594794	snp	59	69	0.4026	0.3058	0.3729	0.058	-0.3149
Chr7	2595195	snp	69	78	0.3868	0.3043	0.5217	0.141	-0.3807
Chr7	2598687	snp	86	70	0.3887	0.2957	0.4535	0.1429	-0.3106
Chr7	2599044	snp	79	40	0.4085	0.3082	0.3544	0.0	-0.3544
Chr7	2599400	indel	97	67	0.3868	0.2937	0.433	0.1194	-0.3136
Chr7	2615613	snp	99	107	0.3646	0.2827	0.4646	0.1402	-0.3245
Chr7	2628581	snp	73	84	0.3891	0.2921	0.4384	0.131	-0.3074
Chr7	2630651	snp	89	54	0.3897	0.2992	0.4157	0.1111	-0.3046
Chr7	2632577	snp	106	80	0.3802	0.2913	0.4057	0.1125	-0.2932
Chr7	2632885	snp	78	73	0.4046	0.2968	0.3718	0.0685	-0.3033
Chr7	2634382	snp	74	74	0.3919	0.2973	0.3649	0.0676	-0.2973
Chr7	2635511	snp	96	91	0.37	0.2925	0.4062	0.1099	-0.2964
Chr7	2644968	snp	89	66	0.397	0.2978	0.4944	0.1515	-0.3429
Chr7	2653768	indel	53	56	0.3976	0.3063	0.717	0.3929	-0.3241
Chr7	2655739	snp	49	60	0.4014	0.3068	0.4286	0.1	-0.3286
Chr7	2663847	snp	38	24	0.4496	0.3553	0.9211	0.4167	-0.5044
Chr7	2664536	snp	82	73	0.3846	0.2949	0.5366	0.2329	-0.3037
Chr7	2664581	snp	77	64	0.389	0.3054	0.5195	0.1719	-0.3476
Chr7	2666065	snp	57	71	0.3916	0.3044	0.3509	0.0423	-0.3086
Chr7	2666281	snp	89	89	0.3708	0.2921	0.427	0.1124	-0.3146
Chr7	2670725	snp	79	91	0.3868	0.3009	0.4177	0.0879	-0.3298
Chr7	2671091	indel	76	72	0.3801	0.2931	0.4737	0.1667	-0.307
Chr7	2672243	snp	93	92	0.3739	0.2862	0.5054	0.2174	-0.288
Chr7	2673736	snp	78	65	0.3821	0.2974	0.4744	0.1231	-0.3513
Chr7	2676961	snp	31	30	0.4441	0.3452	0.8387	0.4	-0.4387
Chr7	2676962	snp	29	30	0.4575	0.3563	0.8621	0.4	-0.4621
Chr7	2677148	snp	64	80	0.3937	0.3031	0.5781	0.1875	-0.3906
Chr7	2677212	snp	66	69	0.3966	0.3024	0.6061	0.2899	-0.3162
Chr7	2678089	indel	99	88	0.3725	0.2866	0.5152	0.1477	-0.3674
Chr7	2678279	snp	57	29	0.4265	0.3388	0.6491	0.3103	-0.3388
Chr7	2678280	snp	54	29	0.4361	0.3404	0.6667	0.3103	-0.3563
Chr7	2688804	indel	74	58	0.3798	0.3001	0.6216	0.2414	-0.3802
Chr7	2697091	snp	74	62	0.3906	0.2995	0.4324	0.129	-0.3034
Chr7	2699940	snp	100	70	0.3914	0.2986	0.48	0.1571	-0.3229
Chr7	2714022	indel	52	49	0.4223	0.3214	0.3654	0.0408	-0.3246
Chr7	2715727	snp	67	77	0.3801	0.295	0.4627	0.1039	-0.3588
Chr7	2718801	snp	77	106	0.3807	0.2884	0.4935	0.1132	-0.3803
Chr7	2723585	snp	72	77	0.3885	0.303	0.5	0.1688	-0.3312
Chr7	2725046	indel	70	56	0.4	0.3036	0.4714	0.1071	-0.3643
Chr7	2727218	indel	92	99	0.3755	0.2902	0.5435	0.1616	-0.3819
Chr7	2731069	snp	79	77	0.3985	0.2949	0.4937	0.1429	-0.3508
Chr7	2731549	snp	92	78	0.3821	0.294	0.4022	0.0897	-0.3124
Chr7	2731939	indel	101	78	0.3795	0.2945	0.505	0.141	-0.3639
Chr7	2736401	snp	94	81	0.3688	0.2875	0.4787	0.1481	-0.3306
Chr7	2736461	indel	101	88	0.3815	0.2916	0.495	0.1591	-0.336
Chr7	2754279	snp	76	66	0.3892	0.2994	0.4737	0.1364	-0.3373
Chr7	2756584	snp	77	88	0.3912	0.2955	0.4416	0.125	-0.3166
Chr7	2757724	indel	84	99	0.3842	0.2937	0.4286	0.101	-0.3276
Chr7	2759312	snp	82	59	0.407	0.3041	0.4512	0.1186	-0.3326
Chr7	2760975	snp	74	55	0.3936	0.3079	0.4189	0.0727	-0.3462
Chr7	2766728	snp	97	89	0.3714	0.289	0.4536	0.1124	-0.3412
Chr7	2769789	snp	64	36	0.4132	0.3264	0.4844	0.0833	-0.401
Chr7	2770021	snp	57	58	0.3911	0.3043	0.5263	0.1724	-0.3539
Chr7	2770103	snp	77	91	0.3826	0.2917	0.5065	0.1538	-0.3526
Chr7	2774478	snp	39	26	0.4487	0.3462	0.641	0.1538	-0.4872
Chr7	2774543	snp	67	52	0.3958	0.3063	0.4925	0.1538	-0.3387
Chr7	2775232	indel	83	53	0.3969	0.3021	0.5783	0.1698	-0.4085
Chr7	2775320	snp	100	92	0.3691	0.2843	0.48	0.1848	-0.2952
Chr7	2776669	snp	67	52	0.3958	0.3063	0.5821	0.1731	-0.409
Chr7	2776715	snp	83	59	0.3866	0.2996	0.5422	0.1356	-0.4066
Chr7	2794445	indel	86	63	0.3834	0.2977	0.5233	0.1587	-0.3645
Chr7	2795200	snp	75	76	0.3896	0.2981	0.44	0.0789	-0.3611
Chr7	2797582	indel	111	104	0.3727	0.2844	0.4865	0.2019	-0.2846
Chr7	2801699	snp	73	62	0.3922	0.2963	0.6712	0.1935	-0.4777
Chr7	2801758	snp	42	31	0.4493	0.3287	0.8095	0.3226	-0.4869
Chr7	2801811	snp	62	48	0.3999	0.3098	0.5645	0.25	-0.3145
Chr7	2802700	snp	69	43	0.4109	0.3151	0.5362	0.186	-0.3502
Chr7	2802736	snp	59	37	0.4178	0.3234	0.661	0.3243	-0.3367
Chr7	2803465	snp	76	66	0.3892	0.2994	0.6579	0.2879	-0.37
Chr7	2804052	snp	44	33	0.4318	0.3409	0.7045	0.1818	-0.5227
Chr7	2804078	indel	49	41	0.4385	0.336	0.6327	0.122	-0.5107
Chr7	2804223	snp	52	39	0.4231	0.3205	0.6538	0.2308	-0.4231
Chr7	2804296	indel	36	33	0.4545	0.3535	0.8333	0.4545	-0.3788
Chr7	2804335	snp	52	42	0.4212	0.3141	0.5769	0.2381	-0.3388
Chr7	2804711	indel	65	41	0.415	0.3212	0.7385	0.3415	-0.397
Chr7	2807849	snp	61	44	0.3994	0.3148	0.5082	0.1818	-0.3264
Chr7	2809202	snp	88	97	0.3847	0.2898	0.4545	0.1443	-0.3102
Chr7	2827184	snp	52	45	0.4021	0.3115	0.5577	0.2444	-0.3132
Chr7	2834268	indel	80	75	0.3733	0.2917	0.5125	0.2	-0.3125
Chr7	2835833	indel	106	73	0.3718	0.2905	0.4906	0.1507	-0.3399
Chr7	2837698	snp	54	69	0.3953	0.3076	0.4074	0.058	-0.3494
Chr7	2839018	snp	62	37	0.4128	0.316	0.4516	0.1081	-0.3435
Chr7	2839396	snp	45	24	0.4528	0.3417	0.4444	0.0	-0.4444
Chr7	2842993	indel	99	73	0.3841	0.2975	0.4545	0.1233	-0.3313
Chr7	2843019	indel	85	67	0.3956	0.2943	0.4235	0.0746	-0.3489
Chr7	2843996	snp	88	88	0.3864	0.2955	0.3523	0.0568	-0.2955
Chr7	2865962	snp	84	49	0.3963	0.3027	0.4048	0.102	-0.3027
Chr7	2930198	snp	78	70	0.3883	0.3026	0.5769	0.1857	-0.3912
Chr7	2940353	snp	91	73	0.3965	0.2976	0.4615	0.0959	-0.3656
Chr7	2966164	snp	85	85	0.3765	0.2941	0.4353	0.1176	-0.3176
Chr7	2969003	indel	71	66	0.3807	0.2951	0.4085	0.1061	-0.3024
Chr7	2970803	indel	93	98	0.3766	0.2908	0.4731	0.102	-0.3711
Chr7	2970925	snp	88	79	0.378	0.2923	0.4091	0.038	-0.3711
Chr7	2974270	snp	142	118	0.3725	0.278	0.4155	0.0932	-0.3223
Chr7	2979003	snp	92	76	0.3781	0.2889	0.4348	0.1447	-0.29
Chr7	2979430	snp	73	84	0.3891	0.2921	0.4658	0.1429	-0.3229
Chr7	2980319	snp	55	72	0.4109	0.3106	0.5273	0.2083	-0.3189
Chr7	2988225	snp	71	59	0.3903	0.3001	0.5211	0.2203	-0.3008
Chr7	2989348	snp	96	80	0.3792	0.2896	0.4688	0.075	-0.3937
Chr7	2989496	snp	89	83	0.3907	0.2974	0.4494	0.1325	-0.3169
Chr7	2990825	snp	79	47	0.3938	0.3092	0.5063	0.1915	-0.3148
Chr7	2991554	snp	83	63	0.3846	0.3014	0.4819	0.1587	-0.3232
Chr7	2991602	indel	69	75	0.3768	0.2968	0.4203	0.12	-0.3003
Chr7	2991654	snp	72	64	0.3924	0.2969	0.5	0.1094	-0.3906
Chr7	2992227	snp	81	70	0.3797	0.2926	0.5062	0.1571	-0.349
Chr7	3005156	snp	85	105	0.3899	0.293	0.5176	0.2	-0.3176
Chr7	3005360	snp	58	33	0.43	0.3307	0.5517	0.2121	-0.3396
Chr7	3005394	snp	54	23	0.4428	0.3502	0.6667	0.2174	-0.4493
Chr7	3008316	snp	42	31	0.4493	0.3287	0.7857	0.2581	-0.5276
Chr7	3008320	snp	43	29	0.4451	0.3416	0.7674	0.2759	-0.4916
Chr7	3008334	indel	42	33	0.4351	0.3442	0.7619	0.2727	-0.4892
Chr7	3009901	snp	88	73	0.3808	0.2922	0.4886	0.1918	-0.2969
Chr7	3010078	snp	70	79	0.3861	0.2982	0.5143	0.1646	-0.3497
Chr7	3010922	snp	55	47	0.4085	0.311	0.6909	0.3191	-0.3718
Chr7	3011340	snp	60	60	0.4167	0.3167	0.4667	0.15	-0.3167
Chr7	3011492	indel	83	81	0.4016	0.2911	0.4578	0.1605	-0.2973
Chr7	3012444	snp	68	34	0.4118	0.3088	0.6471	0.2941	-0.3529
Chr7	3014400	snp	71	83	0.3772	0.2985	0.4789	0.1566	-0.3222
Chr7	3014523	snp	56	45	0.4206	0.323	0.7321	0.3778	-0.3544
Chr7	3014667	snp	91	82	0.3799	0.2873	0.4835	0.1707	-0.3128
Chr7	3016888	indel	56	50	0.405	0.3143	0.5714	0.24	-0.3314
Chr7	3024211	snp	87	84	0.3777	0.2865	0.4943	0.119	-0.3752
Chr7	3041169	indel	41	35	0.4383	0.3317	0.4878	0.1143	-0.3735
Chr7	3084378	snp	52	43	0.4092	0.3202	0.5192	0.093	-0.4262
Chr7	3087372	snp	66	44	0.3939	0.3182	0.5303	0.1364	-0.3939
Chr7	3088537	snp	46	37	0.4313	0.3325	0.4348	0.0811	-0.3537
Chr7	3091068	snp	67	78	0.3917	0.3	0.3731	0.0385	-0.3347
Chr7	3092054	indel	80	65	0.3952	0.299	0.5125	0.1692	-0.3433
Chr7	3095446	indel	86	46	0.3959	0.3003	0.5	0.0217	-0.4783
Chr7	3098840	indel	95	70	0.3774	0.2955	0.5474	0.1857	-0.3617
Chr7	3098842	snp	96	79	0.3674	0.2853	0.4375	0.1139	-0.3236
Chr7	3101692	snp	71	67	0.3809	0.3004	0.6056	0.2687	-0.337
Chr7	3102791	indel	71	53	0.3933	0.3037	0.4648	0.1132	-0.3516
Chr7	3110368	snp	67	48	0.4129	0.3141	0.4478	0.1042	-0.3436
Chr7	3115562	indel	89	93	0.3814	0.2906	0.5169	0.1935	-0.3233
Chr7	3124872	snp	77	106	0.3807	0.2884	0.4416	0.1132	-0.3284
Chr7	3127837	snp	60	25	0.4467	0.34	0.5167	0.08	-0.4367
Chr7	3127870	snp	62	27	0.4277	0.3327	0.5806	0.1111	-0.4695
Chr7	3130970	snp	43	46	0.4196	0.3266	0.7209	0.2391	-0.4818
Chr7	3131050	snp	62	43	0.407	0.314	0.5968	0.186	-0.4107
Chr7	3132147	snp	62	50	0.4097	0.3135	0.4194	0.1	-0.3194
Chr7	3132525	snp	88	77	0.3912	0.2955	0.375	0.039	-0.336
Chr7	3132603	indel	105	93	0.3905	0.2952	0.4667	0.0645	-0.4022
Chr7	3134068	snp	65	49	0.3959	0.3039	0.4462	0.102	-0.3441
Chr7	3141359	snp	59	56	0.3977	0.3057	0.5254	0.2143	-0.3111
Chr7	3145699	snp	65	42	0.3982	0.3198	0.6615	0.3333	-0.3282
Chr7	3154460	snp	73	80	0.3784	0.2885	0.4795	0.1375	-0.342
Chr7	3156725	indel	94	70	0.3915	0.2951	0.4255	0.1286	-0.297
Chr7	3158731	snp	76	47	0.3863	0.3082	0.4079	0.0851	-0.3228
Chr7	3159655	indel	78	72	0.3825	0.2917	0.4103	0.1111	-0.2991
Chr7	3160958	snp	106	84	0.3816	0.2848	0.4906	0.1548	-0.3358
Chr7	3161065	indel	104	87	0.3686	0.2858	0.4519	0.1494	-0.3025
Chr7	3162997	snp	89	82	0.3872	0.2923	0.4831	0.1829	-0.3002
Chr7	3164850	snp	104	102	0.3678	0.2832	0.4423	0.1569	-0.2854
Chr7	3169229	snp	36	30	0.4722	0.3556	0.5	0.0667	-0.4333
Chr7	3172008	snp	99	83	0.3876	0.2955	0.4646	0.1566	-0.308
Chr7	3177326	snp	87	80	0.3856	0.2897	0.4368	0.1125	-0.3243
Chr7	3179219	snp	63	81	0.3915	0.2998	0.4286	0.1111	-0.3175
Chr7	3180365	snp	21	27	0.4921	0.381	0.6667	0.2222	-0.4444
Chr7	3180373	indel	20	25	0.48	0.38	0.65	0.24	-0.41
Chr7	3180766	snp	56	15	0.4881	0.3762	0.7143	0.3333	-0.381
Chr7	3180932	snp	88	57	0.3969	0.305	0.4659	0.0702	-0.3957
Chr7	3180946	indel	94	70	0.3915	0.2951	0.4787	0.0857	-0.393
Chr7	3187612	snp	66	63	0.3997	0.3074	0.5152	0.1111	-0.404
Chr7	3188298	snp	37	25	0.4638	0.3557	0.6486	0.2	-0.4486
Chr7	3188311	indel	42	24	0.4405	0.3452	0.5952	0.2083	-0.3869
Chr7	3222648	snp	67	46	0.4108	0.3076	0.5224	0.1957	-0.3267
Chr7	3224476	indel	93	82	0.3841	0.2872	0.5054	0.0976	-0.4078
Chr7	3224657	indel	72	58	0.3803	0.3051	0.375	0.069	-0.306
Chr7	3225994	snp	53	38	0.4161	0.3217	0.7547	0.2895	-0.4652
Chr7	3226816	snp	73	62	0.3922	0.2963	0.5205	0.1935	-0.327
Chr7	3230891	indel	84	60	0.4	0.3048	0.4643	0.0833	-0.381
Chr7	3281239	snp	82	53	0.3778	0.2957	0.4878	0.1698	-0.318
Chr7	3286533	snp	68	50	0.4047	0.3112	0.5294	0.2	-0.3294
Chr7	3287824	snp	48	29	0.4325	0.342	0.8333	0.4828	-0.3506
Chr7	3288069	snp	54	38	0.424	0.3294	0.6481	0.2368	-0.4113
Chr7	3288432	snp	44	27	0.4478	0.3426	0.8409	0.4815	-0.3594
Chr7	3289008	snp	58	55	0.4016	0.3078	0.5517	0.1636	-0.3881
Chr7	3290025	snp	59	44	0.4102	0.3147	0.6271	0.2045	-0.4226
Chr7	3290688	indel	86	74	0.3796	0.2901	0.3488	0.0541	-0.2948
Chr7	3290689	snp	84	72	0.3869	0.2996	0.4167	0.1111	-0.3056
Chr7	3290689	indel	87	74	0.3835	0.2957	0.5057	0.1892	-0.3166
Chr7	3290910	indel	105	98	0.3728	0.2891	0.581	0.2551	-0.3259
Chr7	3304623	snp	42	39	0.4267	0.3352	0.7381	0.2821	-0.456
Chr7	3306576	indel	95	98	0.3603	0.284	0.4	0.1122	-0.2878
Chr7	3309037	snp	73	62	0.3922	0.2963	0.6027	0.2742	-0.3285
Chr7	3311688	snp	71	63	0.3921	0.2987	0.507	0.1587	-0.3483
Chr7	3313961	snp	86	72	0.376	0.2923	0.5581	0.2083	-0.3498
Chr7	3314261	snp	67	39	0.4152	0.3215	0.7164	0.2564	-0.46
Chr7	3314282	snp	61	31	0.4151	0.3316	0.7213	0.2903	-0.431
Chr7	3314784	snp	76	61	0.3926	0.3037	0.5526	0.1475	-0.4051
Chr7	3314918	snp	64	50	0.405	0.3181	0.75	0.38	-0.37
Chr7	3315332	snp	36	25	0.4578	0.3467	0.8056	0.4	-0.4056
Chr7	3315337	snp	35	24	0.4512	0.3655	0.8	0.4167	-0.3833
Chr7	3315558	snp	52	45	0.4021	0.3115	0.6923	0.3333	-0.359
Chr7	3315562	snp	51	49	0.4218	0.3205	0.6667	0.3061	-0.3605
Chr7	3315978	snp	67	48	0.4129	0.3141	0.5373	0.2083	-0.329
Chr7	3316179	snp	53	35	0.4216	0.3186	0.7925	0.4571	-0.3353
Chr7	3317414	snp	86	72	0.376	0.2923	0.4884	0.1667	-0.3217
Chr7	3317577	snp	56	46	0.4115	0.3191	0.6071	0.1087	-0.4984
Chr7	3318263	snp	57	40	0.4241	0.3189	0.614	0.275	-0.339
Chr7	3320104	snp	85	86	0.3804	0.2978	0.4353	0.1163	-0.319
Chr7	3320859	snp	93	75	0.3888	0.2955	0.5914	0.1467	-0.4447
Chr7	3321633	snp	91	69	0.381	0.3	0.4725	0.1449	-0.3276
Chr7	3323330	snp	70	57	0.3965	0.3018	0.5	0.1754	-0.3246
Chr7	3323519	snp	64	71	0.3853	0.3008	0.5625	0.2535	-0.309
Chr7	3327391	indel	129	102	0.3602	0.2848	0.5581	0.2255	-0.3326
Chr7	3332800	indel	79	45	0.3975	0.3091	0.519	0.1778	-0.3412
Chr7	3333530	snp	68	78	0.3797	0.2971	0.5	0.1154	-0.3846
Chr7	3336990	snp	102	71	0.3709	0.2887	0.4216	0.1268	-0.2948
Chr7	3341430	indel	114	94	0.372	0.2856	0.5877	0.234	-0.3537
Chr7	3347898	snp	80	86	0.3843	0.2956	0.4875	0.1279	-0.3596
Chr7	3349900	snp	85	62	0.4008	0.3013	0.5412	0.1935	-0.3476
Chr7	3350714	snp	58	29	0.431	0.3448	0.5345	0.1724	-0.3621
Chr7	3353977	snp	94	73	0.3917	0.2989	0.5	0.1507	-0.3493
Chr7	3354954	snp	35	32	0.4563	0.3473	0.5714	0.125	-0.4464
Chr7	3355511	indel	93	61	0.3915	0.3004	0.5376	0.2131	-0.3245
Chr7	3356408	snp	85	77	0.3824	0.2923	0.5647	0.2597	-0.305
Chr7	3356752	snp	62	27	0.4277	0.3327	0.6613	0.2963	-0.365
Chr7	3356901	snp	70	40	0.4179	0.3143	0.6143	0.3	-0.3143
Chr7	3357932	indel	66	52	0.4184	0.3054	0.3939	0.0385	-0.3555
Chr7	3359787	indel	96	99	0.364	0.2822	0.4583	0.1212	-0.3371
Chr7	3360151	snp	66	51	0.4046	0.3119	0.4697	0.1569	-0.3128
Chr7	3360199	indel	82	69	0.3931	0.2923	0.4512	0.087	-0.3643
Chr7	3360236	snp	84	67	0.3889	0.2964	0.4881	0.1045	-0.3836
Chr7	3360303	snp	73	75	0.389	0.2972	0.4521	0.1333	-0.3187
Chr7	3360554	snp	57	58	0.3911	0.3043	0.6491	0.3103	-0.3388
Chr7	3362940	indel	85	65	0.3846	0.2941	0.5412	0.1077	-0.4335
Chr7	3364464	snp	86	77	0.3798	0.2908	0.4302	0.1299	-0.3004
Chr7	3364729	indel	117	59	0.378	0.2934	0.4701	0.0847	-0.3853
Chr7	3365149	snp	96	102	0.3621	0.2825	0.4375	0.1471	-0.2904
Chr7	3368617	snp	49	55	0.4212	0.3147	0.3469	0.0182	-0.3288
Chr7	3373036	snp	115	97	0.3658	0.2875	0.4783	0.1134	-0.3649
Chr7	3373156	snp	120	113	0.3736	0.2824	0.4083	0.1239	-0.2844
Chr7	3375146	snp	101	115	0.3713	0.2861	0.4851	0.1913	-0.2938
Chr7	3379309	snp	93	95	0.3744	0.2877	0.5054	0.0947	-0.4106
Chr7	3380056	snp	59	36	0.4157	0.3216	0.6271	0.2778	-0.3493
Chr7	3380599	snp	68	50	0.4047	0.3112	0.6029	0.28	-0.3229
Chr7	3381366	snp	81	59	0.3848	0.3061	0.5309	0.1525	-0.3783
Chr7	3381443	snp	87	50	0.4046	0.3037	0.5172	0.16	-0.3572
Chr7	3382344	snp	99	43	0.409	0.3058	0.5051	0.1628	-0.3423
Chr7	3386241	snp	77	74	0.3807	0.2948	0.5844	0.2432	-0.3412
Chr7	3386312	snp	73	66	0.3977	0.3026	0.6027	0.2576	-0.3452
Chr7	3389304	snp	53	30	0.4314	0.327	0.717	0.3667	-0.3503
Chr7	3389416	snp	69	59	0.4026	0.3058	0.4928	0.1525	-0.3402
Chr7	3403329	snp	63	59	0.3955	0.3129	0.5714	0.2542	-0.3172
Chr7	3404496	snp	45	55	0.4141	0.3152	0.5778	0.2364	-0.3414
Chr7	3406997	indel	107	86	0.3654	0.2915	0.5234	0.2209	-0.3024
Chr7	3409265	snp	63	29	0.4226	0.3246	0.7778	0.3793	-0.3985
Chr7	3409550	snp	73	52	0.4075	0.3061	0.5068	0.1923	-0.3145
Chr7	3414741	snp	51	43	0.4181	0.3288	0.6667	0.3023	-0.3643
Chr7	3421448	snp	51	38	0.4298	0.3246	0.5294	0.1842	-0.3452
Chr7	3449730	snp	79	59	0.3948	0.3066	0.4937	0.1695	-0.3242
Chr7	3451886	snp	52	25	0.4508	0.3515	0.6346	0.24	-0.3946
Chr7	3459173	snp	102	82	0.3757	0.2929	0.5	0.1585	-0.3415
Chr7	3459348	snp	55	44	0.4	0.3182	0.7636	0.25	-0.5136
Chr7	3459354	snp	53	38	0.4161	0.3217	0.7736	0.2632	-0.5104
Chr7	3463287	snp	71	67	0.3809	0.3004	0.4225	0.1194	-0.3031
Chr7	3463324	indel	79	78	0.3901	0.2882	0.443	0.1538	-0.2892
Chr7	3465207	snp	90	82	0.3832	0.2911	0.4778	0.1463	-0.3314
Chr7	3467678	snp	78	91	0.3736	0.2949	0.4615	0.1429	-0.3187
Chr7	3467889	snp	81	86	0.3781	0.2924	0.5309	0.1279	-0.403
Chr7	3480897	snp	97	95	0.373	0.2817	0.5361	0.2526	-0.2835
Chr7	3486130	snp	59	51	0.3981	0.3081	0.6441	0.2745	-0.3696
Chr7	3500518	snp	59	46	0.4053	0.3084	0.4237	0.1087	-0.315
Chr7	3500780	indel	88	61	0.3778	0.2958	0.4432	0.0984	-0.3448
Chr7	3516878	snp	99	92	0.3755	0.2902	0.4343	0.1304	-0.3039
Chr7	3523778	indel	83	89	0.3907	0.2974	0.4578	0.1236	-0.3342
Chr7	3530764	snp	16	20	0.55	0.425	0.875	0.4	-0.475
Chr7	3530770	snp	18	24	0.5139	0.4028	0.8333	0.375	-0.4583
Chr7	3582527	indel	50	44	0.4164	0.3164	0.46	0.1364	-0.3236
Chr7	3589592	snp	58	51	0.3979	0.307	0.5345	0.1765	-0.358
Chr7	3589644	snp	60	48	0.4042	0.3083	0.5667	0.2083	-0.3583
Chr7	3589844	snp	56	40	0.4071	0.3214	0.5	0.15	-0.35
Chr7	3589947	snp	32	20	0.475	0.3625	0.9062	0.35	-0.5563
Chr7	3590304	snp	101	76	0.3868	0.2884	0.4455	0.1316	-0.314
Chr7	3590689	snp	44	39	0.4225	0.3316	0.6136	0.2821	-0.3316
Chr7	3590789	snp	60	38	0.4149	0.3219	0.55	0.2105	-0.3395
Chr7	3591672	snp	52	41	0.4151	0.3227	0.7692	0.4146	-0.3546
Chr7	3592157	snp	82	63	0.3887	0.2985	0.5122	0.2063	-0.3058
Chr7	3592215	snp	52	30	0.4346	0.3295	0.75	0.4	-0.35
Chr7	3592314	snp	82	62	0.393	0.2994	0.5732	0.1613	-0.4119
Chr7	3592527	snp	100	87	0.3726	0.2932	0.42	0.1149	-0.3051
Chr7	3593721	snp	100	62	0.3819	0.29	0.48	0.1452	-0.3348
Chr7	3594054	snp	81	75	0.3857	0.2943	0.4691	0.1333	-0.3358
Chr7	3594215	snp	61	42	0.4028	0.3134	0.5082	0.1905	-0.3177
Chr7	3594259	snp	51	28	0.4433	0.3417	0.6275	0.2143	-0.4132
Chr7	3594368	snp	58	36	0.4157	0.3257	0.7759	0.4167	-0.3592
Chr7	3595739	indel	69	73	0.3919	0.3081	0.5217	0.2055	-0.3163
Chr7	3595809	snp	45	39	0.4291	0.3265	0.8667	0.3333	-0.5333
Chr7	3595816	snp	45	36	0.4333	0.3333	0.8889	0.3611	-0.5278
Chr7	3596091	snp	65	54	0.3991	0.31	0.5385	0.1667	-0.3718
Chr7	3596907	snp	91	84	0.3645	0.2857	0.4725	0.1548	-0.3178
Chr7	3600983	snp	81	60	0.4043	0.3037	0.5926	0.25	-0.3426
Chr7	3601578	snp	103	85	0.3758	0.2887	0.4854	0.1412	-0.3443
Chr7	3601914	snp	61	34	0.4306	0.3259	0.5574	0.2059	-0.3515
Chr7	3602515	snp	46	42	0.4182	0.3271	0.6957	0.3571	-0.3385
Chr7	3603083	snp	56	41	0.4037	0.3079	0.7143	0.2439	-0.4704
Chr7	3604589	snp	111	93	0.3772	0.2883	0.5315	0.1398	-0.3917
Chr7	3605741	snp	67	52	0.3958	0.3063	0.5373	0.1923	-0.345
Chr7	3607122	snp	56	57	0.4154	0.3108	0.5179	0.1754	-0.3424
Chr7	3608402	snp	66	71	0.3807	0.2951	0.6061	0.2535	-0.3525
Chr7	3609396	snp	53	32	0.4163	0.3284	0.8302	0.4375	-0.3927
Chr7	3609398	snp	55	31	0.4328	0.332	0.8	0.4194	-0.3806
Chr7	3610460	snp	70	40	0.4179	0.3143	0.5714	0.1	-0.4714
Chr7	3610803	snp	79	55	0.4037	0.3096	0.481	0.1091	-0.3719
Chr7	3610904	snp	75	62	0.3953	0.3069	0.48	0.1613	-0.3187
Chr7	3611092	snp	89	58	0.3803	0.3001	0.4607	0.1379	-0.3227
Chr7	3611641	snp	57	49	0.41	0.3165	0.7018	0.3265	-0.3752
Chr7	3611696	snp	37	22	0.4656	0.3587	0.8919	0.4091	-0.4828
Chr7	3612218	indel	55	47	0.4085	0.311	0.6909	0.2553	-0.4356
Chr7	3612260	snp	75	73	0.389	0.2972	0.5467	0.1644	-0.3823
Chr7	3612492	snp	101	83	0.3712	0.2856	0.4653	0.1566	-0.3087
Chr7	3613788	snp	41	30	0.4472	0.3407	0.7805	0.3667	-0.4138
Chr7	3614298	snp	57	46	0.4092	0.3146	0.6491	0.3261	-0.323
Chr7	3615103	snp	73	46	0.4014	0.3097	0.6438	0.3043	-0.3395
Chr7	3615896	snp	94	68	0.377	0.2935	0.4894	0.1912	-0.2982
Chr7	3616794	snp	75	90	0.3711	0.2933	0.5733	0.1667	-0.4067
Chr7	3617167	snp	75	53	0.3947	0.3026	0.4533	0.1321	-0.3213
Chr7	3627357	snp	71	53	0.3933	0.3037	0.6197	0.2453	-0.3744
Chr7	3627381	indel	49	50	0.4147	0.3135	0.898	0.36	-0.538
Chr7	3627416	snp	64	62	0.4103	0.3155	0.625	0.2903	-0.3347
Chr7	3627454	indel	67	69	0.3844	0.3067	0.5373	0.2029	-0.3344
Chr7	3629228	snp	77	65	0.396	0.2955	0.5455	0.1385	-0.407
Chr7	3630668	snp	68	64	0.4044	0.3051	0.5	0.1406	-0.3594
Chr7	3631665	snp	59	42	0.4189	0.3208	0.6102	0.2857	-0.3245
Chr7	3635845	indel	32	30	0.475	0.3563	0.5938	0.2333	-0.3604
Chr7	3635938	snp	33	29	0.4598	0.3521	0.8182	0.3448	-0.4734
Chr7	3635974	indel	38	35	0.4316	0.3391	0.7105	0.3714	-0.3391
Chr7	3638764	snp	70	55	0.4091	0.3169	0.5	0.1818	-0.3182
Chr7	3639189	snp	109	64	0.3885	0.2974	0.4862	0.1094	-0.3769
Chr7	3639315	snp	82	45	0.3883	0.3073	0.5854	0.2444	-0.3409
Chr7	3639338	snp	76	40	0.4013	0.3079	0.5658	0.225	-0.3408
Chr7	3643030	snp	70	59	0.3923	0.2949	0.4571	0.1186	-0.3385
Chr7	3644211	snp	63	52	0.409	0.308	0.5079	0.1923	-0.3156
Chr7	3644911	snp	82	68	0.3985	0.2934	0.439	0.1324	-0.3067
Chr7	3645606	snp	64	49	0.4161	0.3128	0.5	0.102	-0.398
Chr7	3647933	indel	45	31	0.4351	0.3319	0.6	0.0968	-0.5032
Chr7	3652376	snp	64	58	0.4009	0.3098	0.6406	0.2759	-0.3648
Chr7	3652458	snp	64	54	0.4126	0.3084	0.7656	0.2593	-0.5064
Chr7	3652474	indel	65	63	0.3927	0.3028	0.7846	0.3016	-0.483
Chr7	3654077	indel	59	67	0.3795	0.3008	0.661	0.3134	-0.3476
Chr7	3654381	snp	42	26	0.4505	0.3443	0.8333	0.3077	-0.5256
Chr7	3654401	snp	38	20	0.4895	0.3579	0.8684	0.45	-0.4184
Chr7	3654808	snp	47	36	0.4196	0.3245	0.6383	0.2778	-0.3605
Chr7	3654959	indel	64	47	0.4036	0.3102	0.625	0.2979	-0.3271
Chr7	3655001	snp	52	43	0.4092	0.3202	0.6923	0.2791	-0.4132
Chr7	3655049	snp	45	31	0.4351	0.3319	0.7778	0.3871	-0.3907
Chr7	3660847	snp	51	67	0.3989	0.3102	0.549	0.2388	-0.3102
Chr7	3661943	snp	42	37	0.4247	0.3346	0.4524	0.1081	-0.3443
Chr7	3662256	snp	47	39	0.4157	0.3262	0.7021	0.2821	-0.4201
Chr7	3662306	indel	37	22	0.4656	0.3587	0.7297	0.3636	-0.3661
Chr7	3666346	snp	107	87	0.3762	0.2893	0.4579	0.1149	-0.343
Chr7	3673119	snp	102	68	0.3824	0.2941	0.4902	0.1029	-0.3873
Chr7	3678442	indel	142	142	0.3662	0.2817	0.6338	0.2958	-0.338
Chr7	3679105	indel	135	125	0.3668	0.2785	0.6296	0.264	-0.3656
Chr7	3694663	snp	141	135	0.3639	0.2788	0.461	0.1704	-0.2906
Chr7	3698205	snp	164	131	0.3502	0.2708	0.4695	0.145	-0.3245
Chr7	3699370	snp	164	173	0.3599	0.2684	0.4024	0.1329	-0.2695
Chr7	3705031	snp	73	99	0.3841	0.2975	0.6438	0.3434	-0.3004
Chr7	3707395	snp	162	166	0.3545	0.2786	0.4259	0.1386	-0.2874
Chr7	3713424	indel	93	74	0.3774	0.2938	0.6559	0.3514	-0.3046
Chr7	3713678	indel	95	94	0.3754	0.291	0.5053	0.1915	-0.3138
Chr7	3713984	snp	144	115	0.3796	0.2823	0.6111	0.2435	-0.3676
Chr7	3714291	snp	103	88	0.3827	0.2963	0.6408	0.3295	-0.3112
Chr7	3714778	snp	132	78	0.3753	0.2855	0.5985	0.2692	-0.3293
Chr7	3717907	snp	37	26	0.4563	0.3524	0.5405	0.1154	-0.4252
Chr7	3717914	snp	40	25	0.46	0.345	0.6	0.12	-0.48
Chr7	3719846	snp	49	26	0.4341	0.3297	0.7959	0.3462	-0.4498
Chr7	3722377	snp	77	46	0.393	0.3058	0.5455	0.2391	-0.3063
Chr7	3723545	indel	106	74	0.371	0.2861	0.8113	0.4459	-0.3654
Chr7	3723561	snp	118	73	0.3746	0.2906	0.7542	0.3836	-0.3707
Chr7	3725675	snp	140	105	0.3667	0.2833	0.7143	0.381	-0.3333
Chr7	3726102	snp	116	57	0.3825	0.296	0.6897	0.2807	-0.409
Chr7	3726741	indel	126	102	0.3711	0.2871	0.7381	0.3529	-0.3852
Chr7	3726978	indel	140	96	0.3661	0.281	0.6286	0.3333	-0.2952
Chr7	3727210	snp	108	70	0.3825	0.2979	0.5278	0.2286	-0.2992
Chr7	3727241	indel	121	96	0.3796	0.2851	0.4628	0.1771	-0.2857
Chr7	3727431	snp	75	65	0.3856	0.2995	0.4267	0.1077	-0.319
Chr7	3730757	snp	40	30	0.45	0.3417	0.8	0.3667	-0.4333
Chr7	3731023	indel	66	64	0.401	0.3063	0.5152	0.1875	-0.3277
Chr7	3731105	snp	45	43	0.4088	0.3178	0.6	0.2326	-0.3674
Chr7	3731143	snp	35	34	0.4227	0.3353	0.6	0.2353	-0.3647
Chr7	3731769	snp	65	29	0.4244	0.3284	0.6615	0.2759	-0.3857
Chr7	3731770	snp	65	31	0.4203	0.3236	0.6462	0.2903	-0.3558
Chr7	3731904	snp	98	76	0.3912	0.2962	0.4388	0.1184	-0.3204
Chr7	3732367	snp	71	53	0.3933	0.3037	0.7606	0.3396	-0.4209
Chr7	3732373	snp	69	49	0.404	0.3138	0.7826	0.3673	-0.4153
Chr7	3732503	snp	96	73	0.3823	0.293	0.6042	0.1918	-0.4124
Chr7	3732936	snp	52	48	0.4038	0.3157	0.6154	0.2292	-0.3862
Chr7	3732981	indel	69	66	0.3966	0.3024	0.5652	0.2121	-0.3531
Chr7	3733131	snp	36	45	0.4333	0.3333	0.8611	0.4222	-0.4389
Chr7	3733855	snp	45	37	0.4312	0.3327	0.8	0.3784	-0.4216
Chr7	3733870	snp	39	39	0.4359	0.3333	0.7949	0.3846	-0.4103
Chr7	3735331	snp	67	43	0.4176	0.3145	0.6866	0.2791	-0.4075
Chr7	3739126	snp	74	71	0.3911	0.3028	0.5405	0.1549	-0.3856
Chr7	3739182	snp	54	32	0.4306	0.3345	0.6852	0.25	-0.4352
Chr7	3739358	indel	61	39	0.4136	0.3203	0.7377	0.3846	-0.3531
Chr7	3742705	snp	29	38	0.4528	0.3475	0.4828	0.0526	-0.4301
Chr7	3742727	indel	36	43	0.4335	0.3359	0.4722	0.0698	-0.4025
Chr7	3745892	indel	66	87	0.3762	0.2957	0.5	0.1839	-0.3161
Chr7	3745934	indel	73	87	0.379	0.2937	0.5342	0.2299	-0.3044
Chr7	3745940	snp	70	80	0.3875	0.2982	0.5286	0.1625	-0.3661
Chr7	3746845	indel	70	56	0.4	0.3036	0.5286	0.1429	-0.3857
Chr7	3749359	snp	86	92	0.3802	0.2932	0.4651	0.163	-0.3021
Chr7	3749509	indel	95	72	0.3917	0.302	0.4632	0.0833	-0.3798
Chr7	3749564	snp	73	54	0.3935	0.3049	0.4521	0.0741	-0.378
Chr7	3754226	indel	69	65	0.4062	0.3137	0.6232	0.1846	-0.4386
Chr7	3757982	snp	72	51	0.406	0.2998	0.5556	0.1765	-0.3791
Chr7	3758024	indel	82	57	0.3945	0.3032	0.4878	0.1754	-0.3124
Chr7	3760890	indel	91	62	0.4006	0.2958	0.5055	0.2097	-0.2958
Chr7	3764619	snp	108	59	0.3894	0.3013	0.4722	0.1525	-0.3197
Chr7	3766868	snp	80	70	0.3875	0.2982	0.5375	0.1143	-0.4232
Chr7	3768379	indel	70	60	0.3905	0.3048	0.5714	0.2333	-0.3381
Chr7	3768930	snp	85	58	0.3813	0.2935	0.5176	0.1724	-0.3452
Chr7	3769228	snp	36	25	0.4578	0.3467	0.6111	0.2	-0.4111
Chr7	3778966	snp	50	50	0.42	0.32	0.54	0.14	-0.4
Chr7	3779183	indel	69	63	0.3885	0.303	0.5942	0.2698	-0.3244
Chr7	3781117	indel	95	88	0.3652	0.2801	0.4211	0.0909	-0.3301
Chr7	3783844	snp	106	95	0.3943	0.2884	0.4151	0.1263	-0.2888
Chr7	3784772	snp	105	75	0.3867	0.2876	0.4571	0.12	-0.3371
Chr7	3790010	indel	101	86	0.3727	0.2878	0.4554	0.1628	-0.2927
Chr7	3793669	snp	55	68	0.4003	0.3094	0.4	0.0882	-0.3118
Chr7	3793723	snp	57	47	0.4225	0.3251	0.4035	0.0426	-0.361
Chr7	3821158	snp	61	75	0.3921	0.3019	0.3607	0.0267	-0.334
Chr7	3826173	snp	83	58	0.4076	0.3041	0.4458	0.1379	-0.3079
Chr7	3828133	snp	69	94	0.3716	0.2905	0.5217	0.1383	-0.3834
Chr7	3835492	snp	102	85	0.3882	0.3039	0.5392	0.1765	-0.3627
Chr7	3838433	indel	88	72	0.3876	0.2917	0.5795	0.2083	-0.3712
Chr7	3838482	snp	83	68	0.3871	0.2939	0.506	0.2059	-0.3001
Chr7	3839615	snp	89	112	0.3643	0.2873	0.4831	0.125	-0.3581
Chr7	3840495	indel	122	114	0.3609	0.2839	0.4836	0.1667	-0.3169
Chr7	3842623	indel	76	50	0.4026	0.3053	0.5658	0.26	-0.3058
Chr7	3843849	snp	90	73	0.3782	0.2883	0.4556	0.1507	-0.3049
Chr7	3847618	snp	82	75	0.3896	0.2917	0.4756	0.0933	-0.3823
Chr7	3850965	snp	97	91	0.3644	0.2833	0.5052	0.2088	-0.2964
Chr7	3855678	snp	62	52	0.4014	0.312	0.5	0.1538	-0.3462
Chr7	3857455	snp	90	78	0.3829	0.2991	0.5111	0.1282	-0.3829
Chr7	3857698	snp	89	69	0.3858	0.2973	0.4831	0.1739	-0.3092
Chr7	3857958	snp	93	70	0.3776	0.2951	0.5054	0.1286	-0.3768
Chr7	3858574	snp	83	64	0.3934	0.302	0.4337	0.125	-0.3087
Chr7	3859033	snp	110	77	0.3727	0.2818	0.4727	0.1039	-0.3688
Chr7	3860208	snp	97	82	0.3867	0.2948	0.4948	0.1463	-0.3485
Chr7	3860910	indel	101	75	0.3856	0.2973	0.5149	0.1867	-0.3282
Chr7	3864306	snp	98	100	0.382	0.2906	0.5306	0.16	-0.3706
Chr7	3872736	snp	59	70	0.3923	0.2949	0.4407	0.1286	-0.3121
Chr7	3873471	snp	126	83	0.3734	0.2893	0.4444	0.1446	-0.2999
Chr7	3873694	snp	103	97	0.3679	0.2806	0.4078	0.1031	-0.3047
Chr7	3898874	snp	89	89	0.3708	0.2921	0.4607	0.1573	-0.3034
Chr7	3899985	snp	58	34	0.4178	0.3245	0.8621	0.3824	-0.4797
Chr7	3901122	snp	65	56	0.3887	0.2964	0.5692	0.25	-0.3192
Chr7	3902108	snp	40	21	0.4798	0.3619	0.775	0.381	-0.394
Chr7	3902267	snp	49	35	0.4245	0.3306	0.6327	0.2286	-0.4041
Chr7	3904322	snp	56	39	0.419	0.3205	0.8036	0.4359	-0.3677
Chr7	3904385	snp	76	72	0.3801	0.2931	0.5526	0.1944	-0.3582
Chr7	3904554	indel	108	97	0.3829	0.2865	0.4722	0.1753	-0.297
Chr7	3904640	snp	71	68	0.3838	0.3065	0.5634	0.25	-0.3134
Chr7	3905363	snp	53	28	0.4313	0.3329	0.5472	0.2143	-0.3329
Chr7	3905566	snp	67	47	0.3992	0.3144	0.6119	0.2128	-0.3992
Chr7	3905618	snp	38	21	0.4724	0.3609	0.8421	0.3333	-0.5088
Chr7	3905683	snp	37	35	0.4409	0.339	0.4595	0.0571	-0.4023
Chr7	3905727	indel	49	42	0.415	0.3231	0.5714	0.1667	-0.4048
Chr7	3905802	snp	51	28	0.4433	0.3417	0.8235	0.4286	-0.395
Chr7	3906781	indel	48	34	0.435	0.3309	0.8333	0.4118	-0.4216
Chr7	3906923	snp	54	38	0.424	0.3294	0.6852	0.3421	-0.3431
Chr7	3910495	snp	41	60	0.4138	0.3228	0.5854	0.2	-0.3854
Chr7	3910586	snp	34	28	0.4622	0.3487	0.8824	0.5	-0.3824
Chr7	3911226	snp	96	79	0.3674	0.2853	0.5729	0.1646	-0.4084
Chr7	3916126	snp	74	80	0.3953	0.3007	0.3919	0.075	-0.3169
Chr7	3918870	indel	116	103	0.3659	0.2809	0.4224	0.1068	-0.3156
Chr7	3925503	snp	76	58	0.3911	0.3008	0.5789	0.2069	-0.3721
Chr7	3925550	snp	57	33	0.4258	0.3333	0.7544	0.2727	-0.4817
Chr7	3925554	snp	58	32	0.4159	0.3147	0.7931	0.25	-0.5431
Chr7	3925705	snp	54	25	0.4422	0.3467	0.7963	0.44	-0.3563
Chr7	3925716	snp	45	23	0.4502	0.3411	0.8444	0.4783	-0.3662
Chr7	3927704	snp	97	97	0.3711	0.2887	0.5155	0.2268	-0.2887
Chr7	3927921	snp	64	37	0.4215	0.3205	0.6094	0.2432	-0.3661
Chr7	3928371	snp	78	94	0.3753	0.2919	0.4872	0.1489	-0.3382
Chr7	3931145	snp	48	38	0.4243	0.33	0.8542	0.4211	-0.4331
Chr7	3931574	snp	88	65	0.3895	0.2946	0.4773	0.1385	-0.3388
Chr7	3931964	snp	72	77	0.3885	0.303	0.5	0.1948	-0.3052
Chr7	3932093	snp	73	64	0.3938	0.3022	0.5753	0.1562	-0.4191
Chr7	3934331	snp	75	59	0.3713	0.2963	0.52	0.1864	-0.3336
Chr7	3938043	snp	54	61	0.3922	0.3139	0.5741	0.2459	-0.3282
Chr7	3938165	snp	51	34	0.4118	0.3235	0.7843	0.2647	-0.5196
Chr7	3938169	snp	53	36	0.4214	0.3249	0.7736	0.25	-0.5236
Chr7	3939166	snp	80	97	0.3885	0.2979	0.5125	0.134	-0.3785
Chr7	3940098	snp	76	30	0.4167	0.3237	0.5526	0.2	-0.3526
Chr7	3942520	snp	73	73	0.3836	0.3014	0.4932	0.137	-0.3562
Chr7	3944623	snp	80	85	0.3949	0.2993	0.5	0.2	-0.3
Chr7	3946611	snp	44	37	0.4441	0.3292	0.6818	0.3514	-0.3305
Chr7	3946808	snp	36	26	0.453	0.3526	0.9167	0.4615	-0.4551
Chr7	3946826	snp	47	37	0.4204	0.3255	0.766	0.3784	-0.3876
Chr7	3946980	snp	99	81	0.3793	0.2907	0.4545	0.1481	-0.3064
Chr7	3948920	snp	73	50	0.3901	0.3068	0.4384	0.1	-0.3384
Chr7	3950483	snp	75	67	0.3885	0.2951	0.6667	0.3433	-0.3234
Chr7	3951086	snp	79	60	0.3981	0.3004	0.6835	0.3333	-0.3502
Chr7	3952529	indel	55	64	0.4045	0.3108	0.5455	0.1875	-0.358
Chr7	3955101	snp	81	91	0.3822	0.2876	0.5432	0.1099	-0.4333
Chr7	3955318	snp	46	35	0.4373	0.3335	0.8261	0.4571	-0.3689
Chr7	3960195	indel	62	63	0.392	0.3103	0.5806	0.254	-0.3267
Chr7	4004004	snp	57	32	0.4265	0.3289	0.4912	0.1562	-0.335
Chr7	4005385	snp	68	42	0.4132	0.3172	0.7794	0.3095	-0.4699
Chr7	4005386	snp	69	41	0.4083	0.3107	0.7536	0.3171	-0.4366
Chr7	4006027	snp	53	35	0.4216	0.3186	0.6792	0.3429	-0.3364
Chr7	4006042	snp	45	30	0.4444	0.3444	0.7111	0.3	-0.4111
Chr7	4006568	snp	91	88	0.387	0.2946	0.5165	0.2045	-0.3119
Chr7	4006668	snp	50	47	0.426	0.3234	0.82	0.4255	-0.3945
Chr7	4006711	snp	56	60	0.4024	0.3083	0.7143	0.35	-0.3643
Chr7	4007303	snp	82	72	0.3865	0.3008	0.4268	0.0972	-0.3296
Chr7	4016807	snp	62	50	0.4097	0.3135	0.6774	0.32	-0.3574
Chr7	4016963	snp	70	59	0.3923	0.2949	0.6	0.2203	-0.3797
Chr7	4017055	snp	70	70	0.3857	0.3	0.6	0.1429	-0.4571
Chr7	4021310	snp	37	44	0.4441	0.3292	0.8108	0.3409	-0.4699
Chr7	4023352	snp	71	53	0.3933	0.3037	0.6056	0.3019	-0.3037
Chr7	4027595	snp	72	48	0.3958	0.3056	0.4306	0.125	-0.3056
Chr7	4028255	snp	71	63	0.3921	0.2987	0.493	0.1905	-0.3025
Chr7	4029281	snp	82	87	0.3789	0.2921	0.4878	0.1839	-0.3039
Chr7	4030051	snp	70	57	0.3965	0.3018	0.6429	0.2807	-0.3622
Chr7	4030101	snp	75	62	0.3953	0.3069	0.6533	0.2258	-0.4275
Chr7	4030488	snp	50	47	0.426	0.3234	0.64	0.234	-0.406
Chr7	4031068	snp	99	85	0.3775	0.2867	0.4444	0.1529	-0.2915
Chr7	4031321	snp	70	59	0.3923	0.2949	0.5143	0.2034	-0.3109
Chr7	4032506	snp	94	59	0.3758	0.3017	0.5106	0.1695	-0.3411
Chr7	4034075	snp	90	66	0.3828	0.2929	0.5667	0.1818	-0.3848
Chr7	4034135	snp	72	55	0.4109	0.3106	0.6806	0.2545	-0.426
Chr7	4034265	snp	70	63	0.3857	0.2984	0.6143	0.254	-0.3603
Chr7	4034496	snp	55	29	0.4332	0.3348	0.6545	0.2759	-0.3787
Chr7	4034499	indel	35	24	0.4512	0.3655	1.0	0.3333	-0.6667
Chr7	4035081	snp	63	57	0.4035	0.3099	0.4603	0.1228	-0.3375
Chr7	4039873	snp	63	44	0.4145	0.3193	0.7937	0.4091	-0.3846
Chr7	4039891	snp	70	50	0.4086	0.3171	0.7143	0.38	-0.3343
Chr7	4040370	snp	75	76	0.3896	0.2981	0.5333	0.0789	-0.4544
Chr7	4079847	snp	57	48	0.4167	0.3191	0.6316	0.2917	-0.3399
Chr7	4080360	snp	66	38	0.4107	0.3126	0.4848	0.1579	-0.327
Chr7	4080884	snp	59	88	0.3831	0.2978	0.5254	0.1477	-0.3777
Chr7	4084986	indel	77	53	0.4077	0.3168	0.5065	0.1509	-0.3556
Chr7	4087300	snp	67	53	0.3996	0.307	0.5522	0.2075	-0.3447
Chr7	4087353	snp	54	52	0.4131	0.3212	0.5185	0.1923	-0.3262
Chr7	4088178	snp	44	41	0.4329	0.3193	0.5455	0.1951	-0.3503
Chr7	4090345	snp	107	67	0.38	0.2942	0.4299	0.1194	-0.3105
Chr7	4090805	snp	91	98	0.3815	0.2904	0.4396	0.1122	-0.3273
Chr7	4091659	indel	89	68	0.3792	0.2902	0.5169	0.1765	-0.3404
Chr7	4091668	snp	92	66	0.3758	0.2931	0.5217	0.1667	-0.3551
Chr7	4091821	indel	53	37	0.409	0.3202	0.8868	0.4324	-0.4544
Chr7	4091829	snp	56	38	0.4248	0.3346	0.8036	0.3158	-0.4878
Chr7	4091840	snp	50	32	0.43	0.3363	0.84	0.3438	-0.4962
Chr7	4091877	indel	52	32	0.4303	0.3293	0.8654	0.375	-0.4904
Chr7	4091934	snp	55	30	0.4364	0.3303	0.8182	0.4333	-0.3848
Chr7	4091962	snp	68	46	0.3932	0.2999	0.6324	0.2826	-0.3497
Chr7	4106625	snp	20	15	0.5333	0.4167	0.5	0.0667	-0.4333
Chr7	4106779	snp	44	40	0.4227	0.3295	0.6591	0.325	-0.3341
Chr7	4106930	snp	65	63	0.3927	0.3028	0.5846	0.1429	-0.4418
Chr7	4107049	indel	80	58	0.3974	0.3082	0.5	0.1034	-0.3966
Chr7	4108689	indel	66	37	0.4279	0.3272	0.7576	0.3514	-0.4062
Chr7	4117691	snp	87	79	0.3732	0.2949	0.4943	0.1646	-0.3297
Chr7	4117944	snp	87	41	0.4071	0.3036	0.4598	0.122	-0.3378
Chr7	4119086	snp	91	96	0.37	0.2925	0.4835	0.1562	-0.3273
Chr7	4121212	snp	54	52	0.4131	0.3212	0.5741	0.2115	-0.3625
Chr7	4122392	snp	95	92	0.3778	0.2868	0.4421	0.1196	-0.3225
Chr7	4124449	snp	92	60	0.3906	0.2978	0.4891	0.1	-0.3891
Chr7	4124603	snp	109	96	0.3652	0.2831	0.4587	0.125	-0.3337
Chr7	4125856	snp	90	71	0.3864	0.2923	0.4889	0.1268	-0.3621
Chr7	4129171	indel	30	25	0.4733	0.3733	0.8	0.4	-0.4
Chr7	4129215	snp	31	18	0.5108	0.3907	0.8387	0.4444	-0.3943
Chr7	4129502	indel	11	18	0.5606	0.4444	0.0	0.8889	0.8889
Chr7	4130092	snp	65	53	0.4073	0.31	0.6615	0.3396	-0.3219
Chr7	4132143	indel	138	98	0.3641	0.2819	0.471	0.1224	-0.3486
Chr7	4132223	snp	117	107	0.374	0.2867	0.4274	0.1308	-0.2965
Chr7	4136864	indel	90	78	0.3829	0.2991	0.4889	0.1538	-0.335
Chr7	4138454	snp	67	32	0.4216	0.3265	0.5821	0.2188	-0.3633
Chr7	4138699	snp	68	26	0.431	0.3314	0.6029	0.1538	-0.4491
Chr7	4138802	indel	78	82	0.3837	0.2983	0.4872	0.1463	-0.3408
Chr7	4141776	snp	50	36	0.4222	0.3267	0.76	0.4167	-0.3433
Chr7	4145217	snp	43	26	0.4517	0.3435	0.7674	0.3077	-0.4597
Chr7	4145512	snp	95	66	0.3963	0.3021	0.5789	0.1818	-0.3971
Chr7	4145839	snp	54	48	0.4028	0.3194	0.6852	0.2292	-0.456
Chr7	4145845	snp	57	53	0.4012	0.3174	0.6667	0.2264	-0.4403
Chr7	4152329	snp	53	52	0.4118	0.3153	0.5472	0.0962	-0.451
Chr7	4152349	snp	49	32	0.4235	0.338	0.6327	0.1875	-0.4452
Chr7	4154655	snp	57	39	0.4035	0.3158	0.6842	0.359	-0.3252
Chr7	4154735	snp	77	69	0.3939	0.2955	0.6234	0.2464	-0.377
Chr7	4156349	snp	55	57	0.4096	0.3193	0.6545	0.3158	-0.3388
Chr7	4156612	snp	54	40	0.4167	0.3306	0.7037	0.3	-0.4037
Chr7	4156763	snp	51	31	0.4168	0.3359	0.6078	0.2258	-0.382
Chr7	4156961	indel	40	38	0.4368	0.3368	0.675	0.3158	-0.3592
Chr7	4157066	indel	55	64	0.4045	0.3108	0.6	0.2656	-0.3344
Chr7	4157195	snp	61	40	0.4152	0.3152	0.7377	0.275	-0.4627
Chr7	4157409	snp	81	69	0.3784	0.2904	0.4815	0.1739	-0.3076
Chr7	4158137	snp	89	74	0.3813	0.2915	0.4045	0.0811	-0.3234
Chr7	4158838	indel	79	76	0.3931	0.2923	0.4177	0.0921	-0.3256
Chr7	4160904	indel	80	61	0.3893	0.2996	0.525	0.1148	-0.4102
Chr7	4170996	indel	107	77	0.3758	0.2874	0.514	0.1558	-0.3582
Chr7	4171074	snp	82	74	0.3909	0.2989	0.4512	0.1486	-0.3026
Chr7	4171369	indel	86	82	0.3721	0.2842	0.4884	0.1341	-0.3542
Chr7	4182579	snp	80	87	0.3856	0.2897	0.4625	0.1149	-0.3476
Chr7	4182635	snp	68	75	0.3914	0.3004	0.4118	0.08	-0.3318
Chr7	4182687	indel	73	66	0.3977	0.3026	0.4384	0.1212	-0.3171
Chr7	4183290	indel	80	87	0.3856	0.2897	0.4625	0.1724	-0.2901
Chr7	4187017	snp	76	65	0.3939	0.2994	0.5395	0.1692	-0.3702
Chr7	4187091	snp	71	46	0.4179	0.3141	0.6479	0.1522	-0.4957
Chr7	4189316	snp	45	48	0.4153	0.3181	0.5556	0.2292	-0.3264
Chr7	4189640	snp	36	33	0.4545	0.3535	0.6111	0.2121	-0.399
Chr7	4191990	snp	55	53	0.412	0.3136	0.5818	0.2642	-0.3177
Chr7	4198426	snp	59	39	0.4216	0.3272	0.6949	0.2051	-0.4898
Chr7	4198662	indel	72	39	0.4049	0.3152	0.75	0.4103	-0.3397
Chr7	4199700	snp	45	33	0.4384	0.3333	0.6444	0.303	-0.3414
Chr7	4204006	indel	78	49	0.4037	0.3145	0.5	0.1837	-0.3163
Chr7	4207241	snp	76	83	0.3776	0.2953	0.4868	0.1687	-0.3182
Chr7	4228885	snp	39	42	0.4267	0.3352	0.8462	0.3571	-0.489
Chr7	4229321	snp	53	25	0.4558	0.3457	0.566	0.2	-0.366
Chr7	4231383	snp	46	43	0.4196	0.3266	0.8478	0.4884	-0.3595
Chr7	4231682	indel	100	71	0.3856	0.2942	0.51	0.1972	-0.3128
Chr7	4231694	snp	88	57	0.3969	0.305	0.5682	0.2281	-0.3401
Chr7	4231823	snp	68	59	0.3893	0.3036	0.5735	0.1864	-0.3871
Chr7	4231954	snp	55	47	0.4085	0.311	0.5455	0.2128	-0.3327
Chr7	4232940	indel	70	51	0.4095	0.3098	0.5286	0.1961	-0.3325
Chr7	4239396	indel	67	93	0.3771	0.2953	0.4627	0.1613	-0.3014
Chr7	4242224	snp	34	26	0.457	0.3507	0.5294	0.0385	-0.491
Chr7	4242483	snp	67	60	0.3953	0.3005	0.4627	0.15	-0.3127
Chr7	4246018	snp	86	70	0.3887	0.2957	0.4651	0.1143	-0.3508
Chr7	4247418	snp	100	96	0.3679	0.2858	0.48	0.1562	-0.3237
Chr7	4247743	snp	68	61	0.3927	0.3028	0.5	0.1967	-0.3033
Chr7	4253864	snp	72	92	0.3883	0.2953	0.4444	0.1413	-0.3031
Chr7	4254812	snp	93	80	0.3777	0.2899	0.4194	0.0875	-0.3319
Chr7	4256696	snp	78	98	0.3789	0.2873	0.5	0.1837	-0.3163
Chr7	4257189	snp	105	112	0.3685	0.2798	0.4286	0.1429	-0.2857
Chr7	4258766	indel	93	72	0.392	0.2917	0.4409	0.1389	-0.302
Chr7	4261661	snp	80	79	0.3837	0.2953	0.45	0.1139	-0.3361
Chr7	4267055	snp	75	72	0.3883	0.2939	0.4	0.0833	-0.3167
Chr7	4267150	indel	102	79	0.3939	0.3028	0.5196	0.1013	-0.4183
Chr7	4269842	indel	119	97	0.3779	0.2889	0.479	0.1546	-0.3244
Chr7	4271475	snp	109	62	0.3905	0.2924	0.4771	0.1452	-0.3319
Chr7	4271760	snp	64	44	0.4162	0.3168	0.4531	0.0909	-0.3622
Chr7	4274004	snp	102	97	0.3579	0.2857	0.402	0.1134	-0.2886
Chr7	4274751	indel	101	82	0.376	0.2883	0.5644	0.2317	-0.3326
Chr7	4274775	snp	88	81	0.388	0.2991	0.5227	0.2222	-0.3005
Chr7	4275110	snp	82	74	0.3909	0.2989	0.5122	0.1892	-0.323
Chr7	4275236	snp	40	37	0.4399	0.3277	0.5	0.1622	-0.3378
Chr7	4277198	indel	61	65	0.4096	0.309	0.4262	0.1077	-0.3185
Chr7	4279266	indel	63	59	0.3955	0.3129	0.5079	0.1695	-0.3384
Chr7	4280975	snp	72	83	0.3775	0.296	0.4444	0.1084	-0.336
Chr7	4282166	snp	105	99	0.3726	0.2918	0.4857	0.1313	-0.3544
Chr7	4297554	snp	54	66	0.404	0.3098	0.3519	0.0303	-0.3215
Chr7	4298415	snp	94	103	0.3817	0.2851	0.4255	0.1262	-0.2993
Chr7	4303188	snp	72	64	0.3924	0.2969	0.5417	0.1875	-0.3542
Chr7	4303902	snp	48	40	0.4375	0.3333	0.4167	0.075	-0.3417
Chr7	4306049	indel	77	90	0.3733	0.2883	0.4935	0.1	-0.3935
Chr7	4307874	snp	104	111	0.3727	0.2844	0.4712	0.1622	-0.309
Chr7	4309066	indel	103	87	0.3693	0.2888	0.4563	0.1149	-0.3414
Chr7	4309107	snp	82	84	0.3746	0.2979	0.4634	0.131	-0.3325
Chr7	4309725	indel	88	65	0.3895	0.2946	0.6023	0.1538	-0.4484
Chr7	4309824	snp	54	53	0.4196	0.3113	0.5926	0.1509	-0.4416
Chr7	4312534	snp	76	51	0.403	0.3114	0.5132	0.1765	-0.3367
Chr7	4314221	indel	78	80	0.3798	0.2901	0.4487	0.0875	-0.3612
Chr7	4314415	snp	65	73	0.4044	0.302	0.5077	0.1781	-0.3296
Chr7	4318572	snp	76	79	0.3931	0.2923	0.4605	0.1519	-0.3086
Chr7	4318585	indel	75	77	0.383	0.2925	0.4933	0.1818	-0.3115
Chr7	4318758	snp	114	57	0.386	0.2982	0.4737	0.1754	-0.2982
Chr7	4326317	snp	104	103	0.3723	0.2845	0.4423	0.1165	-0.3258
Chr7	4326942	snp	121	107	0.3822	0.2838	0.5041	0.1589	-0.3453
Chr7	4328394	snp	53	77	0.4077	0.3168	0.6038	0.2857	-0.3181
Chr7	4328628	snp	84	95	0.3797	0.2932	0.5595	0.1684	-0.3911
Chr7	4331476	snp	56	28	0.4286	0.3393	0.8036	0.3929	-0.4107
Chr7	4331604	snp	82	54	0.4002	0.3017	0.5366	0.2222	-0.3144
Chr7	4331714	snp	82	53	0.3778	0.2957	0.4634	0.1509	-0.3125
Chr7	4349773	snp	111	86	0.3632	0.2821	0.4324	0.1395	-0.2929
Chr7	4352129	snp	84	91	0.3645	0.2857	0.4643	0.1319	-0.3324
Chr7	4357206	indel	96	99	0.364	0.2822	0.4792	0.1717	-0.3074
Chr7	4358563	indel	83	40	0.4081	0.3136	0.3614	0.025	-0.3364
Chr7	4360030	snp	81	65	0.3867	0.2976	0.4444	0.1077	-0.3368
Chr7	4364154	snp	98	83	0.3732	0.2871	0.449	0.0602	-0.3887
Chr7	4367681	indel	52	27	0.448	0.3383	0.5	0.1481	-0.3519
Chr7	4371022	snp	90	88	0.3816	0.2922	0.5	0.125	-0.375
Chr7	4372489	snp	102	54	0.3954	0.3061	0.5392	0.1667	-0.3725
Chr7	4374444	snp	70	57	0.3965	0.3018	0.4	0.0877	-0.3123
Chr7	4374473	indel	80	60	0.3917	0.3042	0.4375	0.1333	-0.3042
Chr7	4374546	snp	86	61	0.3942	0.2932	0.4302	0.082	-0.3483
Chr7	4374569	indel	105	74	0.3878	0.2956	0.5048	0.1081	-0.3967
Chr7	4377566	snp	111	106	0.3695	0.276	0.4505	0.1509	-0.2995
Chr7	4380496	snp	86	72	0.376	0.2923	0.4651	0.1667	-0.2984
Chr7	4386973	indel	96	91	0.37	0.2925	0.4479	0.1538	-0.2941
Chr7	4388254	snp	91	75	0.3801	0.2947	0.4615	0.1333	-0.3282
Chr7	4389204	snp	111	73	0.3646	0.29	0.4775	0.137	-0.3405
Chr7	4389411	indel	118	96	0.3812	0.2873	0.4237	0.1354	-0.2883
Chr7	4392833	snp	57	47	0.4225	0.3251	0.7018	0.3617	-0.3401
Chr7	4393461	snp	81	63	0.3915	0.2998	0.4198	0.1111	-0.3086
Chr7	4393955	snp	85	64	0.3857	0.2994	0.5529	0.2188	-0.3342
Chr7	4394151	snp	65	41	0.415	0.3212	0.8615	0.4878	-0.3737
Chr7	4394214	snp	101	71	0.3874	0.2926	0.6337	0.2817	-0.352
Chr7	4398239	snp	56	30	0.4369	0.3321	0.7143	0.3	-0.4143
Chr7	4399332	snp	41	20	0.4598	0.3598	0.6098	0.25	-0.3598
Chr7	4400360	snp	58	57	0.3911	0.3043	0.5517	0.2281	-0.3237
Chr7	4401028	snp	70	87	0.381	0.2949	0.4429	0.1034	-0.3394
Chr7	4405622	snp	58	85	0.3813	0.2935	0.4655	0.1647	-0.3008
Chr7	4406044	snp	53	59	0.4007	0.3099	0.6226	0.1525	-0.4701
Chr7	4406194	snp	101	79	0.3739	0.2859	0.5248	0.1646	-0.3602
Chr7	4406437	indel	59	52	0.4188	0.3126	0.8305	0.4038	-0.4267
Chr7	4408761	snp	91	75	0.3801	0.2947	0.4835	0.12	-0.3635
Chr7	4416362	indel	55	53	0.412	0.3136	0.5273	0.2075	-0.3197
Chr7	4417701	snp	70	71	0.3893	0.3034	0.4571	0.1127	-0.3445
Chr7	4417765	indel	93	88	0.3795	0.2951	0.3548	0.0568	-0.298
Chr7	4419172	snp	45	40	0.4139	0.3333	0.4889	0.15	-0.3389
Chr7	4420723	snp	65	57	0.4005	0.3082	0.4769	0.1579	-0.319
Chr7	4427216	snp	89	87	0.3847	0.293	0.4494	0.1379	-0.3115
Chr7	4427534	snp	119	99	0.3625	0.2783	0.4622	0.1313	-0.3309
Chr7	4443677	snp	52	31	0.4206	0.3251	0.6731	0.3226	-0.3505
Chr7	4444240	snp	63	84	0.3849	0.3016	0.619	0.2857	-0.3333
Chr7	4445060	snp	77	59	0.4041	0.3024	0.5974	0.2542	-0.3432
Chr7	4446917	snp	49	40	0.4209	0.3235	0.6122	0.225	-0.3872
Chr7	4449413	snp	79	74	0.3744	0.2951	0.4304	0.1351	-0.2952
Chr7	4457499	snp	77	49	0.3989	0.3043	0.4675	0.1633	-0.3043
Chr7	4467352	indel	89	69	0.3858	0.2973	0.4157	0.1014	-0.3143
Chr7	4473086	snp	84	90	0.3833	0.2929	0.4167	0.1111	-0.3056
Chr7	4499256	snp	44	33	0.4318	0.3409	0.5682	0.1515	-0.4167
Chr7	4499284	snp	46	29	0.4453	0.3381	0.6957	0.3103	-0.3853
Chr7	4499392	snp	46	23	0.4565	0.3478	0.7826	0.3478	-0.4348
Chr7	4499983	snp	56	23	0.4534	0.3408	0.8214	0.4783	-0.3432
Chr7	4500002	snp	74	37	0.4054	0.3243	0.7162	0.3243	-0.3919
Chr7	4502408	indel	79	110	0.3875	0.2926	0.443	0.0909	-0.3521
Chr7	4504437	snp	84	64	0.3802	0.2917	0.4167	0.125	-0.2917
Chr7	4504691	snp	78	79	0.3901	0.2882	0.4231	0.0886	-0.3345
Chr7	4508227	snp	68	65	0.3995	0.3093	0.5147	0.1846	-0.3301
Chr7	4508844	snp	88	79	0.378	0.2923	0.375	0.0633	-0.3117
Chr7	4511340	snp	91	75	0.3801	0.2947	0.4725	0.12	-0.3525
Chr7	4513875	snp	26	27	0.4729	0.3604	0.5769	0.1852	-0.3917
Chr7	4514224	snp	77	70	0.3844	0.2987	0.4935	0.1571	-0.3364
Chr7	4514492	snp	29	36	0.4607	0.3429	0.6897	0.2222	-0.4674
Chr7	4515162	indel	58	58	0.3966	0.3103	0.3793	0.069	-0.3103
Chr7	4516408	snp	80	57	0.3993	0.309	0.75	0.3333	-0.4167
Chr7	4516435	snp	62	42	0.4155	0.3187	0.8871	0.4762	-0.4109
Chr7	4517297	snp	83	82	0.3823	0.2864	0.4337	0.0976	-0.3362
Chr7	4518106	snp	32	36	0.4479	0.3438	0.5	0.1111	-0.3889
Chr7	4519899	snp	56	29	0.4347	0.3337	0.4286	0.069	-0.3596
Chr7	4520022	snp	39	38	0.4265	0.3259	0.4872	0.1316	-0.3556
Chr7	4520588	indel	41	21	0.4483	0.3519	0.6341	0.2381	-0.3961
Chr7	4542649	snp	105	102	0.3697	0.277	0.4571	0.1765	-0.2807
Chr7	4544457	snp	53	31	0.44	0.3408	0.7547	0.2581	-0.4967
Chr7	4545370	snp	86	97	0.3781	0.2864	0.4884	0.1443	-0.344
Chr7	4552533	snp	62	47	0.4104	0.3085	0.629	0.234	-0.395
Chr7	4552558	indel	53	42	0.4182	0.323	0.7358	0.4048	-0.3311
Chr7	4553358	snp	54	43	0.4195	0.3226	0.6111	0.2093	-0.4018
Chr7	4553407	indel	71	72	0.3975	0.3005	0.5352	0.1806	-0.3547
Chr7	4558714	indel	90	91	0.3698	0.2921	0.4444	0.0879	-0.3565
Chr7	4559917	snp	60	50	0.3867	0.3067	0.4	0.08	-0.32
Chr7	4563582	indel	48	45	0.4153	0.3181	0.5417	0.1556	-0.3861
Chr7	4584225	snp	65	34	0.4149	0.3213	0.7846	0.2941	-0.4905
Chr7	4584310	snp	56	31	0.4205	0.3312	0.7143	0.2581	-0.4562
Chr7	4584356	snp	66	39	0.4207	0.317	0.5909	0.1282	-0.4627
Chr7	4584702	snp	73	71	0.3884	0.294	0.4384	0.0704	-0.3679
Chr7	4593979	snp	77	85	0.3824	0.2923	0.5195	0.1765	-0.343
Chr7	4629297	indel	89	92	0.3731	0.2926	0.382	0.087	-0.2951
Chr7	4636249	snp	80	71	0.384	0.2949	0.3875	0.0704	-0.3171
Chr7	4636414	indel	78	58	0.3988	0.3011	0.4744	0.1552	-0.3192
Chr7	4636596	indel	67	40	0.4112	0.3216	0.5522	0.025	-0.5272
Chr7	4637132	snp	61	34	0.4306	0.3259	0.541	0.1765	-0.3645
Chr7	4637134	snp	63	37	0.4153	0.3218	0.5238	0.1622	-0.3616
Chr7	4637196	snp	42	26	0.4505	0.3443	0.4286	0.0385	-0.3901
Chr7	4638749	snp	27	23	0.4799	0.38	0.5185	0.087	-0.4316
Chr7	4639796	snp	66	64	0.401	0.3063	0.6212	0.2656	-0.3556
Chr7	4639902	indel	117	104	0.3729	0.2842	0.453	0.1154	-0.3376
Chr7	4640049	indel	92	118	0.3714	0.2795	0.4674	0.1356	-0.3318
Chr7	4640221	indel	100	104	0.3723	0.2888	0.44	0.1442	-0.2958
Chr7	4640405	snp	51	34	0.4118	0.3235	0.549	0.1471	-0.402
Chr7	4640932	snp	91	82	0.3799	0.2873	0.5055	0.1098	-0.3957
Chr7	4640992	snp	90	53	0.3981	0.2981	0.4889	0.1321	-0.3568
Chr7	4641151	snp	78	68	0.3797	0.2971	0.4231	0.1176	-0.3054
Chr7	4641446	snp	82	95	0.376	0.2879	0.5	0.1158	-0.3842
Chr7	4643165	snp	62	42	0.4155	0.3187	0.4677	0.1429	-0.3249
Chr7	4643761	snp	81	50	0.4002	0.3067	0.4938	0.18	-0.3138
Chr7	4644422	snp	101	77	0.3765	0.2885	0.4455	0.1299	-0.3157
Chr7	4645488	indel	73	59	0.3993	0.3107	0.4384	0.1186	-0.3197
Chr7	4648600	indel	96	55	0.3812	0.2953	0.4375	0.1091	-0.3284
Chr7	4667340	snp	76	67	0.383	0.3032	0.3947	0.0448	-0.35
Chr7	4667617	snp	95	57	0.3895	0.3018	0.5368	0.1404	-0.3965
Chr7	4667688	snp	92	71	0.3781	0.2936	0.4783	0.1408	-0.3374
Chr7	4667842	snp	96	84	0.3839	0.2887	0.5417	0.1786	-0.3631
Chr7	4673305	snp	61	64	0.397	0.2979	0.4426	0.1094	-0.3332
Chr7	4676746	snp	77	77	0.4026	0.2987	0.4156	0.1039	-0.3117
Chr7	4691836	snp	99	101	0.3793	0.289	0.4747	0.1287	-0.346
Chr7	4695962	snp	51	34	0.4118	0.3235	0.549	0.2059	-0.3431
Chr7	4723307	indel	85	38	0.4074	0.3161	0.5294	0.0	-0.5294
Chr7	4723787	snp	54	67	0.3986	0.3054	0.4444	0.1045	-0.34
Chr7	4724979	snp	67	85	0.3956	0.2943	0.4627	0.1176	-0.345
Chr7	4739900	snp	94	77	0.375	0.2923	0.4574	0.1299	-0.3276
Chr7	4740004	snp	95	64	0.3863	0.2977	0.4526	0.125	-0.3276
Chr7	4740985	indel	83	52	0.3911	0.3044	0.506	0.1346	-0.3714
Chr7	4741100	indel	75	41	0.401	0.3119	0.5867	0.0244	-0.5623
Chr7	4741105	snp	67	38	0.4163	0.3181	0.597	0.0526	-0.5444
Chr7	4741183	snp	84	46	0.4022	0.3049	0.5	0.087	-0.413
Chr7	4741200	indel	86	51	0.3956	0.3032	0.5233	0.1373	-0.386
Chr7	4741326	snp	62	15	0.4796	0.3785	0.8226	0.2667	-0.5559
Chr7	4741341	snp	64	24	0.4323	0.3438	0.8125	0.25	-0.5625
Chr7	4741404	indel	77	55	0.4	0.3013	0.7013	0.2	-0.5013
Chr7	4742508	snp	87	72	0.3774	0.2969	0.4713	0.1389	-0.3324
Chr7	4743689	snp	93	69	0.3806	0.2903	0.5269	0.2174	-0.3095
Chr7	4743755	snp	90	52	0.3953	0.3013	0.5111	0.1923	-0.3188
Chr7	4744166	snp	102	90	0.3706	0.2908	0.4804	0.1889	-0.2915
Chr7	4744400	snp	67	42	0.4126	0.323	0.5224	0.1667	-0.3557
Chr7	4744750	snp	67	28	0.4248	0.3326	0.7015	0.3571	-0.3443
Chr7	4744784	snp	71	43	0.4153	0.3174	0.6197	0.2558	-0.3639
Chr7	4745815	snp	89	96	0.3756	0.2855	0.5393	0.2083	-0.331
Chr7	4745925	snp	109	102	0.3747	0.2841	0.4862	0.1961	-0.2902
Chr7	4746058	snp	103	96	0.3733	0.2907	0.4854	0.0729	-0.4125
Chr7	4758068	snp	88	99	0.3725	0.2866	0.4091	0.1111	-0.298
Chr7	4760899	snp	79	60	0.3981	0.3004	0.3797	0.05	-0.3297
Chr7	4767339	snp	68	73	0.3995	0.2996	0.5	0.1781	-0.3219
Chr7	4771774	snp	61	54	0.3922	0.3139	0.377	0.0556	-0.3215
Chr7	4781300	snp	57	50	0.4116	0.3091	0.4561	0.12	-0.3361
Chr7	4787305	snp	57	38	0.4211	0.3158	0.5789	0.1053	-0.4737
Chr7	4787336	snp	39	24	0.4679	0.3526	0.5641	0.2083	-0.3558
Chr7	4788837	snp	61	31	0.4151	0.3316	0.8033	0.3226	-0.4807
Chr7	4792541	snp	76	82	0.3944	0.294	0.4868	0.1707	-0.3161
Chr7	4792673	snp	51	52	0.3986	0.3028	0.5882	0.2692	-0.319
Chr7	4793483	snp	33	23	0.4796	0.3623	0.8182	0.4348	-0.3834
Chr7	4793518	indel	38	44	0.4258	0.3313	0.6579	0.2955	-0.3624
Chr7	4795322	snp	59	57	0.3967	0.309	0.6102	0.2632	-0.347
Chr7	4800714	snp	100	78	0.3779	0.2938	0.48	0.1667	-0.3133
Chr7	4804908	snp	103	75	0.385	0.2929	0.4272	0.0933	-0.3339
Chr7	4808175	snp	95	74	0.3781	0.2939	0.4737	0.1622	-0.3115
Chr7	4808676	snp	48	25	0.4492	0.345	0.75	0.32	-0.43
Chr7	4814146	indel	44	35	0.4364	0.3331	0.5	0.1143	-0.3857
Chr7	4814939	snp	93	73	0.3712	0.2919	0.4624	0.1507	-0.3117
Chr7	4816698	snp	58	47	0.4039	0.3147	0.6724	0.2553	-0.4171
Chr7	4819441	snp	71	80	0.384	0.2949	0.4789	0.175	-0.3039
Chr7	4826991	snp	49	26	0.4341	0.3297	0.6939	0.3077	-0.3862
Chr7	4827334	snp	108	78	0.3718	0.2906	0.4444	0.0769	-0.3675
Chr7	4827533	snp	45	34	0.4176	0.3294	0.3778	0.0	-0.3778
Chr7	4831342	snp	78	61	0.3993	0.301	0.5128	0.1967	-0.3161
Chr7	4832164	snp	59	32	0.428	0.3289	0.661	0.3125	-0.3485
Chr7	4832249	indel	111	86	0.3632	0.2821	0.4414	0.1163	-0.3252
Chr7	4832981	snp	85	86	0.3804	0.2978	0.5294	0.1279	-0.4015
Chr7	4833901	snp	88	83	0.3779	0.289	0.4318	0.1084	-0.3234
Chr7	4835472	snp	77	82	0.3874	0.2941	0.5455	0.2439	-0.3016
Chr7	4835826	indel	71	85	0.3841	0.2923	0.6056	0.1882	-0.4174
Chr7	4835873	snp	49	53	0.4109	0.3246	0.6735	0.2453	-0.4282
Chr7	4836968	snp	34	44	0.4332	0.3316	0.5588	0.2045	-0.3543
Chr7	4837035	indel	51	84	0.3957	0.3032	0.5294	0.131	-0.3985
Chr7	4840632	snp	87	91	0.375	0.2915	0.4368	0.0989	-0.3379
Chr7	4860988	snp	59	42	0.4189	0.3208	0.7627	0.2857	-0.477
Chr7	4863158	indel	90	74	0.3781	0.2868	0.5333	0.2162	-0.3171
Chr7	4865851	snp	80	79	0.3837	0.2953	0.5375	0.1519	-0.3856
Chr7	4866386	snp	95	71	0.3745	0.2936	0.4842	0.1831	-0.3011
Chr7	4867795	indel	33	41	0.4405	0.3385	0.7273	0.2683	-0.459
Chr7	4867865	indel	55	73	0.3938	0.2936	0.4545	0.1233	-0.3313
Chr7	4867893	snp	53	82	0.3778	0.2957	0.434	0.122	-0.312
Chr7	4868046	snp	24	34	0.4779	0.3554	0.9167	0.2941	-0.6225
Chr7	4868327	snp	50	49	0.4147	0.3135	0.72	0.3265	-0.3935
Chr7	4868433	snp	77	65	0.396	0.2955	0.5325	0.1385	-0.394
Chr7	4873613	snp	90	77	0.3733	0.2883	0.4889	0.1948	-0.2941
Chr7	4874069	snp	54	20	0.4722	0.3593	0.5185	0.15	-0.3685
Chr7	4874182	snp	70	57	0.3965	0.3018	0.4429	0.1404	-0.3025
Chr7	4874599	snp	69	55	0.3866	0.3033	0.5797	0.2727	-0.307
Chr7	4876813	snp	67	57	0.3936	0.3077	0.3881	0.0702	-0.3179
Chr7	4877436	snp	75	72	0.3883	0.2939	0.4533	0.1111	-0.3422
Chr7	4907256	snp	64	42	0.4107	0.3177	0.5469	0.1429	-0.404
Chr7	4907328	snp	34	23	0.4604	0.3581	0.5	0.1304	-0.3696
Chr7	4907761	snp	73	52	0.4075	0.3061	0.4384	0.1154	-0.323
Chr7	4908183	snp	81	68	0.3778	0.299	0.5556	0.1618	-0.3938
Chr7	4908262	snp	81	57	0.4003	0.3067	0.5309	0.1579	-0.373
Chr7	4909235	snp	82	75	0.3896	0.2917	0.4756	0.1067	-0.3689
Chr7	4909535	snp	84	81	0.384	0.2945	0.4643	0.1235	-0.3408
Chr7	4909626	snp	79	82	0.3881	0.3023	0.4937	0.1463	-0.3473
Chr7	4910353	snp	71	64	0.3853	0.3008	0.5352	0.2344	-0.3008
Chr7	4911431	snp	54	21	0.4471	0.3545	0.7222	0.2857	-0.4365
Chr7	4911480	snp	54	28	0.4497	0.3452	0.6111	0.1786	-0.4325
Chr7	4911649	snp	63	39	0.4127	0.3211	0.7143	0.3846	-0.3297
Chr7	4911662	snp	61	34	0.4306	0.3259	0.7377	0.4118	-0.3259
Chr7	4912281	snp	54	23	0.4428	0.3502	0.8704	0.3478	-0.5225
Chr7	4912372	snp	73	68	0.3995	0.2996	0.6027	0.1471	-0.4557
Chr7	4912790	indel	84	93	0.3844	0.2961	0.5714	0.1505	-0.4209
Chr7	4913790	snp	55	48	0.4042	0.3133	0.6	0.2708	-0.3292
Chr7	4913835	snp	57	47	0.4225	0.3251	0.6842	0.3404	-0.3438
Chr7	4914122	snp	85	81	0.3961	0.2973	0.5647	0.1975	-0.3672
Chr7	4914585	snp	71	53	0.3933	0.3037	0.5634	0.2453	-0.3181
Chr7	4914653	snp	69	54	0.3953	0.3076	0.5652	0.2222	-0.343
Chr7	4915842	snp	73	80	0.3784	0.2885	0.5205	0.1625	-0.358
Chr7	4916124	snp	45	33	0.4384	0.3333	0.6444	0.1818	-0.4626
Chr7	4916135	snp	45	33	0.4384	0.3333	0.6667	0.1818	-0.4848
Chr7	4916263	indel	100	90	0.3711	0.2933	0.46	0.1333	-0.3267
Chr7	4916371	snp	57	47	0.4225	0.3251	0.6316	0.2979	-0.3337
Chr7	4916414	snp	64	45	0.4118	0.309	0.6719	0.3556	-0.3163
Chr7	4916506	indel	61	51	0.3941	0.3124	0.623	0.2549	-0.368
Chr7	4916538	snp	54	36	0.4259	0.3241	0.7593	0.2778	-0.4815
Chr7	4917614	snp	52	50	0.4138	0.3131	0.7308	0.24	-0.4908
Chr7	4917624	snp	55	49	0.4212	0.3147	0.7091	0.2857	-0.4234
Chr7	4917947	snp	70	40	0.4179	0.3143	0.5857	0.25	-0.3357
Chr7	4918135	snp	62	27	0.4277	0.3327	0.6935	0.3333	-0.3602
Chr7	4919146	snp	46	44	0.4229	0.3281	0.587	0.2045	-0.3824
Chr7	4919961	snp	99	107	0.3646	0.2827	0.4646	0.1308	-0.3338
Chr7	4920141	snp	55	47	0.4085	0.311	0.8364	0.1915	-0.6449
Chr7	4920223	snp	69	44	0.4022	0.3152	0.6522	0.1591	-0.4931
Chr7	4920752	snp	60	33	0.4273	0.3364	0.7167	0.3333	-0.3833
Chr7	4920950	snp	54	66	0.404	0.3098	0.6667	0.197	-0.4697
Chr7	4921049	snp	64	83	0.3934	0.302	0.5156	0.1325	-0.3831
Chr7	4921449	snp	64	59	0.3994	0.3096	0.4688	0.0847	-0.384
Chr7	4922893	snp	89	62	0.3853	0.291	0.5506	0.2097	-0.3409
Chr7	4924054	snp	58	62	0.4038	0.3037	0.6552	0.2903	-0.3648
Chr7	4924230	indel	61	68	0.3927	0.3028	0.3607	0.0147	-0.3459
Chr7	4924304	snp	54	60	0.4056	0.3093	0.5556	0.1333	-0.4222
Chr7	4924347	snp	49	64	0.4161	0.3128	0.5306	0.1406	-0.39
Chr7	4924961	snp	104	83	0.3716	0.2852	0.375	0.0843	-0.2907
Chr7	4925499	snp	69	60	0.3971	0.3058	0.4348	0.0833	-0.3514
Chr7	4927082	snp	50	51	0.4078	0.3086	0.76	0.4118	-0.3482
Chr7	4927159	snp	69	56	0.4032	0.3072	0.5652	0.2143	-0.3509
Chr7	4968885	snp	105	111	0.3619	0.2795	0.4571	0.1441	-0.313
Chr7	4976593	snp	93	76	0.3855	0.2912	0.4516	0.0789	-0.3727
Chr7	4987212	snp	97	102	0.3579	0.2857	0.5052	0.1961	-0.3091
Chr7	4988388	snp	90	66	0.3828	0.2929	0.5	0.1818	-0.3182
Chr7	4998602	snp	67	49	0.4237	0.3177	0.4478	0.0816	-0.3661
Chr7	4999489	indel	76	86	0.3788	0.2959	0.5	0.186	-0.314
Chr7	5009003	snp	62	31	0.4194	0.3387	0.5645	0.1935	-0.371
Chr7	5013851	indel	64	36	0.4132	0.3264	0.5781	0.1944	-0.3837
Chr7	5014622	snp	83	78	0.3716	0.2955	0.4096	0.0769	-0.3327
Chr7	5017733	snp	77	48	0.3991	0.3057	0.4545	0.1042	-0.3504
Chr7	5019766	indel	44	44	0.4091	0.3182	0.7273	0.3182	-0.4091
Chr7	5020026	snp	61	49	0.4108	0.3128	0.5738	0.2449	-0.3289
Chr7	5020354	snp	61	37	0.4289	0.3217	0.541	0.1622	-0.3788
Chr7	5020816	snp	62	49	0.3983	0.3144	0.5323	0.1633	-0.369
Chr7	5020951	snp	56	48	0.4196	0.3155	0.7143	0.3333	-0.381
Chr7	5020975	snp	60	55	0.3955	0.3076	0.7333	0.2909	-0.4424
Chr7	5021645	snp	47	33	0.4294	0.3295	0.7234	0.3333	-0.3901
Chr7	5021805	snp	51	24	0.4387	0.3554	0.6471	0.25	-0.3971
Chr7	5021816	snp	43	23	0.457	0.3498	0.6977	0.3043	-0.3933
Chr7	5022065	snp	79	51	0.4135	0.304	0.6582	0.2157	-0.4425
Chr7	5022093	snp	83	46	0.3971	0.3004	0.5783	0.1957	-0.3827
Chr7	5025145	snp	82	45	0.3883	0.3073	0.6585	0.1778	-0.4808
Chr7	5026758	snp	70	46	0.4174	0.3161	0.4429	0.087	-0.3559
Chr7	5026797	indel	76	69	0.3839	0.2969	0.4737	0.1014	-0.3722
Chr7	5027132	snp	70	42	0.4143	0.3143	0.6286	0.3095	-0.319
Chr7	5027254	snp	76	58	0.3911	0.3008	0.5526	0.2241	-0.3285
Chr7	5027867	snp	42	28	0.4524	0.3452	0.8333	0.25	-0.5833
Chr7	5028243	indel	69	54	0.3953	0.3076	0.5652	0.2407	-0.3245
Chr7	5028690	snp	61	41	0.4042	0.3147	0.623	0.2195	-0.4034
Chr7	5028830	snp	68	54	0.3954	0.3066	0.5735	0.2037	-0.3698
Chr7	5029352	snp	68	47	0.4196	0.3229	0.5882	0.1489	-0.4393
Chr7	5030138	snp	70	51	0.4095	0.3098	0.6286	0.2745	-0.3541
Chr7	5030330	snp	58	48	0.4052	0.3175	0.6207	0.25	-0.3707
Chr7	5031103	snp	62	35	0.418	0.3235	0.5968	0.2	-0.3968
Chr7	5031168	snp	72	58	0.3803	0.3051	0.5139	0.1897	-0.3242
Chr7	5031939	snp	110	117	0.3681	0.28	0.4182	0.0769	-0.3413
Chr7	5032494	snp	76	62	0.3867	0.2992	0.6053	0.1935	-0.4117
Chr7	5032732	snp	52	30	0.4346	0.3295	0.7885	0.3333	-0.4551
Chr7	5032739	snp	56	30	0.4369	0.3321	0.75	0.3667	-0.3833
Chr7	5039869	indel	55	70	0.4091	0.3169	0.4182	0.0857	-0.3325
Chr7	5055448	snp	113	70	0.3794	0.2895	0.4513	0.0714	-0.3799
Chr7	5062024	snp	97	103	0.3679	0.2806	0.4742	0.1262	-0.348
Chr7	5065931	indel	47	25	0.4409	0.3396	0.5319	0.16	-0.3719
Chr7	5065937	snp	41	27	0.4481	0.3505	0.4878	0.1111	-0.3767
Chr7	5067267	snp	46	33	0.4361	0.332	0.7391	0.303	-0.4361
Chr7	5067315	snp	62	54	0.3996	0.2933	0.5645	0.2037	-0.3608
Chr7	5071756	snp	98	103	0.372	0.2802	0.4184	0.1262	-0.2922
Chr7	5073064	indel	76	88	0.3888	0.2871	0.4342	0.125	-0.3092
Chr7	5073533	snp	96	94	0.3774	0.2863	0.5	0.1383	-0.3617
Chr7	5079208	snp	53	32	0.4163	0.3284	0.566	0.1875	-0.3785
Chr7	5079451	snp	100	73	0.3712	0.2908	0.55	0.2466	-0.3034
Chr7	5096421	snp	39	37	0.4435	0.3423	0.4872	0.1351	-0.352
Chr7	5096671	snp	58	48	0.4052	0.3175	0.6034	0.1875	-0.4159
Chr7	5098132	snp	98	66	0.3902	0.2996	0.4796	0.1364	-0.3432
Chr7	5098511	snp	81	48	0.4066	0.3102	0.4938	0.1042	-0.3897
Chr7	5101250	snp	53	42	0.4182	0.323	0.4906	0.1667	-0.3239
Chr7	5101465	snp	62	59	0.3997	0.307	0.6129	0.3051	-0.3078
Chr7	5102098	indel	44	45	0.4157	0.3253	0.6818	0.3333	-0.3485
Chr7	5102147	snp	58	68	0.4133	0.3048	0.5517	0.2206	-0.3311
Chr7	5102342	snp	63	46	0.4058	0.3147	0.5873	0.1739	-0.4134
Chr7	5102384	snp	65	40	0.4135	0.3154	0.6308	0.25	-0.3808
Chr7	5102523	snp	89	102	0.3717	0.2911	0.4157	0.098	-0.3177
Chr7	5102845	snp	66	49	0.4014	0.3105	0.7424	0.3265	-0.4159
Chr7	5102859	indel	68	60	0.4147	0.3118	0.6912	0.25	-0.4412
Chr7	5103460	snp	49	33	0.4317	0.3302	0.7551	0.3939	-0.3612
Chr7	5104102	snp	66	53	0.4025	0.3122	0.4697	0.1321	-0.3376
Chr7	5104290	snp	63	38	0.4194	0.3241	0.5397	0.1842	-0.3555
Chr7	5104599	snp	83	63	0.3846	0.3014	0.6627	0.1905	-0.4722
Chr7	5105209	snp	55	17	0.4781	0.3647	0.8	0.4118	-0.3882
Chr7	5105631	snp	61	51	0.3941	0.3124	0.5738	0.2549	-0.3189
Chr7	5105984	snp	62	27	0.4277	0.3327	0.4839	0.1481	-0.3357
Chr7	5106471	snp	80	77	0.3773	0.2888	0.575	0.2597	-0.3153
Chr7	5106629	snp	56	27	0.4385	0.3327	0.7679	0.2963	-0.4716
Chr7	5110158	snp	71	51	0.3991	0.309	0.5775	0.2157	-0.3618
Chr7	5110232	indel	63	29	0.4226	0.3246	0.6508	0.2414	-0.4094
Chr7	5110234	snp	56	27	0.4385	0.3327	0.8036	0.2963	-0.5073
Chr7	5110327	snp	67	34	0.4192	0.3187	0.7164	0.2059	-0.5105
Chr7	5110425	snp	82	73	0.3846	0.2949	0.4512	0.1507	-0.3005
Chr7	5113408	snp	78	83	0.3716	0.2955	0.5385	0.1807	-0.3577
Chr7	5113661	snp	90	76	0.3813	0.2892	0.4778	0.1447	-0.333
Chr7	5114072	snp	90	91	0.3698	0.2921	0.4444	0.1319	-0.3126
Chr7	5115397	snp	67	54	0.3986	0.3054	0.403	0.0556	-0.3474
Chr7	5115404	snp	68	51	0.4069	0.3039	0.4118	0.0784	-0.3333
Chr7	5117054	snp	89	50	0.3942	0.2969	0.4607	0.1	-0.3607
Chr7	5117331	snp	44	25	0.4527	0.3509	0.8636	0.48	-0.3836
Chr7	5117974	snp	93	89	0.3814	0.2906	0.4301	0.1348	-0.2953
Chr7	5119882	snp	51	20	0.4578	0.3578	0.8824	0.45	-0.4324
Chr7	5120350	snp	56	39	0.419	0.3205	0.6429	0.2821	-0.3608
Chr7	5120373	snp	76	53	0.4007	0.3069	0.6053	0.2075	-0.3977
Chr7	5121021	snp	80	60	0.3917	0.3042	0.525	0.2	-0.325
Chr7	5121338	snp	84	53	0.3976	0.3062	0.6548	0.2075	-0.4472
Chr7	5121458	snp	42	28	0.4524	0.3452	0.7143	0.3571	-0.3571
Chr7	5122041	snp	79	79	0.3797	0.3038	0.5063	0.1772	-0.3291
Chr7	5122866	snp	48	39	0.4103	0.3189	0.7083	0.2564	-0.4519
Chr7	5123623	snp	85	77	0.3824	0.2923	0.4588	0.1169	-0.3419
Chr7	5123753	snp	49	24	0.4439	0.341	0.7959	0.375	-0.4209
Chr7	5126487	indel	25	33	0.4667	0.3673	0.52	0.0909	-0.4291
Chr7	5127019	snp	31	35	0.4488	0.3456	0.6774	0.2857	-0.3917
Chr7	5129306	snp	40	16	0.475	0.375	0.7	0.3125	-0.3875
Chr7	5131358	snp	80	92	0.3571	0.2864	0.425	0.1304	-0.2946
Chr7	5131665	indel	104	87	0.3686	0.2858	0.5673	0.1724	-0.3949
Chr7	5131807	indel	51	48	0.4191	0.3223	0.5294	0.125	-0.4044
Chr7	5132695	indel	68	44	0.4131	0.3182	0.5294	0.2045	-0.3249
Chr7	5132791	indel	91	72	0.3718	0.2924	0.5165	0.1806	-0.3359
Chr7	5133405	snp	100	92	0.3691	0.2843	0.41	0.1196	-0.2904
Chr7	5134145	snp	102	89	0.3717	0.2911	0.402	0.1011	-0.3008
Chr7	5135236	snp	67	51	0.3989	0.3102	0.5672	0.1961	-0.3711
Chr7	5138097	snp	113	94	0.3782	0.2877	0.4336	0.1277	-0.306
Chr7	5140645	snp	79	60	0.3981	0.3004	0.5823	0.2	-0.3823
Chr7	5140708	snp	71	61	0.3999	0.3059	0.5634	0.1475	-0.4158
Chr7	5141255	snp	75	73	0.389	0.2972	0.4933	0.1918	-0.3016
Chr7	5142738	snp	96	93	0.376	0.29	0.4375	0.1183	-0.3192
Chr7	5143666	snp	64	69	0.3775	0.305	0.625	0.2319	-0.3931
Chr7	5143817	snp	59	38	0.4166	0.3189	0.7288	0.2632	-0.4657
Chr7	5145230	snp	58	46	0.4108	0.3081	0.6552	0.3261	-0.3291
Chr7	5145237	snp	54	55	0.4125	0.3047	0.7037	0.2364	-0.4673
Chr7	5146612	snp	81	75	0.3857	0.2943	0.5556	0.2133	-0.3422
Chr7	5146692	snp	69	61	0.4018	0.3022	0.5652	0.2623	-0.3029
Chr7	5146919	snp	55	67	0.3989	0.3113	0.4727	0.1493	-0.3235
Chr7	5146961	indel	60	79	0.3981	0.3004	0.5667	0.1266	-0.4401
Chr7	5149888	snp	80	86	0.3843	0.2956	0.4375	0.0814	-0.3561
Chr7	5150774	indel	86	81	0.3781	0.2924	0.5349	0.1235	-0.4114
Chr7	5163583	snp	76	69	0.3839	0.2969	0.5263	0.2029	-0.3234
Chr7	5163772	snp	110	91	0.3813	0.2874	0.4273	0.1319	-0.2954
Chr7	5164152	snp	47	42	0.4189	0.3262	0.7234	0.3571	-0.3663
Chr7	5164464	snp	111	108	0.3676	0.2785	0.4505	0.1296	-0.3208
Chr7	5164549	indel	93	110	0.3675	0.2873	0.4946	0.1182	-0.3764
Chr7	5164655	snp	101	83	0.3712	0.2856	0.5248	0.0843	-0.4404
Chr7	5166223	indel	79	78	0.3901	0.2882	0.3924	0.0897	-0.3027
Chr7	5166326	snp	83	78	0.3716	0.2955	0.4217	0.0897	-0.3319
Chr7	5168548	snp	85	79	0.3912	0.2998	0.4588	0.1392	-0.3196
Chr7	5171942	snp	34	33	0.4617	0.3449	0.7647	0.3333	-0.4314
Chr7	5172108	snp	41	27	0.4481	0.3505	0.7317	0.3333	-0.3984
Chr7	5172117	snp	43	28	0.4477	0.3389	0.6744	0.2857	-0.3887
Chr7	5174611	indel	84	54	0.3889	0.2963	0.6786	0.3148	-0.3638
Chr7	5174620	snp	68	48	0.4007	0.3113	0.6029	0.2708	-0.3321
Chr7	5174684	snp	56	48	0.4196	0.3155	0.7143	0.3333	-0.381
Chr7	5174855	indel	65	43	0.414	0.3134	0.4769	0.1163	-0.3606
Chr7	5174912	snp	55	39	0.4089	0.3179	0.5091	0.1795	-0.3296
Chr7	5174922	snp	56	46	0.4115	0.3191	0.4286	0.1087	-0.3199
Chr7	5175131	indel	61	20	0.4566	0.3549	0.6721	0.25	-0.4221
Chr7	5176214	snp	59	48	0.3902	0.3121	0.7288	0.3542	-0.3746
Chr7	5176341	snp	86	56	0.3841	0.3002	0.5814	0.25	-0.3314
Chr7	5176360	indel	99	73	0.3841	0.2975	0.4848	0.1644	-0.3205
Chr7	5179225	snp	74	56	0.4044	0.3055	0.4865	0.0893	-0.3972
Chr7	5179363	snp	74	59	0.4008	0.3028	0.5	0.0847	-0.4153
Chr7	5180046	indel	85	81	0.3961	0.2973	0.4235	0.0988	-0.3248
Chr7	5184865	snp	71	60	0.3939	0.2939	0.4789	0.15	-0.3289
Chr7	5188767	indel	72	53	0.3954	0.3032	0.4722	0.0755	-0.3968
Chr7	5188768	snp	71	58	0.4065	0.2982	0.5211	0.1552	-0.366
Chr7	5188768	indel	69	66	0.3966	0.3024	0.6087	0.2121	-0.3966
Chr7	5189764	snp	88	54	0.4036	0.3043	0.4545	0.1296	-0.3249
Chr7	5190098	indel	86	115	0.3733	0.2893	0.4535	0.1478	-0.3057
Chr7	5192095	snp	90	71	0.3864	0.2923	0.4333	0.1408	-0.2925
Chr7	5193438	snp	63	97	0.3877	0.3011	0.5238	0.0928	-0.431
Chr7	5197239	snp	78	52	0.391	0.2949	0.4615	0.1346	-0.3269
Chr7	5203125	snp	79	78	0.3901	0.2882	0.6076	0.2308	-0.3768
Chr7	5203292	snp	48	52	0.4038	0.3157	0.6042	0.2308	-0.3734
Chr7	5205219	snp	48	50	0.4092	0.3225	0.7083	0.36	-0.3483
Chr7	5205412	snp	87	42	0.4154	0.3144	0.6667	0.2381	-0.4286
Chr7	5205444	snp	64	30	0.4302	0.3292	0.8125	0.2333	-0.5792
Chr7	5205454	snp	62	32	0.4294	0.3327	0.7742	0.2188	-0.5554
Chr7	5205607	indel	88	106	0.3724	0.2875	0.4091	0.1038	-0.3053
Chr7	5207855	snp	83	59	0.3866	0.2996	0.494	0.1017	-0.3923
Chr7	5207953	snp	86	57	0.3935	0.306	0.5233	0.1053	-0.418
Chr7	5208317	snp	79	85	0.3912	0.2998	0.519	0.1529	-0.366
Chr7	5211980	indel	58	95	0.3777	0.2906	0.6207	0.2842	-0.3365
Chr7	5212054	snp	62	86	0.392	0.3016	0.4677	0.1628	-0.305
Chr7	5212335	indel	63	50	0.3943	0.3073	0.746	0.34	-0.406
Chr7	5213604	indel	81	46	0.3894	0.3065	0.5062	0.1739	-0.3323
Chr7	5215403	snp	100	89	0.3767	0.2878	0.48	0.1573	-0.3227
Chr7	5226661	snp	90	81	0.3778	0.2889	0.4889	0.1235	-0.3654
Chr7	5229623	snp	80	82	0.3841	0.2963	0.475	0.1707	-0.3043
Chr7	5229877	snp	61	77	0.3926	0.3085	0.4262	0.0909	-0.3353
Chr7	5247434	snp	70	64	0.3969	0.3018	0.4857	0.0781	-0.4076
Chr7	5258540	snp	70	57	0.3965	0.3018	0.5143	0.1754	-0.3388
Chr7	5268514	snp	89	80	0.373	0.2942	0.4944	0.1375	-0.3569
Chr7	5295945	snp	54	52	0.4131	0.3212	0.6111	0.2308	-0.3803
Chr7	5303662	indel	87	102	0.3739	0.2874	0.4023	0.1078	-0.2945
Chr7	5317433	snp	48	68	0.4007	0.3113	0.4167	0.1029	-0.3137
Chr7	5317537	snp	62	59	0.3997	0.307	0.5	0.1017	-0.3983
Chr7	5317704	snp	72	70	0.394	0.2976	0.4861	0.1857	-0.3004
Chr7	5319168	indel	88	87	0.3815	0.2915	0.4545	0.1264	-0.3281
Chr7	5319374	indel	107	115	0.3694	0.2842	0.4486	0.1043	-0.3443
Chr7	5320821	snp	85	75	0.378	0.2902	0.4824	0.12	-0.3624
Chr7	5323925	indel	75	50	0.4	0.3067	0.3733	0.06	-0.3133
Chr7	5324835	indel	60	66	0.4	0.297	0.3667	0.0455	-0.3212
Chr7	5327475	snp	95	68	0.3796	0.2954	0.4737	0.1618	-0.3119
Chr7	5330729	snp	117	97	0.371	0.2893	0.4103	0.0928	-0.3175
Chr7	5330892	snp	88	73	0.3808	0.2922	0.4545	0.0959	-0.3587
Chr7	5334086	indel	82	61	0.3916	0.3009	0.4634	0.0492	-0.4142
Chr7	5334841	snp	87	71	0.3902	0.2979	0.4713	0.1549	-0.3163
Chr7	5345628	snp	64	51	0.4053	0.311	0.5469	0.1373	-0.4096
Chr7	5346531	snp	88	68	0.3944	0.2981	0.4432	0.1176	-0.3255
Chr7	5349203	snp	58	56	0.3867	0.3017	0.4828	0.1786	-0.3042
Chr7	5352300	indel	71	73	0.3884	0.294	0.5211	0.137	-0.3841
Chr7	5353682	indel	92	94	0.3751	0.2815	0.4348	0.1489	-0.2858
Chr7	5353777	snp	70	32	0.4384	0.3357	0.6429	0.2812	-0.3616
Chr7	5354147	snp	48	19	0.4572	0.352	0.9583	0.5789	-0.3794
Chr7	5354171	indel	56	35	0.4107	0.325	0.7679	0.3143	-0.4536
Chr7	5354181	snp	56	39	0.419	0.3205	0.7321	0.2821	-0.4501
Chr7	5354238	indel	51	45	0.4118	0.3229	0.7647	0.3111	-0.4536
Chr7	5354322	snp	31	24	0.4785	0.3629	0.9032	0.4167	-0.4866
Chr7	5354588	indel	66	56	0.4113	0.3095	0.5758	0.25	-0.3258
Chr7	5354703	snp	84	72	0.3869	0.2996	0.5	0.125	-0.375
Chr7	5354705	indel	85	73	0.385	0.2967	0.5294	0.1644	-0.365
Chr7	5354837	snp	78	83	0.3716	0.2955	0.4615	0.1084	-0.3531
Chr7	5355060	snp	69	66	0.3966	0.3024	0.3768	0.0455	-0.3314
Chr7	5355247	indel	65	57	0.4005	0.3082	0.5077	0.193	-0.3147
Chr7	5355281	snp	40	39	0.4423	0.341	0.575	0.2308	-0.3442
Chr7	5355387	indel	43	38	0.4406	0.3293	0.7674	0.4211	-0.3464
Chr7	5355418	indel	44	59	0.4102	0.3147	0.7045	0.322	-0.3825
Chr7	5355448	snp	54	79	0.3863	0.3036	0.5926	0.2405	-0.3521
Chr7	5355554	snp	53	53	0.3962	0.3208	0.6226	0.2453	-0.3774
Chr7	5356048	snp	64	54	0.4126	0.3084	0.5156	0.1852	-0.3304
Chr7	5356176	snp	52	33	0.4196	0.3287	0.8077	0.3333	-0.4744
Chr7	5357020	snp	68	30	0.4167	0.3255	0.6618	0.2	-0.4618
Chr7	5357707	snp	36	25	0.4578	0.3467	0.6389	0.24	-0.3989
Chr7	5357846	indel	83	54	0.396	0.2941	0.4699	0.1296	-0.3402
Chr7	5358090	snp	63	20	0.4619	0.3508	0.619	0.2	-0.419
Chr7	5358117	snp	70	23	0.4391	0.3398	0.5571	0.1304	-0.4267
Chr7	5359085	indel	65	68	0.3995	0.3093	0.6308	0.2353	-0.3955
Chr7	5359110	snp	53	40	0.4108	0.3288	0.6604	0.175	-0.4854
Chr7	5359131	snp	58	47	0.4039	0.3147	0.6724	0.2128	-0.4596
Chr7	5359487	indel	100	97	0.372	0.2861	0.44	0.134	-0.306
Chr7	5359610	indel	40	44	0.4227	0.3295	0.7	0.1591	-0.5409
Chr7	5359629	snp	42	40	0.4155	0.3179	0.8095	0.175	-0.6345
Chr7	5359644	snp	49	35	0.4245	0.3306	0.7347	0.2286	-0.5061
Chr7	5359907	snp	74	73	0.3886	0.2942	0.527	0.2329	-0.2942
Chr7	5360506	snp	88	108	0.3725	0.2866	0.5	0.1204	-0.3796
Chr7	5360574	indel	116	122	0.3664	0.2777	0.4655	0.1639	-0.3016
Chr7	5361555	snp	89	60	0.3912	0.3006	0.5393	0.2	-0.3393
Chr7	5361618	snp	66	47	0.4146	0.3108	0.7576	0.2553	-0.5023
Chr7	5361679	indel	63	66	0.3997	0.3074	0.619	0.1515	-0.4675
Chr7	5361977	snp	62	44	0.4172	0.3204	0.6129	0.2273	-0.3856
Chr7	5362698	snp	58	52	0.3952	0.305	0.7414	0.3654	-0.376
Chr7	5362705	snp	53	49	0.4109	0.3246	0.7736	0.3673	-0.4062
Chr7	5363348	snp	80	72	0.4	0.3042	0.4875	0.1528	-0.3347
Chr7	5363450	snp	85	66	0.3845	0.2934	0.4706	0.1667	-0.3039
Chr7	5366755	snp	37	50	0.4249	0.3346	0.6216	0.22	-0.4016
Chr7	5366882	snp	31	29	0.4638	0.356	0.7097	0.3448	-0.3648
Chr7	5366907	snp	38	32	0.4457	0.3405	0.6842	0.3438	-0.3405
Chr7	5367928	snp	66	54	0.404	0.3098	0.6515	0.2037	-0.4478
Chr7	5369048	snp	98	70	0.3837	0.3	0.449	0.1143	-0.3347
Chr7	5371024	snp	97	80	0.3885	0.2979	0.4948	0.1	-0.3948
Chr7	5371239	snp	77	54	0.3992	0.3086	0.4545	0.1296	-0.3249
Chr7	5371536	indel	106	96	0.3856	0.2905	0.5755	0.25	-0.3255
Chr7	5371640	snp	102	87	0.3739	0.2874	0.4608	0.1494	-0.3114
Chr7	5372138	snp	58	40	0.4207	0.3207	0.6207	0.2	-0.4207
Chr7	5372357	snp	76	77	0.3978	0.2963	0.4605	0.1039	-0.3566
Chr7	5373950	snp	59	44	0.4102	0.3147	0.5424	0.2273	-0.3151
Chr7	5374587	indel	44	41	0.4329	0.3193	0.5909	0.1707	-0.4202
Chr7	5374976	snp	58	43	0.4166	0.3228	0.7241	0.2326	-0.4916
Chr7	5375299	snp	83	57	0.3919	0.2997	0.4458	0.1404	-0.3054
Chr7	5375987	snp	61	49	0.4108	0.3128	0.5082	0.1837	-0.3245
Chr7	5376094	snp	37	24	0.4696	0.3694	0.9189	0.2917	-0.6273
Chr7	5376220	snp	51	25	0.4267	0.3451	0.7059	0.36	-0.3459
Chr7	5376386	snp	50	45	0.4133	0.3267	0.72	0.3556	-0.3644
Chr7	5376479	snp	69	72	0.3798	0.3019	0.5217	0.1528	-0.369
Chr7	5376539	indel	84	93	0.3844	0.2961	0.4762	0.1613	-0.3149
Chr7	5376636	snp	56	65	0.3887	0.2964	0.6071	0.2	-0.4071
Chr7	5376673	snp	43	35	0.4405	0.3389	0.7907	0.3714	-0.4193
Chr7	5387820	indel	95	130	0.3713	0.2866	0.4737	0.1538	-0.3198
Chr7	5394054	snp	65	64	0.3954	0.3017	0.4154	0.0781	-0.3373
Chr7	5414153	snp	89	46	0.4013	0.3053	0.3708	0.0652	-0.3056
Chr7	5419486	snp	89	80	0.373	0.2942	0.382	0.0875	-0.2945
Chr7	5421248	snp	51	55	0.3954	0.3184	0.451	0.1091	-0.3419
Chr7	5421756	indel	90	69	0.3821	0.2947	0.4444	0.1014	-0.343
Chr7	5423111	indel	86	45	0.3972	0.3052	0.4302	0.1111	-0.3191
Chr7	5425264	snp	90	91	0.3698	0.2921	0.4889	0.1648	-0.3241
Chr7	5429453	snp	97	72	0.3784	0.2947	0.433	0.125	-0.308
Chr7	5430913	snp	57	46	0.4092	0.3146	0.4912	0.1087	-0.3825
Chr7	5431421	snp	87	88	0.3815	0.2915	0.4713	0.1136	-0.3576
Chr7	5432260	snp	52	47	0.4116	0.3196	0.8654	0.4043	-0.4611
Chr7	5432293	snp	51	47	0.4113	0.3179	0.7647	0.3617	-0.403
Chr7	5432519	snp	92	99	0.3755	0.2902	0.4457	0.1515	-0.2941
Chr7	5432845	snp	57	24	0.4298	0.3399	0.7719	0.375	-0.3969
Chr7	5433861	snp	88	63	0.3892	0.2985	0.4545	0.1429	-0.3117
Chr7	5434242	snp	55	45	0.4141	0.3152	0.4909	0.1556	-0.3354
Chr7	5440336	indel	80	38	0.4059	0.3158	0.5875	0.2368	-0.3507
Chr7	5440391	snp	57	33	0.4258	0.3333	0.6491	0.2121	-0.437
Chr7	5440439	snp	56	44	0.4205	0.3263	0.5893	0.2045	-0.3847
Chr7	5440629	snp	66	72	0.3914	0.2955	0.5152	0.1806	-0.3346
Chr7	5441212	snp	69	99	0.3882	0.2978	0.5362	0.1515	-0.3847
Chr7	5442379	indel	114	58	0.3908	0.2952	0.6228	0.1379	-0.4849
Chr7	5445393	snp	98	77	0.3794	0.2941	0.4184	0.1169	-0.3015
Chr7	5445935	snp	74	61	0.3941	0.2975	0.4189	0.0984	-0.3206
Chr7	5449565	snp	63	42	0.4048	0.3175	0.4286	0.0476	-0.381
Chr7	5451426	indel	62	46	0.4208	0.3247	0.4677	0.1087	-0.359
Chr7	5458658	snp	60	51	0.4059	0.3157	0.5667	0.2157	-0.351
Chr7	5459341	snp	59	31	0.4183	0.3248	0.5932	0.1935	-0.3997
Chr7	5459473	snp	57	46	0.4092	0.3146	0.5965	0.2609	-0.3356
Chr7	5460108	snp	58	34	0.4178	0.3245	0.6552	0.2941	-0.3611
Chr7	5460127	snp	56	40	0.4071	0.3214	0.6964	0.275	-0.4214
Chr7	5461151	indel	83	73	0.4007	0.2878	0.4096	0.0822	-0.3274
Chr7	5464133	snp	59	63	0.3955	0.3129	0.4576	0.127	-0.3306
Chr7	5468100	indel	129	102	0.3602	0.2848	0.4961	0.1471	-0.3491
Chr7	5469084	snp	85	75	0.378	0.2902	0.4824	0.1333	-0.349
Chr7	5469435	snp	63	58	0.4012	0.3046	0.619	0.2414	-0.3777
Chr7	5471376	indel	99	45	0.4061	0.3152	0.4747	0.1556	-0.3192
Chr7	5471399	snp	78	35	0.4125	0.3209	0.4872	0.1143	-0.3729
Chr7	5474166	snp	41	25	0.4673	0.3541	0.878	0.48	-0.398
Chr7	5474696	snp	69	54	0.3953	0.3076	0.5362	0.1296	-0.4066
Chr7	5474713	indel	78	62	0.3983	0.3052	0.5128	0.129	-0.3838
Chr7	5474765	snp	56	76	0.3891	0.2979	0.4643	0.1447	-0.3195
Chr7	5475067	snp	40	25	0.46	0.345	0.925	0.44	-0.485
Chr7	5475380	snp	64	67	0.3911	0.3102	0.7031	0.3731	-0.33
Chr7	5478461	snp	85	64	0.3857	0.2994	0.4118	0.0781	-0.3336
Chr7	5478835	snp	60	58	0.404	0.3161	0.6333	0.2931	-0.3402
Chr7	5480335	snp	80	64	0.3937	0.3031	0.4125	0.0938	-0.3187
Chr7	5482465	indel	69	57	0.4066	0.3051	0.4783	0.1053	-0.373
Chr7	5482511	snp	75	63	0.3886	0.301	0.4667	0.0952	-0.3714
Chr7	5483520	indel	81	79	0.3872	0.2996	0.5432	0.2152	-0.328
Chr7	5484028	indel	86	113	0.3735	0.2899	0.5465	0.177	-0.3695
Chr7	5484956	indel	68	87	0.384	0.2958	0.4412	0.1379	-0.3032
Chr7	5485042	snp	43	45	0.4088	0.3178	0.6744	0.2222	-0.4522
Chr7	5485057	snp	49	48	0.4026	0.3197	0.6735	0.1875	-0.486
Chr7	5485274	snp	65	92	0.388	0.2973	0.5231	0.1304	-0.3926
Chr7	5485275	indel	64	101	0.3806	0.293	0.5156	0.1287	-0.3869
Chr7	5485286	snp	65	90	0.394	0.3026	0.4923	0.1222	-0.3701
Chr7	5486435	snp	95	83	0.3801	0.2927	0.4421	0.1446	-0.2975
Chr7	5489571	indel	97	107	0.371	0.285	0.433	0.1308	-0.3021
Chr7	5489693	snp	96	97	0.3898	0.2944	0.4271	0.1134	-0.3137
Chr7	5517442	snp	91	71	0.3883	0.2914	0.4505	0.1268	-0.3238
Chr7	5554134	indel	65	55	0.3958	0.3091	0.6462	0.2909	-0.3552
Chr7	5554201	indel	65	54	0.3991	0.31	0.6308	0.3148	-0.316
Chr7	5554232	snp	57	43	0.4117	0.3125	0.6491	0.2326	-0.4166
Chr7	5554323	indel	49	25	0.4367	0.3355	0.5918	0.2	-0.3918
Chr7	5554401	snp	47	25	0.4409	0.3396	0.4255	0.04	-0.3855
Chr7	5554584	snp	35	41	0.4383	0.3317	0.5429	0.122	-0.4209
Chr7	5554922	snp	55	50	0.4091	0.3164	0.4545	0.1	-0.3545
Chr7	5555528	snp	96	77	0.3784	0.2953	0.5208	0.1299	-0.391
Chr7	5558023	snp	51	56	0.4114	0.3165	0.4706	0.1071	-0.3634
Chr7	5558026	indel	55	68	0.4003	0.3094	0.4545	0.1324	-0.3222
Chr7	5558149	snp	61	42	0.4028	0.3134	0.5738	0.2381	-0.3357
Chr7	5558782	snp	87	90	0.3782	0.2912	0.4598	0.1	-0.3598
Chr7	5559350	snp	64	64	0.3906	0.3125	0.5156	0.1719	-0.3438
Chr7	5560233	snp	68	48	0.4007	0.3113	0.5441	0.1042	-0.44
Chr7	5560270	snp	68	47	0.4196	0.3229	0.5735	0.1489	-0.4246
Chr7	5560309	indel	77	61	0.3926	0.3085	0.5584	0.1639	-0.3945
Chr7	5560516	snp	49	34	0.4226	0.3247	0.7143	0.3529	-0.3613
Chr7	5560840	snp	57	51	0.4056	0.3189	0.6667	0.1961	-0.4706
Chr7	5561321	indel	55	31	0.4328	0.332	0.7818	0.3871	-0.3947
Chr7	5562000	snp	39	44	0.4225	0.3316	0.641	0.2273	-0.4138
Chr7	5562628	snp	61	44	0.3994	0.3148	0.6721	0.2273	-0.4449
Chr7	5562807	snp	62	39	0.4189	0.3176	0.6774	0.2051	-0.4723
Chr7	5563040	snp	75	72	0.3883	0.2939	0.52	0.2222	-0.2978
Chr7	5625961	snp	75	81	0.3857	0.2943	0.5867	0.1975	-0.3891
Chr7	5629737	snp	28	31	0.4562	0.356	0.75	0.2903	-0.4597
Chr7	5633949	snp	21	29	0.486	0.3777	0.5238	0.069	-0.4548
Chr7	5634895	snp	29	16	0.5022	0.3987	0.5862	0.1875	-0.3987
Chr7	5639241	snp	55	45	0.4141	0.3152	0.6182	0.1333	-0.4848
Chr7	5639400	snp	47	42	0.4189	0.3262	0.5745	0.1905	-0.384
Chr7	5639658	snp	31	18	0.5108	0.3907	0.5806	0.1667	-0.414
Chr7	5640586	snp	67	58	0.3958	0.3049	0.5373	0.2241	-0.3132
Chr7	5641476	snp	65	36	0.4299	0.3278	0.7846	0.4167	-0.3679
Chr7	5641575	snp	65	51	0.4066	0.3113	0.6769	0.1569	-0.5201
Chr7	5644789	snp	91	62	0.4006	0.2958	0.5495	0.2097	-0.3398
Chr7	5645787	snp	67	57	0.3936	0.3077	0.5373	0.2105	-0.3268
Chr7	5657791	snp	81	70	0.3797	0.2926	0.4568	0.0857	-0.3711
Chr7	5658459	snp	38	53	0.4161	0.3217	0.8684	0.3585	-0.5099
Chr7	5658519	snp	38	50	0.4179	0.3189	0.8158	0.42	-0.3958
Chr7	5659469	snp	62	53	0.3999	0.3028	0.6452	0.2075	-0.4376
Chr7	5659635	snp	61	52	0.4001	0.3124	0.7049	0.2885	-0.4165
Chr7	5659664	snp	46	36	0.4396	0.3394	0.8478	0.3889	-0.4589
Chr7	5660144	indel	64	63	0.4033	0.307	0.625	0.2222	-0.4028
Chr7	5660182	snp	71	65	0.3876	0.3029	0.6338	0.2923	-0.3415
Chr7	5660481	snp	89	90	0.3747	0.2959	0.4382	0.1222	-0.316
Chr7	5661297	snp	85	100	0.3718	0.2859	0.4941	0.13	-0.3641
Chr7	5661927	snp	92	101	0.374	0.2858	0.413	0.1188	-0.2942
Chr7	5662647	snp	99	90	0.3778	0.2889	0.5051	0.1556	-0.3495
Chr7	5662859	snp	83	70	0.3904	0.2957	0.5181	0.2	-0.3181
Chr7	5662997	snp	67	72	0.3939	0.2946	0.5075	0.1528	-0.3547
Chr7	5663525	snp	56	38	0.4248	0.3346	0.5714	0.2368	-0.3346
Chr7	5663754	snp	78	68	0.3797	0.2971	0.4872	0.1618	-0.3254
Chr7	5670351	snp	85	69	0.3881	0.2975	0.5059	0.1884	-0.3175
Chr7	5671411	snp	116	72	0.376	0.2941	0.4914	0.1806	-0.3108
Chr7	5671542	snp	102	74	0.3877	0.296	0.4804	0.1757	-0.3047
Chr7	5671869	snp	71	62	0.3839	0.299	0.5211	0.129	-0.3921
Chr7	5675483	snp	76	48	0.3947	0.307	0.5	0.1667	-0.3333
Chr7	5675561	snp	77	52	0.4181	0.3109	0.5065	0.1538	-0.3526
Chr7	5676110	snp	64	43	0.4084	0.3147	0.5781	0.2558	-0.3223
Chr7	5677134	snp	103	75	0.385	0.2929	0.4757	0.1333	-0.3424
Chr7	5677296	snp	59	32	0.428	0.3289	0.8814	0.4375	-0.4439
Chr7	5677297	snp	63	31	0.4224	0.3287	0.8889	0.4516	-0.4373
Chr7	5677412	snp	90	95	0.383	0.2947	0.5222	0.1263	-0.3959
Chr7	5679040	snp	73	83	0.4007	0.2878	0.411	0.0964	-0.3146
Chr7	5679285	indel	111	94	0.3778	0.2845	0.5495	0.2021	-0.3474
Chr7	5679307	snp	107	85	0.3791	0.2919	0.5514	0.1529	-0.3985
Chr7	5679452	snp	67	41	0.4103	0.3153	0.5672	0.1951	-0.372
Chr7	5679512	snp	71	63	0.3921	0.2987	0.493	0.127	-0.366
Chr7	5682105	snp	57	44	0.4083	0.3186	0.5965	0.2727	-0.3238
Chr7	5682328	snp	69	58	0.3991	0.3073	0.5217	0.1379	-0.3838
Chr7	5682408	snp	50	40	0.415	0.325	0.76	0.3	-0.46
Chr7	5682486	snp	72	55	0.4109	0.3106	0.5417	0.2	-0.3417
Chr7	5682958	snp	67	81	0.3805	0.2967	0.5373	0.1111	-0.4262
Chr7	5683098	indel	74	96	0.3778	0.2903	0.5811	0.1667	-0.4144
Chr7	5683244	snp	48	51	0.4191	0.3223	0.6458	0.3137	-0.3321
Chr7	5683282	snp	52	52	0.4038	0.3269	0.6538	0.2885	-0.3654
Chr7	5683625	indel	48	35	0.4065	0.3161	0.6667	0.2857	-0.381
Chr7	5684595	snp	38	39	0.4265	0.3259	0.7895	0.4103	-0.3792
Chr7	5686256	snp	59	33	0.4427	0.3313	0.5763	0.2424	-0.3338
Chr7	5686546	snp	62	69	0.3957	0.3039	0.5968	0.2029	-0.3939
Chr7	5688415	snp	69	54	0.3953	0.3076	0.4928	0.1667	-0.3261
Chr7	5688488	snp	37	36	0.4279	0.3408	0.6757	0.1667	-0.509
Chr7	5688710	snp	62	56	0.3992	0.3059	0.5161	0.1964	-0.3197
Chr7	5688975	snp	105	78	0.3784	0.2912	0.4667	0.141	-0.3256
Chr7	5689647	snp	95	93	0.3744	0.2877	0.4737	0.1183	-0.3554
Chr7	5690311	snp	47	51	0.4113	0.3179	0.5745	0.2157	-0.3588
Chr7	5690606	snp	58	30	0.4391	0.3333	0.5	0.0667	-0.4333
Chr7	5691409	snp	81	35	0.4134	0.3277	0.5432	0.1429	-0.4004
Chr7	5691513	snp	43	32	0.4477	0.3459	0.814	0.3438	-0.4702
Chr7	5692232	snp	69	60	0.3971	0.3058	0.5942	0.2167	-0.3775
Chr7	5692315	snp	73	48	0.4015	0.3034	0.5068	0.1667	-0.3402
Chr7	5697238	snp	85	36	0.4121	0.3147	0.5176	0.0556	-0.4621
Chr7	5698500	snp	74	96	0.3778	0.2903	0.5	0.1458	-0.3542
Chr7	5700035	snp	75	64	0.3988	0.3023	0.5067	0.1406	-0.366
Chr7	5701237	snp	64	69	0.3775	0.305	0.5938	0.2609	-0.3329
Chr7	5701279	snp	66	70	0.4004	0.3052	0.6364	0.2714	-0.3649
Chr7	5701587	snp	54	60	0.4056	0.3093	0.6481	0.2333	-0.4148
Chr7	5702821	snp	108	114	0.3723	0.2919	0.537	0.1579	-0.3791
Chr7	5703029	snp	99	95	0.3833	0.2886	0.4848	0.1158	-0.3691
Chr7	5703114	snp	96	82	0.3686	0.294	0.4896	0.1463	-0.3432
Chr7	5703818	snp	60	45	0.4	0.3111	0.75	0.3556	-0.3944
Chr7	5704529	snp	81	74	0.3782	0.303	0.5309	0.1757	-0.3552
Chr7	5705187	snp	57	43	0.4117	0.3125	0.7895	0.4419	-0.3476
Chr7	5705301	snp	51	35	0.4364	0.3361	0.8039	0.4286	-0.3754
Chr7	5705346	snp	67	66	0.398	0.2942	0.6269	0.197	-0.4299
Chr7	5705587	snp	38	40	0.4368	0.3368	0.7632	0.4	-0.3632
Chr7	5705673	snp	53	36	0.4214	0.3249	0.8491	0.3611	-0.4879
Chr7	5705681	snp	59	38	0.4166	0.3189	0.7797	0.3684	-0.4112
Chr7	5706095	snp	64	51	0.4053	0.311	0.7188	0.3137	-0.405
Chr7	5706240	indel	95	76	0.3816	0.2947	0.5053	0.1579	-0.3474
Chr7	5707002	indel	45	35	0.4349	0.3302	0.6222	0.2857	-0.3365
Chr7	5707584	snp	61	47	0.3973	0.3136	0.6066	0.234	-0.3725
Chr7	5707651	snp	54	38	0.424	0.3294	0.8704	0.2368	-0.6335
Chr7	5707753	indel	61	44	0.3994	0.3148	0.7705	0.4545	-0.3159
Chr7	5708279	snp	54	36	0.4259	0.3241	0.7037	0.25	-0.4537
Chr7	5708589	snp	58	65	0.3973	0.3093	0.6034	0.2462	-0.3573
Chr7	5708638	snp	55	64	0.4045	0.3108	0.5636	0.2344	-0.3293
Chr7	5708864	snp	94	101	0.386	0.2903	0.4149	0.0792	-0.3357
Chr7	5709148	snp	62	49	0.3983	0.3144	0.6613	0.2653	-0.396
Chr7	5710613	snp	80	82	0.3841	0.2963	0.5125	0.1585	-0.354
Chr7	5711068	snp	98	101	0.3696	0.2867	0.4694	0.1386	-0.3308
Chr7	5711658	snp	49	37	0.4242	0.3227	0.6531	0.2162	-0.4368
Chr7	5711972	snp	79	44	0.4007	0.3096	0.6709	0.2955	-0.3754
Chr7	5711994	snp	73	35	0.4231	0.3249	0.7123	0.3429	-0.3695
Chr7	5712611	snp	46	47	0.3996	0.3122	0.3696	0.0426	-0.327
Chr7	5713126	snp	84	77	0.3842	0.29	0.4881	0.1948	-0.2933
Chr7	5714165	snp	77	66	0.4026	0.3009	0.4416	0.1364	-0.3052
Chr7	5714535	snp	75	56	0.3895	0.3005	0.6133	0.2143	-0.399
Chr7	5714567	snp	66	41	0.4169	0.3219	0.7121	0.2683	-0.4438
Chr7	5715635	snp	67	43	0.4176	0.3145	0.5672	0.2326	-0.3346
Chr7	5715831	snp	74	42	0.4176	0.3192	0.5405	0.2143	-0.3263
Chr7	5715936	snp	74	79	0.3744	0.2951	0.5135	0.1392	-0.3743
Chr7	5716814	snp	66	49	0.4014	0.3105	0.4545	0.0816	-0.3729
Chr7	5716964	indel	86	68	0.3748	0.2958	0.5465	0.25	-0.2965
Chr7	5716987	indel	78	61	0.3993	0.301	0.6282	0.2951	-0.3331
Chr7	5717203	snp	61	25	0.4446	0.3482	0.5902	0.2	-0.3902
Chr7	5722997	snp	70	47	0.4231	0.3173	0.4714	0.1489	-0.3225
Chr7	5723062	snp	65	41	0.415	0.3212	0.6154	0.1951	-0.4203
Chr7	5724427	snp	76	92	0.3781	0.2889	0.5789	0.1522	-0.4268
Chr7	5724546	snp	65	31	0.4203	0.3236	0.7231	0.1613	-0.5618
Chr7	5726995	indel	80	74	0.3953	0.3007	0.5125	0.1757	-0.3368
Chr7	5728116	snp	56	57	0.4154	0.3108	0.3929	0.0702	-0.3227
Chr7	5729287	snp	57	50	0.4116	0.3091	0.5965	0.18	-0.4165
Chr7	5729351	snp	55	32	0.4278	0.3318	0.6	0.1562	-0.4437
Chr7	5729393	indel	64	31	0.4315	0.3337	0.5625	0.1935	-0.369
Chr7	5729752	snp	49	24	0.4439	0.341	0.7143	0.25	-0.4643
Chr7	5730585	snp	65	32	0.4264	0.3197	0.6769	0.2188	-0.4582
Chr7	5731900	snp	55	38	0.4297	0.3225	0.8182	0.3947	-0.4234
Chr7	5737939	snp	37	45	0.4312	0.3327	0.7027	0.3556	-0.3471
Chr7	5738425	snp	68	54	0.3954	0.3066	0.6471	0.2593	-0.3878
Chr7	5738532	snp	48	29	0.4325	0.342	0.7292	0.3793	-0.3499
Chr7	5738792	snp	83	76	0.3776	0.2953	0.4217	0.0526	-0.3691
Chr7	5738941	snp	103	85	0.3758	0.2887	0.4272	0.0941	-0.3331
Chr7	5750945	snp	109	77	0.381	0.2976	0.5046	0.1688	-0.3358
Chr7	5755603	snp	59	39	0.4216	0.3272	0.7288	0.3333	-0.3955
Chr7	5757325	snp	45	34	0.4176	0.3294	0.7333	0.2941	-0.4392
Chr7	5757326	snp	41	28	0.4477	0.3467	0.7561	0.3929	-0.3632
Chr7	5757762	snp	52	40	0.4173	0.3212	0.6923	0.225	-0.4673
Chr7	5757874	snp	64	46	0.4083	0.3118	0.6719	0.1087	-0.5632
Chr7	5758102	snp	62	56	0.3992	0.3059	0.6129	0.25	-0.3629
Chr7	5758118	snp	56	48	0.4196	0.3155	0.6429	0.3125	-0.3304
Chr7	5758335	snp	65	46	0.4033	0.3084	0.6	0.2609	-0.3391
Chr7	5758456	snp	55	39	0.4089	0.3179	0.5091	0.1795	-0.3296
Chr7	5758618	snp	84	54	0.3889	0.2963	0.5357	0.1481	-0.3876
Chr7	5766516	snp	63	53	0.3986	0.3073	0.5556	0.1132	-0.4423
Chr7	5769519	snp	48	44	0.4072	0.3201	0.6875	0.1364	-0.5511
Chr7	5769836	snp	47	26	0.437	0.3396	0.617	0.1538	-0.4632
Chr7	5769976	snp	48	24	0.4375	0.3333	0.8125	0.3333	-0.4792
Chr7	5770304	snp	76	52	0.3866	0.3036	0.6447	0.25	-0.3947
Chr7	5770338	snp	79	45	0.3975	0.3091	0.6709	0.3333	-0.3376
Chr7	5770511	snp	91	79	0.3868	0.3009	0.4505	0.1139	-0.3366
Chr7	5771637	snp	70	39	0.4092	0.3125	0.5143	0.1538	-0.3604
Chr7	5772171	snp	69	35	0.4112	0.323	0.4638	0.0571	-0.4066
Chr7	5772253	snp	49	21	0.4558	0.3537	0.6531	0.1905	-0.4626
Chr7	5772334	snp	65	34	0.4149	0.3213	0.5231	0.1765	-0.3466
Chr7	5772790	snp	50	56	0.405	0.3143	0.56	0.1607	-0.3993
Chr7	5772882	snp	74	58	0.3798	0.3001	0.5676	0.1207	-0.4469
Chr7	5773323	snp	90	81	0.3778	0.2889	0.4444	0.1111	-0.3333
Chr7	5773773	snp	93	107	0.3681	0.2812	0.4194	0.1121	-0.3072
Chr7	5774430	snp	63	58	0.4012	0.3046	0.5238	0.1897	-0.3342
Chr7	5774558	snp	76	69	0.3839	0.2969	0.5789	0.1449	-0.434
Chr7	5775012	snp	76	62	0.3867	0.2992	0.5921	0.1613	-0.4308
Chr7	5775275	snp	66	62	0.3998	0.3128	0.6061	0.2742	-0.3319
Chr7	5775369	snp	84	89	0.3812	0.2932	0.4643	0.1573	-0.307
Chr7	5775762	snp	48	46	0.4058	0.317	0.5208	0.1957	-0.3252
Chr7	5776294	snp	48	25	0.4492	0.345	0.6667	0.32	-0.3467
Chr7	5778303	snp	70	48	0.4071	0.3131	0.6286	0.2083	-0.4202
Chr7	5778936	snp	51	51	0.4314	0.3333	0.6078	0.2549	-0.3529
Chr7	5778981	snp	40	20	0.475	0.375	0.775	0.4	-0.375
Chr7	5779058	snp	47	24	0.4734	0.3484	0.7872	0.25	-0.5372
Chr7	5783532	snp	38	29	0.4528	0.3475	0.8158	0.4483	-0.3675
Chr7	5783534	snp	39	31	0.4467	0.3383	0.7949	0.3871	-0.4078
Chr7	5799846	snp	27	26	0.4729	0.3604	0.7407	0.3462	-0.3946
Chr7	5800031	snp	44	37	0.4441	0.3292	0.5909	0.2162	-0.3747
Chr7	5802257	snp	100	70	0.3914	0.2986	0.45	0.1143	-0.3357
Chr7	5802653	snp	80	112	0.3714	0.2893	0.4375	0.1161	-0.3214
Chr7	5805865	indel	85	100	0.3718	0.2859	0.4353	0.14	-0.2953
Chr7	5806126	indel	84	66	0.4026	0.3041	0.5238	0.1515	-0.3723
Chr7	5809398	snp	63	59	0.3955	0.3129	0.5714	0.1695	-0.4019
Chr7	5809480	indel	65	63	0.3927	0.3028	0.5692	0.2063	-0.3629
Chr7	5809611	snp	39	41	0.424	0.3252	0.5897	0.0488	-0.541
Chr7	5809682	indel	38	43	0.4406	0.3293	0.7368	0.2093	-0.5275
Chr7	5809781	snp	46	48	0.4058	0.317	0.587	0.2292	-0.3578
Chr7	5810426	snp	60	36	0.4278	0.3333	0.5833	0.25	-0.3333
Chr7	5810557	snp	57	45	0.4175	0.3135	0.5263	0.1778	-0.3485
Chr7	5810818	snp	65	56	0.3887	0.2964	0.4769	0.1607	-0.3162
Chr7	5812438	snp	76	50	0.4026	0.3053	0.5921	0.28	-0.3121
Chr7	5812485	snp	67	54	0.3986	0.3054	0.6418	0.2222	-0.4196
Chr7	5812825	snp	83	70	0.3904	0.2957	0.5422	0.2143	-0.3279
Chr7	5813210	snp	59	44	0.4102	0.3147	0.7797	0.3182	-0.4615
Chr7	5813270	snp	80	70	0.3875	0.2982	0.6375	0.2429	-0.3946
Chr7	5813740	snp	90	74	0.3781	0.2868	0.4444	0.1216	-0.3228
Chr7	5814183	snp	50	51	0.4078	0.3086	0.74	0.3333	-0.4067
Chr7	5814401	snp	82	108	0.3832	0.2857	0.439	0.1389	-0.3001
Chr7	5815570	snp	58	44	0.3997	0.3143	0.5172	0.1818	-0.3354
Chr7	5815680	snp	80	72	0.4	0.3042	0.4625	0.125	-0.3375
Chr7	5815879	snp	63	36	0.4206	0.3175	0.7143	0.2778	-0.4365
Chr7	5815954	snp	82	66	0.4013	0.3019	0.622	0.2424	-0.3795
Chr7	5816178	snp	88	94	0.3677	0.2875	0.4773	0.1383	-0.339
Chr7	5816314	snp	94	94	0.383	0.2872	0.4894	0.1596	-0.3298
Chr7	5817543	snp	78	70	0.3883	0.3026	0.4744	0.1714	-0.3029
Chr7	5818329	snp	53	57	0.4012	0.3174	0.6226	0.2982	-0.3244
Chr7	5818636	snp	75	69	0.3768	0.2968	0.6133	0.2319	-0.3814
Chr7	5818703	snp	47	34	0.4374	0.3279	0.8085	0.3824	-0.4262
Chr7	5818754	snp	51	44	0.4095	0.3217	0.6078	0.25	-0.3578
Chr7	5818889	snp	68	51	0.4069	0.3039	0.5294	0.1961	-0.3333
Chr7	5818960	snp	75	61	0.3921	0.3019	0.5067	0.0984	-0.4083
Chr7	5819708	snp	66	49	0.4014	0.3105	0.6061	0.2653	-0.3408
Chr7	5822490	snp	86	117	0.3869	0.2919	0.4651	0.1368	-0.3284
Chr7	5822894	snp	50	29	0.4476	0.3462	0.64	0.2069	-0.4331
Chr7	5822902	snp	47	24	0.4734	0.3484	0.6596	0.0833	-0.5762
Chr7	5822928	indel	48	33	0.4261	0.3314	0.6875	0.3333	-0.3542
Chr7	5823024	snp	59	59	0.4068	0.3051	0.5254	0.1695	-0.3559
Chr7	5823258	snp	61	39	0.4136	0.3203	0.7705	0.3333	-0.4372
Chr7	5823419	snp	71	69	0.3874	0.2997	0.5775	0.2609	-0.3166
Chr7	5823670	snp	25	36	0.4578	0.3467	0.6	0.1111	-0.4889
Chr7	5823677	indel	27	35	0.4434	0.3439	0.6667	0.0571	-0.6095
Chr7	5823696	indel	20	33	0.4773	0.3667	0.75	0.0606	-0.6894
Chr7	5823795	snp	42	40	0.4155	0.3179	0.5	0.15	-0.35
Chr7	5823920	indel	68	60	0.4147	0.3118	0.5441	0.15	-0.3941
Chr7	5823965	snp	70	64	0.3969	0.3018	0.5286	0.1094	-0.4192
Chr7	5824585	snp	95	101	0.3835	0.2918	0.4526	0.0891	-0.3635
Chr7	5825512	snp	49	32	0.4235	0.338	0.7347	0.3125	-0.4222
Chr7	5826503	snp	86	57	0.3935	0.306	0.5581	0.1579	-0.4002
Chr7	5826998	snp	61	34	0.4306	0.3259	0.6393	0.2353	-0.4041
Chr7	5827059	snp	60	54	0.4056	0.3093	0.6833	0.2222	-0.4611
Chr7	5827083	indel	62	68	0.3975	0.3112	0.6129	0.25	-0.3629
Chr7	5827195	snp	49	52	0.4223	0.3214	0.7755	0.3077	-0.4678
Chr7	5827865	snp	39	31	0.4467	0.3383	0.8718	0.4194	-0.4524
Chr7	5828101	indel	61	46	0.4116	0.3083	0.7213	0.3696	-0.3517
Chr7	5828652	indel	58	57	0.3911	0.3043	0.5517	0.1754	-0.3763
Chr7	5828717	snp	72	59	0.3771	0.2999	0.5972	0.1525	-0.4447
Chr7	5828867	snp	63	46	0.4058	0.3147	0.5714	0.1957	-0.3758
Chr7	5830034	snp	55	34	0.4219	0.3283	0.6545	0.2941	-0.3604
Chr7	5830044	indel	61	46	0.4116	0.3083	0.5246	0.1957	-0.3289
Chr7	5830639	indel	30	25	0.4733	0.3733	0.8	0.32	-0.48
Chr7	5830649	snp	55	61	0.4048	0.3085	0.4727	0.1639	-0.3088
Chr7	5831393	snp	101	71	0.3874	0.2926	0.4356	0.1408	-0.2948
Chr7	5832727	snp	49	54	0.4161	0.3159	0.6122	0.2778	-0.3345
Chr7	5832772	snp	45	52	0.4021	0.3115	0.6889	0.3269	-0.362
Chr7	5833394	snp	43	28	0.4477	0.3389	0.6512	0.2857	-0.3654
Chr7	5833575	snp	59	62	0.3997	0.307	0.5085	0.1774	-0.3311
Chr7	5834021	snp	29	19	0.4955	0.3739	0.8966	0.3684	-0.5281
Chr7	5835033	snp	80	71	0.384	0.2949	0.4875	0.1831	-0.3044
Chr7	5835293	snp	73	50	0.3901	0.3068	0.589	0.24	-0.349
Chr7	5836058	indel	90	85	0.3837	0.2908	0.5556	0.1294	-0.4261
Chr7	5836111	snp	64	71	0.3853	0.3008	0.5	0.1831	-0.3169
Chr7	5836183	snp	44	53	0.4181	0.3195	0.6364	0.2075	-0.4288
Chr7	5836279	snp	51	63	0.4071	0.3119	0.5686	0.1746	-0.394
Chr7	5836923	snp	65	43	0.414	0.3134	0.4769	0.093	-0.3839
Chr7	5837510	snp	55	56	0.4058	0.3146	0.5455	0.1964	-0.349
Chr7	5837566	snp	73	65	0.4044	0.302	0.5205	0.1846	-0.3359
Chr7	5838011	snp	116	97	0.3753	0.2844	0.4828	0.1546	-0.3281
Chr7	5838901	snp	68	86	0.3748	0.2958	0.5441	0.1163	-0.4278
Chr7	5839135	snp	36	21	0.4762	0.3611	0.6389	0.1905	-0.4484
Chr7	5839509	snp	50	36	0.4222	0.3267	0.8	0.4444	-0.3556
Chr7	5840326	snp	96	102	0.3621	0.2825	0.4375	0.1373	-0.3002
Chr7	5840704	snp	54	28	0.4497	0.3452	0.7778	0.3929	-0.3849
Chr7	5840752	snp	62	30	0.4312	0.3333	0.7903	0.4333	-0.357
Chr7	5840930	snp	84	75	0.3762	0.2929	0.5238	0.1067	-0.4171
Chr7	5841163	snp	55	45	0.4141	0.3152	0.7636	0.4222	-0.3414
Chr7	5841666	snp	62	32	0.4294	0.3327	0.8226	0.4375	-0.3851
Chr7	5841669	snp	64	39	0.4123	0.3185	0.8125	0.3333	-0.4792
Chr7	5841837	snp	58	24	0.4267	0.3362	0.7759	0.25	-0.5259
Chr7	5841840	snp	61	24	0.4372	0.3388	0.7377	0.25	-0.4877
Chr7	5843316	snp	66	44	0.3939	0.3182	0.5152	0.1591	-0.3561
Chr7	5843656	snp	55	41	0.4231	0.3197	0.5818	0.2439	-0.3379
Chr7	5850642	snp	61	57	0.4078	0.3072	0.4426	0.1228	-0.3198
Chr7	5851485	indel	82	67	0.3844	0.2949	0.4512	0.0896	-0.3617
Chr7	5855675	snp	34	14	0.4874	0.3908	0.7941	0.3571	-0.437
Chr7	5856227	snp	70	57	0.3965	0.3018	0.6286	0.2456	-0.383
Chr7	5864563	snp	80	89	0.373	0.2942	0.4625	0.1573	-0.3052
Chr7	5868267	snp	67	80	0.3938	0.3067	0.4776	0.1375	-0.3401
Chr7	5869210	indel	80	78	0.3798	0.2901	0.4625	0.1026	-0.3599
Chr7	5875529	snp	97	67	0.3868	0.2937	0.4742	0.1194	-0.3548
Chr7	5880560	snp	94	76	0.3763	0.29	0.4574	0.1316	-0.3259
Chr7	5880917	snp	94	62	0.3909	0.2996	0.5851	0.2581	-0.327
Chr7	5881414	snp	60	46	0.4043	0.3101	0.7	0.3261	-0.3739
Chr7	5881417	snp	60	45	0.4	0.3111	0.6667	0.3111	-0.3556
Chr7	5881658	snp	78	49	0.4037	0.3145	0.6538	0.2857	-0.3681
Chr7	5882806	snp	65	59	0.4044	0.3056	0.5692	0.1017	-0.4675
Chr7	5883168	snp	72	58	0.3803	0.3051	0.5139	0.1552	-0.3587
Chr7	5883254	snp	51	29	0.4348	0.3313	0.7647	0.4138	-0.3509
Chr7	5883553	snp	109	56	0.384	0.2942	0.4771	0.1429	-0.3342
Chr7	5884115	snp	76	55	0.3971	0.3124	0.4868	0.1455	-0.3414
Chr7	5885697	snp	97	81	0.3779	0.2893	0.4536	0.1235	-0.3302
Chr7	5886174	snp	68	45	0.4092	0.3147	0.6912	0.2	-0.4912
Chr7	5887250	snp	112	65	0.3887	0.294	0.4464	0.1231	-0.3234
Chr7	5888769	indel	67	83	0.3888	0.2987	0.5522	0.1928	-0.3595
Chr7	5889223	snp	107	105	0.3708	0.2837	0.4299	0.1333	-0.2966
Chr7	5890241	indel	76	51	0.403	0.3114	0.4211	0.098	-0.323
Chr7	5892732	snp	78	62	0.3983	0.3052	0.5897	0.1935	-0.3962
Chr7	5892806	snp	54	34	0.4281	0.3312	0.7778	0.4412	-0.3366
Chr7	5893773	snp	105	103	0.3752	0.2807	0.4	0.1165	-0.2835
Chr7	5894046	snp	100	85	0.3718	0.2859	0.48	0.1294	-0.3506
Chr7	5894431	snp	87	77	0.389	0.296	0.4138	0.1169	-0.2969
Chr7	5895540	snp	78	61	0.3993	0.301	0.5513	0.2131	-0.3382
Chr7	5895604	snp	79	56	0.3881	0.3108	0.5443	0.2321	-0.3122
Chr7	5895921	snp	89	83	0.3907	0.2974	0.4607	0.1084	-0.3522
Chr7	5897944	snp	76	60	0.3816	0.3026	0.4474	0.1333	-0.314
Chr7	5898067	snp	61	56	0.4031	0.3106	0.541	0.125	-0.416
Chr7	5898134	indel	70	82	0.385	0.2972	0.4857	0.122	-0.3638
Chr7	5898190	snp	56	54	0.4167	0.3075	0.5179	0.1481	-0.3697
Chr7	5898897	snp	50	30	0.4467	0.34	0.66	0.2667	-0.3933
Chr7	5898900	snp	50	29	0.4476	0.3462	0.66	0.2759	-0.3841
Chr7	5898901	snp	50	32	0.43	0.3363	0.66	0.25	-0.41
Chr7	5900011	snp	80	46	0.4022	0.3027	0.4375	0.1304	-0.3071
Chr7	5901707	snp	80	75	0.3733	0.2917	0.45	0.1467	-0.3033
Chr7	5902496	snp	66	86	0.3925	0.2992	0.4697	0.1628	-0.3069
Chr7	5903063	snp	114	104	0.364	0.2846	0.4737	0.1538	-0.3198
Chr7	5904116	snp	78	66	0.3939	0.3007	0.5513	0.2121	-0.3392
Chr7	5904212	snp	78	75	0.3831	0.2954	0.5128	0.1867	-0.3262
Chr7	5904502	snp	46	40	0.4391	0.3293	0.7391	0.35	-0.3891
Chr7	5905295	snp	60	30	0.4333	0.3333	0.6333	0.3	-0.3333
Chr7	5906382	snp	31	24	0.4785	0.3629	0.7742	0.2917	-0.4825
Chr7	5907346	snp	55	61	0.4048	0.3085	0.5636	0.1311	-0.4325
Chr7	5910448	snp	67	37	0.4248	0.3239	0.791	0.2703	-0.5208
Chr7	5910914	snp	62	92	0.3885	0.2928	0.4677	0.1739	-0.2938
Chr7	5912144	snp	55	25	0.44	0.3455	0.7273	0.36	-0.3673
Chr7	5912153	snp	52	28	0.4231	0.3324	0.7308	0.3571	-0.3736
Chr7	5913116	snp	39	40	0.4423	0.341	0.6667	0.275	-0.3917
Chr7	5913349	snp	59	23	0.4532	0.3515	0.6271	0.2174	-0.4097
Chr7	5913460	snp	77	60	0.39	0.2996	0.4805	0.1	-0.3805
Chr7	5916200	snp	60	49	0.4014	0.3068	0.6167	0.1429	-0.4738
Chr7	5917641	snp	64	88	0.392	0.304	0.625	0.2273	-0.3977
Chr7	5917708	snp	77	74	0.3807	0.2948	0.5584	0.2297	-0.3287
Chr7	5918337	snp	39	28	0.4579	0.3498	0.8205	0.3929	-0.4277
Chr7	5918346	snp	40	31	0.4419	0.3347	0.75	0.2903	-0.4597
Chr7	5928637	indel	57	58	0.3911	0.3043	0.5088	0.1552	-0.3536
Chr7	5933235	snp	80	77	0.3773	0.2888	0.425	0.1169	-0.3081
Chr7	5933492	snp	46	26	0.4498	0.3395	0.7174	0.3077	-0.4097
Chr7	5933783	snp	71	53	0.3933	0.3037	0.5211	0.1887	-0.3324
Chr7	5934305	snp	36	25	0.4578	0.3467	0.8056	0.4	-0.4056
Chr7	5939746	snp	37	35	0.4409	0.339	0.5676	0.1714	-0.3961
Chr7	5944964	snp	43	45	0.4088	0.3178	0.5814	0.2	-0.3814
Chr7	5950058	snp	50	27	0.4407	0.3407	0.64	0.2593	-0.3807
Chr7	5952435	snp	68	70	0.3937	0.3063	0.4559	0.0857	-0.3702
Chr7	5952962	snp	101	107	0.3693	0.2856	0.4653	0.1308	-0.3345
Chr7	5953667	snp	86	64	0.3779	0.2958	0.5	0.1719	-0.3281
Chr7	5953756	snp	65	56	0.3887	0.2964	0.5077	0.1786	-0.3291
Chr7	5953893	snp	86	72	0.376	0.2923	0.5	0.125	-0.375
Chr7	5954099	snp	78	79	0.3901	0.2882	0.5128	0.1013	-0.4116
Chr7	5954459	snp	40	29	0.4586	0.3517	0.575	0.1379	-0.4371
Chr7	5954471	snp	35	24	0.4512	0.3655	0.6	0.1667	-0.4333
Chr7	5957776	snp	24	21	0.4762	0.381	0.8333	0.2857	-0.5476
Chr7	5958447	snp	54	45	0.4111	0.3148	0.537	0.1556	-0.3815
Chr7	5959122	snp	67	59	0.3795	0.3008	0.4478	0.0678	-0.38
Chr7	5959484	snp	62	46	0.4208	0.3247	0.5645	0.1522	-0.4123
Chr7	5959575	indel	63	65	0.3927	0.3028	0.5873	0.1692	-0.4181
Chr7	5962099	snp	64	59	0.3994	0.3096	0.6562	0.1695	-0.4868
Chr7	5962258	snp	98	82	0.3868	0.2927	0.4388	0.1098	-0.329
Chr7	5962396	snp	59	17	0.4766	0.3599	0.8305	0.2353	-0.5952
Chr7	5963237	snp	36	29	0.4607	0.3429	0.6389	0.2069	-0.432
Chr7	5963987	snp	49	42	0.415	0.3231	0.5918	0.1429	-0.449
Chr7	5964025	snp	38	33	0.4418	0.3429	0.6053	0.2121	-0.3931
Chr7	5964250	snp	76	56	0.3891	0.2979	0.5658	0.0714	-0.4944
Chr7	5964356	snp	92	39	0.4136	0.3119	0.7065	0.3077	-0.3988
Chr7	5964456	snp	89	44	0.4009	0.3095	0.5955	0.25	-0.3455
Chr7	5964865	snp	95	98	0.3603	0.284	0.3684	0.0714	-0.297
Chr7	5965290	snp	20	17	0.5235	0.4059	0.75	0.2353	-0.5147
Chr7	5965416	snp	52	38	0.419	0.3239	0.6731	0.2632	-0.4099
Chr7	5965637	snp	36	25	0.4578	0.3467	0.8056	0.44	-0.3656
Chr7	5966556	snp	98	78	0.3789	0.2873	0.4592	0.0897	-0.3694
Chr7	5966962	indel	70	107	0.3718	0.2921	0.5	0.1589	-0.3411
Chr7	5967432	snp	109	95	0.3682	0.2827	0.4495	0.1579	-0.2916
Chr7	5968083	snp	53	50	0.4147	0.3192	0.7358	0.28	-0.4558
Chr7	5968092	snp	53	46	0.4212	0.324	0.6981	0.2826	-0.4155
Chr7	5968285	snp	44	26	0.4493	0.3462	0.8864	0.5	-0.3864
Chr7	5968478	snp	72	58	0.3803	0.3051	0.5556	0.1552	-0.4004
Chr7	5968567	snp	49	21	0.4558	0.3537	0.8367	0.3333	-0.5034
Chr7	5968601	snp	68	41	0.4132	0.3095	0.6765	0.1463	-0.5301
Chr7	5968640	indel	83	65	0.3965	0.2955	0.5783	0.2769	-0.3014
Chr7	5968826	snp	96	83	0.3824	0.2893	0.5	0.1807	-0.3193
Chr7	5970562	snp	82	63	0.3887	0.2985	0.561	0.2381	-0.3229
Chr7	5970800	snp	49	48	0.4026	0.3197	0.6327	0.2917	-0.341
Chr7	5971382	snp	60	39	0.4231	0.3192	0.6333	0.2051	-0.4282
Chr7	5971422	snp	48	21	0.4643	0.3601	0.6875	0.2857	-0.4018
Chr7	5977298	snp	76	49	0.4176	0.3096	0.4868	0.1633	-0.3236
Chr7	5978608	snp	47	43	0.4231	0.3261	0.4894	0.1395	-0.3498
Chr7	5979258	snp	102	65	0.3913	0.2961	0.5098	0.1385	-0.3713
Chr7	5980363	snp	52	45	0.4021	0.3115	0.5962	0.1556	-0.4406
Chr7	5981020	snp	58	25	0.449	0.3414	0.6379	0.24	-0.3979
Chr7	5981966	snp	89	90	0.3747	0.2959	0.4719	0.1444	-0.3275
Chr7	5982233	snp	61	67	0.4035	0.3066	0.5574	0.1791	-0.3783
Chr7	5983075	snp	58	46	0.4108	0.3081	0.4655	0.1304	-0.3351
Chr7	5983395	snp	88	91	0.387	0.2946	0.4318	0.1099	-0.3219
Chr7	5984506	snp	34	23	0.4604	0.3581	0.8529	0.4783	-0.3747
Chr7	5985598	snp	80	82	0.3841	0.2963	0.5	0.1951	-0.3049
Chr7	5986680	snp	88	63	0.3892	0.2985	0.4886	0.1587	-0.3299
Chr7	5988468	snp	47	44	0.4309	0.3216	0.6809	0.3409	-0.3399
Chr7	5990321	snp	62	41	0.4174	0.319	0.6613	0.3415	-0.3198
Chr7	5991367	snp	83	92	0.368	0.2881	0.4699	0.1522	-0.3177
Chr7	5991925	snp	42	40	0.4155	0.3179	0.6429	0.275	-0.3679
Chr7	5992017	snp	37	27	0.4535	0.3524	0.7568	0.2222	-0.5345
Chr7	5992074	snp	63	55	0.3942	0.303	0.5556	0.2	-0.3556
Chr7	5993285	snp	58	32	0.4159	0.3147	0.431	0.0625	-0.3685
Chr7	5996005	snp	95	92	0.3778	0.2868	0.4105	0.1196	-0.291
Chr7	5996621	snp	87	75	0.383	0.2933	0.3908	0.08	-0.3108
Chr7	5996810	snp	55	33	0.4242	0.3333	0.6364	0.303	-0.3333
Chr7	5997277	snp	47	36	0.4196	0.3245	0.5957	0.2222	-0.3735
Chr7	5997660	snp	85	77	0.3824	0.2923	0.4353	0.1169	-0.3184
Chr7	5997816	snp	54	32	0.4306	0.3345	0.7778	0.25	-0.5278
Chr7	5998348	snp	69	72	0.3798	0.3019	0.5217	0.1944	-0.3273
Chr7	6034881	snp	98	80	0.3781	0.2918	0.3673	0.05	-0.3173
Chr7	6035205	snp	81	84	0.384	0.2945	0.4198	0.0833	-0.3364
Chr7	6038056	snp	65	75	0.3856	0.2995	0.3846	0.08	-0.3046
Chr7	6040452	snp	100	78	0.3779	0.2938	0.47	0.1154	-0.3546
Chr7	6043272	snp	101	80	0.3827	0.2905	0.4257	0.1125	-0.3132
Chr7	6047852	snp	70	37	0.4154	0.3216	0.5429	0.1892	-0.3537
Chr7	6048563	snp	37	21	0.4852	0.3629	0.6216	0.1429	-0.4788
Chr7	6049572	snp	57	51	0.4056	0.3189	0.5965	0.2549	-0.3416
Chr7	6050247	snp	67	52	0.3958	0.3063	0.597	0.25	-0.347
Chr7	6053521	snp	60	77	0.39	0.2996	0.4833	0.1818	-0.3015
Chr7	6071023	snp	98	85	0.3691	0.2797	0.4694	0.1529	-0.3164
Chr7	6077168	snp	49	56	0.4107	0.3163	0.4286	0.0714	-0.3571
Chr7	6077769	indel	33	42	0.4351	0.3442	0.3939	0.0476	-0.3463
Chr7	6087361	snp	77	107	0.3758	0.2874	0.4286	0.1028	-0.3258
Chr7	6095004	indel	74	75	0.3811	0.3011	0.4324	0.1067	-0.3258
Chr7	6108325	snp	97	79	0.371	0.2862	0.4227	0.1266	-0.2961
Chr7	6140435	snp	95	67	0.3769	0.2918	0.5053	0.1194	-0.3859
Chr7	6142207	snp	81	71	0.3885	0.2932	0.4321	0.0845	-0.3476
Chr7	6145705	snp	98	55	0.3941	0.3076	0.5102	0.1818	-0.3284
Chr7	6146885	snp	99	95	0.3833	0.2886	0.4848	0.1263	-0.3585
Chr7	6147572	snp	80	78	0.3798	0.2901	0.4875	0.1282	-0.3593
Chr7	6154025	indel	82	68	0.3985	0.2934	0.439	0.1324	-0.3067
Chr7	6154124	indel	104	97	0.3658	0.2855	0.5385	0.134	-0.4044
Chr7	6154575	snp	108	64	0.386	0.2917	0.4722	0.1562	-0.316
Chr7	6154952	snp	101	79	0.3739	0.2859	0.4851	0.1519	-0.3332
Chr7	6155933	snp	110	92	0.3759	0.2834	0.4091	0.1196	-0.2895
Chr7	6161528	snp	101	99	0.3793	0.289	0.4455	0.1414	-0.3041
Chr7	6161960	snp	75	60	0.3967	0.3	0.5067	0.1667	-0.34
Chr7	6163199	snp	84	59	0.3923	0.3039	0.4286	0.1017	-0.3269
Chr7	6175847	snp	90	103	0.3713	0.2852	0.4444	0.1262	-0.3182
Chr7	6181111	snp	78	57	0.3974	0.305	0.5641	0.1228	-0.4413
Chr7	6181161	snp	69	63	0.3885	0.303	0.5942	0.1429	-0.4513
Chr7	6182940	snp	66	35	0.4229	0.3203	0.4091	0.0857	-0.3234
Chr7	6183021	snp	44	26	0.4493	0.3462	0.5227	0.1154	-0.4073
Chr7	6183481	snp	59	34	0.4257	0.3215	0.4407	0.0882	-0.3524
Chr7	6184948	indel	76	75	0.3896	0.2981	0.5921	0.2533	-0.3388
Chr7	6185864	snp	51	53	0.404	0.3111	0.549	0.1887	-0.3603
Chr7	6186763	snp	26	13	0.5385	0.4231	0.5	0.0	-0.5
Chr7	6186886	indel	38	35	0.4316	0.3391	0.5263	0.1143	-0.412
Chr7	6187179	snp	46	20	0.4674	0.3609	0.6957	0.25	-0.4457
Chr7	6187338	snp	74	46	0.3907	0.3067	0.5676	0.1957	-0.3719
Chr7	6187503	snp	80	55	0.392	0.3023	0.65	0.2364	-0.4136
Chr7	6188048	snp	60	66	0.4	0.297	0.5667	0.2273	-0.3394
Chr7	6188194	snp	52	43	0.4092	0.3202	0.5385	0.2093	-0.3292
Chr7	6194289	snp	47	40	0.416	0.3271	0.7447	0.3	-0.4447
Chr7	6194294	snp	49	43	0.4177	0.3218	0.7143	0.3023	-0.412
Chr7	6195446	snp	72	52	0.406	0.3109	0.5833	0.1923	-0.391
Chr7	6197072	snp	34	42	0.437	0.3361	0.5294	0.1905	-0.3389
Chr7	6200193	snp	65	43	0.414	0.3134	0.7385	0.1163	-0.6222
Chr7	6200204	snp	67	38	0.4163	0.3181	0.7015	0.1579	-0.5436
Chr7	6201002	snp	78	98	0.3789	0.2873	0.4615	0.1122	-0.3493
Chr7	6201766	snp	66	57	0.4091	0.3062	0.4545	0.0877	-0.3668
Chr7	6207570	snp	82	83	0.3823	0.2864	0.5	0.1928	-0.3072
Chr7	6209875	snp	71	62	0.3839	0.299	0.5775	0.2581	-0.3194
Chr7	6213170	indel	92	63	0.3841	0.2945	0.5217	0.2222	-0.2995
Chr7	6668920	snp	37	25	0.4638	0.3557	0.7838	0.4	-0.3838
Chr7	6671198	snp	65	62	0.3975	0.306	0.4769	0.1129	-0.364
Chr7	6837791	snp	31	18	0.5108	0.3907	0.5484	0.1111	-0.4373
Chr7	6844234	snp	58	28	0.4347	0.3362	0.5345	0.1429	-0.3916
Chr7	6869841	snp	52	25	0.4508	0.3515	0.7692	0.28	-0.4892
Chr7	6869866	indel	70	30	0.4238	0.3286	0.7286	0.2333	-0.4952
Chr7	6945244	snp	31	33	0.4487	0.3519	0.4516	0.0606	-0.391
Chr7	7273491	snp	88	67	0.3811	0.2924	0.5341	0.1194	-0.4147
Chr7	7281518	snp	50	39	0.4292	0.3297	0.72	0.3333	-0.3867
Chr7	7289352	snp	28	34	0.4622	0.3487	0.5	0.1176	-0.3824
Chr7	7294660	snp	55	29	0.4332	0.3348	0.6364	0.2414	-0.395
Chr7	7338871	snp	37	16	0.5068	0.3902	0.8108	0.3125	-0.4983
Chr7	7348244	snp	56	55	0.4058	0.3146	0.6429	0.3273	-0.3156
Chr7	7349741	snp	35	34	0.4227	0.3353	0.5714	0.2353	-0.3361
Chr7	7367831	snp	80	78	0.3798	0.2901	0.5	0.1795	-0.3205
Chr7	7397178	snp	107	58	0.3891	0.3029	0.6636	0.3103	-0.3532
Chr7	7406006	snp	29	32	0.4741	0.3524	0.7931	0.4062	-0.3869
Chr7	7443538	snp	79	71	0.3876	0.2965	0.4304	0.0986	-0.3318
Chr7	7455366	snp	60	66	0.4	0.297	0.4	0.0909	-0.3091
Chr7	7470740	snp	62	62	0.4032	0.3065	0.5484	0.1613	-0.3871
Chr7	7485560	snp	68	72	0.3848	0.2998	0.6029	0.1806	-0.4224
Chr7	7490138	snp	64	50	0.405	0.3181	0.4688	0.14	-0.3287
Chr7	7494155	snp	106	84	0.3816	0.2848	0.4434	0.119	-0.3243
Chr7	7499242	snp	75	84	0.3762	0.2929	0.48	0.119	-0.361
Chr7	7501707	snp	88	72	0.3876	0.2917	0.4432	0.1389	-0.3043
Chr7	7503522	snp	35	20	0.4857	0.3643	0.7429	0.35	-0.3929
Chr7	7509262	snp	60	60	0.4167	0.3167	0.4167	0.1	-0.3167
Chr7	7519320	snp	87	82	0.3789	0.2921	0.3908	0.0854	-0.3054
Chr7	7525428	indel	79	81	0.3872	0.2996	0.5443	0.1728	-0.3715
Chr7	7537061	snp	80	56	0.3929	0.3054	0.525	0.1607	-0.3643
Chr7	8897916	snp	48	47	0.4136	0.3223	0.4375	0.0426	-0.3949
Chr7	8913496	snp	82	103	0.3822	0.2968	0.4634	0.1456	-0.3178
Chr7	8922093	indel	79	92	0.3756	0.2906	0.3671	0.0	-0.3671
Chr7	8923686	indel	98	93	0.3766	0.2908	0.4592	0.1398	-0.3194
Chr7	8944635	snp	29	28	0.4729	0.3645	0.4828	0.0714	-0.4113
Chr7	8944640	snp	30	31	0.4441	0.3452	0.4667	0.0645	-0.4022
Chr7	8945981	snp	69	76	0.3839	0.2969	0.4928	0.1842	-0.3085
Chr7	8947020	snp	77	58	0.3957	0.305	0.5065	0.1897	-0.3168
Chr7	8947497	snp	43	41	0.426	0.3284	0.5814	0.2195	-0.3619
Chr7	8947597	snp	23	22	0.4704	0.3775	0.5652	0.1364	-0.4289
Chr7	8948389	indel	81	74	0.3782	0.303	0.4444	0.1216	-0.3228
Chr7	8950062	snp	61	53	0.3981	0.3087	0.6393	0.2075	-0.4318
Chr7	8951909	snp	74	52	0.4038	0.3119	0.6081	0.25	-0.3581
Chr7	8952057	snp	47	25	0.4409	0.3396	0.8298	0.28	-0.5498
Chr7	8952181	snp	53	45	0.4147	0.3182	0.6226	0.2444	-0.3782
Chr7	8953156	snp	76	72	0.3801	0.2931	0.4211	0.0417	-0.3794
Chr7	8954210	snp	100	89	0.3767	0.2878	0.44	0.0674	-0.3726
Chr7	8960012	snp	52	45	0.4021	0.3115	0.5962	0.2222	-0.3739
Chr7	8960641	snp	63	50	0.3943	0.3073	0.6349	0.3	-0.3349
Chr7	8960846	snp	38	27	0.4513	0.345	0.7895	0.2222	-0.5673
Chr7	8960939	snp	35	33	0.4416	0.3472	0.6571	0.2121	-0.445
Chr7	8961751	snp	63	46	0.4058	0.3147	0.8254	0.2826	-0.5428
Chr7	8962786	snp	37	25	0.4638	0.3557	0.6486	0.16	-0.4886
Chr7	8965189	snp	55	56	0.4058	0.3146	0.5091	0.1607	-0.3484
Chr7	8965239	snp	77	86	0.3798	0.2908	0.4675	0.1047	-0.3629
Chr7	8965317	snp	73	70	0.3838	0.2969	0.5342	0.2	-0.3342
Chr7	8965423	snp	97	68	0.3775	0.2921	0.4845	0.1765	-0.3081
Chr7	8967463	snp	87	62	0.3949	0.3003	0.5517	0.2097	-0.342
Chr7	8967595	snp	58	37	0.4147	0.3234	0.6897	0.3514	-0.3383
Chr7	8969129	snp	55	34	0.4219	0.3283	0.8545	0.3529	-0.5016
Chr7	8969137	snp	57	32	0.4265	0.3289	0.7895	0.375	-0.4145
Chr7	8969899	snp	59	53	0.4007	0.3099	0.678	0.3208	-0.3572
Chr7	8969916	snp	60	54	0.4056	0.3093	0.65	0.3148	-0.3352
Chr7	8970537	snp	51	40	0.4221	0.3255	0.6471	0.3	-0.3471
Chr7	8970597	snp	59	42	0.4189	0.3208	0.678	0.2857	-0.3923
Chr7	8971190	snp	72	67	0.3939	0.2946	0.5278	0.1642	-0.3636
Chr7	8975591	snp	96	73	0.3823	0.293	0.4583	0.137	-0.3213
Chr7	8976106	snp	58	40	0.4207	0.3207	0.6207	0.175	-0.4457
Chr7	8976128	indel	84	63	0.3849	0.3016	0.4762	0.1746	-0.3016
Chr7	8977115	indel	87	77	0.389	0.296	0.4253	0.0909	-0.3344
Chr7	8977739	snp	80	62	0.3738	0.2931	0.475	0.1774	-0.2976
Chr7	8987308	snp	80	49	0.4018	0.3089	0.425	0.0816	-0.3434
Chr7	8989327	snp	57	33	0.4258	0.3333	0.6842	0.2727	-0.4115
Chr7	8989363	snp	57	33	0.4258	0.3333	0.7193	0.2424	-0.4769
Chr7	8989441	indel	72	72	0.375	0.2917	0.5	0.1944	-0.3056
Chr7	9000176	snp	87	63	0.3968	0.3027	0.4368	0.127	-0.3098
Chr7	9000641	snp	90	104	0.3641	0.2863	0.5667	0.1346	-0.4321
Chr7	9000837	snp	57	65	0.4005	0.3082	0.6316	0.2308	-0.4008
Chr7	9004405	snp	68	73	0.3995	0.2996	0.5735	0.2055	-0.368
Chr7	9006587	snp	86	74	0.3796	0.2901	0.4302	0.1216	-0.3086
Chr7	9007346	snp	80	43	0.4174	0.3154	0.4	0.0698	-0.3302
Chr7	9008741	snp	81	68	0.3778	0.299	0.4198	0.1176	-0.3021
Chr7	9011007	snp	80	64	0.3937	0.3031	0.425	0.1094	-0.3156
Chr7	9015180	snp	59	56	0.3977	0.3057	0.4576	0.1429	-0.3148
Chr7	9016852	snp	97	103	0.3679	0.2806	0.4433	0.1456	-0.2977
Chr7	9020513	snp	72	57	0.3962	0.3019	0.4583	0.1404	-0.318
Chr7	9026586	snp	79	92	0.3756	0.2906	0.4684	0.1522	-0.3162
Chr7	9032513	indel	111	104	0.3727	0.2844	0.5225	0.1154	-0.4071
Chr7	9033815	snp	74	53	0.3845	0.3006	0.473	0.1132	-0.3598
Chr7	9037293	snp	90	82	0.3832	0.2911	0.4778	0.1463	-0.3314
Chr7	9040880	snp	51	23	0.4493	0.3512	0.8235	0.4348	-0.3887
Chr7	9041270	snp	88	81	0.388	0.2991	0.4432	0.1358	-0.3074
Chr7	9042514	snp	63	67	0.4037	0.3196	0.619	0.2985	-0.3205
Chr7	9043428	snp	89	86	0.3839	0.2912	0.5506	0.2326	-0.318
Chr7	9045745	snp	81	71	0.3885	0.2932	0.3951	0.0986	-0.2965
Chr7	9048407	snp	47	48	0.4136	0.3223	0.5106	0.1875	-0.3231
Chr7	9049827	snp	32	20	0.475	0.3625	0.4375	0.05	-0.3875
Chr7	9049855	snp	39	33	0.4242	0.3333	0.4103	0.0606	-0.3497
Chr7	9050460	snp	41	39	0.424	0.3252	0.439	0.1026	-0.3365
Chr7	9051752	snp	58	37	0.4147	0.3234	0.7759	0.4054	-0.3705
Chr7	9051761	snp	61	36	0.4185	0.316	0.7869	0.3889	-0.398
Chr7	9061224	snp	95	67	0.3769	0.2918	0.4526	0.1194	-0.3332
Chr7	9061379	snp	67	49	0.4237	0.3177	0.6269	0.2245	-0.4024
Chr7	9064393	snp	82	77	0.3874	0.2941	0.4634	0.1429	-0.3206
Chr7	9077529	snp	111	99	0.3584	0.2834	0.4685	0.1515	-0.317
Chr7	9083834	indel	71	58	0.4065	0.2982	0.4507	0.1034	-0.3473
Chr7	9085018	snp	98	81	0.3852	0.2919	0.4898	0.1605	-0.3293
Chr7	9085609	snp	39	34	0.4351	0.3394	0.6667	0.3235	-0.3431
Chr7	9090447	snp	58	78	0.3988	0.3011	0.4138	0.1026	-0.3112
Chr7	9090605	indel	70	58	0.3808	0.3059	0.4429	0.1034	-0.3394
Chr7	9099875	indel	91	99	0.3679	0.2922	0.4286	0.1313	-0.2973
Chr7	9109164	snp	99	106	0.3816	0.2926	0.4646	0.1509	-0.3137
Chr7	9111542	indel	34	35	0.4227	0.3353	0.4118	0.0571	-0.3546
Chr7	9163398	snp	91	96	0.37	0.2925	0.4396	0.1354	-0.3041
Chr7	9185036	snp	48	50	0.4092	0.3225	0.4792	0.1	-0.3792
Chr7	9192054	snp	85	78	0.3789	0.2944	0.4941	0.1923	-0.3018
Chr7	9213328	snp	68	70	0.3937	0.3063	0.5	0.1571	-0.3429
Chr7	9223809	snp	103	84	0.3873	0.2937	0.4272	0.0833	-0.3439
Chr7	9224968	snp	102	97	0.3579	0.2857	0.3627	0.0515	-0.3112
Chr7	9229416	snp	101	123	0.3654	0.2823	0.4059	0.1057	-0.3002
Chr7	9251071	indel	83	70	0.3904	0.2957	0.4458	0.1286	-0.3172
Chr7	9251645	snp	81	103	0.3789	0.2916	0.4815	0.1553	-0.3261
Chr7	9252109	indel	78	79	0.3901	0.2882	0.3846	0.0886	-0.296
Chr7	9265076	indel	55	57	0.4096	0.3193	0.5091	0.1754	-0.3337
Chr7	9269769	snp	80	79	0.3837	0.2953	0.375	0.0759	-0.2991
Chr7	9292549	snp	40	45	0.4139	0.3333	0.575	0.2222	-0.3528
Chr7	9302327	snp	65	57	0.4005	0.3082	0.4615	0.1228	-0.3387
Chr7	9309969	snp	71	55	0.3851	0.3024	0.3803	0.0545	-0.3257
Chr7	9348622	snp	117	98	0.3812	0.2841	0.4444	0.1531	-0.2914
Chr7	9350801	indel	85	67	0.3956	0.2943	0.4118	0.0746	-0.3371
Chr7	9360823	snp	66	46	0.4012	0.3169	0.4242	0.0435	-0.3808
Chr7	9374379	snp	72	49	0.4014	0.305	0.4722	0.1429	-0.3294
Chr7	9374547	snp	90	84	0.3833	0.2929	0.3889	0.0833	-0.3056
Chr7	9379311	snp	78	54	0.406	0.3091	0.4359	0.0556	-0.3803
Chr7	9399861	snp	99	72	0.375	0.2955	0.3939	0.0694	-0.3245
Chr7	9404983	indel	72	78	0.3825	0.2917	0.5139	0.1154	-0.3985
Chr7	9415857	snp	88	106	0.3724	0.2875	0.4318	0.1321	-0.2997
Chr7	9425381	snp	81	62	0.402	0.2995	0.4198	0.0968	-0.323
Chr7	9430064	snp	90	67	0.3706	0.297	0.4667	0.1493	-0.3174
Chr7	9431452	snp	27	25	0.4637	0.3526	0.4074	0.04	-0.3674
Chr7	9445433	snp	112	108	0.3697	0.292	0.4107	0.1111	-0.2996
Chr7	9446196	snp	58	28	0.4347	0.3362	0.569	0.1786	-0.3904
Chr7	9446215	indel	52	32	0.4303	0.3293	0.5962	0.25	-0.3462
Chr7	9446223	snp	48	35	0.4065	0.3161	0.6458	0.2286	-0.4173
Chr7	9447150	snp	42	24	0.4405	0.3452	0.7857	0.3333	-0.4524
Chr7	9447187	snp	51	43	0.4181	0.3288	0.5882	0.2326	-0.3557
Chr7	9448209	snp	66	58	0.4086	0.3067	0.4697	0.1552	-0.3145
Chr7	9449228	snp	68	69	0.4005	0.2992	0.4559	0.1449	-0.311
Chr7	9449877	snp	90	93	0.3871	0.29	0.4556	0.1613	-0.2943
Chr7	9456213	snp	72	54	0.3981	0.3056	0.3472	0.0185	-0.3287
Chr7	9475916	snp	86	76	0.3788	0.2959	0.4651	0.1184	-0.3467
Chr7	9498611	snp	53	44	0.4181	0.3195	0.6226	0.2045	-0.4181
Chr7	9498642	snp	41	33	0.4405	0.3385	0.7805	0.3333	-0.4472
Chr7	9498820	snp	48	51	0.4191	0.3223	0.6667	0.3333	-0.3333
Chr7	9498912	indel	97	122	0.3753	0.2846	0.4433	0.1148	-0.3285
Chr7	9499920	snp	54	74	0.3899	0.3068	0.4815	0.1081	-0.3734
Chr7	9501936	snp	45	52	0.4021	0.3115	0.7333	0.4038	-0.3295
Chr7	9502363	snp	49	18	0.466	0.3639	0.8163	0.4444	-0.3719
Chr7	9503204	snp	59	42	0.4189	0.3208	0.5424	0.1905	-0.3519
Chr7	9503305	snp	49	43	0.4177	0.3218	0.7143	0.3488	-0.3654
Chr7	9504738	snp	50	42	0.4229	0.3219	0.6	0.1905	-0.4095
Chr7	9504791	snp	70	58	0.3808	0.3059	0.4571	0.1379	-0.3192
Chr7	9504972	snp	42	24	0.4405	0.3452	0.7143	0.2083	-0.506
Chr7	9504985	snp	46	26	0.4498	0.3395	0.5652	0.1923	-0.3729
Chr7	9505537	snp	60	56	0.4024	0.3083	0.7167	0.3929	-0.3238
Chr7	9505564	snp	54	41	0.4101	0.3144	0.8148	0.4634	-0.3514
Chr7	9505960	snp	66	69	0.3966	0.3024	0.4697	0.1594	-0.3103
Chr7	9507202	snp	83	62	0.3805	0.2997	0.5301	0.1613	-0.3688
Chr7	9508429	snp	82	63	0.3887	0.2985	0.439	0.1111	-0.3279
Chr7	9509189	snp	86	74	0.3796	0.2901	0.4302	0.1216	-0.3086
Chr7	9509531	snp	64	46	0.4083	0.3118	0.5625	0.2391	-0.3234
Chr7	9510456	snp	51	48	0.4191	0.3223	0.6863	0.3125	-0.3738
Chr7	9510592	snp	67	80	0.3938	0.3067	0.5522	0.2	-0.3522
Chr7	9511825	snp	79	56	0.3881	0.3108	0.5316	0.2143	-0.3174
Chr7	9511906	snp	83	78	0.3716	0.2955	0.4819	0.1026	-0.3794
Chr7	9513719	snp	110	98	0.3803	0.2814	0.4727	0.1531	-0.3197
Chr7	9515022	snp	58	57	0.3911	0.3043	0.6379	0.2982	-0.3397
Chr7	9515052	snp	53	66	0.4025	0.3122	0.6792	0.2424	-0.4368
Chr7	9515571	snp	80	65	0.3952	0.299	0.575	0.1846	-0.3904
Chr7	9515620	snp	74	67	0.3971	0.2975	0.5541	0.194	-0.36
Chr7	9516487	snp	48	35	0.4065	0.3161	0.6875	0.3429	-0.3446
Chr7	9517692	snp	80	83	0.3765	0.289	0.375	0.0602	-0.3148
Chr7	9518197	snp	73	52	0.4075	0.3061	0.4247	0.0962	-0.3285
Chr7	9521269	snp	65	52	0.4154	0.3154	0.4923	0.1731	-0.3192
Chr7	9521383	snp	49	25	0.4367	0.3355	0.7551	0.36	-0.3951
Chr7	9524487	snp	39	17	0.4751	0.3725	0.7949	0.4118	-0.3831
Chr7	9525354	snp	65	40	0.4135	0.3154	0.6615	0.275	-0.3865
Chr7	9526849	snp	71	36	0.4124	0.3161	0.507	0.1111	-0.3959
Chr7	9527251	snp	33	35	0.4416	0.3472	0.6667	0.2857	-0.381
Chr7	9527349	snp	41	29	0.4315	0.3482	0.7561	0.3448	-0.4113
Chr7	9527568	snp	52	35	0.4247	0.3297	0.6538	0.2857	-0.3681
Chr7	9527609	indel	53	52	0.4118	0.3153	0.6226	0.2692	-0.3534
Chr7	9527701	snp	47	42	0.4189	0.3262	0.7234	0.2381	-0.4853
Chr7	9527975	snp	46	29	0.4453	0.3381	0.8261	0.4483	-0.3778
Chr7	9530447	snp	62	46	0.4208	0.3247	0.4355	0.1087	-0.3268
Chr7	9533378	indel	110	77	0.3727	0.2818	0.4727	0.1818	-0.2909
Chr7	9535278	snp	82	83	0.3823	0.2864	0.4268	0.1325	-0.2943
Chr7	9536169	snp	52	59	0.4188	0.3126	0.4615	0.1356	-0.3259
Chr7	9536850	snp	51	40	0.4221	0.3255	0.6471	0.275	-0.3721
Chr7	9536866	snp	49	33	0.4317	0.3302	0.7143	0.3636	-0.3506
Chr7	9541608	snp	47	31	0.4345	0.3466	0.7234	0.2581	-0.4653
Chr7	9548138	snp	88	59	0.3831	0.2978	0.4545	0.1356	-0.319
Chr7	9969685	snp	64	32	0.4375	0.3281	0.5781	0.1562	-0.4219
Chr7	9969750	snp	55	46	0.4012	0.3138	0.5455	0.087	-0.4585
Chr7	10012845	snp	90	53	0.3981	0.2981	0.5444	0.2453	-0.2992
Chr7	10015574	indel	107	106	0.372	0.2858	0.3738	0.0755	-0.2984
Chr7	10015576	snp	97	95	0.373	0.2817	0.4124	0.0737	-0.3387
Chr7	10015940	snp	75	58	0.3885	0.3007	0.5333	0.1552	-0.3782
Chr7	10016283	snp	45	22	0.4586	0.3495	0.4667	0.0455	-0.4212
Chr7	10066899	snp	73	87	0.379	0.2937	0.3973	0.092	-0.3053
Chr7	10074271	snp	68	48	0.4007	0.3113	0.4265	0.0833	-0.3431
Chr7	10076966	indel	99	78	0.3854	0.2988	0.5657	0.2308	-0.3349
Chr7	10079428	snp	109	92	0.3712	0.2869	0.367	0.0761	-0.2909
Chr7	10081867	snp	48	41	0.4162	0.3216	0.6458	0.3171	-0.3288
Chr7	10081962	snp	42	35	0.4286	0.3333	0.8333	0.4571	-0.3762
Chr7	10082697	snp	50	66	0.3879	0.3073	0.44	0.0606	-0.3794
Chr7	10084726	snp	98	86	0.3742	0.281	0.398	0.1163	-0.2817
Chr7	10085121	snp	80	50	0.41	0.305	0.475	0.16	-0.315
Chr7	10085973	snp	66	59	0.3901	0.3017	0.4848	0.1695	-0.3154
Chr7	10086318	indel	66	48	0.4148	0.3144	0.5606	0.1875	-0.3731
Chr7	10086322	snp	65	47	0.4157	0.3129	0.5385	0.1489	-0.3895
Chr7	10086381	snp	53	28	0.4313	0.3329	0.6981	0.25	-0.4481
Chr7	10086456	snp	68	53	0.4062	0.3094	0.5441	0.1132	-0.4309
Chr7	10086768	snp	28	15	0.5143	0.4071	0.75	0.2667	-0.4833
Chr7	10087525	snp	50	39	0.4292	0.3297	0.6	0.2564	-0.3436
Chr7	10087531	snp	52	37	0.4257	0.3295	0.5962	0.2162	-0.3799
Chr7	10088159	snp	61	42	0.4028	0.3134	0.623	0.2381	-0.3849
Chr7	10088661	snp	76	72	0.3801	0.2931	0.5263	0.2083	-0.318
Chr7	10088844	snp	46	31	0.4369	0.3394	0.6739	0.2903	-0.3836
Chr7	10088990	snp	49	44	0.4235	0.3256	0.8163	0.4773	-0.3391
Chr7	10094991	snp	54	39	0.4217	0.3248	0.537	0.1538	-0.3832
Chr7	10095617	snp	47	32	0.4395	0.3371	0.7021	0.3125	-0.3896
Chr7	10095679	snp	47	29	0.4505	0.3412	0.7447	0.3793	-0.3654
Chr7	10095706	snp	59	43	0.4218	0.3205	0.5763	0.2558	-0.3205
Chr7	10096692	snp	44	37	0.4441	0.3292	0.6591	0.2703	-0.3888
Chr7	10098085	snp	60	63	0.4008	0.3032	0.5833	0.2222	-0.3611
Chr7	10098700	snp	59	38	0.4166	0.3189	0.8136	0.4474	-0.3662
Chr7	10098705	snp	60	38	0.4149	0.3219	0.8	0.4474	-0.3526
Chr7	10099803	indel	52	45	0.4021	0.3115	0.6346	0.3111	-0.3235
Chr7	10099856	snp	62	43	0.407	0.314	0.7097	0.3256	-0.3841
Chr7	10100048	snp	86	69	0.3932	0.3006	0.5581	0.1594	-0.3987
Chr7	10100174	snp	79	60	0.3981	0.3004	0.4684	0.15	-0.3184
Chr7	10100529	snp	81	59	0.3848	0.3061	0.5802	0.2034	-0.3769
Chr7	10100815	snp	95	96	0.3815	0.2876	0.5263	0.1979	-0.3284
Chr7	10101105	snp	44	35	0.4364	0.3331	0.6818	0.2857	-0.3961
Chr7	10101601	snp	73	53	0.4086	0.306	0.5753	0.2075	-0.3678
Chr7	10102907	snp	54	48	0.4028	0.3194	0.4074	0.0417	-0.3657
Chr7	10104223	snp	49	28	0.4439	0.3418	0.8367	0.3214	-0.5153
Chr7	10104309	snp	60	39	0.4231	0.3192	0.6333	0.2051	-0.4282
Chr7	10105226	snp	78	79	0.3901	0.2882	0.4359	0.1139	-0.322
Chr7	10106632	snp	94	81	0.3688	0.2875	0.4894	0.1852	-0.3042
Chr7	10107272	snp	59	49	0.4095	0.3172	0.4915	0.0816	-0.4099
Chr7	10107648	snp	55	33	0.4242	0.3333	0.8727	0.2727	-0.6
Chr7	10107664	snp	59	41	0.4117	0.3154	0.8136	0.2683	-0.5453
Chr7	10108216	snp	52	23	0.4599	0.3495	0.75	0.3043	-0.4457
Chr7	10109285	snp	104	104	0.375	0.2788	0.5	0.1731	-0.3269
Chr7	10109542	snp	86	86	0.3721	0.2907	0.6047	0.186	-0.4186
Chr7	10109591	snp	59	47	0.4053	0.3163	0.7458	0.4255	-0.3202
Chr7	10109846	snp	65	57	0.4005	0.3082	0.5846	0.1579	-0.4267
Chr7	10110162	snp	47	24	0.4734	0.3484	0.7234	0.375	-0.3484
Chr7	10110495	indel	78	79	0.3901	0.2882	0.4872	0.1772	-0.31
Chr7	10110681	snp	45	38	0.4257	0.3287	0.6889	0.2632	-0.4257
Chr7	10110921	snp	32	26	0.4736	0.3726	0.8438	0.3846	-0.4591
Chr7	10110938	snp	32	24	0.4792	0.3646	0.8438	0.4583	-0.3854
Chr7	10445567	snp	63	27	0.4286	0.3333	0.7778	0.3704	-0.4074
Chr7	10447685	snp	129	100	0.3677	0.2804	0.5504	0.16	-0.3904
Chr7	10447992	snp	132	85	0.366	0.2876	0.5985	0.1882	-0.4102
Chr7	10453782	snp	44	28	0.4318	0.3409	0.6818	0.2857	-0.3961
Chr7	10454028	snp	50	41	0.4229	0.3254	0.58	0.1463	-0.4337
Chr7	10460406	snp	69	58	0.3991	0.3073	0.5507	0.1724	-0.3783
Chr7	10461734	snp	50	41	0.4229	0.3254	0.62	0.2927	-0.3273
Chr7	10461783	snp	48	39	0.4103	0.3189	0.5833	0.1282	-0.4551
Chr7	10462395	snp	52	51	0.3986	0.3028	0.5192	0.1569	-0.3624
Chr7	10468631	snp	28	15	0.5143	0.4071	0.6071	0.2	-0.4071
Chr7	10473364	snp	69	56	0.4032	0.3072	0.4638	0.1429	-0.3209
Chr7	10483077	snp	66	49	0.4014	0.3105	0.6061	0.2041	-0.402
Chr7	10485759	snp	52	32	0.4303	0.3293	0.8077	0.2188	-0.5889
Chr7	10485777	snp	60	31	0.422	0.3263	0.7333	0.2258	-0.5075
Chr7	10485895	indel	73	76	0.3796	0.294	0.4795	0.1447	-0.3347
Chr7	10486089	snp	36	21	0.4762	0.3611	0.7222	0.3333	-0.3889
Chr7	10486419	snp	68	44	0.4131	0.3182	0.5735	0.1591	-0.4144
Chr7	10486452	indel	72	52	0.406	0.3109	0.5	0.1731	-0.3269
Chr7	10486907	snp	55	38	0.4297	0.3225	0.6727	0.3421	-0.3306
Chr7	10489069	snp	52	39	0.4231	0.3205	0.6346	0.3077	-0.3269
Chr7	10489383	indel	48	43	0.4157	0.3154	0.5625	0.186	-0.3765
Chr7	10489972	snp	67	49	0.4237	0.3177	0.4776	0.102	-0.3756
Chr7	10491290	indel	68	58	0.4133	0.3048	0.6176	0.2931	-0.3245
Chr7	10492166	snp	56	30	0.4369	0.3321	0.625	0.2667	-0.3583
Chr7	10494752	snp	58	44	0.3997	0.3143	0.5517	0.2045	-0.3472
Chr7	10510615	snp	76	93	0.3855	0.2912	0.4211	0.1183	-0.3028
Chr7	10511466	indel	49	38	0.4248	0.3287	0.6327	0.2895	-0.3432
Chr7	10513489	snp	88	84	0.3701	0.2922	0.4773	0.119	-0.3582
Chr7	10516078	snp	46	37	0.4313	0.3325	0.587	0.2432	-0.3437
Chr7	10517534	snp	24	27	0.4722	0.3704	0.5833	0.1111	-0.4722
Chr7	10517538	snp	24	20	0.4917	0.3833	0.7083	0.1	-0.6083
Chr7	10519104	snp	85	83	0.3955	0.2991	0.4824	0.1687	-0.3137
Chr7	10519751	snp	102	82	0.3757	0.2929	0.4314	0.0976	-0.3338
Chr7	10522682	indel	77	84	0.3842	0.29	0.5714	0.1786	-0.3929
Chr7	10522713	snp	65	72	0.4006	0.3	0.4769	0.0556	-0.4214
Chr7	10523267	indel	85	47	0.3985	0.3061	0.4353	0.0851	-0.3502
Chr7	10524983	snp	65	35	0.4352	0.3187	0.4923	0.1143	-0.378
Chr7	10525414	snp	56	34	0.4097	0.3204	0.4821	0.1471	-0.3351
Chr7	10526131	snp	72	50	0.3978	0.3033	0.5	0.12	-0.38
Chr7	10526884	snp	68	48	0.4007	0.3113	0.5735	0.2292	-0.3444
Chr7	10526926	snp	60	55	0.3955	0.3076	0.6	0.2	-0.4
Chr7	10527460	snp	69	47	0.4104	0.3108	0.6232	0.2766	-0.3466
Chr7	10530231	snp	50	48	0.4092	0.3225	0.74	0.25	-0.49
Chr7	10530300	snp	53	38	0.4161	0.3217	0.6792	0.2895	-0.3898
Chr7	10535088	snp	56	34	0.4097	0.3204	0.4821	0.1176	-0.3645
Chr7	10538400	snp	61	53	0.3981	0.3087	0.5902	0.2075	-0.3826
Chr7	10539170	snp	81	59	0.3848	0.3061	0.4691	0.1356	-0.3335
Chr7	10541319	snp	108	72	0.3889	0.2917	0.4444	0.125	-0.3194
Chr7	10542588	snp	46	30	0.4507	0.342	0.6522	0.2667	-0.3855
Chr7	10542650	snp	52	39	0.4231	0.3205	0.5577	0.2051	-0.3526
Chr7	10542700	indel	52	57	0.3941	0.3114	0.5769	0.2281	-0.3489
Chr7	10542988	snp	84	87	0.3777	0.2865	0.4167	0.092	-0.3247
Chr7	10543625	snp	53	39	0.4204	0.3203	0.6226	0.2564	-0.3662
Chr7	10543692	snp	41	22	0.4734	0.3614	0.878	0.4545	-0.4235
Chr7	10544637	snp	55	73	0.3938	0.2936	0.4364	0.137	-0.2994
Chr7	10544985	snp	60	26	0.4423	0.3372	0.7833	0.3462	-0.4372
Chr7	10545064	snp	71	37	0.4233	0.319	0.7606	0.3243	-0.4362
Chr7	10546355	snp	59	34	0.4257	0.3215	0.8136	0.4412	-0.3724
Chr7	10546744	indel	56	34	0.4097	0.3204	0.5893	0.2353	-0.354
Chr7	10547230	indel	92	98	0.3636	0.2799	0.4891	0.2041	-0.285
Chr7	10547948	snp	99	86	0.3613	0.2866	0.4646	0.1395	-0.3251
Chr7	10548403	snp	68	34	0.4118	0.3088	0.7353	0.2647	-0.4706
Chr7	10549038	snp	60	39	0.4231	0.3192	0.6	0.1795	-0.4205
Chr7	10549693	snp	46	39	0.4314	0.3266	0.7174	0.3077	-0.4097
Chr7	10549699	indel	39	39	0.4359	0.3333	0.7949	0.3333	-0.4615
Chr7	10550138	snp	60	48	0.4042	0.3083	0.4833	0.1667	-0.3167
Chr7	10550193	snp	58	55	0.4016	0.3078	0.6207	0.2364	-0.3843
Chr7	10551104	snp	57	56	0.4154	0.3108	0.5789	0.2143	-0.3647
Chr7	10552079	indel	53	49	0.4109	0.3246	0.6038	0.1633	-0.4405
Chr7	10552080	snp	53	44	0.4181	0.3195	0.6038	0.1818	-0.422
Chr7	10552122	snp	46	30	0.4507	0.342	0.6957	0.3	-0.3957
Chr7	10552222	snp	63	56	0.4028	0.3115	0.5873	0.25	-0.3373
Chr7	10552368	snp	51	33	0.4314	0.3351	0.7647	0.3333	-0.4314
Chr7	10552506	snp	52	38	0.419	0.3239	0.7308	0.3684	-0.3623
Chr7	10552670	snp	78	73	0.4046	0.2968	0.4744	0.137	-0.3374
Chr7	10553161	snp	62	38	0.4244	0.3192	0.7419	0.3421	-0.3998
Chr7	10553186	snp	56	35	0.4107	0.325	0.8393	0.4286	-0.4107
Chr7	10555827	indel	46	38	0.4142	0.3238	0.8261	0.4211	-0.405
Chr7	10557232	snp	66	51	0.4046	0.3119	0.4545	0.1176	-0.3369
Chr7	10560248	snp	96	90	0.3701	0.2868	0.4375	0.1111	-0.3264
Chr7	10567755	snp	77	62	0.3913	0.2985	0.5065	0.1613	-0.3452
Chr7	10568507	snp	50	37	0.4249	0.3346	0.68	0.2432	-0.4368
Chr7	10568520	snp	44	31	0.4274	0.3328	0.75	0.2581	-0.4919
Chr7	10568566	indel	48	37	0.4234	0.3361	0.6042	0.2162	-0.388
Chr7	10570368	snp	57	31	0.429	0.3322	0.6316	0.1613	-0.4703
Chr7	10570418	snp	55	37	0.4113	0.3214	0.6	0.2162	-0.3838
Chr7	10572088	snp	33	41	0.4405	0.3385	0.6667	0.2683	-0.3984
Chr7	10572412	indel	51	44	0.4095	0.3217	0.6471	0.25	-0.3971
Chr7	10572544	snp	45	29	0.433	0.3341	0.8222	0.3793	-0.4429
Chr7	10572592	snp	58	62	0.4038	0.3037	0.5862	0.2258	-0.3604
Chr7	10573420	snp	57	48	0.4167	0.3191	0.7018	0.3333	-0.3684
Chr7	10573795	snp	48	40	0.4375	0.3333	0.625	0.25	-0.375
Chr7	10573814	snp	36	32	0.4479	0.3438	0.6944	0.3125	-0.3819
Chr7	10574022	snp	33	31	0.4487	0.3519	0.8485	0.4194	-0.4291
Chr7	10574816	indel	42	40	0.4155	0.3179	0.5238	0.175	-0.3488
Chr7	10574839	snp	29	34	0.4503	0.3469	0.7241	0.2353	-0.4888
Chr7	10575449	snp	41	37	0.437	0.3316	0.8049	0.4595	-0.3454
Chr7	10576538	snp	43	36	0.4335	0.3359	0.6512	0.1944	-0.4567
Chr7	10577243	snp	99	75	0.3737	0.2897	0.4444	0.1467	-0.2978
Chr7	10578058	snp	66	84	0.4026	0.3041	0.4545	0.0952	-0.3593
Chr7	10578224	snp	86	96	0.3852	0.2909	0.4535	0.1146	-0.3389
Chr7	10580357	snp	97	70	0.3851	0.2923	0.4948	0.1429	-0.352
Chr7	10580953	snp	55	39	0.4089	0.3179	0.7273	0.2821	-0.4452
Chr7	10580964	snp	47	34	0.4374	0.3279	0.8085	0.3235	-0.485
Chr7	10580996	snp	60	48	0.4042	0.3083	0.6667	0.2292	-0.4375
Chr7	10581490	snp	40	22	0.4523	0.3568	0.675	0.1818	-0.4932
Chr7	10581504	snp	42	19	0.4749	0.3747	0.7143	0.2632	-0.4511
Chr7	10581584	snp	66	42	0.4004	0.3052	0.6061	0.119	-0.487
Chr7	10581671	snp	78	83	0.3716	0.2955	0.4487	0.1205	-0.3282
Chr7	10581728	snp	70	84	0.3952	0.3024	0.4857	0.1429	-0.3429
Chr7	10582027	snp	77	58	0.3957	0.305	0.4675	0.1379	-0.3296
Chr7	10583184	snp	73	58	0.4025	0.3087	0.5616	0.1724	-0.3892
Chr7	10588482	snp	68	80	0.3919	0.3029	0.4853	0.125	-0.3603
Chr7	10588768	snp	64	47	0.4036	0.3102	0.6719	0.2766	-0.3953
Chr7	10589261	snp	49	30	0.4476	0.3327	0.6122	0.2667	-0.3456
Chr7	10589383	snp	55	20	0.4636	0.3591	0.6727	0.3	-0.3727
Chr7	10591032	snp	60	39	0.4231	0.3192	0.45	0.1026	-0.3474
Chr7	10595911	snp	60	58	0.404	0.3161	0.6667	0.1897	-0.477
Chr7	10595983	snp	54	33	0.4226	0.3249	0.8519	0.2727	-0.5791
Chr7	10596043	indel	68	46	0.3932	0.2999	0.6324	0.1957	-0.4367
Chr7	10596048	snp	69	40	0.4062	0.3101	0.6667	0.175	-0.4917
Chr7	10596719	snp	39	39	0.4359	0.3333	0.6154	0.2308	-0.3846
Chr7	10596993	snp	34	57	0.437	0.3313	0.6765	0.2807	-0.3958
Chr7	10598251	snp	72	77	0.3885	0.303	0.5	0.1299	-0.3701
Chr7	10598388	snp	79	56	0.3881	0.3108	0.4937	0.1071	-0.3865
Chr7	10600030	snp	59	45	0.4102	0.316	0.661	0.3111	-0.3499
Chr7	10600304	snp	36	22	0.4747	0.3662	0.8889	0.3182	-0.5707
Chr7	10600331	snp	52	34	0.4389	0.3303	0.6538	0.2059	-0.448
Chr7	10601491	indel	52	37	0.4257	0.3295	0.7308	0.2432	-0.4875
Chr7	10601493	snp	53	34	0.4206	0.3246	0.717	0.1765	-0.5405
Chr7	10601867	snp	87	54	0.3902	0.3052	0.3908	0.0741	-0.3167
Chr7	10601977	snp	61	39	0.4136	0.3203	0.4754	0.1282	-0.3472
Chr7	10602005	snp	42	24	0.4405	0.3452	0.5952	0.2083	-0.3869
Chr7	10602034	snp	41	24	0.4573	0.3526	0.7561	0.2083	-0.5478
Chr7	10602141	snp	52	38	0.419	0.3239	0.6538	0.2368	-0.417
Chr7	10602341	indel	80	74	0.3953	0.3007	0.475	0.1351	-0.3399
Chr7	10608852	snp	102	101	0.3693	0.2808	0.3922	0.099	-0.2931
Chr7	10615305	snp	45	30	0.4444	0.3444	0.5778	0.2333	-0.3444
Chr7	10618386	snp	22	17	0.5187	0.3877	0.7727	0.2353	-0.5374
Chr7	10620396	snp	49	28	0.4439	0.3418	0.8367	0.25	-0.5867
Chr7	10620397	snp	48	22	0.4602	0.3523	0.875	0.3636	-0.5114
Chr7	10620448	snp	69	49	0.404	0.3138	0.6087	0.1429	-0.4658
Chr7	10620644	snp	57	38	0.4211	0.3158	0.8246	0.3947	-0.4298
Chr7	10620975	snp	62	55	0.405	0.3059	0.5484	0.2182	-0.3302
Chr7	10621131	snp	41	33	0.4405	0.3385	0.6098	0.1818	-0.4279
Chr7	10621149	snp	35	25	0.4571	0.3543	0.7143	0.24	-0.4743
Chr7	10623566	indel	84	66	0.4026	0.3041	0.4762	0.1364	-0.3398
Chr7	10623600	snp	79	68	0.3833	0.2943	0.5316	0.1176	-0.414
Chr7	10624650	snp	50	47	0.426	0.3234	0.68	0.1702	-0.5098
Chr7	10624656	snp	54	48	0.4028	0.3194	0.6481	0.1458	-0.5023
Chr7	10629700	indel	49	43	0.4177	0.3218	0.449	0.093	-0.356
Chr7	10632894	snp	37	15	0.5045	0.3946	0.9189	0.4667	-0.4523
Chr7	10633016	indel	62	44	0.4172	0.3204	0.5968	0.1591	-0.4377
Chr7	10633081	snp	51	39	0.4299	0.3228	0.6863	0.1538	-0.5324
Chr7	10633657	snp	64	53	0.3927	0.3037	0.5938	0.1887	-0.4051
Chr7	10634655	snp	64	38	0.4145	0.3191	0.6406	0.2895	-0.3512
Chr7	10639015	indel	59	43	0.4218	0.3205	0.4915	0.1628	-0.3287
Chr7	10639116	snp	34	31	0.4421	0.3454	0.7353	0.3226	-0.4127
Chr7	10639699	snp	23	25	0.4957	0.3757	0.6522	0.2	-0.4522
Chr7	10639929	snp	42	27	0.4444	0.3439	0.5714	0.2222	-0.3492
Chr7	10640057	snp	79	62	0.4036	0.2999	0.519	0.1935	-0.3254
Chr7	10640100	snp	61	41	0.4042	0.3147	0.6721	0.2927	-0.3794
Chr7	10640128	snp	52	39	0.4231	0.3205	0.6731	0.3333	-0.3397
Chr7	10641411	indel	21	25	0.4971	0.3867	0.7143	0.28	-0.4343
Chr7	10641484	snp	25	23	0.4957	0.3757	0.68	0.2174	-0.4626
Chr7	10641501	snp	30	29	0.4575	0.3563	0.6	0.1034	-0.4966
Chr7	10641772	indel	30	12	0.5333	0.4	0.7333	0.3333	-0.4
Chr7	10641829	indel	21	11	0.5801	0.4372	0.619	0.0909	-0.5281
Chr7	10643079	indel	47	24	0.4734	0.3484	0.5957	0.2083	-0.3874
Chr7	10643946	snp	29	26	0.4629	0.3554	0.6897	0.3077	-0.382
Chr7	10646033	snp	58	38	0.4111	0.3212	0.431	0.1053	-0.3258
Chr7	10646740	snp	65	71	0.3876	0.3029	0.4615	0.1127	-0.3489
Chr7	10652962	snp	30	19	0.4895	0.3702	0.7	0.2105	-0.4895
Chr7	10653015	indel	45	36	0.4333	0.3333	0.5556	0.1389	-0.4167
Chr7	10654744	snp	56	30	0.4369	0.3321	0.6607	0.3	-0.3607
Chr7	10655366	snp	48	21	0.4643	0.3601	0.6458	0.2857	-0.3601
Chr7	10656956	indel	83	75	0.3796	0.294	0.4458	0.1467	-0.2991
Chr7	10657170	snp	54	52	0.4131	0.3212	0.5556	0.1731	-0.3825
Chr7	10663494	snp	52	25	0.4508	0.3515	0.7308	0.36	-0.3708
Chr7	10666206	snp	75	55	0.3976	0.297	0.5333	0.2364	-0.297
Chr7	10673300	snp	109	81	0.3631	0.2902	0.4037	0.0988	-0.3049
Chr7	10675151	snp	36	39	0.4359	0.3397	0.5278	0.1795	-0.3483
Chr7	10677518	indel	84	69	0.3799	0.295	0.4167	0.058	-0.3587
Chr7	10681903	snp	77	72	0.3885	0.303	0.4675	0.1528	-0.3148
Chr7	10682184	snp	82	108	0.3832	0.2857	0.4146	0.1204	-0.2943
Chr7	10687448	snp	83	77	0.3788	0.299	0.4699	0.1429	-0.327
Chr7	10687671	snp	48	35	0.4065	0.3161	0.625	0.2571	-0.3679
Chr7	10687687	snp	65	37	0.4262	0.3181	0.5538	0.2162	-0.3376
Chr7	10689909	indel	108	105	0.3796	0.287	0.463	0.1619	-0.3011
Chr7	10689936	snp	109	124	0.3688	0.2749	0.4495	0.1694	-0.2802
Chr7	10698524	snp	98	94	0.3667	0.2829	0.4082	0.1064	-0.3018
Chr7	10718228	snp	83	68	0.3871	0.2939	0.4578	0.1471	-0.3108
Chr7	10719101	snp	68	50	0.4047	0.3112	0.5147	0.18	-0.3347
Chr7	10719144	indel	91	63	0.3944	0.2979	0.4725	0.0952	-0.3773
Chr7	10747409	indel	71	59	0.3903	0.3001	0.493	0.1864	-0.3065
Chr7	10753002	indel	67	60	0.3953	0.3005	0.4328	0.05	-0.3828
Chr7	10763409	snp	64	44	0.4162	0.3168	0.625	0.2727	-0.3523
Chr7	10763446	snp	65	40	0.4135	0.3154	0.6308	0.3	-0.3308
Chr7	10763577	snp	61	32	0.4221	0.3268	0.7705	0.4375	-0.333
Chr7	10763590	snp	64	36	0.4132	0.3264	0.7344	0.3889	-0.3455
Chr7	10765739	snp	63	43	0.4227	0.3189	0.4762	0.1395	-0.3367
Chr7	10765921	snp	64	48	0.4115	0.3125	0.6094	0.2292	-0.3802
Chr7	10765959	snp	61	45	0.416	0.3166	0.623	0.2222	-0.4007
Chr7	10766415	indel	45	36	0.4333	0.3333	0.8	0.4444	-0.3556
Chr7	10766421	snp	45	36	0.4333	0.3333	0.8	0.3889	-0.4111
Chr7	10766441	snp	49	39	0.4218	0.3349	0.7755	0.3333	-0.4422
Chr7	10767306	snp	101	111	0.3742	0.2912	0.4455	0.1532	-0.2924
Chr7	10768479	snp	78	40	0.4083	0.3173	0.5256	0.2	-0.3256
Chr7	10768562	snp	76	57	0.3991	0.2982	0.5395	0.1228	-0.4167
Chr7	10768596	indel	77	78	0.38	0.292	0.4675	0.1538	-0.3137
Chr7	10768680	snp	60	69	0.3971	0.3058	0.5667	0.2029	-0.3638
Chr7	10768777	snp	48	44	0.4072	0.3201	0.6667	0.3409	-0.3258
Chr7	10769163	snp	59	69	0.4026	0.3058	0.7119	0.2319	-0.48
Chr7	10770049	snp	84	81	0.384	0.2945	0.5238	0.2222	-0.3016
Chr7	10770367	snp	64	59	0.3994	0.3096	0.5156	0.2034	-0.3122
Chr7	10770520	snp	68	48	0.4007	0.3113	0.5735	0.2292	-0.3444
Chr7	10770529	indel	72	46	0.4094	0.3164	0.5556	0.2391	-0.3164
Chr7	10771567	snp	52	35	0.4247	0.3297	0.5385	0.2	-0.3385
Chr7	10771945	snp	52	52	0.4038	0.3269	0.5769	0.25	-0.3269
Chr7	10773799	snp	49	28	0.4439	0.3418	0.5918	0.1429	-0.449
Chr7	10774069	snp	66	45	0.4091	0.3121	0.5152	0.1778	-0.3374
Chr7	10774135	snp	64	41	0.4123	0.3236	0.5312	0.1707	-0.3605
Chr7	10775619	snp	69	46	0.4058	0.3043	0.4493	0.1304	-0.3188
Chr7	10776567	snp	58	29	0.431	0.3448	0.7069	0.3448	-0.3621
Chr7	10777085	snp	67	46	0.4108	0.3076	0.5224	0.1957	-0.3267
Chr7	10777497	snp	64	61	0.397	0.2979	0.5156	0.1311	-0.3845
Chr7	10777896	snp	80	59	0.3913	0.3002	0.45	0.1186	-0.3314
Chr7	10777905	indel	95	76	0.3816	0.2947	0.4526	0.1316	-0.3211
Chr7	10778323	snp	39	22	0.4534	0.3601	0.7179	0.2273	-0.4907
Chr7	10778364	indel	48	38	0.4243	0.33	0.625	0.2105	-0.4145
Chr7	10778397	snp	46	43	0.4196	0.3266	0.6522	0.2093	-0.4429
Chr7	10778471	indel	45	56	0.4206	0.323	0.6444	0.1964	-0.448
Chr7	10778502	snp	34	38	0.4427	0.3375	0.8529	0.3158	-0.5372
Chr7	10779059	snp	40	31	0.4419	0.3347	0.75	0.2903	-0.4597
Chr7	10779062	snp	44	30	0.4379	0.3379	0.7045	0.3333	-0.3712
Chr7	10785631	snp	53	40	0.4108	0.3288	0.5849	0.175	-0.4099
Chr7	10856054	indel	53	51	0.404	0.3111	0.5283	0.1176	-0.4107
Chr7	10856058	indel	53	52	0.4118	0.3153	0.4717	0.0577	-0.414
Chr7	10939058	snp	46	29	0.4453	0.3381	0.6957	0.1724	-0.5232
Chr7	10942781	snp	54	58	0.4183	0.3123	0.5926	0.2759	-0.3167
Chr7	10942970	snp	77	75	0.383	0.2925	0.4935	0.2	-0.2935
Chr7	10943254	snp	57	60	0.3868	0.3096	0.4912	0.1667	-0.3246
Chr7	10943449	indel	62	52	0.4014	0.312	0.7419	0.2885	-0.4535
Chr7	10943489	snp	59	37	0.4178	0.3234	0.7966	0.3243	-0.4723
Chr7	10944600	snp	63	50	0.3943	0.3073	0.5873	0.14	-0.4473
Chr7	10944676	snp	82	74	0.3909	0.2989	0.4878	0.0946	-0.3932
Chr7	10944677	snp	82	75	0.3896	0.2917	0.4878	0.0933	-0.3945
Chr7	10945280	snp	45	28	0.4476	0.3452	0.6889	0.25	-0.4389
Chr7	10945365	snp	51	18	0.4673	0.3627	0.7059	0.3333	-0.3725
Chr7	10945856	snp	45	28	0.4476	0.3452	0.6667	0.2857	-0.381
Chr7	10945987	snp	76	55	0.3971	0.3124	0.4605	0.1455	-0.3151
Chr7	10946103	snp	53	32	0.4163	0.3284	0.6226	0.25	-0.3726
Chr7	10946767	snp	57	64	0.403	0.3169	0.5614	0.1875	-0.3739
Chr7	10949772	snp	57	40	0.4241	0.3189	0.4386	0.1	-0.3386
Chr7	10951107	snp	69	46	0.4058	0.3043	0.5942	0.2609	-0.3333
Chr7	10951155	snp	76	59	0.3923	0.3058	0.5	0.1864	-0.3136
Chr7	10951159	snp	79	62	0.4036	0.2999	0.4937	0.1935	-0.3001
Chr7	10951455	snp	31	34	0.4421	0.3454	0.7742	0.2647	-0.5095
Chr7	10952312	indel	103	98	0.372	0.2802	0.4951	0.1939	-0.3013
Chr7	10952650	snp	44	25	0.4527	0.3509	0.8182	0.24	-0.5782
Chr7	10952691	snp	45	33	0.4384	0.3333	0.5778	0.2121	-0.3657
Chr7	10952947	snp	81	71	0.3885	0.2932	0.5185	0.0986	-0.4199
Chr7	10953587	snp	77	52	0.4181	0.3109	0.4805	0.1538	-0.3267
Chr7	10954035	indel	81	58	0.3908	0.302	0.5185	0.1897	-0.3289
Chr7	10954095	indel	43	26	0.4517	0.3435	0.6047	0.2308	-0.3739
Chr7	10954098	snp	47	27	0.4429	0.3483	0.7872	0.3704	-0.4169
Chr7	10955695	snp	39	35	0.4322	0.3385	0.641	0.2857	-0.3553
Chr7	10957320	snp	42	22	0.4632	0.3571	0.5476	0.0909	-0.4567
Chr7	10963640	snp	21	14	0.5238	0.4048	0.7619	0.3571	-0.4048
Chr7	10964127	snp	110	101	0.3609	0.2817	0.3545	0.0594	-0.2951
Chr7	10979033	snp	89	60	0.3912	0.3006	0.3933	0.0667	-0.3266
Chr7	10980839	snp	115	110	0.3672	0.2802	0.4348	0.1091	-0.3257
Chr7	10984644	snp	67	64	0.3911	0.3102	0.4627	0.0625	-0.4002
Chr7	10995086	snp	54	39	0.4217	0.3248	0.5556	0.2051	-0.3504
Chr7	10998511	snp	58	75	0.3885	0.3007	0.3966	0.0933	-0.3032
Chr7	10998799	indel	80	89	0.373	0.2942	0.3875	0.0674	-0.3201
Chr7	11001472	snp	60	37	0.4275	0.3279	0.6	0.2162	-0.3838
Chr7	11007473	snp	36	29	0.4607	0.3429	0.6111	0.1379	-0.4732
Chr7	11010056	snp	43	43	0.4186	0.3256	0.5349	0.1395	-0.3953
Chr7	11012998	snp	66	49	0.4014	0.3105	0.5758	0.1633	-0.4125
Chr7	11014489	snp	77	52	0.4181	0.3109	0.4026	0.0769	-0.3257
Chr7	11015291	snp	43	43	0.4186	0.3256	0.5814	0.2558	-0.3256
Chr7	11015347	snp	41	37	0.437	0.3316	0.6585	0.2703	-0.3883
Chr7	11015364	snp	41	33	0.4405	0.3385	0.7073	0.303	-0.4043
Chr7	11016248	snp	98	93	0.3766	0.2908	0.4592	0.1075	-0.3517
Chr7	11016363	snp	65	64	0.3954	0.3017	0.6154	0.1719	-0.4435
Chr7	11016841	snp	95	97	0.373	0.2817	0.4737	0.1443	-0.3294
Chr7	11017049	snp	67	74	0.3971	0.2975	0.3881	0.0405	-0.3475
Chr7	11017101	snp	45	48	0.4153	0.3181	0.4667	0.1042	-0.3625
Chr7	11017402	snp	56	40	0.4071	0.3214	0.5	0.1	-0.4
Chr7	11017640	snp	66	46	0.4012	0.3169	0.5758	0.2174	-0.3584
Chr7	11017669	snp	54	35	0.4196	0.3222	0.6667	0.2286	-0.4381
Chr7	11020542	snp	45	48	0.4153	0.3181	0.4889	0.125	-0.3639
Chr7	11023417	snp	99	59	0.3792	0.2941	0.4242	0.1017	-0.3225
Chr7	11023552	snp	64	61	0.397	0.2979	0.4688	0.1639	-0.3048
Chr7	11024171	snp	69	48	0.3913	0.3062	0.6087	0.2708	-0.3379
Chr7	11024340	snp	38	31	0.4406	0.3472	0.8684	0.4839	-0.3846
Chr7	11024910	snp	52	48	0.4038	0.3157	0.5192	0.1667	-0.3526
Chr7	11027033	indel	58	52	0.3952	0.305	0.6034	0.1731	-0.4304
Chr7	11027042	snp	55	55	0.4182	0.3091	0.6364	0.2	-0.4364
Chr7	11027075	indel	75	75	0.3867	0.2933	0.4533	0.1067	-0.3467
Chr7	11029248	snp	51	38	0.4298	0.3246	0.6863	0.2632	-0.4231
Chr7	11029802	snp	28	19	0.4868	0.3816	0.7143	0.2105	-0.5038
Chr7	11034707	snp	89	105	0.377	0.2898	0.4831	0.0952	-0.3879
Chr7	11035819	snp	89	90	0.3747	0.2959	0.4494	0.1444	-0.305
Chr7	11046369	snp	50	29	0.4476	0.3462	0.62	0.2069	-0.4131
Chr7	11047750	indel	32	44	0.4233	0.3267	0.75	0.3636	-0.3864
Chr7	11047758	snp	33	47	0.4294	0.3295	0.7273	0.3617	-0.3656
Chr7	11049250	snp	49	49	0.4082	0.3265	0.4286	0.0816	-0.3469
Chr7	11050037	snp	40	21	0.4798	0.3619	0.675	0.1905	-0.4845
Chr7	11050183	snp	92	71	0.3781	0.2936	0.3804	0.0845	-0.2959
Chr7	11051136	snp	22	13	0.542	0.4231	0.6818	0.2308	-0.451
Chr7	11052935	snp	69	45	0.4213	0.313	0.6232	0.2444	-0.3787
Chr7	11055384	snp	65	54	0.3991	0.31	0.5692	0.1296	-0.4396
Chr7	11064913	snp	43	26	0.4517	0.3435	0.6977	0.3077	-0.39
Chr7	11064954	snp	55	34	0.4219	0.3283	0.7091	0.3529	-0.3561
Chr7	11065556	snp	40	38	0.4368	0.3368	0.75	0.3947	-0.3553
Chr7	11069314	snp	59	38	0.4166	0.3189	0.6271	0.2368	-0.3903
Chr7	11072864	snp	59	44	0.4102	0.3147	0.6102	0.1591	-0.4511
Chr7	11072954	snp	51	47	0.4113	0.3179	0.4706	0.1064	-0.3642
Chr7	11074970	indel	37	35	0.4409	0.339	0.5135	0.1714	-0.3421
Chr7	11074972	snp	37	34	0.4428	0.3426	0.5135	0.1471	-0.3665
Chr7	11075025	indel	49	41	0.4385	0.336	0.6122	0.1951	-0.4171
Chr7	11077095	snp	68	85	0.3882	0.2941	0.4853	0.1059	-0.3794
Chr7	11077773	snp	42	16	0.4881	0.375	0.9048	0.5	-0.4048
Chr7	11077794	indel	44	21	0.4665	0.3506	0.8864	0.381	-0.5054
Chr7	11078293	indel	47	34	0.4374	0.3279	0.5745	0.0588	-0.5156
Chr7	11078513	indel	57	44	0.4083	0.3186	0.6842	0.3409	-0.3433
Chr7	11099415	indel	37	31	0.4499	0.3479	0.4865	0.129	-0.3575
Chr7	11099418	indel	38	28	0.4361	0.3459	0.5526	0.1429	-0.4098
Chr7	11128601	snp	54	41	0.4101	0.3144	0.7593	0.3659	-0.3934
Chr7	11133834	snp	26	21	0.4927	0.3773	0.7308	0.2857	-0.4451
Chr7	11137003	indel	81	79	0.3872	0.2996	0.4691	0.1392	-0.3299
Chr7	11137107	snp	49	32	0.4235	0.338	0.7959	0.4062	-0.3897
Chr7	11138558	snp	56	45	0.4206	0.323	0.5536	0.2	-0.3536
Chr7	11138918	indel	120	93	0.3672	0.2774	0.5	0.129	-0.371
Chr7	11138965	snp	91	61	0.387	0.2987	0.5824	0.1639	-0.4185
Chr7	11139034	snp	83	51	0.3971	0.3083	0.6265	0.2549	-0.3716
Chr7	11140003	snp	49	31	0.424	0.3305	0.7143	0.3548	-0.3594
Chr7	11140275	snp	63	38	0.4194	0.3241	0.7937	0.3158	-0.4779
Chr7	11141299	snp	41	39	0.424	0.3252	0.7073	0.2821	-0.4253
Chr7	11174375	snp	73	58	0.4025	0.3087	0.4384	0.1034	-0.3349
Chr7	11185926	indel	91	97	0.3644	0.2833	0.4725	0.1856	-0.287
Chr7	11185933	indel	93	94	0.3901	0.2931	0.4194	0.1064	-0.313
Chr7	11187062	snp	39	20	0.4692	0.3667	0.8974	0.45	-0.4474
Chr7	11214999	snp	102	97	0.3579	0.2857	0.402	0.1031	-0.2989
Chr7	11215440	snp	80	99	0.3956	0.2941	0.4125	0.101	-0.3115
Chr7	11217435	snp	110	102	0.375	0.2854	0.4364	0.1176	-0.3187
Chr7	11217451	snp	103	95	0.3637	0.2844	0.4951	0.0947	-0.4004
Chr7	11219217	indel	48	36	0.4306	0.3333	0.5417	0.1111	-0.4306
Chr7	11221454	snp	74	80	0.3953	0.3007	0.473	0.125	-0.348
Chr7	11224071	snp	72	71	0.3975	0.3005	0.4167	0.0986	-0.3181
Chr7	11235747	snp	66	70	0.4004	0.3052	0.4697	0.1286	-0.3411
Chr7	11245871	snp	90	92	0.3729	0.285	0.4556	0.1413	-0.3143
Chr7	11247612	snp	96	84	0.3839	0.2887	0.4583	0.119	-0.3393
Chr7	11248187	snp	63	49	0.415	0.3197	0.619	0.2857	-0.3333
Chr7	11248234	snp	59	58	0.4173	0.3162	0.6271	0.2759	-0.3513
Chr7	11248438	snp	53	33	0.4368	0.331	0.717	0.2424	-0.4746
Chr7	11248592	snp	49	35	0.4245	0.3306	0.6531	0.2857	-0.3673
Chr7	11250994	snp	42	33	0.4351	0.3442	0.6667	0.303	-0.3636
Chr7	11252407	snp	62	45	0.4168	0.3118	0.6613	0.3111	-0.3502
Chr7	11252666	snp	49	32	0.4235	0.338	0.7347	0.3438	-0.3909
Chr7	11252673	snp	57	35	0.414	0.3173	0.6667	0.3429	-0.3238
Chr7	11252907	snp	92	83	0.368	0.2881	0.4348	0.1325	-0.3023
Chr7	11253464	snp	74	51	0.4025	0.3079	0.6081	0.2353	-0.3728
Chr7	11259974	snp	48	35	0.4065	0.3161	0.625	0.2857	-0.3393
Chr7	11259990	snp	41	40	0.4323	0.3335	0.6098	0.275	-0.3348
Chr7	11261177	indel	97	70	0.3851	0.2923	0.4536	0.1143	-0.3393
Chr7	11264269	snp	36	45	0.4333	0.3333	0.5	0.1556	-0.3444
Chr7	11265373	snp	85	92	0.3735	0.2902	0.4118	0.1087	-0.3031
Chr7	11267767	snp	60	77	0.39	0.2996	0.5	0.1948	-0.3052
Chr7	11302485	snp	74	61	0.3941	0.2975	0.4324	0.0984	-0.3341
Chr7	11307837	snp	80	65	0.3952	0.299	0.475	0.0923	-0.3827
Chr7	11323116	snp	64	71	0.3853	0.3008	0.5312	0.0986	-0.4327
Chr7	11331881	snp	91	96	0.37	0.2925	0.4066	0.0938	-0.3128
Chr7	11346935	snp	54	40	0.4167	0.3306	0.5741	0.225	-0.3491
Chr7	11350469	snp	57	69	0.4066	0.3051	0.386	0.0725	-0.3135
Chr7	11350500	snp	58	76	0.3911	0.3008	0.431	0.1053	-0.3258
Chr7	11352411	indel	109	104	0.3695	0.282	0.5229	0.1731	-0.3499
Chr7	11363192	snp	74	78	0.3822	0.2976	0.3784	0.0385	-0.3399
Chr7	11363309	snp	89	110	0.3763	0.2891	0.427	0.1182	-0.3088
Chr7	11371312	snp	88	77	0.3912	0.2955	0.3636	0.0649	-0.2987
Chr7	11382377	snp	66	37	0.4279	0.3272	0.4545	0.1081	-0.3464
Chr7	11402685	snp	65	72	0.4006	0.3	0.4308	0.1111	-0.3197
Chr7	11439231	snp	52	61	0.4001	0.3124	0.3462	0.0328	-0.3134
Chr7	11447924	snp	75	79	0.3889	0.2908	0.36	0.0506	-0.3094
Chr7	11454088	snp	101	80	0.3827	0.2905	0.3861	0.075	-0.3111
Chr7	11463707	indel	74	55	0.3936	0.3079	0.4595	0.1455	-0.314
Chr7	11464455	snp	83	82	0.3823	0.2864	0.3735	0.0854	-0.2881
Chr7	11464597	indel	107	95	0.3606	0.2789	0.486	0.1579	-0.3281
Chr7	11482263	snp	81	65	0.3867	0.2976	0.4198	0.0923	-0.3274
Chr7	11500705	snp	37	32	0.4569	0.3446	0.5405	0.1875	-0.353
Chr7	11502539	snp	70	52	0.4022	0.3071	0.6714	0.2308	-0.4407
Chr7	11511079	snp	37	36	0.4279	0.3408	0.7027	0.3333	-0.3694
Chr7	11516238	snp	91	52	0.3984	0.2967	0.4066	0.0962	-0.3104
Chr7	11517687	snp	37	42	0.4247	0.3346	0.6216	0.1667	-0.455
Chr7	11519819	snp	25	23	0.4957	0.3757	0.72	0.2609	-0.4591
Chr7	11520403	indel	107	115	0.3694	0.2842	0.4953	0.2	-0.2953
Chr7	11521484	snp	99	76	0.3784	0.2912	0.5152	0.1711	-0.3441
Chr7	11521974	snp	72	48	0.3958	0.3056	0.4722	0.1458	-0.3264
Chr7	11522289	indel	50	44	0.4164	0.3164	0.62	0.25	-0.37
Chr7	11524199	snp	75	61	0.3921	0.3019	0.4267	0.082	-0.3447
Chr7	11524520	snp	83	81	0.4016	0.2911	0.4699	0.1605	-0.3094
Chr7	11538328	snp	73	52	0.4075	0.3061	0.5342	0.1731	-0.3612
Chr7	11538616	snp	54	32	0.4306	0.3345	0.7222	0.375	-0.3472
Chr7	11610826	snp	34	17	0.5	0.3824	0.7647	0.3529	-0.4118
Chr7	11629906	snp	88	73	0.3808	0.2922	0.3636	0.0685	-0.2951
Chr7	11638576	snp	53	56	0.3976	0.3063	0.6038	0.1786	-0.4252
Chr7	11647986	snp	67	58	0.3958	0.3049	0.4328	0.0862	-0.3466
Chr7	11657746	snp	106	76	0.3744	0.2902	0.4245	0.1053	-0.3193
Chr7	11664065	snp	104	88	0.3785	0.2885	0.4615	0.1364	-0.3252
Chr7	11707973	snp	62	29	0.4522	0.3326	0.629	0.2759	-0.3532
Chr7	11709742	snp	65	73	0.4044	0.302	0.4615	0.137	-0.3246
Chr7	11709833	snp	49	40	0.4209	0.3235	0.6327	0.3	-0.3327
Chr7	11735303	snp	89	86	0.3839	0.2912	0.3483	0.0349	-0.3134
Chr7	11744543	snp	47	36	0.4196	0.3245	0.6383	0.2222	-0.4161
Chr7	11744547	snp	41	35	0.4383	0.3317	0.6829	0.2286	-0.4544
Chr7	11749055	snp	25	17	0.5247	0.4047	0.8	0.3529	-0.4471
Chr7	11749250	snp	60	51	0.4059	0.3157	0.4833	0.098	-0.3853
Chr7	11749268	snp	66	58	0.4086	0.3067	0.3788	0.0517	-0.3271
Chr7	11816244	snp	74	65	0.3871	0.3008	0.5	0.1385	-0.3615
Chr7	11820502	indel	90	98	0.3828	0.2918	0.3889	0.0816	-0.3073
Chr7	11820515	snp	87	96	0.3793	0.2848	0.4023	0.1042	-0.2981
Chr7	11844812	snp	65	49	0.3959	0.3039	0.5385	0.0612	-0.4772
Chr7	11954708	snp	48	37	0.4234	0.3361	0.7083	0.3243	-0.384
Chr7	11955503	snp	36	31	0.4597	0.3441	0.4444	0.0968	-0.3477
Chr7	11967724	snp	50	33	0.4382	0.3267	0.64	0.2727	-0.3673
Chr7	11975284	indel	66	48	0.4148	0.3144	0.5606	0.1667	-0.3939
Chr7	11995612	snp	85	99	0.3775	0.2867	0.4118	0.1111	-0.3007
Chr7	11996797	snp	58	34	0.4178	0.3245	0.6897	0.2941	-0.3955
Chr7	11996913	snp	64	34	0.4292	0.329	0.5781	0.2353	-0.3428
Chr7	11997096	snp	60	47	0.4004	0.3124	0.6333	0.2128	-0.4206
Chr7	11997142	snp	54	37	0.4219	0.3238	0.6111	0.1892	-0.4219
Chr7	11997514	snp	48	50	0.4092	0.3225	0.7292	0.4	-0.3292
Chr7	11999538	indel	43	39	0.4389	0.3363	0.7907	0.4103	-0.3804
Chr7	11999618	snp	36	25	0.4578	0.3467	0.8611	0.4	-0.4611
Chr7	12000471	snp	42	26	0.4505	0.3443	0.7619	0.2692	-0.4927
Chr7	12000493	snp	49	27	0.4346	0.3401	0.6939	0.2963	-0.3976
Chr7	12000655	snp	78	56	0.402	0.3022	0.5385	0.2143	-0.3242
Chr7	12000930	snp	75	41	0.401	0.3119	0.5867	0.1951	-0.3915
Chr7	12000940	indel	62	37	0.4128	0.316	0.6935	0.3243	-0.3692
Chr7	12001999	snp	42	24	0.4405	0.3452	0.7143	0.2917	-0.4226
Chr7	12002060	snp	43	23	0.457	0.3498	0.7442	0.3913	-0.3529
Chr7	12003396	snp	58	76	0.3911	0.3008	0.4828	0.1711	-0.3117
Chr7	12003680	snp	51	42	0.4146	0.3179	0.6471	0.3095	-0.3375
Chr7	12004860	snp	63	76	0.3849	0.3028	0.5714	0.2105	-0.3609
Chr7	12004994	snp	55	54	0.4125	0.3047	0.5818	0.1667	-0.4152
Chr7	12006180	snp	66	57	0.4091	0.3062	0.6061	0.2807	-0.3254
Chr7	12008173	snp	45	35	0.4349	0.3302	0.6222	0.2571	-0.3651
Chr7	12008211	snp	53	51	0.404	0.3111	0.5283	0.1569	-0.3714
Chr7	12011161	snp	47	33	0.4294	0.3295	0.5532	0.1515	-0.4017
Chr7	12011791	snp	57	47	0.4225	0.3251	0.5088	0.1489	-0.3598
Chr7	12015218	snp	77	66	0.4026	0.3009	0.4416	0.1061	-0.3355
Chr7	12018963	snp	86	75	0.3839	0.2915	0.4884	0.1867	-0.3017
Chr7	12019513	snp	36	27	0.463	0.3519	0.8056	0.3333	-0.4722
Chr7	12019526	snp	35	26	0.4648	0.3505	0.8571	0.2692	-0.5879
Chr7	12038045	snp	52	46	0.4172	0.3253	0.5577	0.1957	-0.362
Chr7	12039702	indel	63	50	0.3943	0.3073	0.6984	0.32	-0.3784
Chr7	12039737	snp	49	39	0.4218	0.3349	0.7347	0.2051	-0.5296
Chr7	12040284	indel	83	74	0.3986	0.2963	0.4337	0.1216	-0.3121
Chr7	12040758	snp	80	70	0.3875	0.2982	0.4625	0.1571	-0.3054
Chr7	12041665	snp	47	27	0.4429	0.3483	0.7872	0.4074	-0.3798
Chr7	12041801	snp	52	48	0.4038	0.3157	0.6346	0.2917	-0.3429
Chr7	12042913	snp	54	62	0.3996	0.2933	0.463	0.1452	-0.3178
Chr7	12043480	snp	86	64	0.3779	0.2958	0.6279	0.2656	-0.3623
Chr7	12043542	snp	59	42	0.4189	0.3208	0.8136	0.4286	-0.385
Chr7	12043625	snp	88	73	0.3808	0.2922	0.5227	0.1781	-0.3446
Chr7	12049215	snp	33	21	0.4805	0.3636	0.8182	0.2381	-0.5801
Chr7	12049230	snp	41	17	0.4864	0.3845	0.7317	0.2353	-0.4964
Chr7	12050142	snp	80	50	0.41	0.305	0.525	0.22	-0.305
Chr7	12051587	snp	43	35	0.4405	0.3389	0.6977	0.2857	-0.412
Chr7	12053713	snp	104	96	0.3694	0.2869	0.5192	0.1667	-0.3526
Chr7	12053809	snp	66	42	0.4004	0.3052	0.6667	0.3571	-0.3095
Chr7	12054482	snp	40	40	0.425	0.325	0.8	0.325	-0.475
Chr7	12054562	snp	67	71	0.3809	0.3004	0.4776	0.1268	-0.3509
Chr7	12054620	indel	108	115	0.3688	0.281	0.3704	0.087	-0.2834
Chr7	12055891	indel	51	35	0.4364	0.3361	0.6275	0.2857	-0.3417
Chr7	12055894	snp	50	38	0.4179	0.3189	0.62	0.2895	-0.3305
Chr7	12056529	snp	38	26	0.4656	0.3502	0.8158	0.4615	-0.3543
Chr7	12056968	snp	39	37	0.4435	0.3423	0.7179	0.2432	-0.4747
Chr7	12059650	snp	46	34	0.4169	0.3223	0.6957	0.2941	-0.4015
Chr7	12059799	snp	42	31	0.4493	0.3287	0.6429	0.2903	-0.3525
Chr7	12062375	snp	36	34	0.4395	0.3448	0.7778	0.4118	-0.366
Chr7	12063012	snp	55	43	0.4097	0.3239	0.5636	0.2093	-0.3543
Chr7	12066179	snp	70	60	0.3905	0.3048	0.5571	0.2	-0.3571
Chr7	12067845	snp	76	67	0.383	0.3032	0.4211	0.0896	-0.3315
Chr7	12070716	snp	50	28	0.43	0.3386	0.8	0.2857	-0.5143
Chr7	12070776	indel	64	54	0.4126	0.3084	0.6094	0.0926	-0.5168
Chr7	12070882	snp	48	27	0.4398	0.3403	0.7292	0.2593	-0.4699
Chr7	12077081	snp	44	32	0.4233	0.3267	0.75	0.3438	-0.4062
Chr7	12077107	snp	47	39	0.4157	0.3262	0.6809	0.2564	-0.4244
Chr7	12082888	snp	63	60	0.4008	0.3032	0.4444	0.1	-0.3444
Chr7	12099469	snp	44	30	0.4379	0.3379	0.5682	0.2	-0.3682
Chr7	12101968	snp	56	44	0.4205	0.3263	0.5	0.1591	-0.3409
Chr7	12102023	snp	34	38	0.4427	0.3375	0.6765	0.2632	-0.4133
Chr7	12103418	snp	42	24	0.4405	0.3452	0.7381	0.375	-0.3631
Chr7	12103465	snp	57	39	0.4035	0.3158	0.5614	0.1538	-0.4076
Chr7	12104368	snp	61	44	0.3994	0.3148	0.6393	0.2727	-0.3666
Chr7	12106916	snp	57	56	0.4154	0.3108	0.5439	0.2143	-0.3296
Chr7	12107676	snp	60	25	0.4467	0.34	0.75	0.24	-0.51
Chr7	12107685	snp	60	21	0.4667	0.3619	0.75	0.2381	-0.5119
Chr7	12108077	indel	123	95	0.3599	0.281	0.3984	0.1053	-0.2931
Chr7	12108397	snp	48	28	0.4256	0.3363	0.8125	0.4286	-0.3839
Chr7	12108401	snp	48	30	0.4292	0.3333	0.8333	0.4667	-0.3667
Chr7	12109318	snp	60	39	0.4231	0.3192	0.6667	0.1538	-0.5128
Chr7	12109361	snp	79	59	0.3948	0.3066	0.4937	0.1356	-0.3581
Chr7	12110218	snp	65	78	0.3821	0.2974	0.5231	0.1923	-0.3308
Chr7	12110265	indel	68	90	0.3801	0.2944	0.5588	0.2556	-0.3033
Chr7	12110824	snp	69	58	0.3991	0.3073	0.4783	0.1034	-0.3748
Chr7	12111085	snp	66	68	0.4015	0.3115	0.5606	0.2206	-0.34
Chr7	12111634	snp	45	35	0.4349	0.3302	0.7111	0.3714	-0.3397
Chr7	12111654	snp	36	25	0.4578	0.3467	0.8333	0.48	-0.3533
Chr7	12112011	snp	57	44	0.4083	0.3186	0.7018	0.2273	-0.4745
Chr7	12112944	snp	88	90	0.3816	0.2922	0.4318	0.1111	-0.3207
Chr7	12115003	snp	73	73	0.3836	0.3014	0.5479	0.2329	-0.3151
Chr7	12117022	snp	67	67	0.3881	0.2985	0.5672	0.2388	-0.3284
Chr7	12117911	snp	61	51	0.3941	0.3124	0.5574	0.1961	-0.3613
Chr7	12121575	snp	73	69	0.3919	0.3081	0.5205	0.1594	-0.3611
Chr7	12122237	snp	59	51	0.3981	0.3081	0.5254	0.1569	-0.3686
Chr7	12122270	snp	57	35	0.414	0.3173	0.5965	0.2286	-0.3679
Chr7	12122418	snp	53	39	0.4204	0.3203	0.6792	0.359	-0.3203
Chr7	12126109	snp	72	92	0.3883	0.2953	0.5	0.1848	-0.3152
Chr7	12126116	indel	85	120	0.3721	0.2868	0.4706	0.15	-0.3206
Chr7	12127168	snp	48	33	0.4261	0.3314	0.7292	0.3939	-0.3352
Chr7	12127450	snp	48	18	0.4653	0.3611	0.8125	0.2778	-0.5347
Chr7	12127460	indel	53	18	0.4591	0.3648	0.7925	0.2222	-0.5702
Chr7	12127890	snp	72	53	0.3954	0.3032	0.5972	0.2642	-0.3331
Chr7	12128227	snp	66	48	0.4148	0.3144	0.5455	0.1458	-0.3996
Chr7	12129175	snp	65	65	0.4	0.3077	0.5077	0.1846	-0.3231
Chr7	12129890	snp	60	41	0.4138	0.3228	0.7833	0.3902	-0.3931
Chr7	12130066	snp	64	63	0.4033	0.307	0.5781	0.2381	-0.34
Chr7	12130107	snp	80	52	0.4038	0.3154	0.575	0.2308	-0.3442
Chr7	12130294	snp	53	35	0.4216	0.3186	0.8302	0.2857	-0.5445
Chr7	12130313	snp	56	37	0.4257	0.3272	0.7857	0.2703	-0.5154
Chr7	12130456	snp	72	70	0.394	0.2976	0.4722	0.1714	-0.3008
Chr7	12131437	snp	49	22	0.4527	0.3553	0.7347	0.3636	-0.3711
Chr7	12131458	indel	50	32	0.43	0.3363	0.76	0.3125	-0.4475
Chr7	12131509	snp	65	43	0.414	0.3134	0.5231	0.2093	-0.3138
Chr7	12133994	snp	42	39	0.4267	0.3352	0.4524	0.1026	-0.3498
Chr7	12146010	snp	60	41	0.4138	0.3228	0.7	0.2927	-0.4073
Chr7	12146636	snp	59	57	0.3967	0.309	0.5424	0.2281	-0.3143
Chr7	12149483	snp	68	33	0.4131	0.3266	0.5441	0.2121	-0.332
Chr7	12151369	snp	57	27	0.4405	0.3372	0.7193	0.2593	-0.46
Chr7	12154196	snp	19	16	0.5395	0.4046	0.8421	0.4375	-0.4046
Chr7	12154236	snp	32	34	0.4577	0.3382	0.5938	0.1765	-0.4173
Chr7	12157730	snp	35	30	0.4524	0.3476	0.6286	0.2	-0.4286
Chr7	12157886	indel	11	18	0.5606	0.4444	0.0909	0.7778	0.6869
Chr7	12161975	snp	33	17	0.4884	0.3743	0.697	0.2941	-0.4029
Chr7	12162063	snp	40	39	0.4423	0.341	0.775	0.3077	-0.4673
Chr7	12166991	snp	49	25	0.4367	0.3355	0.5306	0.16	-0.3706
Chr7	12167130	snp	49	56	0.4107	0.3163	0.5102	0.1429	-0.3673
Chr7	12169193	snp	49	47	0.4155	0.3178	0.6735	0.3191	-0.3543
Chr7	12172388	snp	90	68	0.3801	0.2944	0.3778	0.0441	-0.3337
Chr7	12175614	snp	77	70	0.3844	0.2987	0.5195	0.2	-0.3195
Chr7	12182088	indel	93	67	0.3771	0.2953	0.4086	0.0746	-0.334
Chr7	12182954	indel	111	74	0.3874	0.2883	0.4595	0.1081	-0.3514
Chr7	12195133	indel	88	75	0.3791	0.2971	0.4205	0.0933	-0.3271
Chr7	12195158	snp	80	75	0.3733	0.2917	0.375	0.08	-0.295
Chr7	12202724	snp	96	96	0.3646	0.2813	0.4271	0.1042	-0.3229
Chr7	12215353	indel	91	52	0.3984	0.2967	0.4725	0.0577	-0.4148
Chr7	12218756	snp	71	44	0.3979	0.3156	0.3944	0.0682	-0.3262
Chr7	12218789	indel	86	42	0.412	0.3184	0.5116	0.1667	-0.345
Chr7	12231939	snp	93	76	0.3855	0.2912	0.4301	0.0921	-0.338
Chr7	12232261	snp	101	101	0.3762	0.2871	0.4059	0.1188	-0.2871
Chr7	12233074	snp	76	77	0.3978	0.2963	0.4079	0.0909	-0.317
Chr7	12238416	snp	107	89	0.3787	0.289	0.4393	0.0562	-0.3831
Chr7	12276071	snp	64	50	0.405	0.3181	0.4531	0.1	-0.3531
Chr7	12288830	snp	66	33	0.4242	0.3333	0.4242	0.0909	-0.3333
Chr7	12292515	snp	93	70	0.3776	0.2951	0.4086	0.0714	-0.3372
Chr7	12298164	indel	72	78	0.3825	0.2917	0.4583	0.1538	-0.3045
Chr7	12319041	snp	74	77	0.3807	0.2948	0.4595	0.0909	-0.3686
Chr7	12319052	indel	77	77	0.4026	0.2987	0.4545	0.1039	-0.3506
Chr7	12319175	indel	87	97	0.3836	0.294	0.4598	0.1546	-0.3051
Chr7	12319665	snp	91	56	0.4011	0.3022	0.4066	0.0893	-0.3173
Chr7	12321468	indel	90	103	0.3713	0.2852	0.4222	0.0971	-0.3251
Chr7	12343104	indel	81	66	0.3866	0.2985	0.4691	0.0606	-0.4085
Chr7	12343134	snp	69	63	0.3885	0.303	0.4638	0.0794	-0.3844
Chr7	12346402	snp	62	66	0.3998	0.3128	0.4355	0.1061	-0.3294
Chr7	12353498	snp	66	72	0.3914	0.2955	0.3939	0.0972	-0.2967
Chr7	12357238	indel	102	52	0.3899	0.2998	0.4412	0.1346	-0.3066
Chr7	12359627	snp	73	62	0.3922	0.2963	0.411	0.0968	-0.3142
Chr7	12366155	snp	68	77	0.3925	0.2939	0.3971	0.0909	-0.3061
Chr7	12375167	snp	85	80	0.3949	0.2993	0.4	0.0625	-0.3375
Chr7	12375209	indel	85	68	0.3882	0.2941	0.4471	0.0735	-0.3735
Chr7	12381251	indel	75	39	0.4092	0.319	0.5467	0.2051	-0.3415
Chr7	12382586	indel	105	68	0.3856	0.293	0.4381	0.0882	-0.3499
Chr7	12382594	snp	91	68	0.4093	0.3025	0.3956	0.0735	-0.3221
Chr7	12383184	snp	78	77	0.38	0.292	0.3718	0.0779	-0.2939
Chr7	12385627	snp	79	87	0.3732	0.2949	0.5063	0.092	-0.4144
Chr7	12402720	snp	44	36	0.4394	0.3359	0.4773	0.1389	-0.3384
Chr7	12414550	snp	112	105	0.3685	0.2798	0.4018	0.1143	-0.2875
Chr7	12421023	snp	71	82	0.3928	0.3008	0.4225	0.0976	-0.325
Chr7	12428692	snp	54	51	0.4074	0.3126	0.4074	0.0784	-0.329
Chr7	12428779	indel	72	78	0.3825	0.2917	0.4306	0.0641	-0.3665
Chr7	12428823	snp	68	73	0.3995	0.2996	0.3824	0.0822	-0.3002
Chr7	12437140	snp	97	109	0.3686	0.286	0.433	0.1468	-0.2862
Chr7	12438765	indel	86	86	0.3721	0.2907	0.3372	0.0465	-0.2907
Chr7	12480698	snp	81	88	0.388	0.2991	0.4198	0.0909	-0.3288
Chr7	12504733	indel	68	70	0.3937	0.3063	0.4265	0.0857	-0.3408
Chr7	12527238	snp	62	53	0.3999	0.3028	0.5645	0.2075	-0.357
Chr7	12527546	indel	87	66	0.3762	0.2957	0.5057	0.1667	-0.3391
Chr7	12527660	snp	47	22	0.472	0.3598	0.4894	0.0909	-0.3985
Chr7	12527689	snp	49	21	0.4558	0.3537	0.5102	0.0952	-0.415
Chr7	12536772	snp	40	34	0.4279	0.3309	0.475	0.0882	-0.3868
Chr7	12550309	snp	54	52	0.4131	0.3212	0.6111	0.2885	-0.3226
Chr7	12550324	snp	55	47	0.4085	0.311	0.6364	0.3191	-0.3172
Chr7	12554064	snp	52	43	0.4092	0.3202	0.4615	0.1395	-0.322
Chr7	12554197	snp	53	43	0.4103	0.3247	0.8113	0.3488	-0.4625
Chr7	12554621	snp	71	71	0.3944	0.3099	0.493	0.169	-0.3239
Chr7	12554712	snp	63	63	0.3968	0.3016	0.5556	0.1905	-0.3651
Chr7	12554742	snp	56	56	0.4107	0.3214	0.5357	0.1786	-0.3571
Chr7	12556368	snp	74	44	0.4066	0.3163	0.5	0.0909	-0.4091
Chr7	12557285	snp	66	48	0.4148	0.3144	0.5455	0.125	-0.4205
Chr7	12557361	snp	67	47	0.3992	0.3144	0.5821	0.1915	-0.3906
Chr7	12557673	snp	87	74	0.3835	0.2957	0.4368	0.1351	-0.3016
Chr7	12557813	snp	47	30	0.4418	0.3383	0.7447	0.3333	-0.4113
Chr7	12558513	snp	70	54	0.3968	0.3053	0.4143	0.0556	-0.3587
Chr7	12591972	indel	57	58	0.3911	0.3043	0.5263	0.1724	-0.3539
Chr7	12601616	snp	78	75	0.3831	0.2954	0.3718	0.0533	-0.3185
Chr7	12602481	snp	78	80	0.3798	0.2901	0.3846	0.0875	-0.2971
Chr7	12603115	snp	59	51	0.3981	0.3081	0.6102	0.2745	-0.3357
Chr7	12605034	snp	49	34	0.4226	0.3247	0.5714	0.2059	-0.3655
Chr7	12605610	snp	30	36	0.4722	0.3556	0.6333	0.2778	-0.3556
Chr7	12610514	snp	29	18	0.4885	0.3774	0.6552	0.1667	-0.4885
Chr7	12610978	indel	83	38	0.4169	0.3183	0.4578	0.1053	-0.3526
Chr7	12611913	snp	93	70	0.3776	0.2951	0.4086	0.0857	-0.3229
Chr7	12617163	indel	74	59	0.4008	0.3028	0.6351	0.2881	-0.347
Chr7	12617278	snp	42	24	0.4405	0.3452	0.7619	0.4167	-0.3452
Chr7	12621643	snp	39	24	0.4679	0.3526	0.7692	0.4167	-0.3526
Chr7	12622758	snp	85	69	0.3881	0.2975	0.5294	0.1449	-0.3845
Chr7	12623257	snp	53	28	0.4313	0.3329	0.7736	0.4286	-0.345
Chr7	12623303	snp	71	40	0.3993	0.3106	0.5915	0.25	-0.3415
Chr7	12623763	snp	78	47	0.3983	0.305	0.4231	0.0851	-0.338
Chr7	12627637	snp	51	45	0.4118	0.3229	0.4706	0.1333	-0.3373
Chr7	12627650	snp	52	49	0.4223	0.3214	0.5	0.1224	-0.3776
Chr7	12628238	snp	51	39	0.4299	0.3228	0.6863	0.3077	-0.3786
Chr7	12628458	snp	54	52	0.4131	0.3212	0.6481	0.3269	-0.3212
Chr7	12632585	snp	78	87	0.3798	0.3011	0.4359	0.1034	-0.3324
Chr7	12635109	snp	72	70	0.394	0.2976	0.4861	0.1714	-0.3147
Chr7	12635419	snp	93	70	0.3776	0.2951	0.4624	0.1571	-0.3052
Chr7	12636612	snp	35	31	0.4488	0.3456	0.7429	0.3548	-0.388
Chr7	12636643	snp	43	48	0.4157	0.3154	0.6047	0.25	-0.3547
Chr7	12703178	snp	49	48	0.4026	0.3197	0.5102	0.1042	-0.406
Chr7	12703204	indel	53	39	0.4204	0.3203	0.4528	0.1282	-0.3246
Chr7	12703212	snp	48	36	0.4306	0.3333	0.4583	0.0833	-0.375
Chr7	12714945	snp	59	68	0.3893	0.3036	0.4407	0.1324	-0.3083
Chr7	12750302	snp	57	82	0.3945	0.3032	0.4386	0.122	-0.3166
Chr7	12762358	snp	61	69	0.4018	0.3022	0.377	0.0725	-0.3046
Chr7	12762916	indel	83	77	0.3788	0.299	0.4217	0.1039	-0.3178
Chr7	12766642	indel	103	77	0.3711	0.287	0.4175	0.1299	-0.2876
Chr7	12819018	indel	59	41	0.4117	0.3154	0.5254	0.0976	-0.4279
Chr7	12819039	indel	54	43	0.4195	0.3226	0.463	0.1163	-0.3467
Chr7	12832713	indel	38	34	0.4427	0.3375	0.6579	0.2941	-0.3638
Chr7	12875019	snp	21	18	0.5	0.3889	0.6667	0.1111	-0.5556
Chr7	12875028	snp	28	19	0.4868	0.3816	0.5714	0.1579	-0.4135
Chr7	12878805	snp	59	54	0.3927	0.3107	0.4237	0.0741	-0.3497
Chr7	12885479	snp	63	47	0.4272	0.3056	0.4921	0.1702	-0.3219
Chr7	12888589	snp	103	95	0.3637	0.2844	0.4272	0.1368	-0.2903
Chr7	12893220	indel	85	71	0.3841	0.2923	0.5412	0.2113	-0.3299
Chr7	12897541	snp	62	64	0.4103	0.3155	0.4032	0.0625	-0.3407
Chr7	12897626	snp	39	27	0.4558	0.3476	0.5128	0.0741	-0.4387
Chr7	12897660	snp	29	19	0.4955	0.3739	0.4828	0.0526	-0.4301
Chr7	12897684	snp	22	16	0.5114	0.4034	0.5455	0.0	-0.5455
Chr7	12916976	snp	44	42	0.4188	0.3247	0.6136	0.0952	-0.5184
Chr7	12916993	snp	51	39	0.4299	0.3228	0.5882	0.1282	-0.46
Chr7	12918594	snp	39	38	0.4265	0.3259	0.4615	0.1053	-0.3563
Chr7	12921062	snp	77	44	0.4091	0.3117	0.4416	0.1136	-0.3279
Chr7	12921941	indel	66	35	0.4229	0.3203	0.5606	0.2286	-0.332
Chr7	12923059	snp	71	74	0.3911	0.3028	0.4225	0.1081	-0.3144
Chr7	12931111	snp	43	35	0.4405	0.3389	0.5814	0.2286	-0.3528
Chr7	12931340	indel	50	48	0.4092	0.3225	0.54	0.1875	-0.3525
Chr7	12938147	snp	41	42	0.4233	0.3258	0.5854	0.1905	-0.3949
Chr7	12939146	snp	53	58	0.4239	0.3155	0.3585	0.0	-0.3585
Chr7	12941232	indel	54	49	0.4161	0.3159	0.4074	0.0408	-0.3666
Chr7	12941243	snp	39	42	0.4267	0.3352	0.3846	0.0476	-0.337
Chr7	12952653	indel	61	64	0.397	0.2979	0.5738	0.2344	-0.3394
Chr7	12953769	snp	43	12	0.5174	0.3915	0.6047	0.0833	-0.5213
Chr7	12955149	snp	42	27	0.4444	0.3439	0.7143	0.2963	-0.418
Chr7	12955171	snp	55	33	0.4242	0.3333	0.6364	0.303	-0.3333
Chr7	12955611	snp	63	38	0.4194	0.3241	0.4921	0.1579	-0.3342
Chr7	12961277	indel	70	55	0.4091	0.3169	0.6429	0.2	-0.4429
Chr7	12961320	snp	81	57	0.4003	0.3067	0.5556	0.2281	-0.3275
Chr7	12961442	snp	92	78	0.3821	0.294	0.4239	0.1026	-0.3213
Chr7	12961705	snp	58	67	0.3958	0.3049	0.569	0.1642	-0.4048
Chr7	12962953	snp	52	34	0.4389	0.3303	0.5385	0.1765	-0.362
Chr7	12964050	snp	49	53	0.4109	0.3246	0.7347	0.2453	-0.4894
Chr7	12965627	snp	43	19	0.481	0.3709	0.7209	0.3158	-0.4051
Chr7	12965636	snp	41	18	0.4851	0.3631	0.7317	0.3333	-0.3984
Chr7	12965733	snp	50	26	0.4508	0.3354	0.62	0.2692	-0.3508
Chr7	12966009	snp	58	42	0.4253	0.3309	0.6552	0.2619	-0.3933
Chr7	12968058	snp	58	53	0.4239	0.3155	0.5345	0.1509	-0.3835
Chr7	12968774	snp	54	45	0.4111	0.3148	0.6296	0.2444	-0.3852
Chr7	12969415	snp	55	33	0.4242	0.3333	0.6	0.2121	-0.3879
Chr7	12969510	snp	75	68	0.3914	0.3004	0.5867	0.1912	-0.3955
Chr7	12970117	snp	54	62	0.3996	0.2933	0.4259	0.129	-0.2969
Chr7	12970431	snp	94	60	0.3872	0.2975	0.5532	0.1667	-0.3865
Chr7	12970489	snp	75	49	0.3943	0.3072	0.7467	0.3469	-0.3997
Chr7	12970553	snp	88	84	0.3701	0.2922	0.6136	0.2857	-0.3279
Chr7	12970604	indel	89	96	0.3756	0.2855	0.4831	0.1667	-0.3165
Chr7	12970764	snp	71	58	0.4065	0.2982	0.5634	0.1552	-0.4082
Chr7	12970804	snp	40	22	0.4523	0.3568	0.8	0.4091	-0.3909
Chr7	12971061	snp	46	20	0.4674	0.3609	0.6957	0.2	-0.4957
Chr7	12971090	snp	39	21	0.4799	0.359	0.8718	0.381	-0.4908
Chr7	12971350	snp	75	63	0.3886	0.301	0.5867	0.1905	-0.3962
Chr7	12972114	snp	64	41	0.4123	0.3236	0.6562	0.2439	-0.4123
Chr7	12972208	snp	47	24	0.4734	0.3484	0.7872	0.3333	-0.4539
Chr7	12972342	snp	39	24	0.4679	0.3526	0.7436	0.25	-0.4936
Chr7	12972355	snp	38	24	0.4496	0.3553	0.7895	0.25	-0.5395
Chr7	12973094	snp	46	31	0.4369	0.3394	0.8043	0.3871	-0.4173
Chr7	12973536	snp	48	55	0.4042	0.3133	0.7083	0.2727	-0.4356
Chr7	12974294	snp	66	57	0.4091	0.3062	0.5	0.1754	-0.3246
Chr7	12974338	indel	73	67	0.3827	0.2956	0.4932	0.1642	-0.329
Chr7	12974367	indel	76	74	0.3887	0.2948	0.4342	0.1351	-0.2991
Chr7	12974656	snp	61	56	0.4031	0.3106	0.5246	0.1964	-0.3282
Chr7	12975538	snp	58	62	0.4038	0.3037	0.5517	0.2258	-0.3259
Chr7	12976245	indel	87	67	0.3877	0.2946	0.4483	0.0896	-0.3587
Chr7	12995870	snp	90	71	0.3864	0.2923	0.5667	0.0986	-0.4681
Chr7	12995888	indel	101	75	0.3856	0.2973	0.5545	0.2133	-0.3411
Chr7	12995952	snp	90	52	0.3953	0.3013	0.6	0.1731	-0.4269
Chr7	12997126	snp	82	85	0.3867	0.2917	0.4634	0.1529	-0.3105
Chr7	12998087	snp	57	50	0.4116	0.3091	0.5088	0.18	-0.3288
Chr7	12998815	indel	65	40	0.4135	0.3154	0.6	0.25	-0.35
Chr7	12999054	snp	65	52	0.4154	0.3154	0.5077	0.1731	-0.3346
Chr7	12999070	indel	66	53	0.4025	0.3122	0.5455	0.2264	-0.319
Chr7	12999358	indel	52	45	0.4021	0.3115	0.8654	0.3778	-0.4876
Chr7	12999418	snp	61	56	0.4031	0.3106	0.7377	0.2143	-0.5234
Chr7	12999525	snp	55	51	0.3954	0.3184	0.6909	0.2549	-0.436
Chr7	12999580	snp	59	62	0.3997	0.307	0.5424	0.1774	-0.365
Chr7	13000034	snp	72	49	0.4014	0.305	0.4722	0.1633	-0.309
Chr7	13000110	snp	87	55	0.4054	0.3001	0.4828	0.1091	-0.3737
Chr7	13000246	snp	60	53	0.3981	0.3082	0.5333	0.1887	-0.3447
Chr7	13000309	snp	67	57	0.3936	0.3077	0.4925	0.1404	-0.3522
Chr7	13000525	snp	40	30	0.45	0.3417	0.775	0.4	-0.375
Chr7	13000531	snp	44	31	0.4274	0.3328	0.75	0.3871	-0.3629
Chr7	13000549	indel	45	32	0.434	0.3368	0.8	0.375	-0.425
Chr7	13001201	snp	70	36	0.4222	0.3159	0.7286	0.3611	-0.3675
Chr7	13001306	snp	67	33	0.4292	0.3247	0.6269	0.1515	-0.4754
Chr7	13002245	snp	44	37	0.4441	0.3292	0.7727	0.4324	-0.3403
Chr7	13002807	snp	58	34	0.4178	0.3245	0.6724	0.1765	-0.4959
Chr7	13002927	indel	105	118	0.3596	0.2801	0.4	0.0932	-0.3068
Chr7	13003909	snp	60	41	0.4138	0.3228	0.4833	0.122	-0.3614
Chr7	13003945	snp	51	31	0.4168	0.3359	0.5882	0.1613	-0.4269
Chr7	13006802	snp	82	69	0.3931	0.2923	0.4024	0.0725	-0.33
Chr7	13007047	snp	66	44	0.3939	0.3182	0.5606	0.2273	-0.3333
Chr7	13007208	snp	58	46	0.4108	0.3081	0.7069	0.3696	-0.3373
Chr7	13007219	snp	56	41	0.4037	0.3079	0.7321	0.3902	-0.3419
Chr7	13008289	snp	57	32	0.4265	0.3289	0.7719	0.4375	-0.3344
Chr7	13008360	snp	87	66	0.3762	0.2957	0.5057	0.197	-0.3088
Chr7	13008509	snp	100	90	0.3711	0.2933	0.43	0.1222	-0.3078
Chr7	13010080	snp	66	51	0.4046	0.3119	0.4697	0.1373	-0.3324
Chr7	13010274	snp	69	67	0.3844	0.3067	0.4348	0.1194	-0.3154
Chr7	13010451	snp	92	94	0.3751	0.2815	0.4457	0.117	-0.3286
Chr7	13011072	snp	64	48	0.4115	0.3125	0.6719	0.1667	-0.5052
Chr7	13011081	snp	60	40	0.4167	0.3167	0.75	0.2	-0.55
Chr7	13011929	snp	49	34	0.4226	0.3247	0.7551	0.2059	-0.5492
Chr7	13012489	snp	62	46	0.4208	0.3247	0.6935	0.2609	-0.4327
Chr7	13013814	snp	73	46	0.4014	0.3097	0.6027	0.2609	-0.3419
Chr7	13015247	snp	76	59	0.3923	0.3058	0.4868	0.1525	-0.3343
Chr7	13015836	snp	73	67	0.3827	0.2956	0.5616	0.1343	-0.4273
Chr7	13016003	snp	77	88	0.3912	0.2955	0.4675	0.1591	-0.3084
Chr7	13016190	snp	72	79	0.382	0.3036	0.5694	0.1266	-0.4429
Chr7	13016588	snp	75	59	0.3713	0.2963	0.5333	0.1864	-0.3469
Chr7	13016641	snp	60	56	0.4024	0.3083	0.6	0.2143	-0.3857
Chr7	13016989	snp	73	81	0.3749	0.2982	0.4932	0.1235	-0.3697
Chr7	13017385	snp	63	68	0.4066	0.3044	0.5397	0.1029	-0.4367
Chr7	13017502	snp	71	67	0.3809	0.3004	0.4789	0.1194	-0.3595
Chr7	13017790	snp	63	45	0.4095	0.3143	0.5079	0.1333	-0.3746
Chr7	13017841	snp	58	40	0.4207	0.3207	0.5517	0.175	-0.3767
Chr7	13019055	snp	85	104	0.4003	0.2945	0.4824	0.1827	-0.2997
Chr7	13019519	snp	50	37	0.4249	0.3346	0.76	0.4054	-0.3546
Chr7	13020066	snp	45	47	0.4142	0.3225	0.7556	0.4255	-0.33
Chr7	13021356	snp	90	112	0.3748	0.2895	0.3889	0.0893	-0.2996
Chr7	13021907	snp	56	41	0.4037	0.3079	0.5	0.1463	-0.3537
Chr7	13021985	snp	36	18	0.4722	0.3611	0.9167	0.3333	-0.5833
Chr7	13023248	snp	63	45	0.4095	0.3143	0.6825	0.3556	-0.327
Chr7	13023393	snp	60	40	0.4167	0.3167	0.75	0.375	-0.375
Chr7	13025194	snp	43	47	0.4231	0.3261	0.7442	0.234	-0.5101
Chr7	13025237	snp	63	67	0.4037	0.3196	0.4921	0.1642	-0.3279
Chr7	13025525	snp	33	31	0.4487	0.3519	0.7879	0.4194	-0.3685
Chr7	13025714	indel	78	80	0.3798	0.2901	0.4103	0.0875	-0.3228
Chr7	13026823	snp	61	38	0.4288	0.327	0.6393	0.1316	-0.5078
Chr7	13026887	snp	41	16	0.4954	0.3841	0.878	0.4375	-0.4405
Chr7	13027053	snp	46	23	0.4565	0.3478	0.5652	0.1304	-0.4348
Chr7	13027609	snp	52	31	0.4206	0.3251	0.6731	0.2581	-0.415
Chr7	13032017	snp	61	50	0.3993	0.3085	0.623	0.24	-0.383
Chr7	13032036	indel	48	37	0.4234	0.3361	0.8125	0.3514	-0.4611
Chr7	13032039	snp	45	33	0.4384	0.3333	0.7778	0.3636	-0.4141
Chr7	13032170	snp	80	78	0.3798	0.2901	0.4	0.1026	-0.2974
Chr7	13033803	snp	43	14	0.485	0.387	0.7674	0.3571	-0.4103
Chr7	13034689	snp	71	52	0.3952	0.3044	0.493	0.1346	-0.3583
Chr7	13034816	snp	42	31	0.4493	0.3287	0.7381	0.3548	-0.3833
Chr7	13034822	snp	42	33	0.4351	0.3442	0.7381	0.3636	-0.3745
Chr7	13035100	snp	50	47	0.426	0.3234	0.6	0.2766	-0.3234
Chr7	13035257	snp	59	36	0.4157	0.3216	0.6949	0.3333	-0.3616
Chr7	13035375	snp	79	65	0.384	0.298	0.5696	0.2	-0.3696
Chr7	13035496	indel	76	49	0.4176	0.3096	0.5921	0.2449	-0.3472
Chr7	13035512	snp	75	50	0.4	0.3067	0.6133	0.26	-0.3533
Chr7	13035658	snp	70	58	0.3808	0.3059	0.4714	0.1379	-0.3335
Chr7	13036549	snp	45	35	0.4349	0.3302	0.6222	0.1714	-0.4508
Chr7	13038749	snp	56	45	0.4206	0.323	0.4643	0.0444	-0.4198
Chr7	13038812	snp	43	22	0.4693	0.3552	0.5814	0.1364	-0.445
Chr7	13040090	snp	44	41	0.4329	0.3193	0.7955	0.2927	-0.5028
Chr7	13040126	snp	59	51	0.3981	0.3081	0.6271	0.1961	-0.431
Chr7	13041015	snp	72	60	0.3889	0.2972	0.5278	0.2	-0.3278
Chr7	13050828	snp	84	68	0.3971	0.306	0.4643	0.1471	-0.3172
Chr7	13053157	snp	83	73	0.4007	0.2878	0.5181	0.1918	-0.3263
Chr7	13053277	snp	52	30	0.4346	0.3295	0.6731	0.2667	-0.4064
Chr7	13053298	snp	48	27	0.4398	0.3403	0.7292	0.3333	-0.3958
Chr7	13057116	snp	56	28	0.4286	0.3393	0.5357	0.1786	-0.3571
Chr7	13057136	indel	54	30	0.4296	0.337	0.537	0.2	-0.337
Chr7	13057450	indel	51	24	0.4387	0.3554	0.8627	0.4583	-0.4044
Chr7	13057519	snp	62	30	0.4312	0.3333	0.6774	0.3333	-0.3441
Chr7	13057652	snp	31	21	0.4885	0.3902	0.8387	0.4286	-0.4101
Chr7	13058368	snp	40	25	0.46	0.345	0.6	0.24	-0.36
Chr7	13060447	snp	50	58	0.4014	0.3117	0.54	0.1207	-0.4193
Chr7	13060479	indel	47	49	0.4155	0.3178	0.6383	0.1837	-0.4546
Chr7	13061125	snp	44	51	0.4095	0.3217	0.5	0.1765	-0.3235
Chr7	13099111	snp	78	97	0.383	0.291	0.4487	0.1443	-0.3044
Chr7	13136562	snp	47	36	0.4196	0.3245	0.4255	0.0556	-0.37
Chr7	13185449	snp	67	66	0.398	0.2942	0.5821	0.2273	-0.3548
Chr7	13354485	snp	98	111	0.3605	0.2784	0.4184	0.0901	-0.3283
Chr7	13379300	snp	76	66	0.3892	0.2994	0.5789	0.1515	-0.4274
Chr7	13379412	snp	43	29	0.4451	0.3416	0.7209	0.3448	-0.3761
Chr7	13402750	snp	64	74	0.3932	0.2998	0.5	0.1892	-0.3108
Chr7	13417187	snp	107	99	0.3646	0.2827	0.3551	0.0707	-0.2844
Chr7	13422187	indel	81	81	0.3827	0.2963	0.4198	0.1235	-0.2963
Chr7	13422574	snp	112	105	0.3685	0.2798	0.4286	0.0952	-0.3333
Chr7	13423878	snp	58	39	0.4244	0.3223	0.5862	0.2564	-0.3298
Chr7	13425535	snp	72	54	0.3981	0.3056	0.5417	0.2037	-0.338
Chr7	13425846	snp	63	69	0.3885	0.303	0.4444	0.087	-0.3575
Chr7	13429725	snp	44	31	0.4274	0.3328	0.5682	0.1935	-0.3746
Chr7	13431434	snp	39	27	0.4558	0.3476	0.8462	0.4815	-0.3647
Chr7	13431442	snp	41	33	0.4405	0.3385	0.7805	0.3939	-0.3865
Chr7	13431476	indel	63	46	0.4058	0.3147	0.5397	0.2174	-0.3223
Chr7	13432165	snp	48	55	0.4042	0.3133	0.7083	0.3273	-0.3811
Chr7	13432952	snp	43	35	0.4405	0.3389	0.6512	0.2857	-0.3654
Chr7	13433126	snp	55	40	0.4227	0.3273	0.5818	0.25	-0.3318
Chr7	13437212	snp	32	18	0.4965	0.3785	0.7188	0.2778	-0.441
Chr7	13474492	indel	44	60	0.4076	0.3152	0.6136	0.15	-0.4636
Chr7	13500371	snp	28	17	0.5147	0.3971	0.8214	0.2941	-0.5273
Chr7	13501055	snp	31	30	0.4441	0.3452	0.6129	0.2667	-0.3462
Chr7	13503636	snp	56	59	0.3977	0.3057	0.4464	0.1186	-0.3278
Chr7	13507552	snp	11	22	0.5909	0.4545	0.7273	0.1364	-0.5909
Chr7	13509660	indel	18	41	0.4851	0.3631	0.6111	0.1707	-0.4404
Chr7	13562791	snp	84	89	0.3812	0.2932	0.4405	0.1461	-0.2944
Chr7	13562796	snp	82	86	0.3721	0.2842	0.4634	0.1628	-0.3006
Chr7	13563604	snp	88	91	0.387	0.2946	0.3977	0.0879	-0.3098
Chr7	13566120	snp	53	46	0.4212	0.324	0.5283	0.1957	-0.3326
Chr7	13568792	snp	48	48	0.3958	0.3125	0.3958	0.0417	-0.3542
Chr7	13568802	snp	48	47	0.4136	0.3223	0.3958	0.0638	-0.332
Chr7	13568839	snp	54	45	0.4111	0.3148	0.4259	0.1111	-0.3148
Chr7	13571143	snp	58	57	0.3911	0.3043	0.4828	0.1228	-0.36
Chr7	13573774	snp	92	92	0.3913	0.2935	0.413	0.1196	-0.2935
Chr7	13573924	snp	62	60	0.3968	0.3086	0.4839	0.15	-0.3339
Chr7	13574629	snp	66	66	0.3939	0.303	0.4697	0.1515	-0.3182
Chr7	13574773	snp	42	39	0.4267	0.3352	0.7381	0.3077	-0.4304
Chr7	13577759	snp	69	70	0.3965	0.3085	0.5362	0.2143	-0.3219
Chr7	13580263	snp	101	89	0.3752	0.2872	0.4356	0.1236	-0.312
Chr7	13606190	snp	31	22	0.4824	0.3724	0.5161	0.0909	-0.4252
Chr7	13611101	indel	32	29	0.4741	0.3524	0.625	0.1724	-0.4526
Chr7	13612350	snp	29	17	0.4888	0.3854	0.8621	0.2353	-0.6268
Chr7	13613691	snp	44	43	0.4239	0.3319	0.7045	0.3023	-0.4022
Chr7	13635235	snp	30	12	0.5333	0.4	0.8667	0.3333	-0.5333
Chr7	13635250	indel	36	18	0.4722	0.3611	0.7222	0.2222	-0.5
Chr7	13635257	indel	36	17	0.4935	0.3824	0.6944	0.1176	-0.5768
Chr7	13666214	snp	50	51	0.4078	0.3086	0.68	0.2941	-0.3859
Chr7	13668949	snp	77	66	0.4026	0.3009	0.3896	0.0758	-0.3139
Chr7	13669021	indel	79	59	0.3948	0.3066	0.5316	0.1864	-0.3452
Chr7	13673427	snp	70	40	0.4179	0.3143	0.6857	0.3	-0.3857
Chr7	13675398	snp	55	65	0.3958	0.3091	0.6364	0.1846	-0.4517
Chr7	13679056	snp	69	38	0.4088	0.3127	0.4928	0.1579	-0.3349
Chr7	13679091	snp	56	42	0.3988	0.3155	0.3929	0.0476	-0.3452
Chr7	13680413	snp	51	34	0.4118	0.3235	0.6471	0.3235	-0.3235
Chr7	13680829	indel	58	71	0.4065	0.2982	0.5862	0.2535	-0.3327
Chr7	13682146	indel	103	99	0.3677	0.288	0.466	0.1515	-0.3145
Chr7	13682168	snp	94	96	0.3774	0.2863	0.4362	0.125	-0.3112
Chr7	13690588	snp	74	66	0.3931	0.3051	0.5135	0.0455	-0.4681
Chr7	13700696	indel	89	118	0.3752	0.2843	0.5281	0.1525	-0.3755
Chr7	13721749	indel	82	57	0.3945	0.3032	0.439	0.1228	-0.3162
Chr7	13731432	snp	71	53	0.3933	0.3037	0.6338	0.283	-0.3508
Chr7	13737796	indel	82	72	0.3865	0.3008	0.4268	0.125	-0.3018
Chr7	13739631	snp	60	31	0.422	0.3263	0.65	0.2581	-0.3919
Chr7	13739646	snp	64	28	0.433	0.3348	0.6562	0.2857	-0.3705
Chr7	13740402	indel	82	77	0.3874	0.2941	0.4634	0.1558	-0.3076
Chr7	13740495	snp	51	40	0.4221	0.3255	0.6667	0.275	-0.3917
Chr7	13740499	snp	48	41	0.4162	0.3216	0.6458	0.2439	-0.4019
Chr7	13741019	indel	64	36	0.4132	0.3264	0.6875	0.2778	-0.4097
Chr7	13741026	snp	62	34	0.4231	0.3292	0.7258	0.3235	-0.4023
Chr7	13741933	snp	59	48	0.3902	0.3121	0.6271	0.3125	-0.3146
Chr7	13742175	snp	55	43	0.4097	0.3239	0.6727	0.3256	-0.3471
Chr7	13749783	snp	60	44	0.4076	0.3152	0.65	0.3182	-0.3318
Chr7	13754013	snp	51	52	0.3986	0.3028	0.8039	0.3654	-0.4385
Chr7	13754465	snp	57	48	0.4167	0.3191	0.4737	0.1458	-0.3279
Chr7	13757419	snp	43	40	0.4244	0.3262	0.6512	0.3	-0.3512
Chr7	13758956	indel	80	86	0.3843	0.2956	0.4625	0.1628	-0.2997
Chr7	13760295	snp	61	54	0.3922	0.3139	0.541	0.2037	-0.3373
Chr7	13761681	snp	40	35	0.425	0.3321	0.65	0.3143	-0.3357
Chr7	13764041	indel	21	23	0.501	0.3789	0.6667	0.2609	-0.4058
Chr7	13764429	snp	49	31	0.424	0.3305	0.5918	0.2581	-0.3338
Chr7	13764457	snp	40	26	0.4462	0.35	0.775	0.3077	-0.4673
Chr7	13765319	indel	54	46	0.4211	0.3221	0.8704	0.4348	-0.4356
Chr7	13765347	snp	53	43	0.4103	0.3247	0.8302	0.4884	-0.3418
Chr7	13766660	snp	45	32	0.434	0.3368	0.5111	0.1562	-0.3549
Chr7	13768379	snp	62	57	0.4157	0.3147	0.5645	0.193	-0.3715
Chr7	13768442	snp	43	29	0.4451	0.3416	0.7442	0.2759	-0.4683
Chr7	13774012	snp	36	26	0.453	0.3526	0.7778	0.3462	-0.4316
Chr7	13774022	snp	32	24	0.4792	0.3646	0.7812	0.3333	-0.4479
Chr7	13776299	snp	52	48	0.4038	0.3157	0.5769	0.25	-0.3269
Chr7	13779937	snp	59	48	0.3902	0.3121	0.5763	0.1042	-0.4721
Chr7	13780511	snp	48	37	0.4234	0.3361	0.625	0.1892	-0.4358
Chr7	13783103	snp	54	51	0.4074	0.3126	0.537	0.1961	-0.341
Chr7	13783407	snp	54	31	0.4229	0.3297	0.5926	0.2581	-0.3345
Chr7	13783440	snp	54	33	0.4226	0.3249	0.7778	0.3636	-0.4141
Chr7	13783476	snp	65	50	0.4046	0.3154	0.6308	0.26	-0.3708
Chr7	13783821	snp	68	60	0.4147	0.3118	0.6324	0.2333	-0.399
Chr7	13786567	snp	72	51	0.406	0.2998	0.5556	0.1765	-0.3791
Chr7	13788403	snp	28	32	0.4509	0.3571	0.5714	0.1875	-0.3839
Chr7	13788893	snp	42	38	0.4348	0.3271	0.5952	0.2105	-0.3847
Chr7	13788967	snp	43	35	0.4405	0.3389	0.6279	0.2571	-0.3708
Chr7	13790029	snp	59	49	0.4095	0.3172	0.6441	0.3061	-0.3379
Chr7	13791197	snp	60	62	0.3968	0.3086	0.5	0.1613	-0.3387
Chr7	13791216	indel	56	51	0.4114	0.3165	0.5893	0.2353	-0.354
Chr7	13796587	indel	66	44	0.3939	0.3182	0.6061	0.1818	-0.4242
Chr7	13805195	snp	29	29	0.4828	0.3448	0.8276	0.4828	-0.3448
Chr7	13805223	snp	34	43	0.4501	0.3399	0.7941	0.3488	-0.4453
Chr7	13805709	snp	46	31	0.4369	0.3394	0.6957	0.3548	-0.3408
Chr7	13805960	indel	59	46	0.4053	0.3084	0.7288	0.3696	-0.3592
Chr7	13807264	snp	61	76	0.3926	0.3037	0.4918	0.1842	-0.3076
Chr7	13807405	snp	37	19	0.4922	0.3627	0.7568	0.3684	-0.3883
Chr7	13807417	snp	34	22	0.4759	0.361	0.7353	0.3182	-0.4171
Chr7	13809863	snp	69	55	0.3866	0.3033	0.5072	0.1818	-0.3254
Chr7	13809951	snp	51	34	0.4118	0.3235	0.7647	0.3824	-0.3824
Chr7	13809985	snp	61	39	0.4136	0.3203	0.6721	0.3077	-0.3644
Chr7	13813620	snp	49	32	0.4235	0.338	0.6327	0.2812	-0.3514
Chr7	13817122	snp	36	29	0.4607	0.3429	0.6667	0.2759	-0.3908
Chr7	13817138	snp	35	21	0.4762	0.3619	0.7143	0.3333	-0.381
Chr7	13817168	indel	28	21	0.4881	0.381	0.75	0.3333	-0.4167
Chr7	13819456	snp	35	23	0.4683	0.3652	0.8857	0.4783	-0.4075
Chr7	13819766	snp	59	43	0.4218	0.3205	0.7288	0.3023	-0.4265
Chr7	13819774	snp	59	41	0.4117	0.3154	0.7288	0.3171	-0.4117
Chr7	13822826	snp	51	44	0.4095	0.3217	0.6471	0.2955	-0.3516
Chr7	13824996	snp	37	23	0.4747	0.3608	0.9189	0.4348	-0.4841
Chr7	13832723	snp	54	37	0.4219	0.3238	0.7037	0.2703	-0.4334
Chr7	13832813	snp	25	26	0.4892	0.3708	0.64	0.2692	-0.3708
Chr7	13832816	snp	22	26	0.486	0.3811	0.7273	0.2692	-0.458
Chr7	13839698	indel	57	91	0.3852	0.2994	0.5088	0.1648	-0.3439
Chr7	13839700	snp	52	71	0.3952	0.3044	0.5192	0.1831	-0.3361
Chr7	13840121	snp	46	28	0.4472	0.3509	0.6739	0.3214	-0.3525
Chr7	13840122	snp	48	31	0.42	0.3286	0.6667	0.2903	-0.3763
Chr7	13844448	snp	41	27	0.4481	0.3505	0.5366	0.1852	-0.3514
Chr7	13844820	snp	84	72	0.3869	0.2996	0.4167	0.0833	-0.3333
Chr7	13845130	indel	57	43	0.4117	0.3125	0.7018	0.3488	-0.3529
Chr7	13845474	snp	45	42	0.4238	0.3238	0.4667	0.119	-0.3476
Chr7	13846425	snp	30	29	0.4575	0.3563	0.6667	0.3103	-0.3563
Chr7	13850234	indel	34	26	0.457	0.3507	0.5294	0.1538	-0.3756
Chr7	13850246	snp	29	23	0.4723	0.3688	0.5172	0.1304	-0.3868
Chr7	13852993	indel	54	56	0.4167	0.3075	0.5185	0.1964	-0.3221
Chr7	13853626	snp	67	49	0.4237	0.3177	0.6716	0.2857	-0.3859
Chr7	13853784	snp	26	25	0.4892	0.3708	0.8077	0.36	-0.4477
Chr7	13901441	snp	35	50	0.4171	0.3257	0.6286	0.26	-0.3686
Chr7	13908719	indel	62	67	0.395	0.3091	0.5484	0.2388	-0.3096
Chr7	13908965	snp	60	62	0.3968	0.3086	0.6	0.2742	-0.3258
Chr7	13909781	snp	59	57	0.3967	0.309	0.4068	0.0877	-0.3191
Chr7	13911167	snp	77	86	0.3798	0.2908	0.4675	0.1628	-0.3047
Chr7	13912821	snp	40	42	0.4155	0.3179	0.6	0.2619	-0.3381
Chr7	13929724	snp	44	58	0.3997	0.3143	0.5	0.1552	-0.3448
Chr7	13932302	snp	41	36	0.4295	0.3354	0.5854	0.25	-0.3354
Chr7	13933841	snp	34	30	0.4471	0.3431	0.6471	0.3	-0.3471
Chr7	13934598	snp	41	43	0.426	0.3284	0.7317	0.3256	-0.4061
Chr7	13935129	snp	57	54	0.3996	0.3012	0.7018	0.3148	-0.3869
Chr7	13935144	snp	57	56	0.4154	0.3108	0.6842	0.3571	-0.3271
Chr7	13936925	snp	16	21	0.5149	0.4048	0.4375	0.0	-0.4375
Chr7	13938456	snp	35	33	0.4416	0.3472	0.6571	0.303	-0.3541
Chr7	13942994	snp	62	62	0.4032	0.3065	0.4839	0.1774	-0.3065
Chr7	13943239	snp	43	38	0.4406	0.3293	0.5349	0.1579	-0.377
Chr7	13944166	snp	80	55	0.392	0.3023	0.4125	0.1091	-0.3034
Chr7	13944526	snp	43	26	0.4517	0.3435	0.5814	0.1923	-0.3891
Chr7	13946815	indel	97	67	0.3868	0.2937	0.4433	0.1493	-0.294
Chr7	13950212	snp	49	17	0.479	0.3613	0.7551	0.3529	-0.4022
Chr7	13952112	indel	69	89	0.3858	0.2973	0.5072	0.2022	-0.305
Chr7	13955448	indel	63	61	0.389	0.306	0.5714	0.2459	-0.3255
Chr7	13960886	snp	32	23	0.4701	0.3641	0.6562	0.1739	-0.4823
Chr7	13960948	snp	50	52	0.4138	0.3131	0.54	0.1154	-0.4246
Chr7	13960993	snp	43	51	0.4181	0.3288	0.4419	0.098	-0.3438
Chr7	13965437	snp	44	54	0.4184	0.3258	0.4773	0.1296	-0.3476
Chr7	13996559	snp	40	44	0.4227	0.3295	0.65	0.3182	-0.3318
Chr7	13998558	snp	99	90	0.3778	0.2889	0.4646	0.1444	-0.3202
Chr7	14002438	snp	69	57	0.4066	0.3051	0.5362	0.2105	-0.3257
Chr7	14006555	snp	52	48	0.4038	0.3157	0.5192	0.1875	-0.3317
Chr7	14010407	snp	45	30	0.4444	0.3444	0.7333	0.3667	-0.3667
Chr7	14011003	snp	37	33	0.4365	0.3423	0.5405	0.0909	-0.4496
Chr7	14011013	snp	36	29	0.4607	0.3429	0.6111	0.1034	-0.5077
Chr7	14020861	snp	75	69	0.3768	0.2968	0.44	0.1304	-0.3096
Chr7	14022794	snp	42	42	0.4286	0.3095	0.7143	0.3095	-0.4048
Chr7	14024440	snp	59	48	0.3902	0.3121	0.5593	0.125	-0.4343
Chr7	14024485	snp	50	39	0.4292	0.3297	0.66	0.3077	-0.3523
Chr7	14031553	snp	24	13	0.5481	0.4135	0.9167	0.1538	-0.7628
Chr7	14031967	snp	37	21	0.4852	0.3629	0.6757	0.2857	-0.39
Chr7	14032873	snp	43	31	0.4434	0.3413	0.7209	0.1935	-0.5274
Chr7	14032909	snp	46	35	0.4373	0.3335	0.587	0.1714	-0.4155
Chr7	14034212	snp	44	35	0.4364	0.3331	0.3864	0.0286	-0.3578
Chr7	14036795	snp	30	19	0.4895	0.3702	1.0	0.4737	-0.5263
Chr7	14037359	snp	69	57	0.4066	0.3051	0.4493	0.1053	-0.344
Chr7	14043599	snp	84	57	0.3866	0.2964	0.4286	0.1053	-0.3233
Chr7	14045905	snp	30	32	0.475	0.3563	0.6333	0.2188	-0.4146
Chr7	14048738	snp	85	57	0.3899	0.3018	0.4471	0.1404	-0.3067
Chr7	14054481	indel	20	20	0.5	0.4	0.6	0.05	-0.55
Chr7	14059369	snp	49	34	0.4226	0.3247	0.7143	0.2941	-0.4202
Chr7	14059691	snp	55	69	0.3866	0.3033	0.6364	0.2174	-0.419
Chr7	14059709	snp	57	53	0.4012	0.3174	0.6316	0.283	-0.3486
Chr7	14059943	snp	68	57	0.3991	0.3047	0.6471	0.1754	-0.4716
Chr7	14060037	indel	90	117	0.3846	0.2846	0.4889	0.1538	-0.335
Chr7	14060066	snp	68	73	0.3995	0.2996	0.6176	0.1918	-0.4259
Chr7	14060396	indel	60	36	0.4278	0.3333	0.6333	0.2778	-0.3556
Chr7	14060758	indel	74	70	0.3973	0.3012	0.3784	0.0714	-0.3069
Chr7	14063694	indel	40	34	0.4279	0.3309	0.8	0.4118	-0.3882
Chr7	14063698	snp	41	32	0.4505	0.3354	0.8293	0.4375	-0.3918
Chr7	14063703	snp	48	35	0.4065	0.3161	0.7292	0.4	-0.3292
Chr7	14064331	snp	46	34	0.4169	0.3223	0.5	0.1176	-0.3824
Chr7	14065167	snp	52	42	0.4212	0.3141	0.6538	0.3095	-0.3443
Chr7	14065966	snp	54	46	0.4211	0.3221	0.6667	0.3261	-0.3406
Chr7	14082221	snp	25	28	0.4871	0.3671	0.68	0.1786	-0.5014
Chr7	14084040	snp	58	33	0.43	0.3307	0.6034	0.2424	-0.361
Chr7	14086663	snp	27	25	0.4637	0.3526	0.4815	0.12	-0.3615
Chr7	14087389	snp	53	50	0.4147	0.3192	0.5849	0.24	-0.3449
Chr7	14119417	indel	59	45	0.4102	0.316	0.4576	0.1111	-0.3465
Chr7	14151568	snp	76	56	0.3891	0.2979	0.4211	0.0893	-0.3318
Chr7	14162665	snp	67	81	0.3805	0.2967	0.4925	0.0864	-0.4061
Chr7	14189167	snp	87	70	0.381	0.2949	0.3678	0.0714	-0.2964
Chr7	14219642	snp	87	83	0.3736	0.2915	0.4023	0.1084	-0.2939
Chr7	14220866	snp	73	87	0.379	0.2937	0.411	0.1149	-0.296
Chr7	14221626	indel	79	70	0.3861	0.2982	0.5063	0.1429	-0.3635
Chr7	14226153	indel	56	39	0.419	0.3205	0.4286	0.1026	-0.326
Chr7	14253661	snp	95	80	0.3737	0.2882	0.3684	0.075	-0.2934
Chr7	14277900	indel	154	110	0.3623	0.2805	0.5779	0.2727	-0.3052
Chr7	14292747	indel	126	79	0.3676	0.2788	0.4683	0.1772	-0.291
Chr7	14293094	snp	88	94	0.3677	0.2875	0.4886	0.1489	-0.3397
Chr7	14296953	snp	73	66	0.3977	0.3026	0.3973	0.0909	-0.3064
Chr7	14359034	snp	97	52	0.3858	0.3033	0.4948	0.1538	-0.341
Chr7	14388088	indel	45	58	0.4008	0.3123	0.5111	0.1897	-0.3215
Chr7	14496164	snp	26	27	0.4729	0.3604	0.5769	0.0741	-0.5028
Chr7	14498345	indel	54	53	0.4196	0.3113	0.5926	0.2264	-0.3662
Chr7	14506425	indel	64	38	0.4145	0.3191	0.5312	0.1316	-0.3997
Chr7	14507447	snp	69	56	0.4032	0.3072	0.4928	0.1786	-0.3142
Chr7	14507648	snp	61	66	0.4006	0.3085	0.5738	0.2576	-0.3162
Chr7	14509895	snp	61	66	0.4006	0.3085	0.6066	0.2576	-0.349
Chr7	14515086	snp	57	44	0.4083	0.3186	0.7193	0.3636	-0.3557
Chr7	14515267	indel	43	37	0.4318	0.3344	0.7442	0.4054	-0.3388
Chr7	14515504	snp	39	38	0.4265	0.3259	0.7436	0.3684	-0.3752
Chr7	14515710	indel	53	44	0.4181	0.3195	0.6981	0.3636	-0.3345
Chr7	14516000	indel	57	40	0.4241	0.3189	0.5088	0.125	-0.3838
Chr7	14516033	snp	73	64	0.3938	0.3022	0.4521	0.125	-0.3271
Chr7	14516411	indel	32	34	0.4577	0.3382	0.8438	0.5	-0.3438
Chr7	14849297	snp	91	63	0.3944	0.2979	0.5275	0.1587	-0.3687
Chr7	14849355	snp	82	70	0.385	0.2972	0.5732	0.1857	-0.3875
Chr7	14862397	snp	74	55	0.3936	0.3079	0.4189	0.1091	-0.3098
Chr7	14930292	snp	90	64	0.3757	0.2965	0.4222	0.1094	-0.3128
Chr7	14932086	snp	70	36	0.4222	0.3159	0.4286	0.1111	-0.3175
Chr7	14939727	snp	53	63	0.3986	0.3073	0.3962	0.0635	-0.3327
Chr7	14940128	snp	21	27	0.4921	0.381	0.8571	0.2963	-0.5608
Chr7	14940157	snp	38	44	0.4258	0.3313	0.5526	0.2045	-0.3481
Chr7	14940206	snp	59	62	0.3997	0.307	0.5424	0.2258	-0.3166
Chr7	14948187	indel	82	66	0.4013	0.3019	0.4268	0.0758	-0.3511
Chr7	15055668	indel	26	29	0.4629	0.3554	0.6538	0.2414	-0.4125
Chr7	15128369	snp	31	39	0.4467	0.3383	0.5484	0.2051	-0.3433
Chr7	15131173	snp	60	36	0.4278	0.3333	0.7	0.3333	-0.3667
Chr7	15131284	snp	50	31	0.4297	0.3297	0.64	0.2581	-0.3819
Chr7	15132161	snp	35	51	0.4364	0.3361	0.6857	0.2941	-0.3916
Chr7	15132680	snp	48	50	0.4092	0.3225	0.6875	0.26	-0.4275
Chr7	15136475	snp	49	33	0.4317	0.3302	0.6122	0.2727	-0.3395
Chr7	15141052	indel	30	30	0.4667	0.3667	0.8667	0.5	-0.3667
Chr7	15144291	indel	57	53	0.4012	0.3174	0.7719	0.3019	-0.47
Chr7	15144312	snp	61	49	0.4108	0.3128	0.7213	0.3673	-0.354
Chr7	15146173	indel	42	24	0.4405	0.3452	0.5238	0.125	-0.3988
Chr7	15149379	snp	73	48	0.4015	0.3034	0.6849	0.3542	-0.3308
Chr7	15154762	snp	48	28	0.4256	0.3363	0.625	0.1429	-0.4821
Chr7	15206977	snp	91	100	0.3774	0.2833	0.4176	0.12	-0.2976
Chr7	15286041	snp	50	49	0.4147	0.3135	0.62	0.2245	-0.3955
Chr7	15317803	snp	50	30	0.4467	0.34	0.86	0.5	-0.36
Chr7	15318688	snp	64	54	0.4126	0.3084	0.5625	0.1111	-0.4514
Chr7	15320509	snp	56	42	0.3988	0.3155	0.6071	0.2857	-0.3214
Chr7	15321812	snp	66	53	0.4025	0.3122	0.5606	0.2075	-0.3531
Chr7	15322178	snp	41	30	0.4472	0.3407	0.7073	0.3333	-0.374
Chr7	15322856	snp	62	41	0.4174	0.319	0.5645	0.1951	-0.3694
Chr7	15322948	snp	69	70	0.3965	0.3085	0.4493	0.1143	-0.335
Chr7	15325312	snp	97	89	0.3714	0.289	0.4124	0.1124	-0.3
Chr7	15325956	snp	49	41	0.4385	0.336	0.6531	0.3171	-0.336
Chr7	15326502	indel	59	46	0.4053	0.3084	0.6271	0.3043	-0.3228
Chr7	15327307	snp	55	29	0.4332	0.3348	0.6364	0.2069	-0.4295
Chr7	15328210	snp	59	33	0.4427	0.3313	0.6271	0.1212	-0.5059
Chr7	15328240	snp	71	42	0.4054	0.3156	0.5775	0.1667	-0.4108
Chr7	15336241	snp	37	45	0.4312	0.3327	0.7297	0.3556	-0.3742
Chr7	15336245	snp	32	45	0.434	0.3368	0.7188	0.3556	-0.3632
Chr7	15336351	snp	44	47	0.4309	0.3216	0.6591	0.2766	-0.3825
Chr7	15336433	snp	41	43	0.426	0.3284	0.8049	0.3488	-0.456
Chr7	15336480	snp	52	50	0.4138	0.3131	0.6923	0.32	-0.3723
Chr7	15364255	snp	55	33	0.4242	0.3333	0.7091	0.2727	-0.4364
Chr7	15369515	snp	70	81	0.3797	0.2926	0.5714	0.1852	-0.3862
Chr7	15375091	snp	42	36	0.4444	0.3333	0.6667	0.25	-0.4167
Chr7	15382784	snp	58	33	0.43	0.3307	0.3621	0.0303	-0.3318
Chr7	15384594	indel	46	43	0.4196	0.3266	0.6957	0.3256	-0.3701
Chr7	15384653	snp	45	39	0.4291	0.3265	0.6667	0.2821	-0.3846
Chr7	15386969	snp	52	40	0.4173	0.3212	0.6731	0.3	-0.3731
Chr7	15392123	snp	59	47	0.4053	0.3163	0.5085	0.1915	-0.317
Chr7	15398775	snp	115	92	0.3696	0.287	0.4609	0.1522	-0.3087
Chr7	15399060	snp	65	48	0.417	0.3093	0.6154	0.25	-0.3654
Chr7	15399092	snp	61	62	0.4146	0.316	0.5902	0.1774	-0.4127
Chr7	15400697	indel	80	75	0.3733	0.2917	0.4625	0.12	-0.3425
Chr7	15400899	snp	58	37	0.4147	0.3234	0.5345	0.1622	-0.3723
Chr7	15410314	snp	44	37	0.4441	0.3292	0.7273	0.3784	-0.3489
Chr7	15419085	snp	54	49	0.4161	0.3159	0.6296	0.2449	-0.3847
Chr7	15419142	snp	56	34	0.4097	0.3204	0.6429	0.2941	-0.3487
Chr7	15461702	snp	78	80	0.3798	0.2901	0.3974	0.0875	-0.3099
Chr7	15508835	snp	55	37	0.4113	0.3214	0.7818	0.4595	-0.3224
Chr7	15510629	snp	45	25	0.4578	0.3511	0.5778	0.2	-0.3778
Chr7	15510646	snp	46	24	0.4438	0.3406	0.6087	0.2083	-0.4004
Chr7	15511743	snp	48	39	0.4103	0.3189	0.625	0.2821	-0.3429
Chr7	15513549	snp	44	29	0.4514	0.348	0.75	0.3448	-0.4052
Chr7	15516835	indel	45	25	0.4578	0.3511	0.6222	0.24	-0.3822
Chr7	15526425	snp	76	80	0.3829	0.2941	0.4737	0.1125	-0.3612
Chr7	15533064	snp	37	23	0.4747	0.3608	0.7838	0.3478	-0.436
Chr7	15534396	snp	35	36	0.4365	0.3262	0.3714	0.0	-0.3714
Chr7	15534420	snp	19	23	0.5103	0.389	0.5263	0.0	-0.5263
Chr7	15536140	snp	54	36	0.4259	0.3241	0.7407	0.3889	-0.3519
Chr7	15536480	snp	54	67	0.3986	0.3054	0.5741	0.1642	-0.4099
Chr7	15543587	snp	73	81	0.3749	0.2982	0.3973	0.0864	-0.3108
Chr7	15547649	snp	92	52	0.3997	0.3052	0.4891	0.1346	-0.3545
Chr7	15592273	snp	52	39	0.4231	0.3205	0.8077	0.4103	-0.3974
Chr7	15592288	snp	56	43	0.412	0.314	0.75	0.3488	-0.4012
Chr7	15592396	snp	57	32	0.4265	0.3289	0.6842	0.2812	-0.403
Chr7	15596749	snp	41	17	0.4864	0.3845	0.6098	0.1765	-0.4333
Chr7	15754250	indel	115	80	0.3799	0.2973	0.5043	0.15	-0.3543
Chr7	15782264	indel	84	71	0.3882	0.2961	0.381	0.0845	-0.2964
Chr7	15869219	indel	90	49	0.405	0.3029	0.5111	0.0816	-0.4295
Chr7	15909086	snp	84	79	0.3867	0.2951	0.4524	0.1392	-0.3131
Chr7	15998189	snp	64	31	0.4315	0.3337	0.6562	0.2258	-0.4304
Chr7	16001073	indel	64	56	0.4152	0.3103	0.5625	0.1786	-0.3839
Chr7	16024558	indel	50	37	0.4249	0.3346	0.62	0.2432	-0.3768
Chr7	16140000	indel	30	16	0.4833	0.3875	0.5333	0.0625	-0.4708
Chr7	16140001	indel	29	15	0.5218	0.3908	0.9655	0.0	-0.9655
Chr7	16160433	snp	48	30	0.4292	0.3333	0.6667	0.2	-0.4667
Chr7	16160473	snp	53	45	0.4147	0.3182	0.6226	0.2444	-0.3782
Chr7	16161117	snp	61	38	0.4288	0.327	0.7213	0.1053	-0.616
Chr7	16165843	snp	52	29	0.4204	0.3322	0.5769	0.2069	-0.37
Chr7	16166569	snp	43	43	0.4186	0.3256	0.5116	0.186	-0.3256
Chr7	16168005	snp	65	37	0.4262	0.3181	0.5538	0.1892	-0.3647
Chr7	16178637	indel	82	60	0.3886	0.2976	0.4512	0.15	-0.3012
Chr7	16185701	snp	63	68	0.4066	0.3044	0.5238	0.2059	-0.3179
Chr7	16188523	snp	46	37	0.4313	0.3325	0.6522	0.2432	-0.4089
Chr7	16189466	snp	50	35	0.4171	0.3257	0.72	0.3429	-0.3771
Chr7	16191906	indel	62	57	0.4157	0.3147	0.629	0.2807	-0.3483
Chr7	16191907	snp	59	55	0.3895	0.3072	0.6441	0.2909	-0.3532
Chr7	16193929	indel	70	53	0.4022	0.3078	0.4429	0.0943	-0.3485
Chr7	16193997	snp	40	31	0.4419	0.3347	0.65	0.2258	-0.4242
Chr7	16194167	snp	63	61	0.389	0.306	0.4444	0.0984	-0.3461
Chr7	16195499	snp	24	19	0.4978	0.4013	0.75	0.3158	-0.4342
Chr7	16195987	snp	36	46	0.4396	0.3394	0.7778	0.3913	-0.3865
Chr7	16220371	indel	109	71	0.3805	0.2907	0.4587	0.1268	-0.332
Chr7	16232997	snp	28	18	0.5079	0.3968	0.8214	0.2222	-0.5992
Chr7	16236972	snp	64	61	0.397	0.2979	0.5156	0.1311	-0.3845
Chr7	16237772	snp	27	16	0.5046	0.3796	0.6667	0.1875	-0.4792
Chr7	16242445	indel	63	68	0.4066	0.3044	0.5873	0.2206	-0.3667
Chr7	16243142	indel	70	88	0.3731	0.2877	0.4714	0.1705	-0.301
Chr7	16243177	snp	64	69	0.3775	0.305	0.5156	0.2029	-0.3127
Chr7	16246088	snp	79	70	0.3861	0.2982	0.519	0.2	-0.319
Chr7	16246140	snp	54	38	0.424	0.3294	0.7407	0.3947	-0.346
Chr7	16259700	snp	44	35	0.4364	0.3331	0.75	0.3714	-0.3786
Chr7	16262014	snp	54	33	0.4226	0.3249	0.6111	0.1212	-0.4899
Chr7	16264578	snp	45	26	0.4359	0.3427	0.6889	0.1154	-0.5735
Chr7	16265379	snp	34	29	0.4503	0.3469	0.7941	0.3448	-0.4493
Chr7	16265380	snp	34	29	0.4503	0.3469	0.7941	0.3448	-0.4493
Chr7	16268143	indel	34	29	0.4503	0.3469	0.6765	0.3103	-0.3661
Chr7	16268710	snp	43	40	0.4244	0.3262	0.5581	0.225	-0.3331
Chr7	16273082	snp	54	53	0.4196	0.3113	0.6296	0.2453	-0.3843
Chr7	16285498	snp	70	53	0.4022	0.3078	0.5143	0.1698	-0.3445
Chr7	16311456	snp	32	22	0.4744	0.3665	0.5625	0.1364	-0.4261
Chr7	16311849	snp	39	32	0.4423	0.3429	0.6667	0.25	-0.4167
Chr7	16311850	snp	37	25	0.4638	0.3557	0.7027	0.28	-0.4227
Chr7	16311880	snp	47	51	0.4113	0.3179	0.5532	0.1765	-0.3767
Chr7	16318221	snp	35	38	0.4316	0.3391	0.6286	0.2105	-0.418
Chr7	16338430	snp	63	43	0.4227	0.3189	0.3492	0.0233	-0.326
Chr7	16365223	snp	50	38	0.4179	0.3189	0.66	0.2632	-0.3968
Chr7	16367536	snp	70	53	0.4022	0.3078	0.5	0.1887	-0.3113
Chr7	16380726	indel	88	94	0.3677	0.2875	0.4091	0.1064	-0.3027
Chr7	16390095	snp	43	29	0.4451	0.3416	0.7907	0.4138	-0.3769
Chr7	16390117	indel	48	42	0.4167	0.3155	0.75	0.3333	-0.4167
Chr7	16390433	snp	47	39	0.4157	0.3262	0.8085	0.3333	-0.4752
Chr7	16390441	snp	49	41	0.4385	0.336	0.8163	0.2927	-0.5236
Chr7	16391034	snp	36	27	0.463	0.3519	0.6944	0.2963	-0.3981
Chr7	16416816	snp	39	20	0.4692	0.3667	0.7692	0.4	-0.3692
Chr7	16416994	snp	39	34	0.4351	0.3394	0.5897	0.2059	-0.3839
Chr7	16456525	snp	47	29	0.4505	0.3412	0.7447	0.3448	-0.3999
Chr7	16456556	indel	54	40	0.4167	0.3306	0.6296	0.175	-0.4546
Chr7	16457913	snp	66	63	0.3997	0.3074	0.4697	0.1429	-0.3268
Chr7	16459032	snp	68	45	0.4092	0.3147	0.6471	0.3111	-0.3359
Chr7	16462598	snp	40	26	0.4462	0.35	0.625	0.2308	-0.3942
Chr7	16468094	snp	44	39	0.4225	0.3316	0.9091	0.5128	-0.3963
Chr7	16468108	snp	42	40	0.4155	0.3179	0.9048	0.475	-0.4298
Chr7	16468454	snp	87	63	0.3968	0.3027	0.5862	0.2222	-0.364
Chr7	16469266	snp	67	49	0.4237	0.3177	0.597	0.2449	-0.3521
Chr7	16469420	indel	57	44	0.4083	0.3186	0.6667	0.3409	-0.3258
Chr7	16469489	snp	40	33	0.4576	0.347	0.75	0.3636	-0.3864
Chr7	16469634	snp	93	83	0.3723	0.288	0.4409	0.1446	-0.2963
Chr7	16471470	snp	62	46	0.4208	0.3247	0.6774	0.2826	-0.3948
Chr7	16471716	snp	73	82	0.3846	0.2949	0.5205	0.1707	-0.3498
Chr7	16471784	snp	84	71	0.3882	0.2961	0.5119	0.2113	-0.3006
Chr7	16472151	snp	98	87	0.3747	0.2904	0.449	0.1379	-0.311
Chr7	16472329	snp	59	40	0.411	0.3119	0.661	0.225	-0.436
Chr7	16473144	snp	85	67	0.3956	0.2943	0.4235	0.0597	-0.3638
Chr7	16473216	indel	67	43	0.4176	0.3145	0.4478	0.1163	-0.3315
Chr7	16473530	snp	56	39	0.419	0.3205	0.7679	0.3333	-0.4345
Chr7	16473549	indel	59	53	0.4007	0.3099	0.6949	0.2453	-0.4496
Chr7	16474010	snp	72	55	0.4109	0.3106	0.5139	0.1636	-0.3503
Chr7	16474019	indel	76	62	0.3867	0.2992	0.5	0.1613	-0.3387
Chr7	16475488	indel	46	48	0.4058	0.317	0.6957	0.2917	-0.404
Chr7	16475495	snp	45	45	0.4222	0.3333	0.6444	0.2889	-0.3556
Chr7	16476404	indel	60	55	0.3955	0.3076	0.6	0.2364	-0.3636
Chr7	16477885	snp	62	56	0.3992	0.3059	0.5645	0.2321	-0.3324
Chr7	16478032	snp	58	28	0.4347	0.3362	0.7069	0.3571	-0.3498
Chr7	16478042	snp	52	28	0.4231	0.3324	0.7692	0.3214	-0.4478
Chr7	16478375	snp	53	34	0.4206	0.3246	0.8113	0.3235	-0.4878
Chr7	16479396	snp	54	28	0.4497	0.3452	0.7222	0.2857	-0.4365
Chr7	16480340	snp	50	34	0.4271	0.3365	0.74	0.3824	-0.3576
Chr7	16481200	snp	91	79	0.3868	0.3009	0.4396	0.1266	-0.313
Chr7	16483414	snp	64	46	0.4083	0.3118	0.5781	0.2391	-0.339
Chr7	16484629	snp	50	39	0.4292	0.3297	0.7	0.3333	-0.3667
Chr7	16485052	indel	40	37	0.4399	0.3277	0.8	0.4054	-0.3946
Chr7	16485373	snp	36	37	0.4279	0.3408	0.6944	0.3243	-0.3701
Chr7	16485377	snp	34	38	0.4427	0.3375	0.7059	0.2895	-0.4164
Chr7	16485383	indel	37	42	0.4247	0.3346	0.6757	0.2857	-0.39
Chr7	16485410	indel	37	49	0.4242	0.3227	0.6486	0.2653	-0.3833
Chr7	16486017	snp	44	50	0.4164	0.3164	0.7273	0.34	-0.3873
Chr7	16489140	snp	67	66	0.398	0.2942	0.5224	0.1667	-0.3557
Chr7	16489265	snp	54	52	0.4131	0.3212	0.6852	0.2308	-0.4544
Chr7	16489330	snp	52	50	0.4138	0.3131	0.5769	0.2	-0.3769
Chr7	16491353	snp	66	60	0.4	0.297	0.6061	0.2833	-0.3227
Chr7	16491380	snp	59	59	0.4068	0.3051	0.6441	0.1864	-0.4576
Chr7	16492359	snp	71	60	0.3939	0.2939	0.5352	0.2333	-0.3019
Chr7	16494668	snp	40	37	0.4399	0.3277	0.625	0.2703	-0.3547
Chr7	16495646	indel	42	37	0.4247	0.3346	0.8095	0.4595	-0.3501
Chr7	16514113	snp	41	41	0.4146	0.3171	0.5122	0.1463	-0.3659
Chr7	16558725	snp	43	37	0.4318	0.3344	0.5814	0.2162	-0.3652
Chr7	16571484	snp	42	36	0.4444	0.3333	0.6667	0.3333	-0.3333
Chr7	16601952	indel	90	50	0.3933	0.3022	0.4111	0.08	-0.3311
Chr7	16614435	snp	29	36	0.4607	0.3429	0.5172	0.1111	-0.4061
Chr7	16614438	indel	30	38	0.4368	0.3386	0.4333	0.0526	-0.3807
Chr7	16621675	snp	58	40	0.4207	0.3207	0.4828	0.15	-0.3328
Chr7	16621738	snp	81	73	0.3749	0.2982	0.4321	0.1096	-0.3225
Chr7	16640966	snp	68	55	0.4003	0.3094	0.4118	0.0909	-0.3209
Chr7	16641072	indel	62	60	0.3968	0.3086	0.4355	0.0833	-0.3522
Chr7	16642729	snp	101	66	0.3795	0.2993	0.4554	0.1515	-0.3039
Chr7	16675177	snp	67	34	0.4192	0.3187	0.4925	0.1176	-0.3749
Chr7	16699121	indel	110	105	0.3649	0.2831	0.4545	0.1143	-0.3403
Chr7	16701038	snp	67	70	0.4009	0.3119	0.4328	0.1143	-0.3186
Chr7	16701251	indel	76	69	0.3839	0.2969	0.4342	0.1304	-0.3038
Chr7	16705297	snp	43	38	0.4406	0.3293	0.7674	0.3684	-0.399
Chr7	16705298	snp	41	37	0.437	0.3316	0.8049	0.3514	-0.4535
Chr7	16705997	snp	43	41	0.426	0.3284	0.6279	0.2927	-0.3352
Chr7	16706073	snp	47	53	0.4095	0.3107	0.5745	0.2453	-0.3292
Chr7	16713470	snp	91	105	0.3758	0.2872	0.4725	0.1048	-0.3678
Chr7	16716423	snp	45	50	0.4133	0.3267	0.5556	0.18	-0.3756
Chr7	16716446	snp	34	34	0.4412	0.3529	0.6765	0.2941	-0.3824
Chr7	16718838	snp	64	82	0.3979	0.3045	0.4219	0.0976	-0.3243
Chr7	16721186	snp	40	36	0.45	0.3361	0.65	0.2222	-0.4278
Chr7	16806366	snp	51	30	0.4333	0.3333	0.8039	0.3333	-0.4706
Chr7	16806368	snp	52	33	0.4196	0.3287	0.7885	0.2727	-0.5157
Chr7	16807822	snp	55	37	0.4113	0.3214	0.4909	0.1351	-0.3558
Chr7	16828333	snp	42	42	0.4286	0.3095	0.5952	0.2619	-0.3333
Chr7	16836979	indel	81	76	0.3813	0.295	0.5062	0.1316	-0.3746
Chr7	16841220	snp	53	55	0.412	0.3136	0.6604	0.3091	-0.3513
Chr7	16841225	snp	50	55	0.4091	0.3164	0.66	0.2909	-0.3691
Chr7	16865133	indel	38	34	0.4427	0.3375	0.6842	0.2647	-0.4195
Chr7	16873309	indel	38	28	0.4361	0.3459	0.5263	0.1429	-0.3835
Chr7	16880308	snp	101	106	0.3605	0.2841	0.4356	0.1226	-0.313
Chr7	16883586	snp	41	45	0.4228	0.3274	0.7561	0.3556	-0.4005
Chr7	16884386	indel	25	15	0.52	0.4	0.92	0.4667	-0.4533
Chr7	16884393	snp	26	15	0.5026	0.3974	0.9231	0.4667	-0.4564
Chr7	16886031	snp	39	34	0.4351	0.3394	0.6923	0.3529	-0.3394
Chr7	16886040	snp	34	27	0.4608	0.3573	0.8529	0.4074	-0.4455
Chr7	16886214	snp	79	62	0.4036	0.2999	0.481	0.1613	-0.3197
Chr7	16894391	snp	87	90	0.3782	0.2912	0.5057	0.1	-0.4057
Chr7	16899345	snp	77	98	0.3794	0.2941	0.4805	0.1735	-0.3071
Chr7	16972804	snp	65	70	0.3923	0.3066	0.5538	0.2429	-0.311
Chr7	16975279	snp	61	44	0.3994	0.3148	0.5738	0.2273	-0.3465
Chr7	16979843	snp	43	45	0.4088	0.3178	0.7442	0.3556	-0.3886
Chr7	16979846	snp	42	44	0.4188	0.3247	0.7619	0.3636	-0.3983
Chr7	16980178	indel	44	38	0.4258	0.3313	0.9091	0.5526	-0.3565
Chr7	16982127	snp	45	37	0.4312	0.3327	0.7556	0.3243	-0.4312
Chr7	16982165	snp	39	22	0.4534	0.3601	0.8462	0.4545	-0.3916
Chr7	16982266	snp	67	69	0.3844	0.3067	0.5373	0.1159	-0.4214
Chr7	16982967	snp	66	62	0.3998	0.3128	0.5152	0.1935	-0.3216
Chr7	16983108	snp	61	45	0.416	0.3166	0.6066	0.2889	-0.3177
Chr7	16988148	snp	47	31	0.4345	0.3466	0.617	0.1935	-0.4235
Chr7	16988323	snp	56	34	0.4097	0.3204	0.4464	0.0882	-0.3582
Chr7	16989748	snp	42	17	0.4776	0.3711	0.8095	0.4118	-0.3978
Chr7	16991248	snp	49	50	0.4147	0.3135	0.6122	0.28	-0.3322
Chr7	16991565	snp	47	28	0.4316	0.3457	0.7234	0.3214	-0.402
Chr7	16991569	snp	47	28	0.4316	0.3457	0.7234	0.3571	-0.3663
Chr7	16991707	snp	50	27	0.4407	0.3407	0.68	0.2593	-0.4207
Chr7	16992038	snp	70	49	0.398	0.3122	0.6143	0.2653	-0.349
Chr7	17025042	snp	91	85	0.3754	0.2892	0.4176	0.0824	-0.3352
Chr7	17028948	snp	67	45	0.4043	0.3085	0.7164	0.4	-0.3164
Chr7	17029554	snp	62	44	0.4172	0.3204	0.6774	0.2955	-0.382
Chr7	17029585	indel	67	48	0.4129	0.3141	0.6567	0.25	-0.4067
Chr7	17030170	indel	71	38	0.4129	0.3217	0.6479	0.3158	-0.3321
Chr7	17036432	snp	68	37	0.4209	0.3152	0.5588	0.1892	-0.3696
Chr7	17039641	snp	52	40	0.4173	0.3212	0.5577	0.2	-0.3577
Chr7	17039909	indel	66	87	0.3762	0.2957	0.4545	0.1264	-0.3281
Chr7	17050401	snp	55	58	0.4016	0.3078	0.6727	0.2931	-0.3796
Chr7	17050459	snp	63	63	0.3968	0.3016	0.5873	0.2857	-0.3016
Chr7	17050636	snp	53	49	0.4109	0.3246	0.7736	0.3673	-0.4062
Chr7	17050699	snp	71	69	0.3874	0.2997	0.662	0.3043	-0.3576
Chr7	17053430	snp	58	27	0.433	0.3416	0.6552	0.1852	-0.47
Chr7	17053482	snp	73	48	0.4015	0.3034	0.4658	0.1042	-0.3616
Chr7	17055827	snp	101	87	0.3847	0.2888	0.4356	0.1379	-0.2977
Chr7	17058961	snp	31	20	0.4919	0.3806	0.871	0.3	-0.571
Chr7	17058978	snp	37	24	0.4696	0.3694	0.7568	0.25	-0.5068
Chr7	17061594	snp	75	54	0.3948	0.297	0.4933	0.1296	-0.3637
Chr7	17066263	snp	43	21	0.4396	0.3444	0.8372	0.4286	-0.4086
Chr7	17066793	snp	66	55	0.4091	0.3061	0.6818	0.3455	-0.3364
Chr7	17067396	snp	70	46	0.4174	0.3161	0.6714	0.2391	-0.4323
Chr7	17072399	snp	46	34	0.4169	0.3223	0.6522	0.2353	-0.4169
Chr7	17081867	snp	72	46	0.4094	0.3164	0.6667	0.3478	-0.3188
Chr7	17081999	snp	74	47	0.4126	0.3122	0.8243	0.4043	-0.4201
Chr7	17085152	snp	57	49	0.41	0.3165	0.6842	0.3673	-0.3169
Chr7	17085833	snp	50	55	0.4091	0.3164	0.66	0.2727	-0.3873
Chr7	17087700	snp	38	24	0.4496	0.3553	0.7632	0.2083	-0.5548
Chr7	17087825	snp	35	22	0.487	0.3623	0.8286	0.3636	-0.4649
Chr7	17089389	snp	44	34	0.4332	0.3316	0.5227	0.1471	-0.3757
Chr7	17089407	snp	40	28	0.4429	0.3393	0.525	0.1429	-0.3821
Chr7	17090681	indel	40	39	0.4423	0.341	0.85	0.4103	-0.4397
Chr7	17094474	snp	70	70	0.3857	0.3	0.5429	0.2286	-0.3143
Chr7	17094638	snp	46	34	0.4169	0.3223	0.8043	0.3529	-0.4514
Chr7	17094666	snp	46	37	0.4313	0.3325	0.8043	0.2703	-0.5341
Chr7	17096550	snp	81	64	0.3872	0.2957	0.4444	0.1406	-0.3038
Chr7	17097716	snp	38	41	0.4255	0.3331	0.7105	0.3659	-0.3447
Chr7	17100954	snp	80	62	0.3738	0.2931	0.475	0.1774	-0.2976
Chr7	17102079	snp	63	54	0.3889	0.3042	0.5714	0.1667	-0.4048
Chr7	17102749	snp	67	45	0.4043	0.3085	0.6716	0.2889	-0.3828
Chr7	17102760	indel	82	58	0.3907	0.3036	0.5976	0.2759	-0.3217
Chr7	17111689	indel	77	86	0.3798	0.2908	0.5844	0.2791	-0.3053
Chr7	17116001	indel	55	61	0.4048	0.3085	0.6364	0.3115	-0.3249
Chr7	17116026	snp	43	40	0.4244	0.3262	0.6977	0.35	-0.3477
Chr7	17116031	snp	42	44	0.4188	0.3247	0.6667	0.3409	-0.3258
Chr7	17126586	snp	31	26	0.4665	0.3573	0.9032	0.4231	-0.4801
Chr7	17130675	indel	63	49	0.415	0.3197	0.7143	0.3469	-0.3673
Chr7	17130678	snp	65	50	0.4046	0.3154	0.6769	0.32	-0.3569
Chr7	17134337	snp	61	54	0.3922	0.3139	0.5246	0.1296	-0.395
Chr7	17137896	snp	80	77	0.3773	0.2888	0.5125	0.1558	-0.3567
Chr7	17139312	snp	95	76	0.3816	0.2947	0.4	0.0789	-0.3211
Chr7	17139800	snp	35	39	0.4322	0.3385	0.4857	0.0513	-0.4344
Chr7	17142147	snp	47	27	0.4429	0.3483	0.766	0.3704	-0.3956
Chr7	17144085	snp	74	56	0.4044	0.3055	0.527	0.125	-0.402
Chr7	17146450	snp	55	38	0.4297	0.3225	0.7091	0.3684	-0.3407
Chr7	17146457	snp	52	39	0.4231	0.3205	0.7308	0.359	-0.3718
Chr7	17150537	snp	90	80	0.3778	0.2958	0.3889	0.0875	-0.3014
Chr7	17150924	snp	64	61	0.397	0.2979	0.4844	0.1311	-0.3532
Chr7	17150991	snp	67	77	0.3801	0.295	0.4925	0.1558	-0.3367
Chr7	17151343	snp	68	59	0.3893	0.3036	0.5441	0.2034	-0.3407
Chr7	17151607	snp	60	70	0.3905	0.3048	0.4833	0.1714	-0.3119
Chr7	17154331	snp	39	42	0.4267	0.3352	0.7179	0.381	-0.337
Chr7	17154399	snp	42	33	0.4351	0.3442	0.6905	0.3333	-0.3571
Chr7	17154487	snp	50	41	0.4229	0.3254	0.68	0.3171	-0.3629
Chr7	17154565	snp	46	37	0.4313	0.3325	0.8043	0.4595	-0.3449
Chr7	17157995	snp	67	51	0.3989	0.3102	0.4776	0.1569	-0.3207
Chr7	17164837	snp	69	38	0.4088	0.3127	0.6232	0.2895	-0.3337
Chr7	17175266	indel	132	93	0.3759	0.2859	0.4773	0.0968	-0.3805
Chr7	17186252	indel	76	103	0.377	0.2896	0.4605	0.1456	-0.3149
Chr7	17256761	snp	56	33	0.4167	0.322	0.5179	0.1818	-0.336
Chr7	17268277	indel	72	61	0.4005	0.301	0.3889	0.082	-0.3069
Chr7	17274428	snp	72	85	0.3863	0.2935	0.5417	0.2	-0.3417
Chr7	17274966	snp	74	37	0.4054	0.3243	0.5405	0.1892	-0.3514
Chr7	17277700	indel	66	72	0.3914	0.2955	0.4091	0.0694	-0.3396
Chr7	17301551	snp	74	37	0.4054	0.3243	0.5676	0.2432	-0.3243
Chr7	17485983	snp	70	63	0.3857	0.2984	0.4429	0.127	-0.3159
Chr7	17516574	snp	70	89	0.3966	0.2997	0.3429	0.0337	-0.3091
Chr7	17520715	indel	52	35	0.4247	0.3297	0.4615	0.0571	-0.4044
Chr7	17520746	snp	45	43	0.4088	0.3178	0.4667	0.1163	-0.3504
Chr7	17521908	indel	66	54	0.404	0.3098	0.4848	0.1667	-0.3182
Chr7	17522228	indel	77	49	0.3989	0.3043	0.5195	0.0408	-0.4787
Chr7	17522461	indel	82	98	0.3868	0.2927	0.4634	0.1122	-0.3512
Chr7	17525985	indel	84	72	0.3869	0.2996	0.4167	0.0833	-0.3333
Chr7	17534879	snp	102	84	0.3648	0.2829	0.3824	0.0833	-0.299
Chr7	17545117	snp	83	100	0.3808	0.2904	0.4337	0.08	-0.3537
Chr7	17557626	snp	98	118	0.3736	0.2887	0.4184	0.1102	-0.3082
Chr7	17592059	snp	91	101	0.3722	0.2888	0.4066	0.0792	-0.3274
Chr7	17649372	snp	45	27	0.4296	0.3333	0.5778	0.2222	-0.3556
Chr7	17668540	snp	83	75	0.3796	0.294	0.4217	0.1067	-0.315
Chr7	17688123	indel	50	69	0.3832	0.3067	0.48	0.1014	-0.3786
Chr7	17712680	snp	37	13	0.5218	0.395	0.8108	0.3077	-0.5031
Chr7	17712686	snp	35	12	0.5214	0.4071	0.8571	0.4167	-0.4405
Chr7	17712688	snp	39	16	0.4936	0.3766	0.7949	0.25	-0.5449
Chr7	17713169	snp	37	27	0.4535	0.3524	0.5135	0.0741	-0.4394
Chr7	17715380	indel	73	75	0.389	0.2972	0.5342	0.16	-0.3742
Chr7	17718078	snp	54	24	0.4537	0.3472	0.5926	0.125	-0.4676
Chr7	17718109	snp	41	27	0.4481	0.3505	0.6585	0.1852	-0.4734
Chr7	17719212	snp	51	39	0.4299	0.3228	0.6471	0.2564	-0.3906
Chr7	17719232	snp	41	40	0.4323	0.3335	0.7317	0.25	-0.4817
Chr7	17720842	snp	54	31	0.4229	0.3297	0.7407	0.2581	-0.4827
Chr7	17720930	indel	54	49	0.4161	0.3159	0.6852	0.3061	-0.3791
Chr7	17721860	snp	78	74	0.3822	0.2976	0.3974	0.0946	-0.3028
Chr7	17722083	snp	35	21	0.4762	0.3619	0.7429	0.3333	-0.4095
Chr7	17722551	snp	44	26	0.4493	0.3462	0.7045	0.3077	-0.3969
Chr7	17722612	snp	50	20	0.46	0.36	0.82	0.35	-0.47
Chr7	17722621	snp	50	24	0.4533	0.3467	0.78	0.2917	-0.4883
Chr7	17726378	snp	32	36	0.4479	0.3438	0.8125	0.3056	-0.5069
Chr7	17726384	snp	30	33	0.4606	0.3394	0.9	0.3333	-0.5667
Chr7	17726580	snp	65	52	0.4154	0.3154	0.6154	0.2115	-0.4038
Chr7	17726693	snp	74	64	0.3932	0.2998	0.6622	0.1406	-0.5215
Chr7	17728314	snp	89	76	0.3805	0.2929	0.427	0.1316	-0.2954
Chr7	17732016	snp	34	30	0.4471	0.3431	0.7647	0.4	-0.3647
Chr7	17733970	snp	70	52	0.4022	0.3071	0.4714	0.1154	-0.356
Chr7	17734042	snp	42	27	0.4444	0.3439	0.6429	0.2593	-0.3836
Chr7	17735993	snp	71	44	0.3979	0.3156	0.6197	0.25	-0.3697
Chr7	17736094	snp	61	39	0.4136	0.3203	0.6066	0.2051	-0.4014
Chr7	17739528	snp	44	30	0.4379	0.3379	0.6818	0.3333	-0.3485
Chr7	17740263	snp	51	36	0.4281	0.3333	0.7059	0.3333	-0.3725
Chr7	17740276	snp	50	33	0.4382	0.3267	0.68	0.2727	-0.4073
Chr7	17740434	snp	92	76	0.3781	0.2889	0.4348	0.1184	-0.3164
Chr7	17743830	snp	39	35	0.4322	0.3385	0.6154	0.1429	-0.4725
Chr7	17745169	snp	28	25	0.4871	0.3671	0.9286	0.52	-0.4086
Chr7	17746376	snp	52	39	0.4231	0.3205	0.8462	0.5128	-0.3333
Chr7	17747567	snp	63	45	0.4095	0.3143	0.5556	0.2222	-0.3333
Chr7	17747622	snp	63	43	0.4227	0.3189	0.5238	0.1628	-0.361
Chr7	17748380	snp	53	33	0.4368	0.331	0.5283	0.1818	-0.3465
Chr7	17749342	snp	46	34	0.4169	0.3223	0.6739	0.2647	-0.4092
Chr7	17750787	snp	51	47	0.4113	0.3179	0.5294	0.1915	-0.3379
Chr7	17752771	snp	38	18	0.4649	0.3596	0.6842	0.2778	-0.4064
Chr7	17752779	indel	33	19	0.4944	0.3732	0.8182	0.2632	-0.555
Chr7	17752790	indel	35	20	0.4857	0.3643	0.8	0.25	-0.55
Chr7	17753200	snp	45	34	0.4176	0.3294	0.6889	0.2941	-0.3948
Chr7	17755668	snp	39	22	0.4534	0.3601	0.6923	0.2727	-0.4196
Chr7	17759394	snp	49	31	0.424	0.3305	0.7551	0.3871	-0.368
Chr7	17759402	snp	52	33	0.4196	0.3287	0.6923	0.3636	-0.3287
Chr7	17760240	snp	66	53	0.4025	0.3122	0.5455	0.1509	-0.3945
Chr7	17762434	snp	63	58	0.4012	0.3046	0.619	0.2069	-0.4122
Chr7	17763176	snp	39	30	0.459	0.341	0.8462	0.4333	-0.4128
Chr7	17763192	indel	37	29	0.4539	0.3486	0.9459	0.4828	-0.4632
Chr7	17763355	snp	50	37	0.4249	0.3346	0.64	0.2162	-0.4238
Chr7	17764500	snp	58	44	0.3997	0.3143	0.569	0.25	-0.319
Chr7	17764664	snp	54	32	0.4306	0.3345	0.5926	0.25	-0.3426
Chr7	17772510	snp	34	27	0.4608	0.3573	0.7059	0.2963	-0.4096
Chr7	17772512	snp	35	26	0.4648	0.3505	0.7143	0.2692	-0.4451
Chr7	17772653	snp	19	16	0.5395	0.4046	0.8421	0.25	-0.5921
Chr7	17773362	snp	39	34	0.4351	0.3394	0.641	0.2941	-0.3469
Chr7	17773918	snp	53	65	0.4073	0.31	0.6038	0.2923	-0.3115
Chr7	17774527	snp	48	37	0.4234	0.3361	0.7708	0.4054	-0.3654
Chr7	17774566	snp	58	50	0.4014	0.3117	0.6724	0.3	-0.3724
Chr7	17776198	snp	28	53	0.4313	0.3329	0.5714	0.2075	-0.3639
Chr7	17776208	snp	30	40	0.45	0.3417	0.6333	0.25	-0.3833
Chr7	17776271	snp	53	56	0.3976	0.3063	0.5849	0.2321	-0.3528
Chr7	17777782	snp	50	39	0.4292	0.3297	0.62	0.2308	-0.3892
Chr7	17777787	snp	54	35	0.4196	0.3222	0.6111	0.2571	-0.354
Chr7	17777984	snp	71	68	0.3838	0.3065	0.4507	0.1324	-0.3184
Chr7	17778673	snp	50	45	0.4133	0.3267	0.74	0.3556	-0.3844
Chr7	17778696	snp	54	48	0.4028	0.3194	0.6481	0.3125	-0.3356
Chr7	17783411	snp	50	36	0.4222	0.3267	0.62	0.25	-0.37
Chr7	17783455	snp	42	19	0.4749	0.3747	0.8095	0.4211	-0.3885
Chr7	17783458	snp	43	18	0.4845	0.3734	0.7907	0.3889	-0.4018
Chr7	17784008	snp	27	42	0.4444	0.3439	0.7407	0.3333	-0.4074
Chr7	17784015	indel	23	30	0.4754	0.3725	1.0	0.4333	-0.5667
Chr7	17784029	indel	29	46	0.4453	0.3381	0.7586	0.2826	-0.476
Chr7	17784067	snp	38	30	0.4368	0.3386	0.8421	0.4	-0.4421
Chr7	17784591	indel	41	30	0.4472	0.3407	0.6829	0.3333	-0.3496
Chr7	17784626	snp	41	26	0.4484	0.3443	0.7317	0.2692	-0.4625
Chr7	17784629	snp	41	26	0.4484	0.3443	0.7317	0.3462	-0.3856
Chr7	17785089	snp	53	32	0.4163	0.3284	0.6415	0.3125	-0.329
Chr7	17785103	snp	57	41	0.4129	0.3145	0.5965	0.2439	-0.3526
Chr7	17785119	indel	61	40	0.4152	0.3152	0.5902	0.275	-0.3152
Chr7	17786545	snp	44	23	0.4585	0.3528	0.7273	0.3043	-0.4229
Chr7	17787104	snp	56	60	0.4024	0.3083	0.5357	0.2	-0.3357
Chr7	17787180	snp	51	24	0.4387	0.3554	0.6471	0.2917	-0.3554
Chr7	17787192	snp	53	27	0.4396	0.3445	0.6226	0.2222	-0.4004
Chr7	17787955	snp	77	64	0.389	0.3054	0.5065	0.1719	-0.3346
Chr7	17788007	snp	66	45	0.4091	0.3121	0.5303	0.1556	-0.3747
Chr7	17790205	snp	53	38	0.4161	0.3217	0.7547	0.3947	-0.36
Chr7	17790258	snp	55	39	0.4089	0.3179	0.7273	0.3333	-0.3939
Chr7	17790295	indel	47	38	0.4351	0.3337	0.7447	0.2368	-0.5078
Chr7	17790700	snp	63	39	0.4127	0.3211	0.4921	0.1026	-0.3895
Chr7	17790758	snp	48	22	0.4602	0.3523	0.6667	0.0909	-0.5758
Chr7	17790797	snp	63	29	0.4226	0.3246	0.5079	0.1034	-0.4045
Chr7	17791617	snp	55	51	0.3954	0.3184	0.5455	0.2157	-0.3298
Chr7	17793181	snp	71	37	0.4233	0.319	0.493	0.1351	-0.3578
Chr7	17795054	snp	57	49	0.41	0.3165	0.614	0.2857	-0.3283
Chr7	17799428	indel	53	32	0.4163	0.3284	0.6604	0.3125	-0.3479
Chr7	17800566	snp	87	74	0.3835	0.2957	0.4138	0.1081	-0.3057
Chr7	17804883	snp	47	29	0.4505	0.3412	0.766	0.3448	-0.4211
Chr7	17804941	indel	56	26	0.4396	0.3379	0.6071	0.1538	-0.4533
Chr7	17804951	snp	50	21	0.4543	0.3619	0.66	0.1905	-0.4695
Chr7	17805192	snp	35	28	0.4571	0.3429	0.8	0.3214	-0.4786
Chr7	17805464	snp	43	51	0.4181	0.3288	0.6512	0.3137	-0.3374
Chr7	17806450	snp	64	59	0.3994	0.3096	0.5625	0.2203	-0.3422
Chr7	17807182	snp	53	53	0.3962	0.3208	0.5094	0.1698	-0.3396
Chr7	17810075	indel	25	32	0.4562	0.3588	0.8	0.2812	-0.5188
Chr7	17814515	indel	25	18	0.4978	0.3867	0.84	0.2778	-0.5622
Chr7	17814520	snp	25	17	0.5247	0.4047	0.8	0.2941	-0.5059
Chr7	17815065	snp	34	22	0.4759	0.361	0.6765	0.2727	-0.4037
Chr7	17816149	indel	59	56	0.3977	0.3057	0.5424	0.2321	-0.3102
Chr7	17817064	snp	59	46	0.4053	0.3084	0.6271	0.2826	-0.3445
Chr7	17818893	snp	49	33	0.4317	0.3302	0.5918	0.0909	-0.5009
Chr7	17818925	indel	67	60	0.3953	0.3005	0.4179	0.1167	-0.3012
Chr7	17819840	snp	36	36	0.4167	0.3333	0.6667	0.2778	-0.3889
Chr7	17820025	snp	73	53	0.4086	0.306	0.589	0.2453	-0.3438
Chr7	17820510	snp	52	36	0.4209	0.3291	0.7692	0.3611	-0.4081
Chr7	17827378	snp	95	78	0.3628	0.2864	0.3789	0.0897	-0.2892
Chr7	17829346	snp	55	53	0.412	0.3136	0.6182	0.2453	-0.3729
Chr7	17851158	snp	104	67	0.3839	0.2913	0.4423	0.1045	-0.3378
Chr7	17867323	snp	46	51	0.4211	0.3231	0.587	0.2549	-0.3321
Chr7	17867356	indel	62	61	0.4146	0.316	0.5484	0.2295	-0.3189
Chr7	17909295	snp	53	40	0.4108	0.3288	0.7547	0.35	-0.4047
Chr7	17909298	snp	59	44	0.4102	0.3147	0.6949	0.3636	-0.3313
Chr7	17911604	indel	83	69	0.3993	0.3005	0.4458	0.1159	-0.3298
Chr7	17912801	snp	48	24	0.4375	0.3333	0.6667	0.3333	-0.3333
Chr7	17920686	snp	73	79	0.3865	0.2956	0.3836	0.0759	-0.3076
Chr7	17925787	snp	57	35	0.414	0.3173	0.7895	0.3714	-0.418
Chr7	17928078	snp	52	27	0.448	0.3383	0.6731	0.3333	-0.3397
Chr7	17928161	snp	70	63	0.3857	0.2984	0.5857	0.254	-0.3317
Chr7	17931176	indel	66	50	0.3879	0.3073	0.6061	0.16	-0.4461
Chr7	17931228	snp	32	36	0.4479	0.3438	0.7812	0.3056	-0.4757
Chr7	17934229	snp	63	33	0.4214	0.3319	0.5556	0.1818	-0.3737
Chr7	17934689	snp	25	16	0.51	0.395	0.68	0.25	-0.43
Chr7	17944217	snp	111	71	0.3783	0.2859	0.4414	0.0704	-0.371
Chr7	17955352	snp	86	75	0.3839	0.2915	0.3721	0.0667	-0.3054
Chr7	17956326	snp	51	32	0.4167	0.3382	0.7059	0.2812	-0.4246
Chr7	17956392	snp	72	45	0.4139	0.3167	0.5139	0.1333	-0.3806
Chr7	17958511	snp	97	94	0.3829	0.2928	0.433	0.1383	-0.2947
Chr7	17960657	snp	30	24	0.4667	0.3667	0.8	0.25	-0.55
Chr7	17961260	snp	25	24	0.4717	0.3833	0.56	0.1667	-0.3933
Chr7	17961426	snp	31	26	0.4665	0.3573	0.8387	0.3077	-0.531
Chr7	17966956	snp	59	60	0.4099	0.3102	0.4576	0.1333	-0.3243
Chr7	17970068	snp	70	44	0.4065	0.3136	0.4571	0.1136	-0.3435
Chr7	17970111	snp	55	38	0.4297	0.3225	0.4727	0.1316	-0.3411
Chr7	17977691	snp	61	39	0.4136	0.3203	0.5902	0.2308	-0.3594
Chr7	17979924	snp	39	48	0.4103	0.3189	0.4615	0.1042	-0.3574
Chr7	17983542	indel	55	59	0.3895	0.3072	0.6182	0.2881	-0.33
Chr7	17983566	indel	52	56	0.408	0.3077	0.6538	0.3393	-0.3146
Chr7	17984102	snp	61	37	0.4289	0.3217	0.623	0.2973	-0.3257
Chr7	17988616	indel	75	44	0.4112	0.3139	0.4667	0.0455	-0.4212
Chr7	18097819	snp	47	59	0.4053	0.3163	0.6809	0.2712	-0.4097
Chr7	18101827	snp	64	52	0.399	0.3077	0.5	0.1154	-0.3846
Chr7	18108749	snp	49	30	0.4476	0.3327	0.6327	0.3	-0.3327
Chr7	18111438	snp	34	30	0.4471	0.3431	0.7647	0.3333	-0.4314
Chr7	18114074	snp	47	22	0.472	0.3598	0.7872	0.3182	-0.4691
Chr7	18115594	snp	40	30	0.45	0.3417	0.8	0.3333	-0.4667
Chr7	18115607	indel	43	32	0.4477	0.3459	0.7907	0.3438	-0.4469
Chr7	18116352	snp	62	57	0.4157	0.3147	0.6129	0.2982	-0.3147
Chr7	18116440	indel	55	56	0.4058	0.3146	0.6545	0.3036	-0.351
Chr7	18134742	snp	105	103	0.3752	0.2807	0.4571	0.1748	-0.2824
Chr7	18864508	snp	49	41	0.4385	0.336	0.7755	0.439	-0.3365
Chr7	19076409	indel	30	27	0.4704	0.363	0.7	0.3333	-0.3667
Chr7	19083887	snp	37	39	0.4435	0.3423	0.8919	0.4872	-0.4047
Chr7	19121230	indel	30	11	0.5424	0.4273	0.9667	0.0	-0.9667
Chr7	19228098	indel	40	36	0.45	0.3361	0.325	0.6667	0.3417
Chr7	19309732	snp	55	36	0.4111	0.3222	0.7455	0.3889	-0.3566
Chr7	19411143	snp	64	44	0.4162	0.3168	0.5469	0.2273	-0.3196
Chr7	19413729	snp	62	40	0.4185	0.3242	0.7419	0.375	-0.3669
Chr7	19693194	snp	27	38	0.4513	0.345	0.7778	0.4211	-0.3567
Chr7	19755385	indel	98	88	0.3813	0.2894	0.3061	0.6136	0.3075
Chr7	19900060	snp	42	42	0.4286	0.3095	0.8571	0.5	-0.3571
Chr7	19906097	indel	58	55	0.4016	0.3078	0.5862	0.2545	-0.3317
Chr7	19974852	snp	62	22	0.4399	0.3372	0.629	0.2727	-0.3563
Chr7	20252504	indel	13	28	0.5137	0.4121	0.2308	0.8214	0.5907
Chr7	20602299	snp	29	29	0.4828	0.3448	0.7931	0.4138	-0.3793
Chr7	20612072	snp	36	47	0.4196	0.3245	0.7778	0.4255	-0.3522
Chr7	20922983	indel	89	55	0.3843	0.3019	0.2921	0.6545	0.3624
Chr7	20936871	indel	62	56	0.3992	0.3059	0.629	0.2857	-0.3433
Chr7	20988751	indel	39	15	0.4923	0.3897	0.7949	0.3333	-0.4615
Chr7	21084206	indel	32	71	0.4322	0.3323	0.0625	0.4225	0.36
Chr7	21762498	indel	84	75	0.3762	0.2929	0.3333	0.64	0.3067
Chr7	21926791	indel	66	48	0.4148	0.3144	0.4091	0.75	0.3409
Chr7	22034409	indel	25	24	0.4717	0.3833	0.68	0.2917	-0.3883
Chr7	22499946	snp	75	81	0.3857	0.2943	0.3333	0.6667	0.3333
Chr7	22552405	snp	92	51	0.3992	0.3061	0.337	0.6863	0.3493
Chr7	22683400	indel	41	38	0.4255	0.3331	0.439	0.7895	0.3504
Chr7	22728903	indel	54	55	0.4125	0.3047	0.4815	0.8182	0.3367
Chr7	22886619	snp	74	69	0.3848	0.2971	0.2162	0.5652	0.349
Chr7	23226986	indel	68	49	0.4031	0.3163	0.5588	0.8776	0.3187
Chr7	23348958	snp	35	19	0.4842	0.3789	0.4286	0.8421	0.4135
