CHROM	POSI	variant	bulk1	bulk2	p99	p95	b1_SNPi	b2_SNPi	delta_SNPindex
Chr0	1814135	snp	81	79	0.3872	0.2996	0.4321	0.8228	0.3907
Chr0	2884238	snp	51	43	0.4181	0.3288	0.7255	0.2558	-0.4697
Chr0	3033414	snp	77	73	0.3905	0.2925	0.7273	0.3288	-0.3985
Chr0	3050172	snp	86	52	0.386	0.3014	0.6279	0.2308	-0.3971
Chr0	3262128	snp	68	37	0.4209	0.3152	0.6471	0.1892	-0.4579
Chr0	3338765	snp	81	53	0.4069	0.3024	0.6543	0.2264	-0.4279
Chr0	3375100	snp	62	38	0.4244	0.3192	0.7258	0.2632	-0.4626
Chr0	3383824	snp	72	47	0.4113	0.3197	0.7361	0.3191	-0.417
Chr0	3455251	snp	87	65	0.3901	0.305	0.6322	0.1846	-0.4476
Chr0	3477777	snp	56	34	0.4097	0.3204	0.8036	0.3824	-0.4212
Chr0	3512726	snp	73	38	0.407	0.3154	0.7534	0.3421	-0.4113
Chr0	3525864	snp	86	29	0.4214	0.3288	0.7442	0.2759	-0.4683
Chr0	3658394	snp	76	83	0.3776	0.2953	0.6184	0.2289	-0.3895
Chr0	3835255	snp	81	68	0.3778	0.299	0.679	0.2941	-0.3849
Chr0	3845057	snp	85	72	0.3863	0.2935	0.6	0.1944	-0.4056
Chr0	3857915	snp	92	83	0.368	0.2881	0.5761	0.1807	-0.3954
Chr0	4392523	snp	48	41	0.4162	0.3216	0.7083	0.2683	-0.44
Chr0	5446813	snp	98	62	0.3789	0.2923	0.6633	0.2097	-0.4536
Chr0	5514232	snp	70	58	0.3808	0.3059	0.6857	0.2586	-0.4271
Chr0	5514724	snp	61	40	0.4152	0.3152	0.7705	0.275	-0.4955
Chr0	6604734	snp	84	101	0.3635	0.2867	0.631	0.2475	-0.3834
Chr0	6631287	snp	40	17	0.4824	0.3809	0.925	0.4118	-0.5132
Chr0	6649098	indel	101	73	0.3841	0.2958	0.703	0.3151	-0.3879
Chr0	6663192	snp	83	82	0.3823	0.2864	0.6988	0.3049	-0.3939
Chr0	6666504	snp	116	122	0.3664	0.2777	0.8362	0.4262	-0.41
Chr0	8957522	snp	84	71	0.3882	0.2961	0.5595	0.1549	-0.4046
Chr0	9077015	snp	69	61	0.4018	0.3022	0.4928	0.082	-0.4108
Chr0	9886206	snp	87	54	0.3902	0.3052	0.7011	0.2037	-0.4974
Chr0	10119132	snp	42	14	0.5	0.381	0.6429	0.1429	-0.5
Chr0	10941540	snp	111	135	0.3682	0.2841	0.5946	0.2	-0.3946
Chr0	13044306	snp	77	46	0.393	0.3058	0.7403	0.2391	-0.5011
Chr0	13714690	snp	65	60	0.3949	0.3038	0.6615	0.2667	-0.3949
Chr0	13718610	snp	74	91	0.3891	0.292	0.6892	0.2418	-0.4474
Chr0	14351974	snp	91	51	0.4092	0.3032	0.7143	0.2549	-0.4594
Chr0	14355035	snp	74	58	0.3798	0.3001	0.7568	0.2759	-0.4809
Chr0	14364673	indel	95	79	0.3719	0.2879	0.6632	0.2532	-0.41
Chr0	14364765	snp	84	56	0.3929	0.2976	0.75	0.3393	-0.4107
Chr0	14368007	snp	97	101	0.3644	0.2856	0.6701	0.297	-0.3731
Chr0	14377679	snp	90	89	0.3747	0.2959	0.6444	0.2584	-0.386
Chr0	15261009	snp	72	66	0.3914	0.2955	0.5417	0.1364	-0.4053
Chr0	15421998	snp	65	60	0.3949	0.3038	0.6154	0.2167	-0.3987
Chr0	15424877	snp	76	69	0.3839	0.2969	0.7105	0.3188	-0.3917
Chr0	17375528	snp	70	58	0.3808	0.3059	0.7429	0.3621	-0.3808
Chr0	17378335	snp	88	75	0.3791	0.2971	0.7273	0.2267	-0.5006
Chr0	17379122	snp	78	86	0.3739	0.2841	0.6538	0.2791	-0.3748
Chr0	17381461	snp	101	71	0.3874	0.2926	0.5644	0.169	-0.3953
Chr0	17384180	snp	78	103	0.3879	0.2946	0.7564	0.3398	-0.4166
Chr0	17403101	snp	92	72	0.3883	0.2953	0.6196	0.1667	-0.4529
Chr0	17409308	indel	13	24	0.5481	0.4135	0.0769	1.0	0.9231
Chr0	17930332	snp	36	35	0.4365	0.3262	0.8056	0.3143	-0.4913
Chr0	18837398	snp	76	63	0.3849	0.3028	0.7105	0.3016	-0.4089
Chr0	18919851	snp	35	15	0.4952	0.3905	0.5143	0.0	-0.5143
Chr0	19066004	snp	58	42	0.4253	0.3309	0.6724	0.2381	-0.4343
Chr0	19959078	snp	38	31	0.4406	0.3472	0.7895	0.2581	-0.5314
Chr0	20355665	snp	61	42	0.4028	0.3134	0.5738	0.1429	-0.4309
Chr0	20771005	snp	82	58	0.3907	0.3036	0.5976	0.1897	-0.4079
Chr0	22179047	snp	42	48	0.4167	0.3155	0.7381	0.25	-0.4881
Chr0	22323750	snp	81	51	0.4038	0.3137	0.7037	0.2941	-0.4096
Chr0	22655473	snp	86	82	0.3721	0.2842	0.6628	0.2195	-0.4433
Chr0	22753018	indel	11	18	0.5606	0.4444	0.7273	0.0556	-0.6717
Chr0	22895617	snp	105	77	0.3844	0.2944	0.6381	0.1948	-0.4433
Chr0	23900486	snp	53	43	0.4103	0.3247	0.8302	0.3721	-0.4581
Chr0	25674472	indel	29	42	0.4384	0.335	0.8276	0.2619	-0.5657
Chr0	26664438	snp	200	176	0.3545	0.2691	0.71	0.3409	-0.3691
Chr0	27078076	snp	8	8	0.625	0.5	0.75	0.125	-0.625
Chr1	1131904	indel	18	18	0.5556	0.3889	0.0	0.7778	0.7778
Chr1	1601049	indel	62	27	0.4277	0.3327	0.4677	0.0	-0.4677
Chr1	3124962	indel	9	19	0.6199	0.462	0.7778	0.0526	-0.7251
Chr1	4119465	indel	22	9	0.6162	0.4596	0.6364	0.0	-0.6364
Chr1	6628634	snp	65	49	0.3959	0.3039	0.6	0.2041	-0.3959
Chr1	6863106	indel	49	48	0.4026	0.3197	0.1837	0.625	0.4413
Chr1	7664744	indel	52	45	0.4021	0.3115	0.9615	0.4444	-0.5171
Chr1	7888364	snp	51	39	0.4299	0.3228	0.1176	0.5897	0.4721
Chr1	7902628	snp	48	47	0.4136	0.3223	0.1458	0.5957	0.4499
Chr1	8065865	snp	57	26	0.4393	0.3414	0.0351	0.5769	0.5418
Chr1	9774758	indel	30	24	0.4667	0.3667	0.4667	0.0	-0.4667
Chr1	9788712	snp	10	22	0.5727	0.4455	0.7	0.0909	-0.6091
Chr1	9833520	snp	87	76	0.3852	0.2999	0.5747	0.1842	-0.3905
Chr1	10210244	snp	56	49	0.4107	0.3163	0.6607	0.2041	-0.4566
Chr1	11152467	indel	79	68	0.3833	0.2943	0.6203	0.2206	-0.3997
Chr1	13036135	snp	80	49	0.4018	0.3089	0.625	0.2041	-0.4209
Chr1	13046500	snp	53	41	0.4188	0.3267	0.6981	0.2683	-0.4298
Chr1	13663198	snp	31	27	0.4636	0.3584	0.6129	0.1481	-0.4648
Chr1	14847933	indel	15	20	0.5333	0.4167	0.2667	0.85	0.5833
Chr1	14861772	snp	90	57	0.3842	0.3064	0.7333	0.3333	-0.4
Chr1	16652058	snp	35	33	0.4416	0.3472	0.6857	0.1515	-0.5342
Chr1	16682911	snp	34	26	0.457	0.3507	0.8824	0.3077	-0.5747
Chr1	17565091	indel	21	16	0.5149	0.4048	0.8095	0.0	-0.8095
Chr1	17857053	indel	15	10	0.5667	0.4667	1.0	0.0	-1.0
Chr1	17883493	indel	25	50	0.44	0.34	1.0	0.32	-0.68
Chr1	17979520	indel	27	17	0.5054	0.3943	0.7778	0.1765	-0.6013
Chr1	18109604	snp	34	26	0.457	0.3507	0.6471	0.1154	-0.5317
Chr1	21325839	indel	22	13	0.542	0.4231	0.9091	0.3077	-0.6014
Chr1	21364009	indel	21	17	0.5266	0.4062	0.9524	0.1176	-0.8347
Chr1	21945727	snp	52	32	0.4303	0.3293	0.8077	0.375	-0.4327
Chr1	23031811	snp	49	33	0.4317	0.3302	0.8571	0.3939	-0.4632
Chr1	23069242	indel	31	25	0.4774	0.3652	1.0	0.44	-0.56
Chr1	24987282	indel	52	24	0.4423	0.3429	0.75	0.2083	-0.5417
Chr1	25078204	snp	45	24	0.4528	0.3417	0.7111	0.2083	-0.5028
Chr1	25332111	snp	62	38	0.4244	0.3192	0.629	0.1316	-0.4975
Chr1	26250927	snp	69	69	0.3768	0.2899	0.5362	0.1449	-0.3913
Chr1	26452685	indel	38	35	0.4316	0.3391	0.8947	0.4286	-0.4662
Chr1	29206466	snp	29	17	0.4888	0.3854	0.6207	0.1176	-0.503
Chr2	921196	indel	12	18	0.5556	0.4444	0.0	0.7778	0.7778
Chr2	945147	snp	52	39	0.4231	0.3205	0.2692	0.6923	0.4231
Chr2	2465965	indel	12	19	0.5614	0.4342	0.8333	0.2632	-0.5702
Chr2	2907555	snp	28	12	0.5238	0.4167	0.6071	0.0833	-0.5238
Chr2	3423918	snp	76	66	0.3892	0.2994	0.75	0.3485	-0.4015
Chr2	3455998	snp	39	33	0.4242	0.3333	0.9231	0.4848	-0.4382
Chr2	3470755	snp	59	39	0.4216	0.3272	0.7966	0.3333	-0.4633
Chr2	3559922	indel	30	57	0.4351	0.3333	1.0	0.5439	-0.4561
Chr2	3823726	snp	61	41	0.4042	0.3147	0.6066	0.1951	-0.4114
Chr2	3924471	snp	39	35	0.4322	0.3385	0.6923	0.2571	-0.4352
Chr2	3959898	snp	35	39	0.4322	0.3385	0.7429	0.3077	-0.4352
Chr2	3963218	snp	11	23	0.5573	0.4269	0.8182	0.2609	-0.5573
Chr2	3963230	snp	8	23	0.6087	0.4783	0.875	0.2609	-0.6141
Chr2	4006351	snp	10	20	0.6	0.45	0.8	0.1	-0.7
Chr2	4020650	snp	59	41	0.4117	0.3154	0.661	0.1951	-0.4659
Chr2	4020725	snp	53	35	0.4216	0.3186	0.6415	0.1429	-0.4987
Chr2	4171686	indel	31	15	0.5097	0.4065	1.0	0.0667	-0.9333
Chr2	4201377	snp	65	63	0.3927	0.3028	0.6769	0.2698	-0.4071
Chr2	4333417	snp	86	83	0.3853	0.291	0.6163	0.2289	-0.3874
Chr2	4365703	indel	95	90	0.383	0.2947	0.7158	0.3111	-0.4047
Chr2	4365712	indel	90	91	0.3698	0.2921	0.6778	0.3077	-0.3701
Chr2	4395902	indel	41	62	0.4174	0.319	0.9756	0.5161	-0.4595
Chr2	4407476	snp	24	27	0.4722	0.3704	0.75	0.2593	-0.4907
Chr2	4505582	snp	94	95	0.3754	0.291	0.6596	0.2842	-0.3754
Chr2	4508180	snp	89	72	0.3851	0.2998	0.6292	0.2361	-0.3931
Chr2	4966261	indel	85	79	0.3912	0.2998	0.5176	0.1139	-0.4037
Chr2	4981591	snp	64	42	0.4107	0.3177	0.625	0.1667	-0.4583
Chr2	5072341	snp	73	57	0.4004	0.3028	0.7534	0.3333	-0.4201
Chr2	5136351	snp	68	33	0.4131	0.3266	0.6765	0.1818	-0.4947
Chr2	5136364	indel	73	38	0.407	0.3154	0.6712	0.1579	-0.5133
Chr2	5142436	snp	75	55	0.3976	0.297	0.6933	0.2182	-0.4752
Chr2	5142560	snp	65	62	0.3975	0.306	0.7077	0.2903	-0.4174
Chr2	5251368	indel	54	70	0.3968	0.3053	0.8704	0.4714	-0.3989
Chr2	5329732	snp	78	86	0.3739	0.2841	0.7308	0.3488	-0.3819
Chr2	5336104	snp	86	76	0.3788	0.2959	0.6512	0.2368	-0.4143
Chr2	5499216	snp	71	52	0.3952	0.3044	0.662	0.25	-0.412
Chr2	5512904	snp	53	34	0.4206	0.3246	0.8679	0.4412	-0.4267
Chr2	5573097	snp	23	23	0.4783	0.3913	0.6522	0.1739	-0.4783
Chr2	5621903	snp	76	58	0.3911	0.3008	0.5658	0.1552	-0.4106
Chr2	5726444	indel	56	56	0.4107	0.3214	0.7321	0.2679	-0.4643
Chr2	5727272	indel	55	43	0.4097	0.3239	0.6	0.1628	-0.4372
Chr2	5762800	snp	105	105	0.3714	0.2952	0.581	0.181	-0.4
Chr2	5810990	indel	34	28	0.4622	0.3487	0.6765	0.1786	-0.4979
Chr2	5810999	snp	35	28	0.4571	0.3429	0.7143	0.2143	-0.5
Chr2	5828409	snp	30	31	0.4441	0.3452	0.8333	0.2581	-0.5753
Chr2	5844386	indel	48	18	0.4653	0.3611	0.5833	0.0556	-0.5278
Chr2	5845821	snp	35	43	0.4405	0.3389	0.7714	0.3256	-0.4458
Chr2	5921035	indel	42	34	0.437	0.3361	0.7619	0.2941	-0.4678
Chr2	6014110	indel	70	71	0.3893	0.3034	0.6857	0.2535	-0.4322
Chr2	6075526	snp	87	61	0.3865	0.3041	0.6552	0.2623	-0.3929
Chr2	6084577	indel	105	94	0.3626	0.2831	0.6571	0.266	-0.3912
Chr2	6092107	snp	61	51	0.3941	0.3124	0.8033	0.3922	-0.4111
Chr2	6265250	indel	92	91	0.3653	0.2787	0.7065	0.2088	-0.4977
Chr2	6297707	snp	71	63	0.3921	0.2987	0.7606	0.3651	-0.3955
Chr2	6297788	indel	96	72	0.3889	0.2986	0.6354	0.2083	-0.4271
Chr2	6351086	indel	79	90	0.3774	0.29	0.7089	0.3	-0.4089
Chr2	6372084	indel	95	72	0.3917	0.302	0.6	0.2083	-0.3917
Chr2	6390999	snp	86	63	0.3834	0.2977	0.7326	0.3333	-0.3992
Chr2	6393397	snp	58	57	0.3911	0.3043	0.8103	0.4035	-0.4068
Chr2	6401940	snp	61	42	0.4028	0.3134	0.8689	0.4286	-0.4403
Chr2	6410915	snp	87	83	0.3736	0.2915	0.7356	0.3012	-0.4344
Chr2	6431466	snp	91	68	0.4093	0.3025	0.6374	0.1912	-0.4462
Chr2	6439229	snp	78	40	0.4083	0.3173	0.7692	0.325	-0.4442
Chr2	6472511	snp	18	11	0.5606	0.4444	0.7778	0.0909	-0.6869
Chr2	6472513	snp	18	10	0.5889	0.4667	0.7222	0.1	-0.6222
Chr2	6493617	indel	77	59	0.4041	0.3024	0.8182	0.4068	-0.4114
Chr2	6523890	snp	59	52	0.4188	0.3126	0.9322	0.3846	-0.5476
Chr2	6603198	snp	73	56	0.3855	0.2979	0.6986	0.2857	-0.4129
Chr2	6603660	snp	70	58	0.3808	0.3059	0.7429	0.3621	-0.3808
Chr2	6605388	snp	115	80	0.3799	0.2973	0.6348	0.2125	-0.4223
Chr2	6605612	snp	84	99	0.3842	0.2937	0.6429	0.2323	-0.4105
Chr2	6646996	snp	55	46	0.4012	0.3138	0.7273	0.3043	-0.4229
Chr2	6705934	snp	80	44	0.3966	0.308	0.7625	0.3409	-0.4216
Chr2	6705940	indel	61	37	0.4289	0.3217	0.9836	0.3514	-0.6323
Chr2	6718319	snp	71	78	0.3875	0.294	0.831	0.4359	-0.3951
Chr2	6754785	snp	68	42	0.4132	0.3172	0.8676	0.4048	-0.4629
Chr2	6877927	indel	55	49	0.4212	0.3147	0.9091	0.4286	-0.4805
Chr2	6878905	snp	59	45	0.4102	0.316	0.8983	0.4667	-0.4316
Chr2	6878908	indel	59	45	0.4102	0.316	0.8644	0.4444	-0.42
Chr2	6911770	snp	103	88	0.3827	0.2963	0.6602	0.2727	-0.3875
Chr2	6916916	snp	76	74	0.3887	0.2948	0.7632	0.3649	-0.3983
Chr2	6926405	snp	93	89	0.3814	0.2906	0.6452	0.2472	-0.398
Chr2	6957529	snp	67	56	0.4067	0.3084	0.791	0.3571	-0.4339
Chr2	7001202	snp	62	50	0.4097	0.3135	0.7581	0.34	-0.4181
Chr2	7189863	snp	71	40	0.3993	0.3106	0.5493	0.15	-0.3993
Chr2	7196913	snp	59	36	0.4157	0.3216	0.7966	0.3611	-0.4355
Chr2	7214906	indel	73	59	0.3993	0.3107	0.7534	0.339	-0.4144
Chr2	7251432	snp	49	48	0.4026	0.3197	0.8571	0.4167	-0.4405
Chr2	7255707	snp	61	59	0.4048	0.3156	0.7213	0.2542	-0.4671
Chr2	7304608	snp	95	118	0.3671	0.2847	0.7263	0.3051	-0.4212
Chr2	7325900	snp	88	68	0.3944	0.2981	0.75	0.3529	-0.3971
Chr2	7370929	snp	100	68	0.3929	0.2976	0.68	0.2794	-0.4006
Chr2	7525395	snp	84	49	0.3963	0.3027	0.631	0.2041	-0.4269
Chr2	7574348	snp	99	90	0.3778	0.2889	0.6162	0.2333	-0.3828
Chr2	7754010	indel	44	19	0.4641	0.3589	0.75	0.2632	-0.4868
Chr2	7800699	indel	95	90	0.383	0.2947	0.6737	0.2556	-0.4181
Chr2	7986548	indel	67	44	0.4145	0.3107	0.806	0.3636	-0.4423
Chr2	7986630	indel	82	70	0.385	0.2972	0.8049	0.3714	-0.4334
Chr2	8051698	indel	53	62	0.3999	0.3028	0.7547	0.3387	-0.416
Chr2	8062207	indel	65	60	0.3949	0.3038	0.8	0.35	-0.45
Chr2	8066651	snp	97	62	0.4049	0.3005	0.7423	0.3226	-0.4197
Chr2	8066746	snp	91	64	0.385	0.3	0.7143	0.3125	-0.4018
Chr2	8067377	snp	78	98	0.3789	0.2873	0.7308	0.3265	-0.4042
Chr2	8072829	snp	61	33	0.4108	0.3224	0.9344	0.5152	-0.4193
Chr2	8104280	snp	58	51	0.3979	0.307	0.7241	0.2941	-0.43
Chr2	8121707	snp	44	66	0.3939	0.3182	0.6136	0.1515	-0.4621
Chr2	8195516	indel	34	15	0.498	0.3804	0.9118	0.3333	-0.5784
Chr2	8209252	snp	65	58	0.3973	0.3093	0.8	0.3448	-0.4552
Chr2	8226269	snp	94	80	0.3721	0.2915	0.6809	0.3	-0.3809
Chr2	8284202	indel	80	94	0.3721	0.2915	0.6375	0.2553	-0.3822
Chr2	8338856	snp	92	70	0.3957	0.2991	0.7609	0.3571	-0.4037
Chr2	8365057	snp	71	40	0.3993	0.3106	0.6479	0.175	-0.4729
Chr2	8403715	snp	60	46	0.4043	0.3101	0.9	0.4783	-0.4217
Chr2	8411607	snp	94	68	0.377	0.2935	0.6596	0.25	-0.4096
Chr2	8417407	snp	88	54	0.4036	0.3043	0.8068	0.3704	-0.4364
Chr2	8585493	snp	65	50	0.4046	0.3154	0.8462	0.4	-0.4462
Chr2	8620709	snp	56	33	0.4167	0.322	0.8929	0.3939	-0.4989
Chr2	8695894	snp	71	63	0.3921	0.2987	0.662	0.254	-0.408
Chr2	8745481	indel	68	51	0.4069	0.3039	0.8676	0.451	-0.4167
Chr2	8745523	snp	64	41	0.4123	0.3236	0.8906	0.4634	-0.4272
Chr2	8751709	snp	79	68	0.3833	0.2943	0.6709	0.2353	-0.4356
Chr2	8794010	snp	84	77	0.3842	0.29	0.6786	0.2857	-0.3929
Chr2	8807040	snp	85	88	0.3767	0.2936	0.6824	0.2955	-0.3869
Chr2	8834273	snp	59	63	0.3955	0.3129	0.7458	0.3492	-0.3966
Chr2	8917074	snp	58	34	0.4178	0.3245	0.8448	0.4118	-0.4331
Chr2	8919658	snp	85	52	0.3864	0.3009	0.9059	0.5192	-0.3867
Chr2	9112733	snp	88	69	0.3849	0.2956	0.6591	0.2609	-0.3982
Chr2	9170333	snp	86	93	0.3742	0.2884	0.6744	0.2903	-0.3841
Chr2	9199132	indel	99	58	0.3918	0.3011	0.7879	0.3621	-0.4258
Chr2	9211079	indel	64	62	0.4103	0.3155	0.875	0.4516	-0.4234
Chr2	9219198	snp	91	85	0.3754	0.2892	0.8352	0.4588	-0.3763
Chr2	9227723	indel	54	65	0.3991	0.31	0.7593	0.3231	-0.4362
Chr2	9230307	snp	70	65	0.3923	0.3066	0.6143	0.2154	-0.3989
Chr2	9231118	snp	67	54	0.3986	0.3054	0.8806	0.4444	-0.4362
Chr2	9231129	indel	67	53	0.3996	0.307	0.8955	0.4717	-0.4238
Chr2	9246079	snp	81	68	0.3778	0.299	0.7778	0.3971	-0.3807
Chr2	9260263	indel	70	65	0.3923	0.3066	0.7857	0.3692	-0.4165
Chr2	9429035	snp	48	52	0.4038	0.3157	0.8958	0.4808	-0.4151
Chr2	9442219	indel	42	42	0.4286	0.3095	0.8571	0.4286	-0.4286
Chr2	9458536	snp	71	62	0.3839	0.299	0.6338	0.2419	-0.3919
Chr2	9458665	snp	66	66	0.3939	0.303	0.7121	0.2879	-0.4242
Chr2	9539679	snp	90	51	0.3837	0.2974	0.8778	0.4902	-0.3876
Chr2	9555796	indel	15	23	0.5362	0.4087	0.3333	1.0	0.6667
Chr2	9770121	snp	93	96	0.376	0.29	0.7634	0.2917	-0.4718
Chr2	9965284	snp	40	25	0.46	0.345	0.825	0.32	-0.505
Chr2	10072298	snp	63	42	0.4048	0.3175	0.873	0.4524	-0.4206
Chr2	10078496	snp	77	47	0.3998	0.3125	0.7792	0.3617	-0.4175
Chr2	10091801	snp	90	71	0.3864	0.2923	0.6556	0.2254	-0.4302
Chr2	10110597	snp	42	50	0.4229	0.3219	0.619	0.18	-0.439
Chr2	10208419	indel	79	57	0.402	0.3085	0.7342	0.2456	-0.4886
Chr2	10212890	indel	83	63	0.3846	0.3014	0.6867	0.3016	-0.3852
Chr2	10296752	indel	82	74	0.3909	0.2989	0.6341	0.2432	-0.3909
Chr2	10307782	indel	93	57	0.395	0.3039	0.5699	0.1404	-0.4295
Chr2	10355282	snp	48	55	0.4042	0.3133	0.875	0.4	-0.475
Chr2	10369243	snp	83	77	0.3788	0.299	0.5663	0.1688	-0.3974
Chr2	10414619	snp	76	77	0.3978	0.2963	0.6447	0.2338	-0.411
Chr2	10431285	snp	104	83	0.3716	0.2852	0.7308	0.3494	-0.3814
Chr2	10452014	indel	56	52	0.408	0.3077	0.875	0.3269	-0.5481
Chr2	10452031	snp	50	38	0.4179	0.3189	0.88	0.3947	-0.4853
Chr2	10452048	snp	45	29	0.433	0.3341	0.8889	0.4483	-0.4406
Chr2	10464139	indel	56	78	0.402	0.3022	0.8214	0.3846	-0.4368
Chr2	10500824	snp	80	80	0.375	0.3	0.6875	0.2875	-0.4
Chr2	10526997	indel	71	55	0.3851	0.3024	0.6901	0.2909	-0.3992
Chr2	10877014	snp	74	67	0.3971	0.2975	0.7432	0.3134	-0.4298
Chr2	11216502	indel	80	81	0.379	0.291	0.7375	0.3333	-0.4042
Chr2	11271308	indel	72	74	0.3836	0.2887	0.75	0.3649	-0.3851
Chr2	11291998	indel	38	58	0.4111	0.3212	0.9737	0.5345	-0.4392
Chr2	11344210	indel	74	45	0.4051	0.3105	0.7838	0.3556	-0.4282
Chr2	11360424	snp	65	51	0.4066	0.3113	0.7846	0.3725	-0.4121
Chr2	11536567	snp	65	48	0.417	0.3093	0.6769	0.25	-0.4269
Chr2	11542252	indel	83	81	0.4016	0.2911	0.6506	0.2469	-0.4037
Chr2	11984392	indel	33	42	0.4351	0.3442	0.0	0.6429	0.6429
Chr2	11984419	indel	36	38	0.4327	0.3289	0.0833	0.6053	0.5219
Chr2	11993361	indel	56	43	0.412	0.314	0.0536	0.5814	0.5278
Chr2	11996740	snp	81	39	0.4074	0.3096	0.3704	0.7949	0.4245
Chr2	12062873	snp	49	26	0.4341	0.3297	0.0612	0.5385	0.4772
Chr2	12079176	snp	53	43	0.4103	0.3247	0.7925	0.3721	-0.4204
Chr2	12081611	indel	76	96	0.3788	0.2933	0.7368	0.3542	-0.3827
Chr2	12092403	snp	58	32	0.4159	0.3147	0.1724	0.5938	0.4213
Chr2	12387964	snp	46	49	0.4264	0.323	0.8478	0.4082	-0.4397
Chr2	12402298	snp	51	17	0.4902	0.3725	0.6863	0.1176	-0.5686
Chr2	12405864	snp	68	34	0.4118	0.3088	0.6176	0.2059	-0.4118
Chr2	12416343	snp	75	78	0.3831	0.2954	0.6267	0.2308	-0.3959
Chr2	12417381	snp	76	91	0.3943	0.2951	0.6842	0.2747	-0.4095
Chr2	12420171	indel	52	52	0.4038	0.3269	0.7885	0.3846	-0.4038
Chr2	12422291	snp	88	85	0.3767	0.2936	0.7159	0.3176	-0.3983
Chr2	12436813	snp	85	69	0.3881	0.2975	0.6824	0.2899	-0.3925
Chr2	12579043	snp	103	84	0.3873	0.2937	0.5922	0.1786	-0.4137
Chr2	12655563	indel	69	52	0.3977	0.306	0.1159	0.5192	0.4033
Chr2	12971030	snp	90	95	0.383	0.2947	0.6333	0.2316	-0.4018
Chr2	12978535	indel	24	13	0.5481	0.4135	0.9167	0.0769	-0.8397
Chr2	12978536	indel	24	12	0.5417	0.4167	0.875	0.0833	-0.7917
Chr2	12993307	indel	77	55	0.4	0.3013	0.7143	0.2909	-0.4234
Chr2	13013535	snp	55	52	0.4024	0.3094	0.8364	0.3654	-0.471
Chr2	13014306	indel	63	40	0.4167	0.3214	0.9683	0.525	-0.4433
Chr2	13018413	snp	41	31	0.4343	0.3352	0.8293	0.2903	-0.5389
Chr2	13024228	indel	49	43	0.4177	0.3218	0.7959	0.3721	-0.4238
Chr2	13059249	snp	42	35	0.4286	0.3333	0.9048	0.4	-0.5048
Chr2	13074117	snp	54	38	0.424	0.3294	0.7407	0.3158	-0.425
Chr2	13081528	snp	43	46	0.4196	0.3266	0.8605	0.4348	-0.4257
Chr2	13082650	snp	45	51	0.4118	0.3229	0.7778	0.3529	-0.4248
Chr2	13082660	snp	42	55	0.4108	0.3169	0.8571	0.3455	-0.5117
Chr2	13158021	indel	27	24	0.4722	0.3704	0.7778	0.2083	-0.5694
Chr2	13199126	snp	82	73	0.3846	0.2949	0.6098	0.2192	-0.3906
Chr2	13259406	snp	68	49	0.4031	0.3163	0.75	0.3469	-0.4031
Chr2	13366942	snp	100	103	0.3776	0.2828	0.68	0.2816	-0.3984
Chr2	13368067	snp	53	60	0.3981	0.3082	0.7358	0.3333	-0.4025
Chr2	13380321	snp	81	93	0.3708	0.2927	0.6296	0.2258	-0.4038
Chr2	14066311	snp	71	63	0.3921	0.2987	0.7042	0.2857	-0.4185
Chr2	14177706	snp	67	77	0.3801	0.295	0.7313	0.3506	-0.3807
Chr2	14268521	snp	59	48	0.3902	0.3121	0.7627	0.3333	-0.4294
Chr2	14404814	indel	42	34	0.437	0.3361	0.6667	0.2059	-0.4608
Chr2	14415374	snp	68	33	0.4131	0.3266	0.8529	0.4242	-0.4287
Chr2	14426540	snp	79	73	0.3865	0.2956	0.5696	0.1507	-0.4189
Chr2	14440146	snp	61	46	0.4116	0.3083	0.7541	0.3261	-0.428
Chr2	14458617	snp	56	39	0.419	0.3205	0.7679	0.2821	-0.4858
Chr2	14546139	snp	95	83	0.3801	0.2927	0.6316	0.241	-0.3906
Chr2	14574421	indel	70	68	0.3937	0.3063	0.7429	0.25	-0.4929
Chr2	14574695	indel	60	67	0.3953	0.3005	0.7167	0.2836	-0.4331
Chr2	14574736	snp	58	55	0.4016	0.3078	0.7759	0.2545	-0.5213
Chr2	14631333	snp	67	79	0.3837	0.2942	0.6119	0.2278	-0.3841
Chr2	14631881	snp	63	52	0.409	0.308	0.746	0.3077	-0.4383
Chr2	14631923	snp	55	44	0.4	0.3182	0.7636	0.25	-0.5136
Chr2	14642965	snp	74	44	0.4066	0.3163	0.5676	0.1591	-0.4085
Chr2	14683997	indel	91	82	0.3799	0.2873	0.6813	0.2317	-0.4496
Chr2	14686724	snp	54	34	0.4281	0.3312	0.6111	0.1765	-0.4346
Chr2	14691194	snp	73	60	0.3879	0.3057	0.6712	0.2833	-0.3879
Chr2	14758994	snp	31	23	0.4698	0.3619	0.6774	0.1739	-0.5035
Chr2	14758996	snp	31	25	0.4774	0.3652	0.6774	0.16	-0.5174
Chr2	14759023	snp	52	40	0.4173	0.3212	0.6731	0.25	-0.4231
Chr2	14810233	indel	54	55	0.4125	0.3047	0.5926	0.1455	-0.4471
Chr2	14835328	snp	57	81	0.4003	0.3067	0.5439	0.1111	-0.4327
Chr2	14876279	snp	64	61	0.397	0.2979	0.4375	0.0328	-0.4047
Chr2	14998855	snp	64	96	0.3906	0.2969	0.625	0.2292	-0.3958
Chr2	14998871	indel	65	95	0.3895	0.2955	0.6462	0.2316	-0.4146
Chr2	15010314	snp	59	51	0.3981	0.3081	0.6949	0.2745	-0.4204
Chr2	15014942	snp	50	28	0.43	0.3386	0.78	0.2857	-0.4943
Chr2	15014947	snp	52	23	0.4599	0.3495	0.8077	0.3478	-0.4599
Chr2	15026797	snp	71	66	0.3807	0.2951	0.7465	0.3485	-0.398
Chr2	15027979	snp	63	50	0.3943	0.3073	0.746	0.22	-0.526
Chr2	15035218	snp	53	34	0.4206	0.3246	0.9057	0.4412	-0.4645
Chr2	15035387	indel	58	55	0.4016	0.3078	0.7241	0.2727	-0.4514
Chr2	15041135	snp	80	59	0.3913	0.3002	0.7	0.3051	-0.3949
Chr2	15043186	snp	65	47	0.4157	0.3129	0.6462	0.2128	-0.4334
Chr2	15050250	snp	54	59	0.3927	0.3107	0.6296	0.2034	-0.4262
Chr2	15054733	snp	50	36	0.4222	0.3267	0.88	0.3889	-0.4911
Chr2	15054817	indel	57	44	0.4083	0.3186	0.6667	0.25	-0.4167
Chr2	15070012	snp	92	91	0.3653	0.2787	0.587	0.2198	-0.3672
Chr2	15080528	snp	50	31	0.4297	0.3297	0.82	0.3871	-0.4329
Chr2	15090466	snp	75	65	0.3856	0.2995	0.6267	0.2154	-0.4113
Chr2	15092615	snp	53	49	0.4109	0.3246	0.7736	0.3469	-0.4266
Chr2	15107911	snp	46	61	0.4116	0.3083	0.6522	0.2131	-0.4391
Chr2	15124824	snp	56	43	0.412	0.314	0.8571	0.3721	-0.485
Chr2	15124853	snp	55	36	0.4111	0.3222	0.8364	0.4167	-0.4197
Chr2	15161062	snp	65	26	0.4462	0.3385	0.9077	0.4615	-0.4462
Chr2	15171935	indel	87	68	0.384	0.2958	0.5402	0.0735	-0.4667
Chr2	15172295	snp	65	75	0.3856	0.2995	0.6154	0.2	-0.4154
Chr2	15215382	snp	54	40	0.4167	0.3306	0.6296	0.175	-0.4546
Chr2	15355522	snp	73	35	0.4231	0.3249	0.8493	0.4	-0.4493
Chr2	15355534	snp	74	37	0.4054	0.3243	0.8649	0.4595	-0.4054
Chr2	15356848	indel	50	46	0.3991	0.3174	0.7	0.2826	-0.4174
Chr2	15404149	indel	85	71	0.3841	0.2923	0.5882	0.1831	-0.4051
Chr2	15416429	snp	54	45	0.4111	0.3148	0.9074	0.4889	-0.4185
Chr2	15416438	snp	57	51	0.4056	0.3189	0.8596	0.451	-0.4087
Chr2	15484526	snp	61	52	0.4001	0.3124	0.8852	0.4808	-0.4045
Chr2	15494280	snp	71	64	0.3853	0.3008	0.6338	0.2344	-0.3994
Chr2	15499453	indel	72	47	0.4113	0.3197	0.6389	0.1702	-0.4687
Chr2	15515160	snp	75	74	0.3811	0.3011	0.6	0.2162	-0.3838
Chr2	15518901	snp	79	58	0.3826	0.2997	0.6709	0.2759	-0.395
Chr2	15524406	indel	66	85	0.3845	0.2934	0.6061	0.2	-0.4061
Chr2	15524450	snp	60	63	0.4008	0.3032	0.75	0.2857	-0.4643
Chr2	15524465	snp	60	53	0.3981	0.3082	0.7667	0.3585	-0.4082
Chr2	15529773	snp	52	43	0.4092	0.3202	0.6154	0.186	-0.4293
Chr2	15546601	snp	73	70	0.3838	0.2969	0.6438	0.2	-0.4438
Chr2	15546731	snp	57	41	0.4129	0.3145	0.8947	0.3902	-0.5045
Chr2	15546743	snp	57	40	0.4241	0.3189	0.8772	0.35	-0.5272
Chr2	15559673	snp	57	53	0.4012	0.3174	0.6842	0.2264	-0.4578
Chr2	15559734	indel	62	52	0.4014	0.312	0.6774	0.25	-0.4274
Chr2	15561233	indel	57	73	0.4004	0.3028	0.8246	0.3973	-0.4273
Chr2	15561781	snp	91	107	0.3586	0.2794	0.6044	0.215	-0.3894
Chr2	15566138	snp	65	61	0.4096	0.309	0.7538	0.3279	-0.426
Chr2	15723896	snp	32	18	0.4965	0.3785	0.6562	0.1111	-0.5451
Chr2	15777903	snp	93	93	0.3763	0.2796	0.6237	0.2258	-0.3978
Chr2	15793503	snp	62	50	0.4097	0.3135	0.8387	0.42	-0.4187
Chr2	15808470	snp	68	89	0.3792	0.2902	0.6765	0.2809	-0.3956
Chr2	15857243	indel	70	73	0.3838	0.2969	0.6	0.1644	-0.4356
Chr2	15859770	snp	43	31	0.4434	0.3413	0.7674	0.2581	-0.5094
Chr2	15862773	snp	91	50	0.3993	0.2985	0.6484	0.24	-0.4084
Chr2	15863031	snp	80	78	0.3798	0.2901	0.6875	0.3077	-0.3798
Chr2	15893819	snp	111	80	0.3713	0.2876	0.6036	0.225	-0.3786
Chr2	15899709	snp	103	68	0.3705	0.2884	0.6602	0.1912	-0.469
Chr2	15903085	snp	103	81	0.3789	0.2916	0.5437	0.1605	-0.3832
Chr2	15911263	snp	80	57	0.3993	0.309	0.7375	0.3158	-0.4217
Chr2	15924243	snp	116	85	0.365	0.2858	0.5948	0.2118	-0.3831
Chr2	15926178	snp	84	50	0.399	0.3076	0.75	0.34	-0.41
Chr2	15927968	snp	114	75	0.36	0.2832	0.6316	0.1733	-0.4582
Chr2	15930568	snp	86	89	0.3839	0.2912	0.6977	0.3034	-0.3943
Chr2	15960546	indel	83	93	0.3723	0.288	0.6265	0.2366	-0.3899
Chr2	15966873	snp	98	101	0.3696	0.2867	0.6531	0.2178	-0.4352
Chr2	15973432	snp	83	88	0.3779	0.289	0.6988	0.2955	-0.4033
Chr2	15973639	snp	147	146	0.3585	0.2773	0.5714	0.1712	-0.4002
Chr2	15986921	snp	82	80	0.3841	0.2963	0.5366	0.1375	-0.3991
Chr2	16016905	snp	88	80	0.3841	0.2943	0.6023	0.1625	-0.4398
Chr2	16057055	snp	85	78	0.3789	0.2944	0.6235	0.2308	-0.3928
Chr2	16086882	indel	123	100	0.3798	0.2898	0.6748	0.29	-0.3848
Chr2	16101949	snp	75	92	0.3791	0.2936	0.6667	0.2717	-0.3949
Chr2	16145498	snp	67	89	0.3755	0.2968	0.7313	0.3483	-0.383
Chr2	16205218	snp	95	57	0.3895	0.3018	0.7158	0.2105	-0.5053
Chr2	16250898	snp	67	50	0.4012	0.3122	0.6866	0.26	-0.4266
Chr2	16361427	snp	93	88	0.3795	0.2951	0.6022	0.1932	-0.409
Chr2	16361474	snp	95	81	0.3865	0.291	0.5789	0.1852	-0.3938
Chr2	17058474	indel	43	34	0.4501	0.3399	0.4651	0.0	-0.4651
Chr2	17708970	snp	103	64	0.387	0.3029	0.6019	0.1719	-0.4301
Chr2	17709116	snp	105	105	0.3714	0.2952	0.6095	0.219	-0.3905
Chr2	18816625	snp	104	104	0.375	0.2788	0.6346	0.2212	-0.4135
Chr2	19075508	snp	71	74	0.3911	0.3028	0.7042	0.2973	-0.4069
Chr2	19083045	snp	57	25	0.4568	0.3439	0.7018	0.2	-0.5018
Chr2	19100435	snp	81	55	0.3836	0.2972	0.7407	0.3455	-0.3953
Chr2	19100970	snp	70	55	0.4091	0.3169	0.8286	0.3818	-0.4468
Chr2	19101001	snp	78	61	0.3993	0.301	0.7821	0.3607	-0.4214
Chr2	19128104	snp	91	65	0.3802	0.2923	0.6813	0.2769	-0.4044
Chr2	19128193	snp	82	68	0.3985	0.2934	0.6951	0.2647	-0.4304
Chr2	19325334	snp	72	50	0.3978	0.3033	0.6528	0.1	-0.5528
Chr2	19691835	snp	81	49	0.3976	0.3074	0.6667	0.2653	-0.4014
Chr2	19742628	snp	87	75	0.383	0.2933	0.6207	0.2267	-0.394
Chr2	19802610	snp	40	35	0.425	0.3321	0.675	0.2286	-0.4464
Chr2	20037154	snp	77	78	0.38	0.292	0.6623	0.2692	-0.3931
Chr2	20094554	snp	52	48	0.4038	0.3157	0.8269	0.4167	-0.4103
Chr2	20100135	snp	77	94	0.375	0.2923	0.5584	0.1596	-0.3989
Chr2	20545551	snp	71	84	0.3882	0.2961	0.6479	0.25	-0.3979
Chr2	20774387	snp	89	72	0.3851	0.2998	0.6292	0.1806	-0.4487
Chr2	20813702	snp	96	85	0.3853	0.2983	0.6667	0.2118	-0.4549
Chr2	20834322	snp	89	99	0.3667	0.2858	0.6629	0.2121	-0.4508
Chr2	20865214	snp	48	38	0.4243	0.33	0.875	0.4474	-0.4276
Chr2	20878073	snp	85	76	0.3845	0.2904	0.6353	0.2368	-0.3985
Chr2	20888983	snp	47	64	0.4036	0.3102	0.6596	0.1719	-0.4877
Chr2	21216465	snp	108	104	0.3835	0.2892	0.7222	0.3077	-0.4145
Chr2	23685768	snp	64	65	0.3954	0.3017	0.7188	0.3231	-0.3957
Chr2	23787604	snp	83	80	0.3765	0.289	0.5904	0.2	-0.3904
Chr2	23805496	snp	75	72	0.3883	0.2939	0.72	0.2917	-0.4283
Chr2	23811154	snp	92	86	0.3802	0.2932	0.6848	0.2209	-0.4639
Chr2	23816685	snp	32	20	0.475	0.3625	0.75	0.25	-0.5
Chr2	23858878	snp	82	85	0.3867	0.2917	0.6707	0.2824	-0.3884
Chr2	25128889	snp	62	42	0.4155	0.3187	0.6774	0.2619	-0.4155
Chr2	25236953	snp	65	90	0.394	0.3026	0.6615	0.2667	-0.3949
Chr2	25241365	snp	100	96	0.3679	0.2858	0.67	0.2708	-0.3992
Chr2	25248879	snp	96	96	0.3646	0.2813	0.6042	0.2396	-0.3646
Chr2	25272613	snp	110	81	0.3862	0.29	0.6818	0.2346	-0.4473
Chr2	25272733	snp	106	83	0.3728	0.2947	0.6415	0.2651	-0.3764
Chr2	25932900	snp	54	26	0.4345	0.339	0.6852	0.1154	-0.5698
Chr2	27013221	indel	26	29	0.4629	0.3554	0.5769	0.1034	-0.4735
Chr2	27035078	snp	48	35	0.4065	0.3161	0.6667	0.2	-0.4667
Chr2	27038830	snp	91	87	0.375	0.2915	0.6813	0.2874	-0.394
Chr2	27041107	snp	73	63	0.3827	0.3098	0.6301	0.2222	-0.4079
Chr2	27065265	indel	98	70	0.3837	0.3	0.6735	0.2571	-0.4163
Chr2	27066935	snp	52	44	0.4161	0.3112	0.5577	0.1136	-0.4441
Chr2	27070719	indel	19	14	0.5226	0.4173	0.7368	0.2143	-0.5226
Chr2	27074207	snp	75	96	0.3783	0.2888	0.72	0.3125	-0.4075
Chr2	27081793	snp	64	51	0.4053	0.311	0.75	0.3137	-0.4363
Chr2	27092648	snp	58	47	0.4039	0.3147	0.7931	0.383	-0.4101
Chr2	27108382	snp	108	78	0.3718	0.2906	0.6019	0.2179	-0.3839
Chr2	27208320	snp	56	40	0.4071	0.3214	0.7679	0.35	-0.4179
Chr2	27270772	snp	45	34	0.4176	0.3294	0.6889	0.2647	-0.4242
Chr2	27282255	snp	102	84	0.3648	0.2829	0.6471	0.2619	-0.3852
Chr2	27283013	snp	78	80	0.3798	0.2901	0.641	0.2125	-0.4285
Chr2	27296160	snp	64	64	0.3906	0.3125	0.7188	0.2812	-0.4375
Chr2	27301722	snp	94	86	0.3864	0.2885	0.7234	0.3256	-0.3978
Chr2	27303329	snp	106	107	0.372	0.2858	0.7264	0.3084	-0.418
Chr2	27315322	snp	59	30	0.4294	0.3277	0.8644	0.3667	-0.4977
Chr2	27331683	snp	66	37	0.4279	0.3272	0.7121	0.2432	-0.4689
Chr2	27341528	snp	108	50	0.3759	0.2926	0.7037	0.28	-0.4237
Chr2	27352495	snp	57	31	0.429	0.3322	0.7193	0.2903	-0.429
Chr2	27368262	snp	55	44	0.4	0.3182	0.8	0.25	-0.55
Chr2	27403545	indel	99	87	0.3755	0.2887	0.5859	0.1954	-0.3905
Chr2	27403566	snp	93	80	0.3777	0.2899	0.6129	0.2	-0.4129
Chr2	27426814	snp	50	46	0.3991	0.3174	0.9	0.5	-0.4
Chr2	27435409	snp	51	29	0.4348	0.3313	0.8039	0.3448	-0.4591
Chr2	27436786	indel	69	69	0.3768	0.2899	0.5217	0.1159	-0.4058
Chr2	27437063	snp	45	43	0.4088	0.3178	0.8444	0.4186	-0.4258
Chr2	27459334	snp	66	46	0.4012	0.3169	0.5758	0.1739	-0.4018
Chr2	27463367	snp	68	45	0.4092	0.3147	0.7794	0.3556	-0.4239
Chr2	27463417	snp	66	59	0.3901	0.3017	0.7879	0.3051	-0.4828
Chr2	27468297	snp	74	70	0.3973	0.3012	0.6892	0.2714	-0.4178
Chr2	27470904	snp	67	65	0.3952	0.3052	0.7612	0.3538	-0.4073
Chr2	27471596	snp	116	91	0.3826	0.2902	0.6379	0.2308	-0.4072
Chr2	27513752	snp	95	93	0.3744	0.2877	0.6316	0.1935	-0.438
Chr2	27530279	snp	65	55	0.3958	0.3091	0.6615	0.1818	-0.4797
Chr2	27532397	indel	57	29	0.4265	0.3388	0.614	0.1379	-0.4761
Chr2	27541959	snp	95	85	0.369	0.2916	0.6947	0.3059	-0.3889
Chr2	27542945	snp	78	59	0.4087	0.3099	0.7949	0.3559	-0.4389
Chr2	27551964	indel	70	61	0.3684	0.2885	0.6571	0.2787	-0.3785
Chr2	27586849	snp	78	70	0.3883	0.3026	0.6282	0.2286	-0.3996
Chr2	27601374	snp	70	85	0.3882	0.2958	0.7286	0.3294	-0.3992
Chr2	27603866	snp	96	74	0.3778	0.2903	0.6042	0.2162	-0.388
Chr2	27621378	snp	93	93	0.3763	0.2796	0.6237	0.2473	-0.3763
Chr2	27635890	snp	86	77	0.3798	0.2908	0.6512	0.1948	-0.4564
Chr2	27643682	indel	70	67	0.4009	0.3119	0.6714	0.2537	-0.4177
Chr2	27649858	snp	94	83	0.3782	0.2959	0.6915	0.2892	-0.4023
Chr2	27657200	indel	23	20	0.5022	0.3957	0.6957	0.15	-0.5457
Chr2	27657207	indel	31	27	0.4636	0.3584	0.7742	0.2222	-0.552
Chr2	27657217	indel	26	30	0.4744	0.359	0.5769	0.1	-0.4769
Chr2	27657251	snp	52	49	0.4223	0.3214	0.7885	0.2857	-0.5027
Chr2	27657260	indel	50	48	0.4092	0.3225	0.86	0.2917	-0.5683
Chr2	27658356	snp	88	81	0.388	0.2991	0.6477	0.2593	-0.3885
Chr2	27661556	indel	98	87	0.3747	0.2904	0.7143	0.2299	-0.4844
Chr2	27665275	snp	81	86	0.3781	0.2924	0.7284	0.3256	-0.4028
Chr2	27679470	indel	64	53	0.3927	0.3037	0.5156	0.1132	-0.4024
Chr2	27683549	indel	67	39	0.4152	0.3215	0.6567	0.2051	-0.4516
Chr2	27718215	snp	73	71	0.3884	0.294	0.6164	0.2113	-0.4052
Chr2	27730712	indel	42	65	0.3982	0.3198	0.7381	0.3077	-0.4304
Chr2	27730738	snp	28	51	0.4433	0.3417	0.8214	0.3137	-0.5077
Chr2	27730829	snp	52	47	0.4116	0.3196	0.7115	0.2553	-0.4562
Chr2	27734749	snp	67	49	0.4237	0.3177	0.7313	0.2449	-0.4864
Chr2	27792425	indel	115	65	0.3746	0.2829	0.6957	0.2923	-0.4033
Chr2	27793495	indel	89	85	0.3811	0.2924	0.6517	0.2706	-0.3811
Chr2	27850450	indel	53	44	0.4181	0.3195	0.717	0.2727	-0.4443
Chr2	27855866	snp	74	39	0.3936	0.3153	0.7703	0.2821	-0.4882
Chr2	27891395	indel	115	100	0.3704	0.2817	0.6435	0.23	-0.4135
Chr2	27907098	snp	53	35	0.4216	0.3186	0.6792	0.2571	-0.4221
Chr2	27972143	snp	45	41	0.4228	0.3274	0.6667	0.1951	-0.4715
Chr2	27975838	snp	114	100	0.3928	0.2893	0.6404	0.23	-0.4104
Chr2	27979183	snp	79	82	0.3881	0.3023	0.6329	0.2317	-0.4012
Chr2	27984103	indel	20	17	0.5235	0.4059	0.7	0.1765	-0.5235
Chr2	27985032	snp	79	73	0.3865	0.2956	0.7342	0.2877	-0.4465
Chr2	28001348	snp	47	51	0.4113	0.3179	0.8298	0.4118	-0.418
Chr2	28020575	indel	60	16	0.475	0.3708	0.6667	0.1875	-0.4792
Chr2	28021973	snp	62	50	0.4097	0.3135	0.6129	0.14	-0.4729
Chr2	28025939	snp	63	61	0.389	0.306	0.8571	0.4426	-0.4145
Chr2	28036404	snp	66	32	0.4309	0.3258	0.8182	0.375	-0.4432
Chr2	28044731	snp	99	86	0.3613	0.2866	0.6566	0.2791	-0.3775
Chr2	28049288	snp	104	55	0.3907	0.2977	0.7404	0.2727	-0.4677
Chr2	28055267	snp	83	63	0.3846	0.3014	0.759	0.3016	-0.4574
Chr2	28055268	indel	84	68	0.3971	0.306	0.7619	0.2941	-0.4678
Chr2	28055741	snp	92	73	0.3778	0.2895	0.6522	0.2192	-0.433
Chr2	28057506	snp	53	59	0.4007	0.3099	0.7358	0.2881	-0.4477
Chr2	28057687	snp	68	76	0.3947	0.298	0.5735	0.1711	-0.4025
Chr2	28057798	indel	73	55	0.3938	0.2936	0.6301	0.1636	-0.4665
Chr2	28067864	indel	47	17	0.4668	0.3605	0.8511	0.2941	-0.5569
Chr2	28067872	indel	37	15	0.5045	0.3946	1.0	0.3333	-0.6667
Chr2	28067879	snp	40	20	0.475	0.375	0.825	0.35	-0.475
Chr2	28112318	snp	72	88	0.3876	0.2917	0.75	0.3409	-0.4091
Chr2	28114202	snp	58	43	0.4166	0.3228	0.8966	0.4651	-0.4314
Chr2	28115362	snp	95	80	0.3737	0.2882	0.6105	0.225	-0.3855
Chr2	28137079	snp	120	68	0.3755	0.2848	0.6583	0.2794	-0.3789
Chr2	28155880	snp	59	62	0.3997	0.307	0.678	0.2742	-0.4038
Chr2	28209529	snp	72	44	0.4015	0.3106	0.8194	0.4091	-0.4104
Chr2	28209537	snp	71	38	0.4129	0.3217	0.8169	0.3947	-0.4222
Chr2	28258544	snp	64	38	0.4145	0.3191	0.6094	0.1842	-0.4252
Chr2	28321315	indel	72	52	0.406	0.3109	0.6806	0.2308	-0.4498
Chr2	28341973	snp	59	58	0.4173	0.3162	0.7119	0.2586	-0.4532
Chr2	28347508	snp	60	70	0.3905	0.3048	0.6833	0.2714	-0.4119
Chr2	28352453	snp	41	37	0.437	0.3316	0.8293	0.3514	-0.4779
Chr2	28389207	snp	98	85	0.3691	0.2797	0.5816	0.1765	-0.4052
Chr2	28423941	snp	53	56	0.3976	0.3063	0.8113	0.3393	-0.472
Chr2	28569745	indel	62	54	0.3996	0.2933	0.8871	0.4815	-0.4056
Chr2	28569763	snp	59	46	0.4053	0.3084	0.8136	0.3478	-0.4657
Chr2	28641207	snp	63	35	0.419	0.3206	0.7143	0.2286	-0.4857
Chr2	28652526	snp	58	71	0.4065	0.2982	0.6207	0.2113	-0.4094
Chr2	28668082	snp	77	55	0.4	0.3013	0.6753	0.2727	-0.4026
Chr2	28769702	snp	67	42	0.4126	0.323	0.5373	0.119	-0.4183
Chr2	28773874	indel	75	44	0.4112	0.3139	0.7733	0.2955	-0.4779
Chr2	29443261	snp	40	34	0.4279	0.3309	0.725	0.2059	-0.5191
Chr2	29574356	snp	74	56	0.4044	0.3055	0.7027	0.2679	-0.4348
Chr2	30621434	indel	49	60	0.4014	0.3068	0.7551	0.35	-0.4051
Chr2	30734958	snp	67	46	0.4108	0.3076	0.7015	0.2826	-0.4189
Chr2	30734975	indel	69	48	0.3913	0.3062	0.6522	0.25	-0.4022
Chr2	30734999	snp	64	47	0.4036	0.3102	0.6719	0.2553	-0.4166
Chr2	30802676	snp	54	53	0.4196	0.3113	0.7593	0.3396	-0.4196
Chr2	30946653	snp	47	39	0.4157	0.3262	0.7872	0.359	-0.4283
Chr2	31622158	snp	48	16	0.4792	0.375	0.6667	0.125	-0.5417
Chr2	32279708	indel	62	81	0.402	0.2995	0.7258	0.3086	-0.4172
Chr2	32561957	indel	17	8	0.6324	0.5074	1.0	0.25	-0.75
Chr2	32561960	indel	20	9	0.5889	0.4667	0.85	0.1111	-0.7389
Chr2	32794319	snp	70	42	0.4143	0.3143	0.6	0.1667	-0.4333
Chr2	33478040	snp	30	29	0.4575	0.3563	0.6667	0.2069	-0.4598
Chr2	33478699	snp	46	27	0.4388	0.343	0.8478	0.4074	-0.4404
Chr2	33488251	snp	34	37	0.4428	0.3426	0.7941	0.2703	-0.5238
Chr2	33488321	snp	33	39	0.4242	0.3333	0.7273	0.2308	-0.4965
Chr2	33489472	snp	48	35	0.4065	0.3161	0.5833	0.1714	-0.4119
Chr2	33500128	snp	38	44	0.4258	0.3313	0.6316	0.2045	-0.427
Chr2	33512265	snp	34	20	0.4824	0.3676	0.8529	0.35	-0.5029
Chr2	33553689	snp	48	33	0.4261	0.3314	0.625	0.1818	-0.4432
Chr2	33578546	snp	52	40	0.4173	0.3212	0.6731	0.225	-0.4481
Chr2	33615633	indel	35	29	0.4384	0.3409	0.7143	0.1724	-0.5419
Chr2	33628818	snp	61	49	0.4108	0.3128	0.7705	0.3265	-0.444
Chr2	33632663	snp	47	45	0.4142	0.3225	0.7021	0.2667	-0.4355
Chr2	33640084	snp	28	23	0.4689	0.3665	0.5357	0.0435	-0.4922
Chr2	33800042	snp	29	42	0.4384	0.335	0.6897	0.2381	-0.4516
Chr2	33800629	snp	34	31	0.4421	0.3454	0.7941	0.3226	-0.4715
Chr2	33826282	snp	53	53	0.3962	0.3208	0.8302	0.3585	-0.4717
Chr2	33866094	snp	38	35	0.4316	0.3391	0.8158	0.3429	-0.4729
Chr2	33869608	snp	51	34	0.4118	0.3235	0.7451	0.2941	-0.451
Chr2	33876937	snp	28	13	0.5137	0.4121	0.8571	0.2308	-0.6264
Chr2	33886393	snp	49	32	0.4235	0.338	0.7959	0.2188	-0.5772
Chr2	33893700	snp	56	33	0.4167	0.322	0.6429	0.1818	-0.461
Chr2	33937711	snp	58	50	0.4014	0.3117	0.5862	0.18	-0.4062
Chr2	33989557	snp	44	53	0.4181	0.3195	0.6364	0.1698	-0.4666
Chr2	34006293	snp	45	40	0.4139	0.3333	0.6889	0.225	-0.4639
Chr2	34211609	snp	64	48	0.4115	0.3125	0.5625	0.125	-0.4375
Chr2	34211658	snp	56	36	0.4206	0.3175	0.5893	0.1667	-0.4226
Chr2	34237773	snp	49	39	0.4218	0.3349	0.6327	0.1795	-0.4532
Chr2	34244345	snp	44	23	0.4585	0.3528	0.7045	0.2174	-0.4872
Chr2	34272081	snp	37	30	0.4378	0.3423	0.7568	0.3	-0.4568
Chr2	34518575	snp	44	55	0.4	0.3182	0.5682	0.1455	-0.4227
Chr2	34523977	indel	23	17	0.5038	0.4015	0.8696	0.3529	-0.5166
Chr3	5511	snp	69	35	0.4112	0.323	0.7246	0.2	-0.5246
Chr3	5551	snp	58	22	0.4451	0.3464	0.7759	0.2273	-0.5486
Chr3	8750	snp	68	58	0.4133	0.3048	0.6765	0.1897	-0.4868
Chr3	8771	snp	62	45	0.4168	0.3118	0.7097	0.2222	-0.4875
Chr3	12408	snp	86	83	0.3853	0.291	0.5233	0.1084	-0.4148
Chr3	19497	snp	56	33	0.4167	0.322	0.7679	0.2424	-0.5254
Chr3	27303	snp	42	38	0.4348	0.3271	0.7381	0.2368	-0.5013
Chr3	29669	snp	37	30	0.4378	0.3423	0.7568	0.3	-0.4568
Chr3	29690	snp	40	26	0.4462	0.35	0.8	0.3077	-0.4923
Chr3	36766	snp	77	46	0.393	0.3058	0.6364	0.2174	-0.419
Chr3	36859	snp	51	27	0.4466	0.3377	0.8235	0.3704	-0.4532
Chr3	41480	snp	63	38	0.4194	0.3241	0.6508	0.1842	-0.4666
Chr3	42491	snp	38	24	0.4496	0.3553	0.7105	0.25	-0.4605
Chr3	42506	snp	37	24	0.4696	0.3694	0.7297	0.25	-0.4797
Chr3	52574	snp	86	50	0.406	0.3079	0.4767	0.06	-0.4167
Chr3	55073	snp	59	60	0.4099	0.3102	0.6102	0.1167	-0.4935
Chr3	63415	indel	103	86	0.3754	0.2921	0.5049	0.093	-0.4118
Chr3	72265	snp	79	63	0.3946	0.3026	0.6203	0.1587	-0.4615
Chr3	73923	snp	50	28	0.43	0.3386	0.92	0.4286	-0.4914
Chr3	74196	snp	54	38	0.424	0.3294	0.5926	0.1316	-0.461
Chr3	74253	snp	48	33	0.4261	0.3314	0.7083	0.2424	-0.4659
Chr3	74397	snp	58	46	0.4108	0.3081	0.6034	0.1522	-0.4513
Chr3	80065	snp	73	49	0.4062	0.3106	0.5616	0.1224	-0.4392
Chr3	80355	snp	64	48	0.4115	0.3125	0.5781	0.1042	-0.474
Chr3	80426	snp	44	19	0.4641	0.3589	0.7955	0.3158	-0.4797
Chr3	80859	snp	90	70	0.3921	0.2921	0.5222	0.1286	-0.3937
Chr3	83018	snp	58	39	0.4244	0.3223	0.7759	0.1795	-0.5964
Chr3	83095	indel	78	87	0.3798	0.3011	0.6154	0.1839	-0.4315
Chr3	83937	snp	55	55	0.4182	0.3091	0.7636	0.1818	-0.5818
Chr3	87394	snp	48	27	0.4398	0.3403	0.8333	0.2222	-0.6111
Chr3	89013	snp	64	33	0.4167	0.3239	0.7344	0.2727	-0.4616
Chr3	89610	snp	40	25	0.46	0.345	0.7	0.24	-0.46
Chr3	89677	indel	47	36	0.4196	0.3245	0.5319	0.0556	-0.4764
Chr3	91489	snp	45	27	0.4296	0.3333	0.6222	0.1481	-0.4741
Chr3	91640	snp	63	32	0.4157	0.3234	0.5873	0.0312	-0.5561
Chr3	94395	snp	61	26	0.4414	0.3373	0.7377	0.2692	-0.4685
Chr3	94436	snp	55	20	0.4636	0.3591	0.8909	0.4	-0.4909
Chr3	94438	snp	56	22	0.4529	0.3442	0.8393	0.3182	-0.5211
Chr3	102406	snp	75	53	0.3947	0.3026	0.56	0.1509	-0.4091
Chr3	103129	snp	52	42	0.4212	0.3141	0.7692	0.2857	-0.4835
Chr3	103133	snp	51	39	0.4299	0.3228	0.7843	0.2821	-0.5023
Chr3	105436	snp	69	50	0.3832	0.3067	0.6522	0.12	-0.5322
Chr3	107577	snp	82	55	0.386	0.3071	0.5488	0.1091	-0.4397
Chr3	108132	snp	59	46	0.4053	0.3084	0.6949	0.1522	-0.5427
Chr3	108148	snp	51	41	0.4127	0.3152	0.7059	0.1951	-0.5108
Chr3	114055	snp	63	91	0.3944	0.2979	0.5714	0.1429	-0.4286
Chr3	117429	snp	48	40	0.4375	0.3333	0.75	0.2	-0.55
Chr3	117471	indel	54	48	0.4028	0.3194	0.7037	0.2917	-0.412
Chr3	117495	snp	58	50	0.4014	0.3117	0.6897	0.18	-0.5097
Chr3	119446	snp	53	39	0.4204	0.3203	0.7736	0.2308	-0.5428
Chr3	119543	indel	81	72	0.3889	0.2978	0.5556	0.0972	-0.4583
Chr3	119736	snp	49	50	0.4147	0.3135	0.6531	0.22	-0.4331
Chr3	120145	snp	47	33	0.4294	0.3295	0.766	0.2727	-0.4932
Chr3	120523	snp	78	60	0.3897	0.3	0.5513	0.1167	-0.4346
Chr3	122215	snp	76	40	0.4013	0.3079	0.5658	0.15	-0.4158
Chr3	122371	indel	86	59	0.3873	0.2982	0.6279	0.2373	-0.3906
Chr3	122522	snp	77	54	0.3992	0.3086	0.6623	0.2407	-0.4216
Chr3	122996	snp	76	69	0.3839	0.2969	0.4868	0.1014	-0.3854
Chr3	123175	snp	75	59	0.3713	0.2963	0.56	0.1186	-0.4414
Chr3	126767	snp	64	72	0.3924	0.2969	0.5312	0.1111	-0.4201
Chr3	127106	indel	60	39	0.4231	0.3192	0.6667	0.2308	-0.4359
Chr3	130691	snp	84	48	0.3899	0.3065	0.7024	0.1875	-0.5149
Chr3	130739	snp	87	51	0.4003	0.3056	0.6092	0.1373	-0.4719
Chr3	133494	snp	62	47	0.4104	0.3085	0.5968	0.1489	-0.4478
Chr3	133801	snp	43	22	0.4693	0.3552	0.9302	0.4545	-0.4757
Chr3	133850	snp	71	50	0.4042	0.302	0.6197	0.2	-0.4197
Chr3	134703	snp	48	45	0.4153	0.3181	0.6667	0.1778	-0.4889
Chr3	136926	snp	58	46	0.4108	0.3081	0.6724	0.2609	-0.4115
Chr3	145570	snp	94	87	0.3705	0.2888	0.5745	0.1609	-0.4135
Chr3	145714	snp	74	68	0.3915	0.2957	0.6351	0.2353	-0.3998
Chr3	146083	snp	49	38	0.4248	0.3287	0.6939	0.2368	-0.457
Chr3	150482	snp	37	26	0.4563	0.3524	0.9459	0.4615	-0.4844
Chr3	160398	snp	91	102	0.3605	0.2805	0.4945	0.1275	-0.3671
Chr3	163157	snp	64	42	0.4107	0.3177	0.8906	0.4524	-0.4382
Chr3	163338	snp	96	82	0.3686	0.294	0.5208	0.122	-0.3989
Chr3	165961	snp	92	94	0.3751	0.2815	0.5652	0.1809	-0.3844
Chr3	166671	snp	91	100	0.3774	0.2833	0.5604	0.14	-0.4204
Chr3	167162	snp	89	90	0.3747	0.2959	0.4831	0.1	-0.3831
Chr3	167910	snp	60	47	0.4004	0.3124	0.7333	0.2979	-0.4355
Chr3	168486	snp	74	58	0.3798	0.3001	0.527	0.1207	-0.4063
Chr3	168573	snp	78	59	0.4087	0.3099	0.5128	0.0847	-0.4281
Chr3	170704	snp	60	44	0.4076	0.3152	0.6167	0.1818	-0.4348
Chr3	170971	snp	44	33	0.4318	0.3409	0.8182	0.303	-0.5152
Chr3	173920	snp	97	100	0.372	0.2861	0.5052	0.11	-0.3952
Chr3	180270	indel	54	42	0.4101	0.3175	0.7963	0.3095	-0.4868
Chr3	180272	snp	53	37	0.409	0.3202	0.7358	0.3243	-0.4115
Chr3	180303	snp	44	33	0.4318	0.3409	0.7727	0.303	-0.4697
Chr3	180955	snp	26	42	0.4505	0.3443	0.7692	0.2619	-0.5073
Chr3	181296	snp	41	29	0.4315	0.3482	0.6829	0.1379	-0.545
Chr3	181366	snp	56	46	0.4115	0.3191	0.5357	0.1087	-0.427
Chr3	183826	snp	34	16	0.511	0.3934	0.8529	0.3125	-0.5404
Chr3	186529	snp	43	54	0.4195	0.3226	0.6279	0.2037	-0.4242
Chr3	187043	snp	49	34	0.4226	0.3247	0.7347	0.2647	-0.47
Chr3	191176	snp	76	79	0.3931	0.2923	0.4868	0.0759	-0.4109
Chr3	193473	indel	68	71	0.3838	0.3065	0.5294	0.0986	-0.4308
Chr3	195179	snp	60	27	0.437	0.3315	0.8333	0.2222	-0.6111
Chr3	195212	snp	60	20	0.4333	0.35	0.8333	0.25	-0.5833
Chr3	195292	snp	92	46	0.3913	0.3043	0.5326	0.0652	-0.4674
Chr3	195734	snp	78	56	0.402	0.3022	0.6026	0.1607	-0.4418
Chr3	205551	snp	68	59	0.3893	0.3036	0.5588	0.1525	-0.4063
Chr3	207125	snp	45	40	0.4139	0.3333	0.6667	0.25	-0.4167
Chr3	207150	snp	40	28	0.4429	0.3393	0.7	0.25	-0.45
Chr3	207308	snp	72	53	0.3954	0.3032	0.5972	0.1887	-0.4085
Chr3	207999	snp	93	103	0.3858	0.2956	0.5376	0.1456	-0.392
Chr3	208793	snp	62	56	0.3992	0.3059	0.7419	0.3214	-0.4205
Chr3	214619	snp	71	22	0.452	0.347	0.831	0.3636	-0.4673
Chr3	215108	snp	89	80	0.373	0.2942	0.6292	0.2125	-0.4167
Chr3	216570	snp	58	51	0.3979	0.307	0.6552	0.2157	-0.4395
Chr3	216965	snp	52	38	0.419	0.3239	0.7308	0.2632	-0.4676
Chr3	217076	snp	59	54	0.3927	0.3107	0.678	0.2593	-0.4187
Chr3	224323	snp	77	77	0.4026	0.2987	0.5974	0.1818	-0.4156
Chr3	224898	indel	38	21	0.4724	0.3609	0.9211	0.2857	-0.6353
Chr3	225917	snp	59	61	0.4048	0.3156	0.6102	0.0984	-0.5118
Chr3	226795	snp	50	19	0.4695	0.3642	0.8	0.3158	-0.4842
Chr3	231337	snp	58	74	0.3798	0.3001	0.5862	0.1351	-0.4511
Chr3	239552	indel	93	112	0.3773	0.286	0.5161	0.1161	-0.4001
Chr3	247019	snp	78	62	0.3983	0.3052	0.6282	0.1774	-0.4508
Chr3	248952	snp	41	18	0.4851	0.3631	0.7561	0.2222	-0.5339
Chr3	254217	snp	41	30	0.4472	0.3407	0.7561	0.1667	-0.5894
Chr3	254422	snp	77	55	0.4	0.3013	0.5714	0.1455	-0.426
Chr3	280185	indel	75	71	0.385	0.2967	0.6267	0.2113	-0.4154
Chr3	280258	snp	93	86	0.3742	0.2884	0.4946	0.1163	-0.3783
Chr3	281206	snp	31	25	0.4774	0.3652	0.9032	0.32	-0.5832
Chr3	283350	indel	102	89	0.3717	0.2911	0.5294	0.1124	-0.4171
Chr3	288247	snp	71	51	0.3991	0.309	0.6197	0.1373	-0.4825
Chr3	288297	snp	38	18	0.4649	0.3596	0.7895	0.2778	-0.5117
Chr3	289200	snp	70	55	0.4091	0.3169	0.5571	0.1455	-0.4117
Chr3	313032	snp	45	22	0.4586	0.3495	0.5778	0.0909	-0.4869
Chr3	313914	snp	69	47	0.4104	0.3108	0.5507	0.0851	-0.4656
Chr3	316880	indel	58	67	0.3958	0.3049	0.5	0.0896	-0.4104
Chr3	318341	snp	37	37	0.4324	0.3243	0.7838	0.2432	-0.5405
Chr3	336189	snp	75	51	0.4118	0.3122	0.6133	0.1569	-0.4565
Chr3	339544	snp	53	32	0.4163	0.3284	0.7358	0.2812	-0.4546
Chr3	339546	snp	53	30	0.4314	0.327	0.7358	0.3	-0.4358
Chr3	347252	snp	69	54	0.3953	0.3076	0.5942	0.1667	-0.4275
Chr3	348345	snp	71	37	0.4233	0.319	0.5493	0.0811	-0.4682
Chr3	355063	snp	71	53	0.3933	0.3037	0.6338	0.1698	-0.464
Chr3	357760	snp	70	61	0.3684	0.2885	0.5	0.1148	-0.3852
Chr3	357861	snp	39	30	0.459	0.341	0.9487	0.4333	-0.5154
Chr3	357862	snp	39	28	0.4579	0.3498	0.9487	0.4643	-0.4844
Chr3	358174	indel	94	72	0.3859	0.2999	0.5106	0.0694	-0.4412
Chr3	368380	snp	49	36	0.4365	0.3305	0.5918	0.0833	-0.5085
Chr3	371797	snp	56	55	0.4058	0.3146	0.6607	0.2182	-0.4425
Chr3	375876	snp	35	24	0.4512	0.3655	0.7429	0.25	-0.4929
Chr3	379497	snp	60	52	0.4064	0.3051	0.7333	0.2885	-0.4449
Chr3	379672	snp	72	61	0.4005	0.301	0.5694	0.1639	-0.4055
Chr3	379743	snp	44	35	0.4364	0.3331	0.7727	0.2857	-0.487
Chr3	379870	snp	43	33	0.4412	0.3432	0.7442	0.303	-0.4412
Chr3	380172	snp	87	81	0.3802	0.2929	0.4828	0.0988	-0.384
Chr3	380839	snp	74	77	0.3807	0.2948	0.5541	0.1558	-0.3982
Chr3	382220	snp	74	66	0.3931	0.3051	0.6351	0.2121	-0.423
Chr3	382273	indel	71	61	0.3999	0.3059	0.6761	0.2295	-0.4465
Chr3	382653	snp	49	35	0.4245	0.3306	0.7551	0.2286	-0.5265
Chr3	393430	indel	98	53	0.3914	0.2961	0.5102	0.0943	-0.4159
Chr3	397921	snp	96	90	0.3701	0.2868	0.4479	0.0778	-0.3701
Chr3	399207	snp	97	59	0.3923	0.3002	0.5876	0.1356	-0.452
Chr3	401218	snp	79	59	0.3948	0.3066	0.5443	0.0678	-0.4765
Chr3	404572	snp	51	34	0.4118	0.3235	0.5098	0.0882	-0.4216
Chr3	408912	indel	92	67	0.3944	0.2982	0.5543	0.1493	-0.4051
Chr3	411861	indel	31	32	0.4587	0.3387	0.7742	0.3125	-0.4617
Chr3	430648	snp	48	27	0.4398	0.3403	0.8958	0.4444	-0.4514
Chr3	431326	snp	69	55	0.3866	0.3033	0.5942	0.2	-0.3942
Chr3	431396	snp	48	30	0.4292	0.3333	0.8333	0.4	-0.4333
Chr3	436258	snp	56	34	0.4097	0.3204	0.5893	0.1765	-0.4128
Chr3	437368	snp	73	59	0.3993	0.3107	0.5753	0.1356	-0.4397
Chr3	437391	indel	78	78	0.3846	0.2949	0.5	0.0897	-0.4103
Chr3	439802	snp	72	49	0.4014	0.305	0.7083	0.2449	-0.4634
Chr3	439903	snp	63	36	0.4206	0.3175	0.746	0.2778	-0.4683
Chr3	441309	snp	58	56	0.3867	0.3017	0.6379	0.1607	-0.4772
Chr3	444883	snp	78	63	0.3913	0.301	0.5513	0.1111	-0.4402
Chr3	445543	snp	89	61	0.3772	0.2971	0.5169	0.1311	-0.3857
Chr3	445782	indel	105	107	0.3708	0.2837	0.5619	0.1215	-0.4404
Chr3	447880	snp	22	9	0.6162	0.4596	0.8636	0.2222	-0.6414
Chr3	447916	indel	13	9	0.6239	0.5043	0.7692	0.0	-0.7692
Chr3	456795	snp	84	61	0.3731	0.2941	0.5119	0.1311	-0.3808
Chr3	456903	snp	46	24	0.4438	0.3406	0.6304	0.125	-0.5054
Chr3	457461	snp	66	72	0.3914	0.2955	0.4848	0.0833	-0.4015
Chr3	457583	snp	72	78	0.3825	0.2917	0.5417	0.141	-0.4006
Chr3	457605	snp	69	68	0.4005	0.2992	0.5942	0.1912	-0.403
Chr3	461139	snp	77	71	0.3806	0.2983	0.5714	0.1831	-0.3883
Chr3	461931	snp	104	84	0.3741	0.2871	0.4904	0.1071	-0.3832
Chr3	462105	snp	77	70	0.3844	0.2987	0.5455	0.1143	-0.4312
Chr3	462156	indel	100	72	0.3783	0.2883	0.58	0.1389	-0.4411
Chr3	462468	snp	63	14	0.4841	0.381	0.9206	0.2857	-0.6349
Chr3	478118	snp	47	35	0.4377	0.3319	0.7021	0.2286	-0.4736
Chr3	478128	snp	41	29	0.4315	0.3482	0.7805	0.3448	-0.4357
Chr3	478595	snp	51	37	0.4308	0.3275	0.6667	0.1892	-0.4775
Chr3	480910	snp	58	47	0.4039	0.3147	0.6034	0.1915	-0.412
Chr3	481127	snp	43	47	0.4231	0.3261	0.6977	0.1702	-0.5275
Chr3	481517	snp	58	44	0.3997	0.3143	0.6724	0.2273	-0.4451
Chr3	483367	snp	61	41	0.4042	0.3147	0.5574	0.0732	-0.4842
Chr3	484504	snp	69	55	0.3866	0.3033	0.5942	0.2	-0.3942
Chr3	487659	snp	58	50	0.4014	0.3117	0.7241	0.3	-0.4241
Chr3	493629	snp	88	86	0.3679	0.278	0.5568	0.1628	-0.394
Chr3	498574	snp	53	25	0.4558	0.3457	0.7925	0.32	-0.4725
Chr3	500024	snp	44	37	0.4441	0.3292	0.8636	0.4054	-0.4582
Chr3	501549	indel	62	63	0.392	0.3103	0.7419	0.1905	-0.5515
Chr3	502266	snp	47	41	0.4338	0.3243	0.8723	0.3902	-0.4821
Chr3	504159	snp	48	37	0.4234	0.3361	0.8125	0.3243	-0.4882
Chr3	537270	snp	39	41	0.424	0.3252	0.7179	0.2439	-0.474
Chr3	537339	snp	69	79	0.3939	0.3049	0.5362	0.1266	-0.4096
Chr3	537340	snp	69	80	0.3982	0.3042	0.5507	0.15	-0.4007
Chr3	543798	snp	40	25	0.46	0.345	0.725	0.24	-0.485
Chr3	543818	snp	41	18	0.4851	0.3631	0.7805	0.2222	-0.5583
Chr3	543820	indel	38	23	0.4497	0.3535	0.7368	0.2174	-0.5195
Chr3	543910	snp	58	58	0.3966	0.3103	0.6034	0.1897	-0.4138
Chr3	545463	snp	33	19	0.4944	0.3732	0.6667	0.1579	-0.5088
Chr3	545666	snp	57	56	0.4154	0.3108	0.6491	0.2321	-0.417
Chr3	545797	snp	47	39	0.4157	0.3262	0.7872	0.3333	-0.4539
Chr3	547171	snp	81	57	0.4003	0.3067	0.5309	0.1228	-0.4081
Chr3	548738	indel	81	90	0.3778	0.2889	0.4815	0.1	-0.3815
Chr3	549471	snp	55	38	0.4297	0.3225	0.6909	0.2368	-0.4541
Chr3	551875	snp	48	33	0.4261	0.3314	0.7292	0.2424	-0.4867
Chr3	552143	indel	43	29	0.4451	0.3416	0.7907	0.3103	-0.4804
Chr3	552365	indel	56	55	0.4058	0.3146	0.7321	0.3091	-0.4231
Chr3	567165	snp	61	28	0.4309	0.3372	0.5738	0.0714	-0.5023
Chr3	572155	indel	95	65	0.3895	0.2955	0.5158	0.1077	-0.4081
Chr3	605195	indel	55	60	0.3955	0.3076	0.6	0.1667	-0.4333
Chr3	618047	snp	103	86	0.3754	0.2921	0.4466	0.0698	-0.3768
Chr3	663157	indel	39	26	0.4487	0.3462	0.7692	0.3077	-0.4615
Chr3	663361	indel	36	14	0.5357	0.4087	0.6389	0.0714	-0.5675
Chr3	670578	snp	61	49	0.4108	0.3128	0.5574	0.1429	-0.4145
Chr3	675321	snp	79	43	0.4089	0.3073	0.6329	0.186	-0.4469
Chr3	675375	snp	61	37	0.4289	0.3217	0.7049	0.2432	-0.4617
Chr3	675548	snp	61	31	0.4151	0.3316	0.8689	0.4194	-0.4495
Chr3	692628	snp	68	80	0.3919	0.3029	0.6471	0.1	-0.5471
Chr3	697230	snp	61	45	0.416	0.3166	0.7541	0.2	-0.5541
Chr3	699333	snp	56	51	0.4114	0.3165	0.7679	0.3529	-0.4149
Chr3	702966	snp	51	46	0.4211	0.3231	0.6471	0.1739	-0.4731
Chr3	715610	snp	43	52	0.4092	0.3202	0.7442	0.2115	-0.5326
Chr3	715797	snp	34	41	0.4426	0.335	0.7059	0.2195	-0.4864
Chr3	719447	snp	53	28	0.4313	0.3329	0.7547	0.3214	-0.4333
Chr3	722012	snp	84	91	0.3645	0.2857	0.5119	0.1209	-0.391
Chr3	723261	snp	58	37	0.4147	0.3234	0.7759	0.2973	-0.4786
Chr3	723283	snp	60	27	0.437	0.3315	0.8167	0.3704	-0.4463
Chr3	723786	snp	64	49	0.4161	0.3128	0.625	0.2041	-0.4209
Chr3	723910	snp	46	33	0.4361	0.332	0.8043	0.3333	-0.471
Chr3	723928	snp	50	40	0.415	0.325	0.7	0.25	-0.45
Chr3	724234	snp	79	71	0.3876	0.2965	0.5696	0.169	-0.4006
Chr3	724294	snp	65	34	0.4149	0.3213	0.6615	0.2353	-0.4262
Chr3	724908	snp	68	39	0.4235	0.3213	0.7353	0.2564	-0.4789
Chr3	726420	snp	89	85	0.3811	0.2924	0.5169	0.1294	-0.3874
Chr3	729579	snp	61	58	0.3954	0.3067	0.6393	0.2414	-0.398
Chr3	731840	snp	79	60	0.3981	0.3004	0.5316	0.1333	-0.3983
Chr3	894707	indel	90	76	0.3813	0.2892	0.5222	0.0921	-0.4301
Chr3	896306	indel	54	57	0.3996	0.3012	0.4815	0.0702	-0.4113
Chr3	899434	snp	92	71	0.3781	0.2936	0.5326	0.1408	-0.3918
Chr3	902992	snp	79	63	0.3946	0.3026	0.5823	0.1587	-0.4235
Chr3	904363	snp	93	73	0.3712	0.2919	0.5484	0.0685	-0.4799
Chr3	907499	indel	45	50	0.4133	0.3267	0.4889	0.04	-0.4489
Chr3	909341	indel	86	81	0.3781	0.2924	0.4884	0.0988	-0.3896
Chr3	919691	snp	81	70	0.3797	0.2926	0.5556	0.1571	-0.3984
Chr3	944045	indel	37	30	0.4378	0.3423	0.5946	0.0667	-0.5279
Chr3	953767	snp	40	39	0.4423	0.341	0.6	0.0769	-0.5231
Chr3	958878	snp	80	63	0.3859	0.3052	0.5375	0.127	-0.4105
Chr3	971632	snp	47	53	0.4095	0.3107	0.617	0.2075	-0.4095
Chr3	971726	snp	66	62	0.3998	0.3128	0.5455	0.1452	-0.4003
Chr3	979850	indel	78	84	0.3874	0.2967	0.6026	0.1429	-0.4597
Chr3	1035715	snp	42	38	0.4348	0.3271	0.7143	0.1316	-0.5827
Chr3	1036312	snp	99	69	0.3882	0.2978	0.4848	0.058	-0.4269
Chr3	1040378	snp	79	49	0.4007	0.3035	0.6456	0.2041	-0.4415
Chr3	1046158	indel	53	32	0.4163	0.3284	0.8113	0.2812	-0.5301
Chr3	1046163	snp	57	38	0.4211	0.3158	0.7719	0.2632	-0.5088
Chr3	1047261	snp	54	40	0.4167	0.3306	0.7407	0.275	-0.4657
Chr3	1049607	snp	80	68	0.3919	0.3029	0.5	0.0882	-0.4118
Chr3	1052086	snp	54	35	0.4196	0.3222	0.5926	0.1714	-0.4212
Chr3	1053541	snp	72	58	0.3803	0.3051	0.625	0.2069	-0.4181
Chr3	1053871	snp	73	73	0.3836	0.3014	0.5479	0.137	-0.411
Chr3	1064326	snp	78	36	0.4188	0.3141	0.6026	0.1667	-0.4359
Chr3	1064365	snp	79	28	0.4173	0.3219	0.5696	0.1429	-0.4268
Chr3	1064693	snp	58	22	0.4451	0.3464	0.7931	0.3182	-0.4749
Chr3	1065893	snp	39	17	0.4751	0.3725	0.8718	0.3529	-0.5189
Chr3	1075237	snp	51	30	0.4333	0.3333	0.6275	0.1333	-0.4941
Chr3	1075255	indel	54	39	0.4217	0.3248	0.5556	0.1282	-0.4274
Chr3	1075955	snp	51	33	0.4314	0.3351	0.7647	0.2727	-0.492
Chr3	1089296	indel	69	38	0.4088	0.3127	0.5942	0.1842	-0.41
Chr3	1090138	snp	50	35	0.4171	0.3257	0.54	0.1143	-0.4257
Chr3	1139859	indel	90	73	0.3782	0.2883	0.5333	0.1096	-0.4237
Chr3	1169107	snp	65	48	0.417	0.3093	0.6769	0.1875	-0.4894
Chr3	1198984	snp	69	42	0.4193	0.3199	0.6232	0.1905	-0.4327
Chr3	1199027	snp	63	37	0.4153	0.3218	0.6349	0.2162	-0.4187
Chr3	1199957	snp	54	46	0.4211	0.3221	0.6481	0.2174	-0.4308
Chr3	1200076	snp	83	64	0.3934	0.302	0.5542	0.125	-0.4292
Chr3	1200417	snp	63	40	0.4167	0.3214	0.7302	0.3	-0.4302
Chr3	1205778	indel	56	37	0.4257	0.3272	0.7143	0.2703	-0.444
Chr3	1206001	snp	62	34	0.4231	0.3292	0.6774	0.1765	-0.5009
Chr3	1208695	snp	68	49	0.4031	0.3163	0.6471	0.2041	-0.443
Chr3	1208732	snp	61	46	0.4116	0.3083	0.623	0.1739	-0.449
Chr3	1210460	snp	50	43	0.4177	0.3242	0.68	0.186	-0.494
Chr3	1210469	snp	50	40	0.415	0.325	0.7	0.225	-0.475
Chr3	1210644	snp	49	31	0.424	0.3305	0.7959	0.3548	-0.4411
Chr3	1216650	snp	97	91	0.3644	0.2833	0.5258	0.1209	-0.4049
Chr3	1217951	indel	36	25	0.4578	0.3467	1.0	0.4	-0.6
Chr3	1217955	snp	51	33	0.4314	0.3351	0.7451	0.303	-0.4421
Chr3	1219359	snp	52	50	0.4138	0.3131	0.6538	0.08	-0.5738
Chr3	1219393	indel	62	64	0.4103	0.3155	0.6129	0.0625	-0.5504
Chr3	1220785	snp	70	79	0.3861	0.2982	0.4429	0.038	-0.4049
Chr3	1222269	indel	88	58	0.3836	0.2978	0.625	0.2241	-0.4009
Chr3	1224622	snp	63	35	0.419	0.3206	0.8254	0.3714	-0.454
Chr3	1225439	snp	55	46	0.4012	0.3138	0.6182	0.1739	-0.4443
Chr3	1225468	snp	60	32	0.4292	0.325	0.7167	0.25	-0.4667
Chr3	1227996	snp	52	35	0.4247	0.3297	0.9423	0.4857	-0.4566
Chr3	1231030	snp	50	44	0.4164	0.3164	0.7	0.2273	-0.4727
Chr3	1231297	snp	67	102	0.3775	0.2902	0.5224	0.0882	-0.4342
Chr3	1231455	snp	73	94	0.3917	0.2989	0.5616	0.117	-0.4446
Chr3	1233374	snp	40	18	0.4833	0.3667	0.85	0.2778	-0.5722
Chr3	1233385	indel	39	22	0.4534	0.3601	0.9231	0.2727	-0.6503
Chr3	1233423	snp	36	16	0.5069	0.3819	0.9444	0.25	-0.6944
Chr3	1240268	snp	68	64	0.4044	0.3051	0.5735	0.125	-0.4485
Chr3	1242599	snp	56	34	0.4097	0.3204	0.8393	0.4118	-0.4275
Chr3	1251125	indel	71	55	0.3851	0.3024	0.5915	0.1818	-0.4097
Chr3	1253269	snp	64	31	0.4315	0.3337	0.5625	0.129	-0.4335
Chr3	1253580	snp	56	55	0.4058	0.3146	0.75	0.2545	-0.4955
Chr3	1255149	snp	59	47	0.4053	0.3163	0.5593	0.1489	-0.4104
Chr3	1255798	snp	40	33	0.4576	0.347	0.725	0.1818	-0.5432
Chr3	1260482	snp	106	106	0.3679	0.283	0.5283	0.1321	-0.3962
Chr3	1261062	snp	66	55	0.4091	0.3061	0.5606	0.1455	-0.4152
Chr3	1261254	snp	58	34	0.4178	0.3245	0.6897	0.1765	-0.5132
Chr3	1261351	snp	73	41	0.4166	0.3221	0.726	0.2927	-0.4333
Chr3	1263530	snp	46	27	0.4388	0.343	0.6304	0.1852	-0.4452
Chr3	1295120	snp	31	29	0.4638	0.356	0.8387	0.3103	-0.5284
Chr3	1297078	snp	74	56	0.4044	0.3055	0.4595	0.0357	-0.4237
Chr3	1300308	snp	27	18	0.4815	0.3704	0.7778	0.2778	-0.5
Chr3	1300410	indel	35	54	0.4196	0.3222	0.7143	0.1667	-0.5476
Chr3	1307143	snp	33	31	0.4487	0.3519	0.6667	0.1935	-0.4731
Chr3	1355250	snp	64	59	0.3994	0.3096	0.6094	0.1695	-0.4399
Chr3	1506740	snp	48	57	0.4167	0.3191	0.625	0.1404	-0.4846
Chr3	1508127	indel	63	63	0.3968	0.3016	0.619	0.1587	-0.4603
Chr3	1509089	snp	47	42	0.4189	0.3262	0.8085	0.381	-0.4276
Chr3	1510150	indel	60	93	0.3844	0.2989	0.5667	0.1613	-0.4054
Chr3	1510156	snp	57	78	0.3974	0.305	0.614	0.1667	-0.4474
Chr3	1518579	snp	56	69	0.4032	0.3072	0.5357	0.1304	-0.4053
Chr3	1520050	snp	49	39	0.4218	0.3349	0.7347	0.3077	-0.427
Chr3	1522343	snp	60	35	0.4214	0.3262	0.7	0.2286	-0.4714
Chr3	1524059	snp	67	40	0.4112	0.3216	0.6866	0.275	-0.4116
Chr3	1525421	indel	60	66	0.4	0.297	0.7333	0.2576	-0.4758
Chr3	1525574	indel	109	88	0.3691	0.2842	0.4954	0.125	-0.3704
Chr3	1525641	snp	75	56	0.3895	0.3005	0.6	0.1786	-0.4214
Chr3	1526333	snp	59	50	0.4088	0.3149	0.7627	0.2	-0.5627
Chr3	1528798	snp	74	66	0.3931	0.3051	0.6351	0.2121	-0.423
Chr3	1529183	snp	70	77	0.3844	0.2987	0.5571	0.1558	-0.4013
Chr3	1529636	snp	56	43	0.412	0.314	0.7321	0.2093	-0.5228
Chr3	1529639	snp	56	34	0.4097	0.3204	0.75	0.2647	-0.4853
Chr3	1529973	indel	82	109	0.38	0.2915	0.5488	0.1101	-0.4387
Chr3	1530763	snp	39	24	0.4679	0.3526	0.641	0.1667	-0.4744
Chr3	1536475	snp	84	63	0.3849	0.3016	0.4762	0.0794	-0.3968
Chr3	1538411	snp	86	78	0.3739	0.2841	0.5116	0.1154	-0.3962
Chr3	1539677	snp	99	99	0.3636	0.2828	0.4646	0.0808	-0.3838
Chr3	1554929	snp	66	66	0.3939	0.303	0.5606	0.1364	-0.4242
Chr3	1559710	snp	39	22	0.4534	0.3601	0.7436	0.1818	-0.5618
Chr3	1578996	snp	98	93	0.3766	0.2908	0.4796	0.0968	-0.3828
Chr3	1597433	indel	104	96	0.3694	0.2869	0.4904	0.0938	-0.3966
Chr3	1600056	snp	79	101	0.3739	0.2859	0.5823	0.1584	-0.4239
Chr3	1602774	indel	61	65	0.4096	0.309	0.5574	0.1385	-0.4189
Chr3	1618341	snp	52	41	0.4151	0.3227	0.6346	0.1951	-0.4395
Chr3	1619064	snp	65	58	0.3973	0.3093	0.5385	0.1379	-0.4005
Chr3	1631188	snp	51	36	0.4281	0.3333	0.6275	0.1944	-0.433
Chr3	1631261	snp	44	34	0.4332	0.3316	0.7273	0.1765	-0.5508
Chr3	1631273	indel	42	37	0.4247	0.3346	0.6667	0.1622	-0.5045
Chr3	1631308	snp	51	41	0.4127	0.3152	0.6863	0.1707	-0.5155
Chr3	1634070	snp	77	67	0.3801	0.295	0.5065	0.1045	-0.402
Chr3	1634408	snp	52	45	0.4021	0.3115	0.8269	0.2222	-0.6047
Chr3	1634423	snp	51	53	0.404	0.3111	0.7843	0.2264	-0.5579
Chr3	1635402	snp	71	50	0.4042	0.302	0.6479	0.18	-0.4679
Chr3	1636077	snp	58	38	0.4111	0.3212	0.7241	0.1579	-0.5662
Chr3	1636086	snp	62	30	0.4312	0.3333	0.6774	0.1333	-0.5441
Chr3	1637473	snp	42	24	0.4405	0.3452	0.7143	0.25	-0.4643
Chr3	1640321	snp	50	36	0.4222	0.3267	0.7	0.1667	-0.5333
Chr3	1640347	indel	64	51	0.4053	0.311	0.6562	0.098	-0.5582
Chr3	1640383	indel	57	31	0.429	0.3322	0.7544	0.2903	-0.4641
Chr3	1826399	snp	58	54	0.4183	0.3123	0.6207	0.1667	-0.454
Chr3	1828246	indel	26	33	0.4662	0.3531	0.7692	0.2727	-0.4965
Chr3	1829560	snp	34	38	0.4427	0.3375	0.8235	0.2895	-0.5341
Chr3	1853126	snp	62	47	0.4104	0.3085	0.629	0.2128	-0.4163
Chr3	1867672	snp	98	74	0.3858	0.2943	0.4592	0.0676	-0.3916
Chr3	1915437	snp	82	66	0.4013	0.3019	0.4756	0.0606	-0.415
Chr3	1915570	snp	53	37	0.409	0.3202	0.6792	0.2162	-0.463
Chr3	1915601	snp	52	45	0.4021	0.3115	0.7308	0.2	-0.5308
Chr3	1916856	snp	37	24	0.4696	0.3694	0.8649	0.375	-0.4899
Chr3	1917024	snp	47	30	0.4418	0.3383	0.8936	0.4333	-0.4603
Chr3	1918333	snp	48	43	0.4157	0.3154	0.6458	0.1395	-0.5063
Chr3	1923901	indel	67	70	0.4009	0.3119	0.6269	0.1571	-0.4697
Chr3	1942217	indel	74	51	0.4025	0.3079	0.5405	0.0784	-0.4621
Chr3	1988863	snp	80	53	0.3854	0.2979	0.6	0.1887	-0.4113
Chr3	1989310	snp	55	54	0.4125	0.3047	0.7091	0.2778	-0.4313
Chr3	1989415	indel	51	67	0.3989	0.3102	0.7843	0.194	-0.5903
Chr3	1989458	snp	41	49	0.4385	0.336	0.8049	0.2041	-0.6008
Chr3	1991234	indel	75	57	0.3902	0.2968	0.52	0.0877	-0.4323
Chr3	1991309	snp	55	36	0.4111	0.3222	0.8	0.1667	-0.6333
Chr3	1991322	snp	57	32	0.4265	0.3289	0.7544	0.1562	-0.5981
Chr3	2024377	snp	91	83	0.3865	0.288	0.5275	0.0843	-0.4431
Chr3	2029446	snp	72	86	0.376	0.2923	0.5972	0.186	-0.4112
Chr3	2029770	indel	113	92	0.3698	0.2813	0.4867	0.0978	-0.3889
Chr3	2035103	snp	62	70	0.3811	0.2991	0.6452	0.2	-0.4452
Chr3	2036721	snp	85	61	0.3965	0.3049	0.5647	0.1639	-0.4008
Chr3	2037342	indel	50	49	0.4147	0.3135	0.78	0.3469	-0.4331
Chr3	2044828	snp	51	48	0.4191	0.3223	0.6667	0.2292	-0.4375
Chr3	2045802	snp	86	98	0.3742	0.281	0.5581	0.1633	-0.3949
Chr3	2047763	snp	79	53	0.3948	0.3107	0.5949	0.1132	-0.4817
Chr3	2049327	snp	70	34	0.4202	0.3227	0.5714	0.1471	-0.4244
Chr3	2053127	snp	79	79	0.3797	0.3038	0.519	0.1392	-0.3797
Chr3	2078207	snp	64	62	0.4103	0.3155	0.6719	0.2581	-0.4138
Chr3	2080157	indel	54	43	0.4195	0.3226	0.5556	0.1163	-0.4393
Chr3	2091771	snp	67	89	0.3755	0.2968	0.597	0.1685	-0.4285
Chr3	2092331	snp	55	54	0.4125	0.3047	0.6727	0.2222	-0.4505
Chr3	2093879	indel	32	42	0.442	0.3393	0.5312	0.0476	-0.4836
Chr3	2094558	indel	31	16	0.5181	0.3931	0.9677	0.1875	-0.7802
Chr3	2094559	indel	31	15	0.5097	0.4065	0.6129	0.0	-0.6129
Chr3	2094560	indel	30	17	0.498	0.3902	0.8667	0.1765	-0.6902
Chr3	2100017	indel	69	71	0.3874	0.2997	0.5072	0.1127	-0.3946
Chr3	2102609	snp	82	75	0.3896	0.2917	0.5244	0.12	-0.4044
Chr3	2102854	snp	53	45	0.4147	0.3182	0.6604	0.2444	-0.4159
Chr3	2103967	snp	58	41	0.4142	0.3238	0.6897	0.1951	-0.4945
Chr3	2107258	snp	68	65	0.3995	0.3093	0.6176	0.2	-0.4176
Chr3	2108284	snp	78	86	0.3739	0.2841	0.5256	0.1512	-0.3745
Chr3	2111638	snp	50	50	0.42	0.32	0.76	0.32	-0.44
Chr3	2111692	snp	60	62	0.3968	0.3086	0.6667	0.2419	-0.4247
Chr3	2112037	snp	48	29	0.4325	0.342	0.7083	0.2414	-0.467
Chr3	2112179	snp	49	50	0.4147	0.3135	0.6735	0.22	-0.4535
Chr3	2112179	indel	54	49	0.4161	0.3159	0.6667	0.1837	-0.483
Chr3	2112186	indel	52	49	0.4223	0.3214	0.6923	0.2449	-0.4474
Chr3	2113542	snp	44	23	0.4585	0.3528	0.75	0.1739	-0.5761
Chr3	2114517	snp	46	35	0.4373	0.3335	0.6957	0.2286	-0.4671
Chr3	2114960	snp	45	46	0.4266	0.3203	0.8444	0.413	-0.4314
Chr3	2115057	snp	67	57	0.3936	0.3077	0.6269	0.193	-0.4339
Chr3	2119320	snp	70	73	0.3838	0.2969	0.5	0.0959	-0.4041
Chr3	2126853	indel	57	44	0.4083	0.3186	0.7895	0.2727	-0.5167
Chr3	2128929	snp	55	37	0.4113	0.3214	0.7636	0.2703	-0.4934
Chr3	2130709	snp	64	50	0.405	0.3181	0.5625	0.12	-0.4425
Chr3	2137013	snp	58	29	0.431	0.3448	0.7759	0.3448	-0.431
Chr3	2137104	snp	50	37	0.4249	0.3346	0.82	0.2162	-0.6038
Chr3	2137194	snp	71	73	0.3884	0.294	0.5634	0.1507	-0.4127
Chr3	2138405	snp	58	52	0.3952	0.305	0.6034	0.1346	-0.4688
Chr3	2140292	snp	54	29	0.4361	0.3404	0.7593	0.2759	-0.4834
Chr3	2140514	snp	59	56	0.3977	0.3057	0.7458	0.2679	-0.4779
Chr3	2140547	snp	49	45	0.429	0.3215	0.8571	0.3333	-0.5238
Chr3	2140847	snp	73	67	0.3827	0.2956	0.6438	0.1493	-0.4946
Chr3	2141536	snp	50	42	0.4229	0.3219	0.8	0.3095	-0.4905
Chr3	2141842	snp	62	35	0.418	0.3235	0.871	0.4	-0.471
Chr3	2141909	snp	58	37	0.4147	0.3234	0.8448	0.4054	-0.4394
Chr3	2146508	snp	53	76	0.4007	0.3069	0.5283	0.0395	-0.4888
Chr3	2146912	snp	45	32	0.434	0.3368	0.7111	0.25	-0.4611
Chr3	2147368	snp	91	66	0.3783	0.2915	0.5165	0.1061	-0.4104
Chr3	2147432	indel	83	89	0.3907	0.2974	0.5783	0.1348	-0.4435
Chr3	2147562	snp	66	45	0.4091	0.3121	0.7121	0.2222	-0.4899
Chr3	2147583	snp	71	56	0.3979	0.3058	0.6761	0.1429	-0.5332
Chr3	2148702	snp	93	92	0.3739	0.2862	0.5269	0.1196	-0.4073
Chr3	2150639	snp	43	30	0.4481	0.3411	0.6279	0.1	-0.5279
Chr3	2152800	snp	42	31	0.4493	0.3287	0.7857	0.2581	-0.5276
Chr3	2152808	snp	45	25	0.4578	0.3511	0.8	0.28	-0.52
Chr3	2154421	indel	57	43	0.4117	0.3125	0.807	0.2558	-0.5512
Chr3	2154721	snp	43	62	0.407	0.314	0.7442	0.3226	-0.4216
Chr3	2155307	snp	50	46	0.3991	0.3174	0.74	0.2174	-0.5226
Chr3	2155329	snp	51	42	0.4146	0.3179	0.7255	0.3095	-0.416
Chr3	2155643	snp	57	33	0.4258	0.3333	0.7719	0.303	-0.4689
Chr3	2159050	indel	49	39	0.4218	0.3349	0.8571	0.359	-0.4982
Chr3	2159066	snp	50	42	0.4229	0.3219	0.76	0.2857	-0.4743
Chr3	2159882	snp	60	35	0.4214	0.3262	0.75	0.2857	-0.4643
Chr3	2159887	snp	61	36	0.4185	0.316	0.7541	0.3333	-0.4208
Chr3	2161981	snp	70	71	0.3893	0.3034	0.7143	0.3239	-0.3903
Chr3	2163062	snp	76	48	0.3947	0.307	0.5263	0.0625	-0.4638
Chr3	2165586	snp	75	59	0.3713	0.2963	0.6	0.1864	-0.4136
Chr3	2165630	snp	75	68	0.3914	0.3004	0.6	0.2059	-0.3941
Chr3	2167289	snp	84	56	0.3929	0.2976	0.6667	0.1786	-0.4881
Chr3	2169565	snp	83	93	0.3723	0.288	0.5181	0.1398	-0.3783
Chr3	2170567	snp	60	31	0.422	0.3263	0.6	0.1613	-0.4387
Chr3	2179058	snp	53	34	0.4206	0.3246	0.566	0.0882	-0.4778
Chr3	2181876	indel	92	78	0.3821	0.294	0.5435	0.1282	-0.4153
Chr3	2181949	indel	56	52	0.408	0.3077	0.875	0.4231	-0.4519
Chr3	2182155	snp	64	59	0.3994	0.3096	0.75	0.2373	-0.5127
Chr3	2182205	indel	83	107	0.3825	0.2917	0.6024	0.1682	-0.4342
Chr3	2183831	snp	65	60	0.3949	0.3038	0.5385	0.1167	-0.4218
Chr3	2186252	snp	39	33	0.4242	0.3333	0.7179	0.2727	-0.4452
Chr3	2194488	snp	70	94	0.3915	0.2951	0.5	0.0851	-0.4149
Chr3	2195990	snp	31	18	0.5108	0.3907	0.871	0.3333	-0.5376
Chr3	2197876	snp	70	68	0.3937	0.3063	0.5714	0.1471	-0.4244
Chr3	2198064	snp	68	46	0.3932	0.2999	0.75	0.3478	-0.4022
Chr3	2198603	snp	65	36	0.4299	0.3278	0.6	0.1389	-0.4611
Chr3	2199003	snp	68	87	0.384	0.2958	0.6029	0.1954	-0.4075
Chr3	2208953	snp	60	38	0.4149	0.3219	0.5667	0.1316	-0.4351
Chr3	2220807	snp	48	36	0.4306	0.3333	0.7917	0.3333	-0.4583
Chr3	2220841	snp	52	46	0.4172	0.3253	0.7692	0.3261	-0.4431
Chr3	2222682	snp	58	31	0.4166	0.3281	0.6897	0.2258	-0.4638
Chr3	2231905	indel	87	67	0.3877	0.2946	0.5172	0.0896	-0.4277
Chr3	2252526	indel	49	37	0.4242	0.3227	0.8571	0.3243	-0.5328
Chr3	2252539	snp	52	43	0.4092	0.3202	0.7308	0.3023	-0.4284
Chr3	2252569	indel	58	56	0.3867	0.3017	0.6379	0.25	-0.3879
Chr3	2260282	indel	31	25	0.4774	0.3652	0.8387	0.28	-0.5587
Chr3	2260290	snp	33	25	0.4667	0.3673	0.7273	0.24	-0.4873
Chr3	2264541	snp	44	41	0.4329	0.3193	0.6591	0.2195	-0.4396
Chr3	2265956	snp	64	41	0.4123	0.3236	0.6094	0.1707	-0.4386
Chr3	2266110	snp	81	50	0.4002	0.3067	0.5926	0.18	-0.4126
Chr3	2267276	snp	71	70	0.3893	0.3034	0.6901	0.2429	-0.4473
Chr3	2267349	indel	76	73	0.3796	0.294	0.75	0.274	-0.476
Chr3	2267355	snp	71	65	0.3876	0.3029	0.7606	0.2923	-0.4683
Chr3	2276050	snp	59	38	0.4166	0.3189	0.8644	0.4474	-0.417
Chr3	2282447	snp	72	66	0.3914	0.2955	0.5278	0.1212	-0.4066
Chr3	2285908	snp	41	26	0.4484	0.3443	0.7317	0.2692	-0.4625
Chr3	2286381	snp	61	53	0.3981	0.3087	0.7213	0.3208	-0.4006
Chr3	2286487	indel	43	37	0.4318	0.3344	0.7907	0.2973	-0.4934
Chr3	2287569	snp	49	47	0.4155	0.3178	0.7959	0.3617	-0.4342
Chr3	2288425	snp	34	36	0.4395	0.3448	0.7647	0.1111	-0.6536
Chr3	2291141	indel	69	50	0.3832	0.3067	0.6522	0.26	-0.3922
Chr3	2292816	snp	98	86	0.3742	0.281	0.5612	0.1395	-0.4217
Chr3	2293015	snp	51	51	0.4314	0.3333	0.6863	0.1569	-0.5294
Chr3	2293056	snp	46	43	0.4196	0.3266	0.6304	0.1395	-0.4909
Chr3	2294467	snp	64	63	0.4033	0.307	0.7656	0.3016	-0.464
Chr3	2299767	snp	79	64	0.3993	0.2959	0.5063	0.0938	-0.4126
Chr3	2302196	snp	48	58	0.4052	0.3175	0.5833	0.1207	-0.4626
Chr3	2302203	indel	48	54	0.4028	0.3194	0.625	0.2037	-0.4213
Chr3	2369838	snp	21	18	0.5	0.3889	0.5238	0.0	-0.5238
Chr3	2372478	snp	30	18	0.5	0.3889	0.6667	0.1667	-0.5
Chr3	2373106	snp	45	30	0.4444	0.3444	0.6444	0.2	-0.4444
Chr3	2373676	snp	93	86	0.3742	0.2884	0.4516	0.0698	-0.3818
Chr3	2375298	indel	59	48	0.3902	0.3121	0.5932	0.125	-0.4682
Chr3	2380458	snp	42	34	0.437	0.3361	0.8095	0.3529	-0.4566
Chr3	2380487	snp	59	64	0.3994	0.3096	0.661	0.2188	-0.4423
Chr3	2381626	indel	47	47	0.4043	0.3191	0.5532	0.1277	-0.4255
Chr3	2387965	indel	50	40	0.415	0.325	0.54	0.125	-0.415
Chr3	2392027	snp	45	40	0.4139	0.3333	0.6667	0.2	-0.4667
Chr3	2394748	indel	101	70	0.3767	0.2942	0.7426	0.3143	-0.4283
Chr3	2394768	indel	74	75	0.3811	0.3011	0.7297	0.3333	-0.3964
Chr3	2396221	snp	52	41	0.4151	0.3227	0.5769	0.1463	-0.4306
Chr3	2401520	snp	60	43	0.4143	0.3174	0.8667	0.3721	-0.4946
Chr3	2401860	indel	61	40	0.4152	0.3152	0.8361	0.375	-0.4611
Chr3	2401953	indel	85	63	0.3808	0.3008	0.5647	0.1429	-0.4218
Chr3	2401963	snp	93	64	0.3874	0.2965	0.5484	0.125	-0.4234
Chr3	2419776	indel	52	53	0.4118	0.3153	0.5962	0.1509	-0.4452
Chr3	2433796	snp	47	37	0.4204	0.3255	0.7447	0.3243	-0.4204
Chr3	2439725	indel	71	76	0.3866	0.3011	0.4789	0.0921	-0.3868
Chr3	2445871	indel	81	71	0.3885	0.2932	0.4691	0.0704	-0.3987
Chr3	2449176	indel	62	74	0.3906	0.2995	0.5645	0.1081	-0.4564
Chr3	2475541	snp	72	58	0.3803	0.3051	0.4861	0.069	-0.4171
Chr3	2479779	snp	51	50	0.4078	0.3086	0.7843	0.36	-0.4243
Chr3	2479905	snp	48	47	0.4136	0.3223	0.625	0.1915	-0.4335
Chr3	2480263	snp	62	60	0.3968	0.3086	0.5161	0.1167	-0.3995
Chr3	2487488	snp	63	47	0.4272	0.3056	0.6984	0.1915	-0.5069
Chr3	2492641	snp	108	88	0.3725	0.2866	0.5556	0.1818	-0.3737
Chr3	2497977	indel	46	30	0.4507	0.342	0.913	0.4	-0.513
Chr3	2498460	snp	33	45	0.4384	0.3333	0.6667	0.2222	-0.4444
Chr3	2498491	snp	48	50	0.4092	0.3225	0.6458	0.18	-0.4658
Chr3	2501921	snp	73	79	0.3865	0.2956	0.5479	0.1139	-0.434
Chr3	2503858	snp	42	43	0.4324	0.3383	0.6429	0.2093	-0.4336
Chr3	2505064	snp	59	32	0.428	0.3289	0.7119	0.2188	-0.4931
Chr3	2507607	snp	49	19	0.4629	0.3577	0.9184	0.4211	-0.4973
Chr3	2507924	snp	58	35	0.4325	0.33	0.7069	0.2	-0.5069
Chr3	2511318	indel	44	23	0.4585	0.3528	0.7045	0.2174	-0.4872
Chr3	2511370	snp	44	34	0.4332	0.3316	0.7045	0.2647	-0.4398
Chr3	2511615	snp	57	65	0.4005	0.3082	0.7368	0.2308	-0.5061
Chr3	2514526	snp	77	64	0.389	0.3054	0.6494	0.125	-0.5244
Chr3	2514587	snp	80	66	0.3883	0.297	0.5875	0.1515	-0.436
Chr3	2515430	snp	51	26	0.4351	0.3386	0.5686	0.1154	-0.4532
Chr3	2515506	indel	80	60	0.3917	0.3042	0.4875	0.0833	-0.4042
Chr3	2517020	snp	56	73	0.3855	0.2979	0.7143	0.274	-0.4403
Chr3	2531642	snp	72	73	0.3662	0.2953	0.4861	0.1096	-0.3765
Chr3	2532768	snp	51	46	0.4211	0.3231	0.6275	0.1739	-0.4535
Chr3	2533359	snp	51	60	0.4059	0.3157	0.6863	0.2333	-0.4529
Chr3	2552029	snp	110	93	0.3675	0.2873	0.5455	0.1183	-0.4272
Chr3	2552061	snp	104	91	0.3832	0.2981	0.5577	0.1538	-0.4038
Chr3	2571158	snp	81	82	0.3746	0.2892	0.5432	0.0976	-0.4456
Chr3	2572402	indel	58	50	0.4014	0.3117	0.6897	0.24	-0.4497
Chr3	2572407	indel	51	47	0.4113	0.3179	0.7451	0.2766	-0.4685
Chr3	2573922	snp	42	49	0.415	0.3231	0.7619	0.2857	-0.4762
Chr3	2575605	snp	77	72	0.3885	0.303	0.5714	0.1806	-0.3909
Chr3	2575683	snp	65	55	0.3958	0.3091	0.7231	0.2364	-0.4867
Chr3	2576243	snp	39	33	0.4242	0.3333	0.7692	0.3333	-0.4359
Chr3	2582366	indel	61	44	0.3994	0.3148	0.8033	0.3864	-0.4169
Chr3	2583530	snp	54	40	0.4167	0.3306	0.7778	0.325	-0.4528
Chr3	2584575	snp	68	66	0.4015	0.3115	0.5882	0.1667	-0.4216
Chr3	2586688	snp	90	49	0.405	0.3029	0.5667	0.1429	-0.4238
Chr3	2587068	snp	72	45	0.4139	0.3167	0.6389	0.2	-0.4389
Chr3	2591420	snp	73	52	0.4075	0.3061	0.6712	0.1346	-0.5366
Chr3	2591885	snp	53	27	0.4396	0.3445	0.6415	0.1111	-0.5304
Chr3	2626228	snp	41	37	0.437	0.3316	0.9024	0.4054	-0.497
Chr3	2626924	indel	64	49	0.4161	0.3128	0.5625	0.1224	-0.4401
Chr3	2628735	snp	57	35	0.414	0.3173	0.7193	0.2	-0.5193
Chr3	2629721	snp	76	48	0.3947	0.307	0.6711	0.2083	-0.4627
Chr3	2629757	snp	79	48	0.4135	0.3085	0.6835	0.2083	-0.4752
Chr3	2637514	snp	71	59	0.3903	0.3001	0.6338	0.2373	-0.3965
Chr3	2644509	snp	17	13	0.5566	0.4389	0.8235	0.1538	-0.6697
Chr3	2646089	snp	37	27	0.4535	0.3524	0.7838	0.1852	-0.5986
Chr3	2646124	snp	50	32	0.43	0.3363	0.66	0.2188	-0.4413
Chr3	2667187	indel	57	72	0.3962	0.3019	0.4912	0.0694	-0.4218
Chr3	2686235	snp	113	78	0.375	0.295	0.4513	0.0641	-0.3872
Chr3	2691869	snp	97	77	0.3871	0.2943	0.4639	0.0649	-0.399
Chr3	2702227	indel	78	53	0.395	0.3	0.5	0.0943	-0.4057
Chr3	2739721	snp	77	56	0.3831	0.3019	0.4935	0.1071	-0.3864
Chr3	2742141	snp	66	89	0.397	0.2978	0.4545	0.0449	-0.4096
Chr3	2768868	indel	89	51	0.4023	0.3069	0.4831	0.0588	-0.4243
Chr3	2818200	snp	83	78	0.3716	0.2955	0.4819	0.0769	-0.405
Chr3	2908473	indel	97	76	0.3749	0.2971	0.567	0.1053	-0.4617
Chr3	2925990	snp	119	89	0.372	0.2905	0.563	0.1573	-0.4057
Chr3	3000874	indel	130	116	0.3733	0.2853	0.5769	0.1466	-0.4304
Chr3	3000959	snp	99	94	0.3625	0.2864	0.5152	0.1489	-0.3662
Chr3	3002387	indel	95	56	0.4017	0.307	0.5158	0.1071	-0.4086
Chr3	3003904	snp	57	56	0.4154	0.3108	0.5614	0.1429	-0.4185
Chr3	3004025	snp	59	41	0.4117	0.3154	0.7627	0.2195	-0.5432
Chr3	3004051	snp	60	27	0.437	0.3315	0.8	0.3333	-0.4667
Chr3	3007506	snp	49	49	0.4082	0.3265	0.6735	0.2245	-0.449
Chr3	3009396	snp	47	33	0.4294	0.3295	0.766	0.3333	-0.4326
Chr3	3009409	snp	52	34	0.4389	0.3303	0.75	0.2941	-0.4559
Chr3	3015503	snp	54	41	0.4101	0.3144	0.6667	0.2195	-0.4472
Chr3	3127928	indel	75	37	0.4227	0.3157	0.48	0.0541	-0.4259
Chr3	3131343	snp	128	98	0.3645	0.2779	0.6016	0.2245	-0.3771
Chr3	3131416	indel	131	109	0.3628	0.2805	0.5878	0.2202	-0.3676
Chr3	3183646	snp	85	100	0.3718	0.2859	0.4941	0.09	-0.4041
Chr3	3192769	snp	52	31	0.4206	0.3251	0.5769	0.0968	-0.4801
Chr3	3193123	snp	66	46	0.4012	0.3169	0.6364	0.1304	-0.5059
Chr3	3197738	snp	36	22	0.4747	0.3662	0.8056	0.3182	-0.4874
Chr3	3197823	indel	82	65	0.3996	0.2962	0.5976	0.1385	-0.4591
Chr3	3199990	snp	56	71	0.3979	0.3058	0.5	0.0704	-0.4296
Chr3	3201419	snp	85	87	0.3747	0.2924	0.5059	0.1034	-0.4024
Chr3	3203471	indel	124	92	0.3626	0.2847	0.5323	0.163	-0.3692
Chr3	3204234	snp	88	95	0.3652	0.2801	0.4545	0.0842	-0.3703
Chr3	3207341	snp	94	97	0.3829	0.2928	0.5106	0.1237	-0.3869
Chr3	3207597	indel	121	71	0.3828	0.2901	0.5537	0.1127	-0.441
Chr3	3221090	indel	73	72	0.3662	0.2953	0.5205	0.1389	-0.3817
Chr3	3223215	snp	49	42	0.415	0.3231	0.7551	0.2857	-0.4694
Chr3	3226254	snp	72	42	0.4147	0.3155	0.5833	0.1429	-0.4405
Chr3	3226299	snp	52	28	0.4231	0.3324	0.75	0.3214	-0.4286
Chr3	3230325	snp	102	96	0.3621	0.2825	0.4902	0.125	-0.3652
Chr3	3233637	snp	81	61	0.3839	0.3058	0.5679	0.1475	-0.4204
Chr3	3233787	snp	80	79	0.3837	0.2953	0.5	0.1139	-0.3861
Chr3	3236636	snp	50	31	0.4297	0.3297	0.78	0.2258	-0.5542
Chr3	3237444	snp	110	75	0.3648	0.2873	0.4909	0.1067	-0.3842
Chr3	3241879	snp	58	62	0.4038	0.3037	0.431	0.0161	-0.4149
Chr3	3283388	snp	64	40	0.4156	0.3219	0.6562	0.125	-0.5312
Chr3	3283442	snp	52	18	0.4722	0.3739	0.8654	0.2222	-0.6432
Chr3	3283496	snp	74	43	0.4161	0.314	0.6216	0.1628	-0.4588
Chr3	3307085	snp	57	47	0.4225	0.3251	0.614	0.1702	-0.4438
Chr3	3310855	snp	62	95	0.3932	0.2886	0.5	0.0842	-0.4158
Chr3	3388521	snp	69	50	0.3832	0.3067	0.7536	0.22	-0.5336
Chr3	3388652	snp	70	65	0.3923	0.3066	0.6143	0.2	-0.4143
Chr3	3388701	snp	71	56	0.3979	0.3058	0.6761	0.1964	-0.4796
Chr3	3396734	snp	50	50	0.42	0.32	0.64	0.22	-0.42
Chr3	3401725	snp	43	33	0.4412	0.3432	0.7209	0.2424	-0.4785
Chr3	3401968	snp	41	38	0.4255	0.3331	0.7317	0.2368	-0.4949
Chr3	3401972	snp	44	33	0.4318	0.3409	0.7273	0.2424	-0.4848
Chr3	3404008	indel	59	51	0.3981	0.3081	0.7119	0.3137	-0.3981
Chr3	3404029	snp	63	60	0.4008	0.3032	0.6349	0.2333	-0.4016
Chr3	3415967	indel	28	23	0.4689	0.3665	0.9286	0.2174	-0.7112
Chr3	3415992	snp	36	36	0.4167	0.3333	0.8056	0.0833	-0.7222
Chr3	3416744	snp	57	36	0.4137	0.3304	0.7544	0.3056	-0.4488
Chr3	3416794	indel	62	49	0.3983	0.3144	0.7097	0.1837	-0.526
Chr3	3416824	snp	67	50	0.4012	0.3122	0.6716	0.2	-0.4716
Chr3	3416921	snp	70	49	0.398	0.3122	0.6143	0.1633	-0.451
Chr3	3421929	snp	88	36	0.4028	0.3081	0.6023	0.1667	-0.4356
Chr3	3422179	snp	68	53	0.4062	0.3094	0.6176	0.2075	-0.4101
Chr3	3422397	snp	85	69	0.3881	0.2975	0.5294	0.058	-0.4714
Chr3	3423987	snp	90	80	0.3778	0.2958	0.5111	0.1125	-0.3986
Chr3	3424200	snp	66	31	0.4296	0.3289	0.7879	0.2903	-0.4976
Chr3	3432720	snp	52	39	0.4231	0.3205	0.7885	0.359	-0.4295
Chr3	3433472	snp	68	67	0.3782	0.2917	0.6029	0.2239	-0.3791
Chr3	3433615	snp	51	41	0.4127	0.3152	0.7843	0.3171	-0.4672
Chr3	3435391	indel	55	46	0.4012	0.3138	0.7273	0.3043	-0.4229
Chr3	3437120	snp	52	29	0.4204	0.3322	0.6538	0.1379	-0.5159
Chr3	3437344	snp	88	87	0.3815	0.2915	0.4886	0.1034	-0.3852
Chr3	3504529	indel	90	96	0.3701	0.2868	0.5	0.1146	-0.3854
Chr3	3508581	snp	42	29	0.4384	0.335	0.8095	0.2759	-0.5337
Chr3	3509615	snp	56	35	0.4107	0.325	0.6964	0.2857	-0.4107
Chr3	3511523	snp	70	38	0.4105	0.3241	0.6857	0.2105	-0.4752
Chr3	3517904	snp	115	103	0.3748	0.2903	0.5304	0.1165	-0.4139
Chr3	3525024	snp	61	37	0.4289	0.3217	0.6721	0.2162	-0.4559
Chr3	3528260	snp	90	84	0.3833	0.2929	0.5222	0.131	-0.3913
Chr3	3529686	snp	64	55	0.4045	0.3108	0.7188	0.2364	-0.4824
Chr3	3530135	indel	61	75	0.3921	0.3019	0.623	0.2267	-0.3963
Chr3	3530167	snp	47	43	0.4231	0.3261	0.6596	0.2326	-0.427
Chr3	3530514	snp	63	75	0.3886	0.301	0.5714	0.1733	-0.3981
Chr3	3531488	snp	74	43	0.4161	0.314	0.6892	0.2326	-0.4566
Chr3	3531674	snp	50	31	0.4297	0.3297	0.92	0.4839	-0.4361
Chr3	3531720	snp	71	65	0.3876	0.3029	0.7183	0.2615	-0.4568
Chr3	3583116	snp	98	95	0.3603	0.284	0.5	0.0632	-0.4368
Chr3	3583849	snp	77	101	0.3765	0.2885	0.5974	0.1782	-0.4192
Chr3	3585898	snp	57	30	0.4351	0.3333	0.7895	0.3333	-0.4561
Chr3	3586061	snp	75	31	0.4219	0.314	0.68	0.1935	-0.4865
Chr3	3586249	snp	67	52	0.3958	0.3063	0.5224	0.1154	-0.407
Chr3	3587431	snp	55	34	0.4219	0.3283	0.8364	0.3529	-0.4834
Chr3	3587853	snp	70	68	0.3937	0.3063	0.5571	0.0735	-0.4836
Chr3	3588801	snp	75	45	0.4089	0.3111	0.6533	0.1778	-0.4756
Chr3	3590019	snp	61	31	0.4151	0.3316	0.6885	0.2581	-0.4305
Chr3	3590144	snp	42	30	0.4333	0.3381	0.6429	0.1667	-0.4762
Chr3	3617649	snp	64	85	0.3857	0.2994	0.5156	0.1059	-0.4097
Chr3	3701158	snp	35	32	0.4563	0.3473	0.6	0.0938	-0.5062
Chr3	3701195	snp	36	31	0.4597	0.3441	0.6667	0.129	-0.5376
Chr3	3716738	snp	50	37	0.4249	0.3346	0.7	0.2432	-0.4568
Chr3	3717616	snp	49	31	0.424	0.3305	0.7959	0.3548	-0.4411
Chr3	3717631	snp	50	35	0.4171	0.3257	0.74	0.3143	-0.4257
Chr3	3718039	snp	67	50	0.4012	0.3122	0.6418	0.22	-0.4218
Chr3	3722823	snp	88	64	0.392	0.304	0.4318	0.0312	-0.4006
Chr3	3722971	snp	52	35	0.4247	0.3297	0.6731	0.2286	-0.4445
Chr3	3722985	snp	51	35	0.4364	0.3361	0.6471	0.2	-0.4471
Chr3	3768382	indel	79	92	0.3756	0.2906	0.5316	0.1522	-0.3795
Chr3	3780476	indel	87	62	0.3949	0.3003	0.5287	0.0968	-0.432
Chr3	3789463	snp	90	82	0.3832	0.2911	0.5333	0.0366	-0.4967
Chr3	3813396	indel	39	38	0.4265	0.3259	0.5641	0.1053	-0.4588
Chr3	3813468	snp	35	17	0.5076	0.3899	0.8286	0.2353	-0.5933
Chr3	3837408	snp	92	96	0.3804	0.2908	0.5217	0.125	-0.3967
Chr3	3843368	indel	80	70	0.3875	0.2982	0.5875	0.1857	-0.4018
Chr3	3867316	snp	75	56	0.3895	0.3005	0.5467	0.1429	-0.4038
Chr3	3870976	snp	89	84	0.3812	0.2932	0.4831	0.0714	-0.4117
Chr3	3874883	indel	79	69	0.3939	0.3049	0.5063	0.058	-0.4484
Chr3	3919015	snp	42	23	0.4534	0.3468	0.5476	0.0435	-0.5041
Chr3	3919776	snp	52	39	0.4231	0.3205	0.6538	0.1282	-0.5256
Chr3	3921274	snp	61	54	0.3922	0.3139	0.6885	0.1667	-0.5219
Chr3	3922617	snp	86	51	0.3956	0.3032	0.4767	0.0784	-0.3983
Chr3	3922785	snp	62	27	0.4277	0.3327	0.8065	0.3704	-0.4361
Chr3	3922796	snp	64	36	0.4132	0.3264	0.7969	0.2778	-0.5191
Chr3	3923000	snp	92	73	0.3778	0.2895	0.5326	0.137	-0.3956
Chr3	3924265	snp	87	65	0.3901	0.305	0.5287	0.1385	-0.3903
Chr3	3924340	snp	67	51	0.3989	0.3102	0.7463	0.1765	-0.5698
Chr3	3924449	snp	83	63	0.3846	0.3014	0.6145	0.127	-0.4875
Chr3	3927949	snp	55	43	0.4097	0.3239	0.6	0.186	-0.414
Chr3	3928416	indel	39	26	0.4487	0.3462	0.7179	0.2692	-0.4487
Chr3	3929617	snp	55	39	0.4089	0.3179	0.7455	0.2821	-0.4634
Chr3	3929633	snp	43	24	0.4564	0.3508	0.8605	0.375	-0.4855
Chr3	3932097	snp	43	28	0.4477	0.3389	0.814	0.3214	-0.4925
Chr3	3932123	indel	48	45	0.4153	0.3181	0.6667	0.2	-0.4667
Chr3	3933716	snp	61	54	0.3922	0.3139	0.5738	0.1111	-0.4627
Chr3	3933866	indel	48	31	0.42	0.3286	0.7083	0.2258	-0.4825
Chr3	3945902	snp	65	45	0.4137	0.3043	0.6	0.1333	-0.4667
Chr3	3945910	indel	65	50	0.4046	0.3154	0.5692	0.1	-0.4692
Chr3	3946810	snp	44	35	0.4364	0.3331	0.8636	0.3714	-0.4922
Chr3	3960721	snp	42	20	0.469	0.3667	0.6429	0.1	-0.5429
Chr3	4012864	snp	62	27	0.4277	0.3327	0.5968	0.1481	-0.4486
Chr3	4032252	snp	46	43	0.4196	0.3266	0.7391	0.2326	-0.5066
Chr3	4034283	snp	46	53	0.4212	0.324	0.6304	0.2075	-0.4229
Chr3	4049702	snp	90	97	0.3597	0.2781	0.5	0.1031	-0.3969
Chr3	4051174	snp	52	26	0.4423	0.3269	0.8654	0.3462	-0.5192
Chr3	4051223	snp	64	41	0.4123	0.3236	0.6875	0.1707	-0.5168
Chr3	4110403	indel	107	64	0.3916	0.2978	0.5888	0.1875	-0.4013
Chr3	4129298	indel	46	35	0.4373	0.3335	0.7174	0.2571	-0.4602
Chr3	4132414	snp	49	31	0.424	0.3305	0.8367	0.3548	-0.4819
Chr3	4133281	snp	53	37	0.409	0.3202	0.6415	0.2162	-0.4253
Chr3	4135006	snp	52	21	0.4551	0.3498	0.8077	0.3333	-0.4744
Chr3	4140728	snp	36	27	0.463	0.3519	0.7778	0.2963	-0.4815
Chr3	4145118	snp	68	74	0.3915	0.2957	0.5588	0.1622	-0.3967
Chr3	4145413	snp	57	28	0.4348	0.3296	0.8421	0.3929	-0.4492
Chr3	4145952	snp	64	33	0.4167	0.3239	0.7031	0.2727	-0.4304
Chr3	4151571	snp	54	52	0.4131	0.3212	0.7407	0.2692	-0.4715
Chr3	4151641	snp	60	55	0.3955	0.3076	0.6333	0.2182	-0.4152
Chr3	4152376	snp	52	39	0.4231	0.3205	0.8654	0.4359	-0.4295
Chr3	4160081	snp	75	40	0.4133	0.3117	0.6133	0.175	-0.4383
Chr3	4161640	snp	57	45	0.4175	0.3135	0.7193	0.2889	-0.4304
Chr3	4167346	snp	45	38	0.4257	0.3287	0.7556	0.3158	-0.4398
Chr3	4167347	snp	42	36	0.4444	0.3333	0.7857	0.3333	-0.4524
Chr3	4170394	snp	67	65	0.3952	0.3052	0.5821	0.1692	-0.4129
Chr3	4170469	snp	56	33	0.4167	0.322	0.6786	0.2121	-0.4665
Chr3	4238624	snp	86	67	0.3842	0.2897	0.4535	0.0448	-0.4087
Chr3	4244169	indel	82	82	0.3902	0.2927	0.5366	0.1463	-0.3902
Chr3	4372057	snp	58	40	0.4207	0.3207	0.6552	0.2	-0.4552
Chr3	4372093	snp	61	41	0.4042	0.3147	0.5902	0.1707	-0.4194
Chr3	4372421	snp	30	31	0.4441	0.3452	0.8	0.3548	-0.4452
Chr3	4386427	snp	38	14	0.5038	0.391	0.7895	0.2857	-0.5038
Chr3	4388344	snp	49	34	0.4226	0.3247	0.7959	0.3235	-0.4724
Chr3	4406333	snp	51	16	0.4865	0.3701	0.6471	0.125	-0.5221
Chr3	4409484	snp	60	49	0.4014	0.3068	0.6167	0.1837	-0.433
Chr3	4410870	snp	46	28	0.4472	0.3509	0.7609	0.2143	-0.5466
Chr3	4411083	snp	56	35	0.4107	0.325	0.75	0.2571	-0.4929
Chr3	4411096	snp	41	21	0.4483	0.3519	0.878	0.381	-0.4971
Chr3	4412472	snp	53	52	0.4118	0.3153	0.7547	0.2885	-0.4663
Chr3	4412713	indel	62	26	0.4404	0.3375	0.7419	0.2692	-0.4727
Chr3	4412794	snp	45	33	0.4384	0.3333	0.8889	0.3333	-0.5556
Chr3	4412833	snp	64	57	0.403	0.3169	0.6406	0.2281	-0.4126
Chr3	4417332	snp	43	33	0.4412	0.3432	0.7209	0.2727	-0.4482
Chr3	4419470	snp	52	49	0.4223	0.3214	0.7115	0.2857	-0.4258
Chr3	4422981	snp	50	49	0.4147	0.3135	0.66	0.1837	-0.4763
Chr3	4423062	snp	53	43	0.4103	0.3247	0.6415	0.1628	-0.4787
Chr3	4423782	snp	65	41	0.415	0.3212	0.7692	0.3171	-0.4522
Chr3	4424043	snp	75	66	0.38	0.3024	0.7067	0.2576	-0.4491
Chr3	4424645	snp	59	50	0.4088	0.3149	0.6441	0.14	-0.5041
Chr3	4429280	snp	56	44	0.4205	0.3263	0.6964	0.2727	-0.4237
Chr3	4430084	snp	57	39	0.4035	0.3158	0.7368	0.2308	-0.5061
Chr3	4431816	snp	72	60	0.3889	0.2972	0.5417	0.15	-0.3917
Chr3	4432222	indel	60	33	0.4273	0.3364	0.7667	0.1212	-0.6455
Chr3	4432249	snp	59	25	0.4414	0.341	0.8136	0.16	-0.6536
Chr3	4432266	snp	57	33	0.4258	0.3333	0.7368	0.1515	-0.5853
Chr3	4432945	snp	56	53	0.3976	0.3063	0.7321	0.2075	-0.5246
Chr3	4433108	snp	61	42	0.4028	0.3134	0.623	0.2143	-0.4087
Chr3	4433675	snp	41	41	0.4146	0.3171	0.6585	0.2195	-0.439
Chr3	4450511	snp	72	63	0.3889	0.3036	0.6111	0.1746	-0.4365
Chr3	4451296	snp	67	51	0.3989	0.3102	0.6866	0.1569	-0.5297
Chr3	4451345	snp	69	53	0.4025	0.3095	0.6812	0.1509	-0.5302
Chr3	4476454	snp	64	51	0.4053	0.311	0.625	0.1961	-0.4289
Chr3	4480234	indel	45	58	0.4008	0.3123	0.7778	0.1552	-0.6226
Chr3	4480358	snp	42	56	0.3988	0.3155	0.9048	0.375	-0.5298
Chr3	4509820	snp	65	39	0.4103	0.3179	0.6154	0.2051	-0.4103
Chr3	4511704	snp	62	63	0.392	0.3103	0.5645	0.1587	-0.4058
Chr3	4511815	snp	40	45	0.4139	0.3333	0.825	0.3333	-0.4917
Chr3	4511950	snp	50	82	0.3888	0.301	0.56	0.1341	-0.4259
Chr3	4518550	snp	37	40	0.4399	0.3277	0.7568	0.3	-0.4568
Chr3	4519016	snp	54	44	0.4184	0.3258	0.6852	0.25	-0.4352
Chr3	4519521	snp	39	42	0.4267	0.3352	0.7949	0.1905	-0.6044
Chr3	4520263	snp	69	60	0.3971	0.3058	0.5362	0.1333	-0.4029
Chr3	4520361	snp	97	83	0.3724	0.2863	0.5258	0.1325	-0.3932
Chr3	4525488	snp	48	53	0.4104	0.3141	0.7083	0.283	-0.4253
Chr3	4525494	snp	50	52	0.4138	0.3131	0.74	0.2692	-0.4708
Chr3	4527491	snp	54	33	0.4226	0.3249	0.6481	0.2121	-0.436
Chr3	4530107	snp	65	49	0.3959	0.3039	0.6154	0.2041	-0.4113
Chr3	4583291	indel	47	31	0.4345	0.3466	0.7021	0.2258	-0.4763
Chr3	4583294	snp	46	29	0.4453	0.3381	0.6957	0.2414	-0.4543
Chr3	4598650	snp	60	49	0.4014	0.3068	0.6	0.1633	-0.4367
Chr3	4598722	snp	38	24	0.4496	0.3553	0.7632	0.2917	-0.4715
Chr3	4602095	snp	96	78	0.3806	0.2909	0.5521	0.1026	-0.4495
Chr3	4603000	snp	49	24	0.4439	0.341	0.7347	0.2083	-0.5264
Chr3	4606686	snp	59	19	0.4657	0.3622	0.7627	0.2105	-0.5522
Chr3	4608088	snp	44	46	0.4229	0.3281	0.75	0.3043	-0.4457
Chr3	4609588	snp	71	83	0.3772	0.2985	0.5775	0.1807	-0.3967
Chr3	4717482	snp	66	41	0.4169	0.3219	0.7576	0.2927	-0.4649
Chr3	4723531	indel	55	37	0.4113	0.3214	0.6909	0.2432	-0.4477
Chr3	4743600	snp	102	91	0.3605	0.2805	0.5098	0.1319	-0.3779
Chr3	4851312	snp	52	50	0.4138	0.3131	0.6154	0.2	-0.4154
Chr3	4882223	indel	37	35	0.4409	0.339	0.6216	0.0857	-0.5359
Chr3	4995386	snp	54	63	0.3889	0.3042	0.7222	0.2063	-0.5159
Chr3	5045065	snp	55	52	0.4024	0.3094	0.4727	0.0385	-0.4343
Chr3	5146085	indel	32	24	0.4792	0.3646	0.875	0.2917	-0.5833
Chr3	5146090	snp	37	23	0.4747	0.3608	0.7297	0.1739	-0.5558
Chr3	5147075	snp	41	40	0.4323	0.3335	0.8537	0.375	-0.4787
Chr3	5154809	snp	54	36	0.4259	0.3241	0.5741	0.1389	-0.4352
Chr3	5155362	indel	61	56	0.4031	0.3106	0.6557	0.2143	-0.4415
Chr3	5155421	snp	63	54	0.3889	0.3042	0.6984	0.2778	-0.4206
Chr3	5164092	indel	45	62	0.4168	0.3118	0.7778	0.3387	-0.4391
Chr3	5204602	snp	48	35	0.4065	0.3161	0.5208	0.1143	-0.4065
Chr3	5227165	snp	71	51	0.3991	0.309	0.5634	0.1373	-0.4261
Chr3	5458434	snp	26	24	0.4808	0.3654	0.8462	0.3333	-0.5128
Chr3	5478474	snp	40	26	0.4462	0.35	0.775	0.3077	-0.4673
Chr3	5478680	snp	59	51	0.3981	0.3081	0.7288	0.3137	-0.4151
Chr3	5645544	snp	45	33	0.4384	0.3333	0.7778	0.3333	-0.4444
Chr3	5743993	snp	78	78	0.3846	0.2949	0.5128	0.1154	-0.3974
Chr3	5764911	indel	46	44	0.4229	0.3281	0.7826	0.25	-0.5326
Chr3	5809588	snp	66	43	0.4109	0.3097	0.5606	0.1395	-0.4211
Chr3	5813870	indel	103	95	0.3637	0.2844	0.4951	0.1263	-0.3688
Chr3	5816922	snp	50	51	0.4078	0.3086	0.6	0.1569	-0.4431
Chr3	5831502	snp	41	31	0.4343	0.3352	0.8293	0.3226	-0.5067
Chr3	5848274	snp	54	54	0.3889	0.2963	0.6667	0.2778	-0.3889
Chr3	5926850	snp	61	54	0.3922	0.3139	0.4918	0.0926	-0.3992
Chr3	5943544	indel	48	39	0.4103	0.3189	0.8542	0.4103	-0.4439
Chr3	6002612	snp	62	41	0.4174	0.319	0.7419	0.3171	-0.4249
Chr3	6008236	snp	53	39	0.4204	0.3203	0.8113	0.3333	-0.478
Chr3	6034002	snp	64	53	0.3927	0.3037	0.6094	0.1887	-0.4207
Chr3	6047743	snp	49	31	0.424	0.3305	0.7143	0.2581	-0.4562
Chr3	6048246	snp	70	48	0.4071	0.3131	0.7571	0.2292	-0.528
Chr3	6048330	snp	50	28	0.43	0.3386	0.84	0.3214	-0.5186
Chr3	6049909	snp	58	49	0.4085	0.3146	0.6897	0.2653	-0.4243
Chr3	6049953	snp	51	53	0.404	0.3111	0.7255	0.3019	-0.4236
Chr3	6102451	snp	40	38	0.4368	0.3368	0.9	0.4211	-0.4789
Chr3	6624408	snp	48	32	0.4375	0.3333	0.625	0.1562	-0.4688
Chr3	6625916	snp	57	47	0.4225	0.3251	0.7018	0.2766	-0.4252
Chr3	6633733	snp	54	42	0.4101	0.3175	0.6852	0.1905	-0.4947
Chr3	6641181	snp	38	27	0.4513	0.345	0.8684	0.3704	-0.4981
Chr3	6643727	indel	42	42	0.4286	0.3095	0.7857	0.3095	-0.4762
Chr3	6643730	snp	35	40	0.425	0.3321	0.8857	0.325	-0.5607
Chr3	6647495	snp	49	75	0.3943	0.3072	0.4898	0.0667	-0.4231
Chr3	6652090	snp	67	52	0.3958	0.3063	0.4179	0.0192	-0.3987
Chr3	6654495	snp	24	19	0.4978	0.4013	0.6667	0.1579	-0.5088
Chr3	6692608	snp	81	66	0.3866	0.2985	0.4938	0.0758	-0.4181
Chr3	6697475	snp	49	42	0.415	0.3231	0.7347	0.2619	-0.4728
Chr3	6700817	snp	76	46	0.3896	0.3061	0.5	0.0652	-0.4348
Chr3	6706578	snp	76	64	0.3849	0.2969	0.6447	0.2344	-0.4104
Chr3	6780233	snp	28	27	0.4907	0.3796	0.7857	0.1852	-0.6005
Chr3	6843105	snp	62	51	0.4029	0.314	0.6613	0.2549	-0.4064
Chr3	6848382	indel	43	48	0.4157	0.3154	0.6279	0.2083	-0.4196
Chr3	6849295	snp	52	42	0.4212	0.3141	0.8846	0.4048	-0.4799
Chr3	6991102	snp	40	48	0.4375	0.3333	0.75	0.2083	-0.5417
Chr3	7021841	snp	40	48	0.4375	0.3333	0.775	0.3125	-0.4625
Chr3	7023140	snp	44	31	0.4274	0.3328	0.5909	0.1613	-0.4296
Chr3	7023194	snp	37	23	0.4747	0.3608	0.7297	0.2174	-0.5123
Chr3	7036917	snp	48	48	0.3958	0.3125	0.7708	0.3333	-0.4375
Chr3	7040034	snp	70	70	0.3857	0.3	0.4857	0.0714	-0.4143
Chr3	7139015	snp	54	29	0.4361	0.3404	0.6667	0.2069	-0.4598
Chr3	7139031	snp	53	24	0.4481	0.3498	0.717	0.25	-0.467
Chr3	7148674	snp	46	52	0.4172	0.3253	0.7609	0.3077	-0.4532
Chr3	7153697	snp	72	41	0.4262	0.3184	0.5694	0.122	-0.4475
Chr3	7155652	snp	65	51	0.4066	0.3113	0.5846	0.1569	-0.4278
Chr3	7183542	indel	30	24	0.4667	0.3667	0.7667	0.2917	-0.475
Chr3	7183576	snp	28	18	0.5079	0.3968	0.9286	0.3333	-0.5952
Chr3	7184471	snp	41	22	0.4734	0.3614	0.8049	0.3182	-0.4867
Chr3	7186799	snp	45	47	0.4142	0.3225	0.8	0.3617	-0.4383
Chr3	7188237	snp	52	52	0.4038	0.3269	0.5962	0.1538	-0.4423
Chr3	7245375	indel	72	59	0.3771	0.2999	0.625	0.1864	-0.4386
Chr3	7245392	indel	61	40	0.4152	0.3152	0.7705	0.35	-0.4205
Chr3	7253709	indel	38	30	0.4368	0.3386	0.7895	0.2667	-0.5228
Chr3	7311307	snp	85	88	0.3767	0.2936	0.5294	0.1023	-0.4271
Chr3	7430277	snp	45	50	0.4133	0.3267	0.7556	0.32	-0.4356
Chr3	7504023	snp	61	41	0.4042	0.3147	0.6066	0.1463	-0.4602
Chr3	7527924	indel	42	35	0.4286	0.3333	0.8095	0.3429	-0.4667
Chr3	7529290	snp	64	50	0.405	0.3181	0.7031	0.26	-0.4431
Chr3	7536616	snp	40	35	0.425	0.3321	0.825	0.3429	-0.4821
Chr3	7792409	snp	55	20	0.4636	0.3591	0.7636	0.3	-0.4636
Chr3	7798996	snp	39	30	0.459	0.341	0.7949	0.3333	-0.4615
Chr3	7812404	snp	46	39	0.4314	0.3266	0.7826	0.2821	-0.5006
Chr3	7814630	snp	35	25	0.4571	0.3543	0.8571	0.4	-0.4571
Chr3	7815159	snp	47	24	0.4734	0.3484	0.8085	0.3333	-0.4752
Chr3	7815165	snp	43	26	0.4517	0.3435	0.814	0.3077	-0.5063
Chr3	7826537	snp	50	46	0.3991	0.3174	0.74	0.2826	-0.4574
Chr3	7841053	snp	50	40	0.415	0.325	0.84	0.375	-0.465
Chr3	7841054	snp	48	44	0.4072	0.3201	0.8125	0.3409	-0.4716
Chr3	7987792	snp	35	39	0.4322	0.3385	0.8	0.359	-0.441
Chr3	7988182	indel	38	29	0.4528	0.3475	0.7895	0.2069	-0.5826
Chr3	7988209	snp	46	35	0.4373	0.3335	0.6087	0.1429	-0.4658
Chr3	7988429	snp	109	108	0.3648	0.2821	0.4954	0.1111	-0.3843
Chr3	7988447	indel	113	114	0.3745	0.2857	0.5487	0.1404	-0.4083
Chr3	8044461	snp	60	43	0.4143	0.3174	0.65	0.186	-0.464
Chr3	8073499	snp	63	42	0.4048	0.3175	0.5873	0.1429	-0.4444
Chr3	8119558	snp	73	55	0.3938	0.2936	0.5616	0.1636	-0.398
Chr3	8214213	snp	32	32	0.4375	0.375	0.7188	0.2812	-0.4375
Chr3	8335262	snp	39	29	0.4518	0.3475	0.5897	0.1379	-0.4518
Chr3	8336360	snp	54	62	0.3996	0.2933	0.537	0.0968	-0.4403
Chr3	8551810	indel	37	44	0.4441	0.3292	0.8108	0.3409	-0.4699
Chr3	8553196	snp	56	36	0.4206	0.3175	0.8214	0.3333	-0.4881
Chr3	8631912	indel	63	33	0.4214	0.3319	0.7302	0.303	-0.4271
Chr3	8797861	snp	48	35	0.4065	0.3161	0.625	0.1714	-0.4536
Chr3	8802155	snp	44	52	0.4161	0.3112	0.6364	0.2115	-0.4248
Chr3	8818278	snp	56	49	0.4107	0.3163	0.6786	0.2653	-0.4133
Chr3	8834916	snp	36	36	0.4167	0.3333	0.8056	0.3889	-0.4167
Chr3	8834917	snp	38	38	0.4474	0.3421	0.8158	0.3684	-0.4474
Chr3	8851237	snp	90	73	0.3782	0.2883	0.5222	0.1096	-0.4126
Chr3	8929130	snp	44	23	0.4585	0.3528	0.75	0.2609	-0.4891
Chr3	8929137	snp	44	24	0.4583	0.3485	0.75	0.2917	-0.4583
Chr3	8939001	snp	42	28	0.4524	0.3452	0.8095	0.3214	-0.4881
Chr3	8979883	snp	60	65	0.3949	0.3038	0.6333	0.1846	-0.4487
Chr3	9007038	snp	37	34	0.4428	0.3426	0.7297	0.2059	-0.5238
Chr3	9012481	snp	68	48	0.4007	0.3113	0.6324	0.2292	-0.4032
Chr3	9141392	indel	62	65	0.3975	0.306	0.629	0.2154	-0.4136
Chr3	9141405	snp	58	60	0.404	0.3161	0.5862	0.1333	-0.4529
Chr3	9189648	snp	70	54	0.3968	0.3053	0.5571	0.1481	-0.409
Chr3	9191017	indel	55	27	0.4303	0.3387	0.6	0.1111	-0.4889
Chr3	9198818	snp	54	38	0.424	0.3294	0.6481	0.1842	-0.4639
Chr3	9207879	snp	40	18	0.4833	0.3667	0.625	0.0	-0.625
Chr3	9229661	snp	59	40	0.411	0.3119	0.4915	0.075	-0.4165
Chr3	9234249	snp	54	39	0.4217	0.3248	0.7407	0.2564	-0.4843
Chr3	9270285	snp	46	29	0.4453	0.3381	0.7609	0.3103	-0.4505
Chr3	9292576	indel	58	48	0.4052	0.3175	0.6379	0.2292	-0.4088
Chr3	9334681	snp	49	47	0.4155	0.3178	0.7143	0.2766	-0.4377
Chr3	9335873	snp	57	35	0.414	0.3173	0.614	0.2	-0.414
Chr3	9343176	snp	50	30	0.4467	0.34	0.76	0.2333	-0.5267
Chr3	9343194	snp	44	24	0.4583	0.3485	0.8182	0.2917	-0.5265
Chr3	9358183	snp	73	57	0.4004	0.3028	0.6164	0.2105	-0.4059
Chr3	9393583	indel	55	60	0.3955	0.3076	0.6727	0.2667	-0.4061
Chr3	9395316	snp	54	58	0.4183	0.3123	0.7037	0.2241	-0.4796
Chr3	9396502	snp	45	41	0.4228	0.3274	0.7111	0.2439	-0.4672
Chr3	9411609	snp	79	54	0.3863	0.3036	0.519	0.1296	-0.3894
Chr3	9662312	indel	33	27	0.4512	0.3468	0.8485	0.3704	-0.4781
Chr3	9744866	indel	43	48	0.4157	0.3154	0.7674	0.2708	-0.4966
Chr3	9831287	snp	38	36	0.4327	0.3289	0.8421	0.3056	-0.5365
Chr3	9970897	snp	45	30	0.4444	0.3444	0.8	0.2333	-0.5667
Chr3	10050291	snp	46	49	0.4264	0.323	0.7174	0.2653	-0.4521
Chr3	10050654	snp	40	30	0.45	0.3417	0.75	0.3	-0.45
Chr3	10068788	snp	57	60	0.3868	0.3096	0.5965	0.2	-0.3965
Chr3	10077653	indel	43	42	0.4324	0.3383	0.814	0.381	-0.433
Chr3	10203187	snp	19	12	0.5614	0.4342	0.7368	0.1667	-0.5702
Chr3	10203754	snp	42	22	0.4632	0.3571	0.7143	0.2273	-0.487
Chr3	10234090	snp	42	26	0.4505	0.3443	0.8095	0.2692	-0.5403
Chr3	10353133	snp	41	32	0.4505	0.3354	0.6585	0.1875	-0.471
Chr3	10399072	snp	55	34	0.4219	0.3283	0.7636	0.3235	-0.4401
Chr3	10399506	indel	40	38	0.4368	0.3368	0.675	0.2105	-0.4645
Chr3	10399523	snp	49	48	0.4026	0.3197	0.6122	0.2083	-0.4039
Chr3	10441305	snp	47	43	0.4231	0.3261	0.7234	0.2326	-0.4908
Chr3	10443716	snp	45	31	0.4351	0.3319	0.6	0.129	-0.471
Chr3	10444177	snp	44	24	0.4583	0.3485	0.7727	0.25	-0.5227
Chr3	10444187	indel	46	31	0.4369	0.3394	0.7609	0.2258	-0.5351
Chr3	10463882	indel	54	54	0.3889	0.2963	0.6852	0.2778	-0.4074
Chr3	10467040	snp	42	31	0.4493	0.3287	0.6429	0.1935	-0.4493
Chr3	10475853	snp	52	58	0.3952	0.305	0.5577	0.1379	-0.4198
Chr3	10475867	indel	56	73	0.3855	0.2979	0.5714	0.1507	-0.4207
Chr3	10489892	snp	40	39	0.4423	0.341	0.75	0.2821	-0.4679
Chr3	10507380	snp	45	28	0.4476	0.3452	0.7556	0.25	-0.5056
Chr3	10558908	snp	33	35	0.4416	0.3472	0.697	0.2286	-0.4684
Chr3	10560070	snp	57	49	0.41	0.3165	0.8246	0.3878	-0.4368
Chr3	10608766	snp	39	21	0.4799	0.359	0.7179	0.1905	-0.5275
Chr3	10609262	snp	51	51	0.4314	0.3333	0.7647	0.2941	-0.4706
Chr3	10609278	snp	58	57	0.3911	0.3043	0.6552	0.2281	-0.4271
Chr3	10634089	indel	36	44	0.4394	0.3359	0.8056	0.3636	-0.4419
Chr3	10634091	snp	36	45	0.4333	0.3333	0.7778	0.3111	-0.4667
Chr3	10706505	indel	80	75	0.3733	0.2917	0.5375	0.1333	-0.4042
Chr3	11467486	snp	33	21	0.4805	0.3636	0.7273	0.2381	-0.4892
Chr3	11555842	indel	103	85	0.3758	0.2887	0.534	0.1529	-0.381
Chr3	11682403	snp	59	48	0.3902	0.3121	0.5593	0.1667	-0.3927
Chr3	11713819	snp	43	32	0.4477	0.3459	0.7209	0.25	-0.4709
Chr3	11714412	snp	50	44	0.4164	0.3164	0.56	0.1136	-0.4464
Chr3	11723371	snp	43	21	0.4396	0.3444	0.6744	0.1429	-0.5316
Chr3	11773097	snp	50	33	0.4382	0.3267	0.78	0.2727	-0.5073
Chr3	11790472	snp	39	23	0.4571	0.3523	0.8462	0.3478	-0.4983
Chr3	11947875	snp	66	55	0.4091	0.3061	0.4394	0.0182	-0.4212
Chr3	12096741	indel	31	19	0.4907	0.3735	0.6129	0.1053	-0.5076
Chr3	12299794	snp	57	37	0.4139	0.3314	0.6316	0.2162	-0.4154
Chr3	12305033	snp	55	38	0.4297	0.3225	0.6727	0.2105	-0.4622
Chr3	12442159	indel	29	13	0.5279	0.4164	0.8966	0.2308	-0.6658
Chr3	13636240	snp	41	41	0.4146	0.3171	0.6829	0.2439	-0.439
Chr3	15594501	indel	63	41	0.4131	0.319	0.4444	0.0	-0.4444
Chr3	19783683	indel	27	12	0.537	0.4167	0.7407	0.1667	-0.5741
Chr3	21083247	indel	14	17	0.563	0.4328	1.0	0.2941	-0.7059
Chr3	23791340	indel	13	9	0.6239	0.5043	1.0	0.3333	-0.6667
Chr3	26974558	snp	59	34	0.4257	0.3215	0.3898	0.8529	0.4631
Chr3	28795683	indel	19	9	0.6199	0.462	1.0	0.2222	-0.7778
Chr3	29356362	indel	27	15	0.5111	0.4074	0.963	0.0667	-0.8963
Chr3	32369292	snp	33	56	0.4167	0.322	0.2727	0.7143	0.4416
Chr3	41689882	indel	27	9	0.5556	0.4444	0.5556	0.0	-0.5556
Chr4	1663935	indel	22	12	0.5606	0.4318	0.9545	0.0833	-0.8712
Chr4	3816247	snp	25	16	0.51	0.395	0.16	0.75	0.59
Chr4	3841203	indel	37	40	0.4399	0.3277	0.027	0.575	0.548
Chr4	4742511	snp	58	33	0.43	0.3307	0.2586	0.697	0.4383
Chr4	4871380	indel	17	12	0.5735	0.4461	0.7647	0.0833	-0.6814
Chr4	5931300	indel	73	63	0.3827	0.3098	0.5479	1.0	0.4521
Chr4	6459326	snp	46	35	0.4373	0.3335	0.2391	0.8	0.5609
Chr4	6934710	indel	60	28	0.45	0.3405	0.15	0.6071	0.4571
Chr4	7249567	snp	30	21	0.4762	0.3762	0.1	0.619	0.519
Chr4	7438162	snp	68	34	0.4118	0.3088	0.2206	0.6471	0.4265
Chr4	7454313	snp	65	72	0.4006	0.3	0.4154	0.8333	0.4179
Chr4	7469246	snp	47	45	0.4142	0.3225	0.3617	0.7778	0.4161
Chr4	7649110	snp	62	42	0.4155	0.3187	0.1935	0.619	0.4255
Chr4	7727376	snp	64	52	0.399	0.3077	0.2656	0.6923	0.4267
Chr4	7727748	snp	45	33	0.4384	0.3333	0.2444	0.697	0.4525
Chr4	7728192	snp	47	36	0.4196	0.3245	0.2766	0.75	0.4734
Chr4	7735993	snp	58	30	0.4391	0.3333	0.1552	0.6	0.4448
Chr4	7768161	snp	69	78	0.3868	0.3043	0.4493	0.8462	0.3969
Chr4	8040932	snp	28	28	0.4643	0.3571	0.2143	0.7143	0.5
Chr4	8047980	snp	41	44	0.4329	0.3193	0.3415	0.8182	0.4767
Chr4	8047983	snp	44	51	0.4095	0.3217	0.3636	0.8235	0.4599
Chr4	8288268	snp	115	88	0.3681	0.2872	0.4783	0.875	0.3967
Chr4	8297303	snp	58	70	0.3808	0.3059	0.3448	0.7286	0.3837
Chr4	8389327	indel	32	19	0.4868	0.3734	0.2812	0.7895	0.5082
Chr4	8545127	snp	97	80	0.3885	0.2979	0.3711	0.8125	0.4414
Chr4	8552712	snp	84	90	0.3833	0.2929	0.4167	0.8	0.3833
Chr4	8590775	indel	44	27	0.4478	0.3426	0.0682	0.5185	0.4503
Chr4	8595665	snp	65	51	0.4066	0.3113	0.3692	0.8431	0.4739
Chr4	9093754	snp	88	79	0.378	0.2923	0.4545	0.8354	0.3809
Chr4	9142211	snp	41	20	0.4598	0.3598	0.1707	0.7	0.5293
Chr4	9142272	snp	36	20	0.4889	0.3667	0.1389	0.7	0.5611
Chr4	9146658	snp	63	35	0.419	0.3206	0.3016	0.8286	0.527
Chr4	9165130	snp	45	33	0.4384	0.3333	0.4222	0.8788	0.4566
Chr4	9171601	snp	56	45	0.4206	0.323	0.2143	0.7111	0.4968
Chr4	9203986	snp	41	47	0.4338	0.3243	0.1951	0.7021	0.507
Chr4	9227811	snp	68	45	0.4092	0.3147	0.3088	0.7333	0.4245
Chr4	9236753	snp	52	49	0.4223	0.3214	0.1346	0.6327	0.498
Chr4	9242750	snp	51	30	0.4333	0.3333	0.2353	0.7	0.4647
Chr4	9244297	snp	57	29	0.4265	0.3388	0.193	0.6552	0.4622
Chr4	9247770	snp	52	39	0.4231	0.3205	0.25	0.6923	0.4423
Chr4	9248466	snp	77	42	0.3918	0.3095	0.3636	0.8333	0.4697
Chr4	9522758	indel	17	18	0.5425	0.4281	0.0588	0.8889	0.8301
Chr4	9615342	indel	89	67	0.3755	0.2968	0.5056	0.8955	0.3899
Chr4	9925798	snp	83	51	0.3971	0.3083	0.4819	0.902	0.42
Chr4	10157332	snp	70	40	0.4179	0.3143	0.2857	0.75	0.4643
Chr4	10157371	snp	50	29	0.4476	0.3462	0.2	0.6897	0.4897
Chr4	10162842	snp	92	71	0.3781	0.2936	0.4457	0.831	0.3853
Chr4	10180266	snp	79	61	0.3899	0.3013	0.3797	0.7705	0.3907
Chr4	10186591	snp	46	44	0.4229	0.3281	0.3696	0.8182	0.4486
Chr4	10189804	snp	43	34	0.4501	0.3399	0.0465	0.5	0.4535
Chr4	10192522	snp	58	29	0.431	0.3448	0.1552	0.5862	0.431
Chr4	10198946	snp	94	110	0.3791	0.2882	0.4468	0.8455	0.3986
Chr4	10205970	snp	58	46	0.4108	0.3081	0.3621	0.7826	0.4205
Chr4	10224809	indel	67	82	0.3844	0.2949	0.3731	0.7805	0.4074
Chr4	10233258	snp	45	34	0.4176	0.3294	0.2444	0.7059	0.4614
Chr4	10243842	snp	45	49	0.429	0.3215	0.2222	0.7347	0.5125
Chr4	10244482	snp	48	40	0.4375	0.3333	0.2708	0.75	0.4792
Chr4	10245868	snp	36	22	0.4747	0.3662	0.0278	0.6364	0.6086
Chr4	10245881	snp	33	24	0.4773	0.3674	0.0909	0.5833	0.4924
Chr4	10259121	snp	37	25	0.4638	0.3557	0.1622	0.68	0.5178
Chr4	10281627	snp	65	74	0.3871	0.3008	0.4769	0.8784	0.4015
Chr4	10295810	indel	75	54	0.3948	0.297	0.3733	0.7963	0.423
Chr4	10410566	snp	71	71	0.3944	0.3099	0.3239	0.7465	0.4225
Chr4	10410572	indel	94	78	0.3753	0.2919	0.2553	0.6667	0.4113
Chr4	10410693	indel	19	13	0.5587	0.4251	0.4211	1.0	0.5789
Chr4	10590689	snp	60	42	0.4262	0.3214	0.35	0.7857	0.4357
Chr4	10752851	snp	43	51	0.4181	0.3288	0.3256	0.7647	0.4391
Chr4	10752944	snp	66	51	0.4046	0.3119	0.3333	0.7451	0.4118
Chr4	10833267	snp	30	35	0.4524	0.3476	0.4333	0.9143	0.481
Chr4	10905476	snp	42	37	0.4247	0.3346	0.3095	0.7568	0.4472
Chr4	10989586	snp	73	73	0.3836	0.3014	0.411	0.8082	0.3973
Chr4	11078443	snp	33	19	0.4944	0.3732	0.3939	0.8947	0.5008
Chr4	11440707	snp	53	32	0.4163	0.3284	0.4906	0.9375	0.4469
Chr4	11723877	snp	58	45	0.4008	0.3123	0.4655	0.8889	0.4234
Chr4	12088150	snp	27	21	0.4921	0.381	0.2593	0.7619	0.5026
Chr4	12479030	indel	70	78	0.3883	0.3026	0.4571	0.8974	0.4403
Chr4	12479061	snp	73	85	0.385	0.2967	0.4521	0.8824	0.4303
Chr4	12564115	indel	51	47	0.4113	0.3179	0.3725	0.7872	0.4147
Chr4	12929905	snp	117	66	0.3796	0.2867	0.7863	0.3636	-0.4227
Chr4	14251071	snp	71	66	0.3807	0.2951	0.4648	0.8485	0.3837
Chr4	14270660	snp	61	49	0.4108	0.3128	0.459	0.898	0.4389
Chr4	14270780	snp	77	82	0.3874	0.2941	0.4675	0.8659	0.3983
Chr4	14273252	indel	41	31	0.4343	0.3352	0.2439	0.8065	0.5625
Chr4	14415699	snp	82	70	0.385	0.2972	0.3415	0.7571	0.4157
Chr4	14435245	snp	64	39	0.4123	0.3185	0.2031	0.6667	0.4635
Chr4	14443341	snp	49	62	0.3983	0.3144	0.1837	0.6129	0.4292
Chr4	14472107	snp	76	53	0.4007	0.3069	0.3684	0.7925	0.424
Chr4	14534250	snp	100	84	0.38	0.2914	0.45	0.8333	0.3833
Chr4	14535228	snp	71	62	0.3839	0.299	0.4366	0.8387	0.4021
Chr4	16126327	snp	24	24	0.5	0.375	0.375	0.875	0.5
Chr4	16222803	snp	63	47	0.4272	0.3056	0.619	0.1915	-0.4276
Chr4	16387468	snp	80	58	0.3974	0.3082	0.475	0.8793	0.4043
Chr4	16452932	snp	72	54	0.3981	0.3056	0.6667	0.2222	-0.4444
Chr4	16476247	snp	65	48	0.417	0.3093	0.9231	0.5	-0.4231
Chr4	16503209	snp	102	96	0.3621	0.2825	0.6078	0.2396	-0.3683
Chr4	17462571	snp	58	44	0.3997	0.3143	0.4483	0.8636	0.4154
Chr4	17909699	snp	30	33	0.4606	0.3394	0.3667	0.8485	0.4818
Chr4	18017349	snp	54	46	0.4211	0.3221	0.4074	0.8478	0.4404
Chr4	18017408	snp	28	27	0.4907	0.3796	0.2143	0.7778	0.5635
Chr4	18035450	indel	41	33	0.4405	0.3385	0.122	0.6667	0.5447
Chr4	18035468	snp	44	45	0.4157	0.3253	0.2955	0.7111	0.4157
Chr4	18401405	snp	57	67	0.3936	0.3077	0.3509	0.7761	0.4252
Chr4	18407517	snp	87	71	0.3902	0.2979	0.4713	0.8732	0.402
Chr4	18436514	snp	59	60	0.4099	0.3102	0.4407	0.9167	0.476
Chr4	18436517	indel	67	63	0.4037	0.3196	0.3881	0.9206	0.5326
Chr4	18582066	snp	69	34	0.4024	0.3269	0.4203	0.8235	0.4032
Chr4	18601528	snp	73	72	0.3662	0.2953	0.3425	0.7361	0.3936
Chr4	18675462	snp	45	52	0.4021	0.3115	0.1333	0.5577	0.4244
Chr4	18741705	snp	57	74	0.3907	0.3073	0.3333	0.7703	0.4369
Chr4	18881059	snp	20	20	0.5	0.4	0.15	0.65	0.5
Chr4	19045366	snp	64	71	0.3853	0.3008	0.3125	0.7606	0.4481
Chr4	19045499	snp	65	58	0.3973	0.3093	0.2923	0.7241	0.4318
Chr4	19045503	snp	67	57	0.3936	0.3077	0.2985	0.7368	0.4383
Chr4	19138569	indel	27	18	0.4815	0.3704	0.0741	0.5556	0.4815
Chr4	19348389	snp	58	46	0.4108	0.3081	0.3276	0.7391	0.4115
Chr4	19350554	snp	16	10	0.5875	0.4625	0.1875	0.8	0.6125
Chr4	19385681	indel	19	8	0.5921	0.4737	0.1579	0.75	0.5921
Chr4	19385716	snp	21	18	0.5	0.3889	0.3333	0.8333	0.5
Chr4	19522127	indel	33	41	0.4405	0.3385	0.1212	0.6585	0.5373
Chr4	19634731	snp	38	34	0.4427	0.3375	0.2895	0.7353	0.4458
Chr4	19665486	snp	44	26	0.4493	0.3462	0.1818	0.6538	0.472
Chr4	19665487	snp	41	23	0.4602	0.3542	0.1463	0.6087	0.4624
Chr4	19679680	snp	55	37	0.4113	0.3214	0.1818	0.5946	0.4128
Chr4	19688863	indel	54	46	0.4211	0.3221	0.4259	0.8478	0.4219
Chr4	19705795	snp	33	22	0.4848	0.3788	0.0909	0.6364	0.5455
Chr4	19705797	snp	33	24	0.4773	0.3674	0.1212	0.6667	0.5455
Chr4	19789519	indel	49	31	0.424	0.3305	0.2449	0.6774	0.4325
Chr4	19789537	snp	51	28	0.4433	0.3417	0.2549	0.7143	0.4594
Chr4	19961309	indel	9	15	0.6222	0.4667	0.1111	0.7333	0.6222
Chr4	19967088	snp	35	23	0.4683	0.3652	0.2857	0.7826	0.4969
Chr4	20300281	snp	34	32	0.4577	0.3382	0.1176	0.5938	0.4761
Chr4	20408746	snp	20	17	0.5235	0.4059	0.05	0.6471	0.5971
Chr4	20500849	indel	28	18	0.5079	0.3968	0.0714	0.6111	0.5397
Chr4	20544135	snp	26	20	0.4923	0.3808	0.1538	0.65	0.4962
Chr4	20547303	indel	19	11	0.5694	0.4498	1.0	0.0909	-0.9091
Chr4	20774049	snp	30	21	0.4762	0.3762	0.0333	0.5238	0.4905
Chr4	20774730	snp	33	22	0.4848	0.3788	0.2121	0.7273	0.5152
Chr4	20826042	indel	60	30	0.4333	0.3333	0.55	1.0	0.45
Chr4	20845372	snp	24	19	0.4978	0.4013	0.3333	0.8421	0.5088
Chr4	20850378	indel	30	23	0.4754	0.3725	0.0667	0.6087	0.542
Chr4	20975362	snp	35	34	0.4227	0.3353	0.0571	0.5294	0.4723
Chr4	20977951	snp	52	41	0.4151	0.3227	0.2885	0.7073	0.4189
Chr4	21004768	snp	40	30	0.45	0.3417	0.15	0.6	0.45
Chr4	21216803	snp	52	28	0.4231	0.3324	0.3269	0.75	0.4231
Chr4	21273280	snp	14	20	0.5357	0.4143	0.1429	0.7	0.5571
Chr4	21483690	snp	55	45	0.4141	0.3152	0.2545	0.6889	0.4343
Chr4	21549741	snp	18	8	0.5972	0.4722	0.3889	1.0	0.6111
Chr4	21552378	snp	18	10	0.5889	0.4667	0.0556	0.7	0.6444
Chr4	21717427	snp	54	39	0.4217	0.3248	0.1852	0.6154	0.4302
Chr4	21717431	indel	56	41	0.4037	0.3079	0.1786	0.6098	0.4312
Chr4	21720785	snp	34	22	0.4759	0.361	0.0294	0.5909	0.5615
Chr4	21911145	indel	18	16	0.5347	0.4167	1.0	0.1875	-0.8125
Chr4	26253709	snp	47	26	0.437	0.3396	0.2128	0.6538	0.4411
Chr4	27506166	indel	18	13	0.5684	0.4359	0.1111	0.7692	0.6581
Chr4	27707563	indel	12	24	0.5417	0.4167	0.3333	0.9167	0.5833
Chr4	27950510	indel	32	15	0.4875	0.3896	0.9688	0.0667	-0.9021
Chr5	580038	indel	21	8	0.6071	0.4643	0.1429	1.0	0.8571
Chr5	8261636	indel	31	30	0.4441	0.3452	0.6452	0.2	-0.4452
Chr5	11289967	snp	24	11	0.5265	0.4356	0.75	0.1818	-0.5682
Chr5	12623037	indel	37	22	0.4656	0.3587	0.973	0.4545	-0.5184
Chr5	18487710	snp	58	50	0.4014	0.3117	0.7414	0.34	-0.4014
Chr5	20176731	snp	42	37	0.4247	0.3346	0.5476	0.1081	-0.4395
Chr5	20523042	snp	52	55	0.4024	0.3094	0.7885	0.3636	-0.4248
Chr5	21997440	indel	50	12	0.4933	0.3933	0.92	0.0833	-0.8367
Chr5	22247135	snp	46	36	0.4396	0.3394	0.9565	0.4722	-0.4843
Chr5	22247167	snp	52	44	0.4161	0.3112	0.8269	0.3864	-0.4406
Chr5	22343159	snp	55	54	0.4125	0.3047	0.6909	0.2778	-0.4131
Chr5	22516939	snp	77	51	0.4018	0.3097	0.7143	0.2941	-0.4202
Chr5	22516988	snp	65	50	0.4046	0.3154	0.8	0.28	-0.52
Chr5	22775837	snp	74	84	0.3877	0.2876	0.6757	0.25	-0.4257
Chr5	22794723	snp	47	28	0.4316	0.3457	0.7234	0.2857	-0.4377
Chr5	22842840	indel	47	40	0.416	0.3271	1.0	0.575	-0.425
Chr5	23026364	snp	72	33	0.4242	0.3194	0.6389	0.1818	-0.4571
Chr5	23036739	snp	44	20	0.4682	0.3636	0.7955	0.3	-0.4955
Chr5	23038224	indel	38	23	0.4497	0.3535	0.8947	0.4348	-0.46
Chr5	23263829	snp	46	48	0.4058	0.317	0.587	0.1667	-0.4203
Chr5	23437879	snp	55	42	0.4108	0.3169	0.9636	0.5476	-0.416
Chr5	23510502	snp	81	65	0.3867	0.2976	0.6543	0.2615	-0.3928
Chr5	23511363	snp	63	29	0.4226	0.3246	0.619	0.1724	-0.4466
Chr5	23563188	indel	47	48	0.4136	0.3223	0.9362	0.5	-0.4362
Chr5	23653799	indel	55	45	0.4141	0.3152	0.8182	0.3778	-0.4404
Chr5	23696572	snp	62	52	0.4014	0.312	0.8065	0.3654	-0.4411
Chr5	23713858	snp	60	63	0.4008	0.3032	0.7333	0.3175	-0.4159
Chr5	23799036	snp	64	72	0.3924	0.2969	0.7031	0.3056	-0.3976
Chr5	23818661	snp	68	64	0.4044	0.3051	0.7353	0.3125	-0.4228
Chr5	23827463	snp	53	41	0.4188	0.3267	0.7358	0.3171	-0.4188
Chr5	23893257	snp	81	61	0.3839	0.3058	0.6173	0.2295	-0.3878
Chr5	24197596	indel	73	73	0.3836	0.3014	0.6849	0.274	-0.411
Chr5	24203206	snp	52	23	0.4599	0.3495	0.9038	0.4348	-0.4691
Chr5	24216971	snp	38	24	0.4496	0.3553	0.5526	0.0417	-0.511
Chr5	24216981	indel	40	27	0.4519	0.3435	0.525	0.0	-0.525
Chr5	24257230	snp	82	81	0.3746	0.2892	0.5488	0.1605	-0.3883
Chr5	24273098	indel	47	36	0.4196	0.3245	0.4894	0.0	-0.4894
Chr5	24275213	snp	79	84	0.3867	0.2951	0.6962	0.3095	-0.3867
Chr5	24278302	snp	36	36	0.4167	0.3333	0.6667	0.25	-0.4167
Chr5	24295803	indel	86	68	0.3748	0.2958	0.6512	0.25	-0.4012
Chr5	24431295	snp	79	56	0.3881	0.3108	0.6835	0.2857	-0.3978
Chr5	24479858	indel	107	83	0.3825	0.2917	0.6729	0.2892	-0.3837
Chr5	24486026	snp	63	52	0.409	0.308	0.8254	0.4038	-0.4216
Chr5	24541727	snp	92	80	0.3571	0.2864	0.6304	0.25	-0.3804
Chr5	24545399	snp	58	48	0.4052	0.3175	0.6552	0.25	-0.4052
Chr5	24561309	snp	48	27	0.4398	0.3403	0.8333	0.2593	-0.5741
Chr5	24561317	snp	44	28	0.4318	0.3409	0.8864	0.3214	-0.5649
Chr5	24588883	snp	55	46	0.4012	0.3138	0.8909	0.4348	-0.4561
Chr5	24646219	snp	90	69	0.3821	0.2947	0.6889	0.2464	-0.4425
Chr5	24671083	indel	84	54	0.3889	0.2963	0.8571	0.4259	-0.4312
Chr5	24676728	snp	59	41	0.4117	0.3154	0.8305	0.4146	-0.4159
Chr5	24726570	indel	26	25	0.4892	0.3708	0.8846	0.32	-0.5646
Chr5	24727660	snp	59	64	0.3994	0.3096	0.678	0.2656	-0.4123
Chr5	24766245	indel	40	29	0.4586	0.3517	0.8	0.2414	-0.5586
Chr5	24797389	snp	70	84	0.3952	0.3024	0.7571	0.3452	-0.4119
Chr5	24797396	indel	72	86	0.376	0.2923	0.7361	0.314	-0.4222
Chr5	24845226	snp	68	59	0.3893	0.3036	0.7647	0.3729	-0.3918
Chr5	24862801	snp	48	24	0.4375	0.3333	0.7917	0.3333	-0.4583
Chr5	24932023	indel	54	54	0.3889	0.2963	0.8148	0.4259	-0.3889
Chr5	24942270	indel	83	83	0.3735	0.2892	0.6386	0.241	-0.3976
Chr5	25021338	snp	81	80	0.379	0.291	0.5679	0.1875	-0.3804
Chr5	25022229	snp	69	58	0.3991	0.3073	0.8551	0.4483	-0.4068
Chr5	25030706	indel	83	47	0.3973	0.3102	0.6265	0.2128	-0.4137
Chr5	25086921	snp	93	44	0.4	0.3065	0.6882	0.2727	-0.4154
Chr5	25175073	snp	76	64	0.3849	0.2969	0.6053	0.2188	-0.3865
Chr5	25183592	snp	79	65	0.384	0.298	0.6835	0.2769	-0.4066
Chr5	25201543	indel	59	65	0.4044	0.3056	0.7966	0.3846	-0.412
Chr5	25370671	snp	70	49	0.398	0.3122	0.7857	0.3469	-0.4388
Chr5	26067157	indel	46	48	0.4058	0.317	0.8913	0.4583	-0.433
Chr5	26107021	indel	62	56	0.3992	0.3059	0.629	0.1964	-0.4326
Chr5	26114790	snp	29	24	0.4741	0.3635	0.8621	0.375	-0.4871
Chr5	26641552	snp	59	40	0.411	0.3119	0.8475	0.425	-0.4225
Chr5	27060879	snp	73	76	0.3796	0.294	0.6712	0.2763	-0.3949
Chr5	27388579	snp	47	46	0.3996	0.3122	0.7872	0.3696	-0.4177
Chr5	27404427	snp	76	69	0.3839	0.2969	0.6184	0.2174	-0.401
Chr5	27450152	snp	93	81	0.3708	0.2927	0.7419	0.3704	-0.3716
Chr5	27523044	snp	53	42	0.4182	0.323	0.8868	0.4286	-0.4582
Chr5	27537423	snp	75	65	0.3856	0.2995	0.8267	0.3385	-0.4882
Chr5	27829233	snp	84	83	0.3754	0.2932	0.5714	0.1928	-0.3787
Chr5	27842379	snp	73	67	0.3827	0.2956	0.726	0.3433	-0.3827
Chr5	28283264	indel	60	56	0.4024	0.3083	0.6667	0.25	-0.4167
Chr5	28283269	snp	59	48	0.3902	0.3121	0.7288	0.2917	-0.4371
Chr5	28466502	snp	42	24	0.4405	0.3452	0.6429	0.125	-0.5179
Chr5	28483701	indel	97	81	0.3779	0.2893	0.6495	0.2716	-0.3779
Chr5	28493494	indel	70	81	0.3797	0.2926	0.5714	0.1728	-0.3986
Chr5	28493497	indel	69	80	0.3982	0.3042	0.5507	0.15	-0.4007
Chr5	28507532	snp	44	43	0.4239	0.3319	0.4318	0.0	-0.4318
Chr5	28546213	indel	49	65	0.3959	0.3039	0.7959	0.3231	-0.4728
Chr5	28666718	snp	88	70	0.3731	0.2877	0.75	0.3714	-0.3786
Chr5	28667100	snp	85	69	0.3881	0.2975	0.6235	0.2174	-0.4061
Chr5	28837495	snp	73	88	0.3808	0.2922	0.6712	0.2727	-0.3985
Chr5	28843893	snp	74	52	0.4038	0.3119	0.6351	0.2308	-0.4044
Chr5	28973565	indel	19	22	0.5096	0.3876	0.7368	0.2273	-0.5096
Chr6	258511	snp	41	30	0.4472	0.3407	0.4878	0.0	-0.4878
Chr6	259523	snp	31	19	0.4907	0.3735	0.7097	0.1579	-0.5518
Chr6	414683	indel	70	39	0.4092	0.3125	0.7	0.2564	-0.4436
Chr6	414689	snp	51	37	0.4308	0.3275	0.6863	0.2432	-0.443
Chr6	615081	indel	89	50	0.3942	0.2969	0.6854	0.28	-0.4054
Chr6	754546	indel	14	8	0.6429	0.5	0.7857	0.125	-0.6607
Chr6	789993	snp	55	78	0.3823	0.2944	0.7818	0.359	-0.4228
Chr6	1575881	snp	47	44	0.4309	0.3216	0.766	0.3182	-0.4478
Chr6	1584278	indel	29	41	0.4315	0.3482	0.4828	0.0244	-0.4584
Chr6	1853767	indel	19	14	0.5226	0.4173	0.6842	0.0714	-0.6128
Chr6	1891518	snp	102	91	0.3605	0.2805	0.6961	0.3297	-0.3664
Chr6	2060404	snp	10	14	0.5857	0.4571	0.6	0.0	-0.6
Chr6	2567947	snp	35	30	0.4524	0.3476	0.6857	0.1	-0.5857
Chr6	2567984	snp	33	36	0.4545	0.3535	0.697	0.1944	-0.5025
Chr6	2567999	snp	29	35	0.4384	0.3409	0.6897	0.2	-0.4897
Chr6	3109504	indel	40	18	0.4833	0.3667	0.625	0.0556	-0.5694
Chr6	3374443	snp	76	71	0.3866	0.3011	0.8158	0.4225	-0.3933
Chr6	3802644	snp	31	14	0.5023	0.3986	0.7419	0.1429	-0.5991
Chr6	3802855	indel	48	31	0.42	0.3286	0.625	0.1613	-0.4637
Chr6	3803219	snp	32	20	0.475	0.3625	0.7188	0.15	-0.5687
Chr6	3804001	snp	34	27	0.4608	0.3573	0.6176	0.0741	-0.5436
Chr6	3821199	snp	27	23	0.4799	0.38	0.6296	0.1304	-0.4992
Chr6	3821611	snp	26	9	0.5769	0.4359	0.7308	0.0	-0.7308
Chr6	3821646	snp	38	20	0.4895	0.3579	0.5789	0.0	-0.5789
Chr6	3825022	snp	46	37	0.4313	0.3325	0.5435	0.0811	-0.4624
Chr6	3825085	snp	57	53	0.4012	0.3174	0.4561	0.0189	-0.4373
Chr6	3831089	snp	36	21	0.4762	0.3611	0.8333	0.2857	-0.5476
Chr6	3860799	snp	76	73	0.3796	0.294	0.6711	0.2055	-0.4656
Chr6	3869551	indel	61	37	0.4289	0.3217	0.7049	0.2162	-0.4887
Chr6	3886748	snp	53	53	0.3962	0.3208	0.7547	0.3585	-0.3962
Chr6	3933124	snp	72	73	0.3662	0.2953	0.75	0.3562	-0.3938
Chr6	3938806	snp	82	49	0.397	0.3036	0.8171	0.3469	-0.4701
Chr6	4014177	snp	84	74	0.3877	0.2876	0.5952	0.1892	-0.406
Chr6	4017829	snp	85	48	0.4078	0.31	0.6824	0.2708	-0.4115
Chr6	4065920	snp	52	39	0.4231	0.3205	0.8462	0.3846	-0.4615
Chr6	4086601	indel	72	59	0.3771	0.2999	0.6111	0.1864	-0.4247
Chr6	4231713	indel	85	79	0.3912	0.2998	0.7059	0.3038	-0.4021
Chr6	4260484	indel	84	94	0.3832	0.2931	0.7857	0.3404	-0.4453
Chr6	4267864	indel	56	59	0.3977	0.3057	1.0	0.4915	-0.5085
Chr6	4488444	snp	80	44	0.3966	0.308	0.7625	0.3409	-0.4216
Chr6	4500263	snp	65	46	0.4033	0.3084	0.7077	0.2826	-0.4251
Chr6	4543859	snp	28	40	0.4429	0.3393	0.75	0.3	-0.45
Chr6	4552203	snp	101	64	0.3806	0.293	0.6931	0.3125	-0.3806
Chr6	4555360	snp	85	70	0.3882	0.2958	0.7882	0.4	-0.3882
Chr6	4561867	snp	49	24	0.4439	0.341	0.7755	0.2917	-0.4838
Chr6	4916156	indel	55	38	0.4297	0.3225	0.7273	0.2632	-0.4641
Chr6	4988208	snp	83	63	0.3846	0.3014	0.7349	0.3492	-0.3857
Chr6	5127132	snp	68	80	0.3919	0.3029	0.75	0.3375	-0.4125
Chr6	5312708	indel	42	54	0.4101	0.3175	0.5238	0.0741	-0.4497
Chr6	5320510	indel	93	67	0.3771	0.2953	0.7204	0.3433	-0.3771
Chr6	5397213	snp	90	75	0.3711	0.2933	0.7111	0.2933	-0.4178
Chr6	5416358	indel	84	25	0.431	0.3314	0.5833	0.12	-0.4633
Chr6	5455031	snp	51	67	0.3989	0.3102	0.5882	0.1493	-0.439
Chr6	5485228	indel	104	78	0.3686	0.2821	0.7019	0.2949	-0.4071
Chr6	6420720	snp	48	30	0.4292	0.3333	0.7917	0.3333	-0.4583
Chr6	7235313	indel	18	17	0.5425	0.4281	0.7222	0.1765	-0.5458
Chr6	7268670	indel	70	50	0.4086	0.3171	0.8429	0.36	-0.4829
Chr6	7268696	snp	49	36	0.4365	0.3305	0.898	0.4444	-0.4535
Chr6	7268707	snp	40	33	0.4576	0.347	0.875	0.3333	-0.5417
Chr6	7322053	indel	27	12	0.537	0.4167	0.1481	1.0	0.8519
Chr6	7342525	indel	62	46	0.4208	0.3247	0.6613	0.2174	-0.4439
Chr6	7661369	snp	70	61	0.3684	0.2885	0.7571	0.377	-0.3801
Chr6	7973384	indel	28	15	0.5143	0.4071	0.1071	0.6667	0.5595
Chr6	8047067	snp	55	56	0.4058	0.3146	0.8182	0.4107	-0.4075
Chr6	9094641	snp	83	75	0.3796	0.294	0.6988	0.3067	-0.3921
Chr6	11456735	indel	11	24	0.5265	0.4356	0.0	0.5833	0.5833
Chr6	14710720	indel	26	19	0.4919	0.3866	0.1154	1.0	0.8846
Chr6	15801749	snp	19	24	0.4978	0.4013	0.3158	0.875	0.5592
Chr6	19604496	indel	29	39	0.4518	0.3475	1.0	0.5385	-0.4615
Chr6	25374288	indel	24	27	0.4722	0.3704	0.0417	0.5556	0.5139
Chr6	28125226	snp	60	62	0.3968	0.3086	0.3667	0.7742	0.4075
Chr6	30307810	indel	29	14	0.5419	0.4039	0.931	0.0	-0.931
Chr7	795051	indel	14	25	0.5286	0.4086	0.0	0.72	0.72
Chr7	829208	indel	51	58	0.3979	0.307	0.8039	0.3621	-0.4419
Chr7	1416407	snp	38	18	0.4649	0.3596	0.7632	0.2778	-0.4854
Chr7	1856945	snp	54	38	0.424	0.3294	0.7037	0.2105	-0.4932
Chr7	1875090	indel	93	108	0.3608	0.2873	0.4839	0.0833	-0.4005
Chr7	1879045	indel	93	68	0.389	0.3001	0.4409	0.0441	-0.3967
Chr7	1914384	snp	62	47	0.4104	0.3085	0.5968	0.1277	-0.4691
Chr7	1941341	snp	68	74	0.3915	0.2957	0.5294	0.1216	-0.4078
Chr7	2041695	snp	53	42	0.4182	0.323	0.6981	0.2381	-0.46
Chr7	2045367	snp	42	48	0.4167	0.3155	0.6667	0.2292	-0.4375
Chr7	2046494	snp	73	68	0.3995	0.2996	0.5068	0.1029	-0.4039
Chr7	2065188	snp	49	29	0.4398	0.3427	0.6735	0.2069	-0.4666
Chr7	2080816	snp	64	36	0.4132	0.3264	0.7812	0.3056	-0.4757
Chr7	2085828	indel	60	34	0.4186	0.3206	0.4833	0.0588	-0.4245
Chr7	2087333	snp	59	32	0.428	0.3289	0.6441	0.1562	-0.4878
Chr7	2098446	indel	45	34	0.4176	0.3294	0.6	0.1471	-0.4529
Chr7	2123592	snp	62	58	0.4038	0.3037	0.5645	0.1207	-0.4438
Chr7	2126143	snp	61	43	0.4053	0.3206	0.7869	0.3488	-0.438
Chr7	2126203	indel	47	42	0.4189	0.3262	1.0	0.3571	-0.6429
Chr7	2126209	indel	68	61	0.3927	0.3028	0.7206	0.2459	-0.4747
Chr7	2127909	snp	63	53	0.3986	0.3073	0.5556	0.0755	-0.4801
Chr7	2151200	snp	46	28	0.4472	0.3509	0.8043	0.25	-0.5543
Chr7	2211153	snp	93	73	0.3712	0.2919	0.4731	0.0959	-0.3772
Chr7	2227536	indel	79	104	0.384	0.2959	0.443	0.0577	-0.3853
Chr7	2259894	snp	79	79	0.3797	0.3038	0.6076	0.1392	-0.4684
Chr7	2290944	snp	34	50	0.4271	0.3365	0.6471	0.16	-0.4871
Chr7	2296431	snp	78	77	0.38	0.292	0.4615	0.0649	-0.3966
Chr7	2310017	snp	80	93	0.3777	0.2899	0.4875	0.086	-0.4015
Chr7	2403260	snp	48	66	0.4148	0.3144	0.6458	0.2273	-0.4186
Chr7	2409235	snp	44	16	0.4716	0.375	0.75	0.25	-0.5
Chr7	2420610	snp	50	53	0.4147	0.3192	0.82	0.3962	-0.4238
Chr7	2422345	snp	55	32	0.4278	0.3318	0.7455	0.3125	-0.433
Chr7	2429168	snp	62	45	0.4168	0.3118	0.629	0.1778	-0.4513
Chr7	2432228	snp	75	51	0.4118	0.3122	0.6133	0.098	-0.5153
Chr7	2434919	snp	59	47	0.4053	0.3163	0.678	0.2553	-0.4226
Chr7	2440620	snp	60	42	0.4262	0.3214	0.6833	0.2143	-0.469
Chr7	2444802	snp	65	44	0.4329	0.3133	0.6154	0.1364	-0.479
Chr7	2444841	snp	75	53	0.3947	0.3026	0.5733	0.1509	-0.4224
Chr7	2453097	snp	47	47	0.4043	0.3191	0.5745	0.1277	-0.4468
Chr7	2456386	snp	80	64	0.3937	0.3031	0.675	0.2812	-0.3938
Chr7	2456431	snp	63	67	0.4037	0.3196	0.7619	0.2985	-0.4634
Chr7	2461313	snp	63	23	0.4451	0.3464	0.6508	0.1739	-0.4769
Chr7	2461470	indel	69	29	0.4198	0.3308	0.7826	0.2414	-0.5412
Chr7	2461477	snp	73	31	0.4132	0.3221	0.7123	0.2258	-0.4865
Chr7	2462176	snp	49	30	0.4476	0.3327	0.7551	0.2667	-0.4884
Chr7	2468048	snp	44	48	0.4072	0.3201	0.6591	0.2083	-0.4508
Chr7	2474710	snp	64	47	0.4036	0.3102	0.625	0.2128	-0.4122
Chr7	2480627	indel	83	52	0.3911	0.3044	0.5181	0.1154	-0.4027
Chr7	2485686	indel	108	95	0.3736	0.2835	0.5556	0.1789	-0.3766
Chr7	2491627	indel	57	47	0.4225	0.3251	0.4737	0.0426	-0.4311
Chr7	2521689	snp	85	79	0.3912	0.2998	0.5059	0.1013	-0.4046
Chr7	2536118	snp	66	55	0.4091	0.3061	0.5758	0.1636	-0.4121
Chr7	2590018	snp	41	26	0.4484	0.3443	0.7073	0.2308	-0.4765
Chr7	2591219	indel	86	83	0.3853	0.291	0.5581	0.1325	-0.4256
Chr7	2663847	snp	38	24	0.4496	0.3553	0.9211	0.4167	-0.5044
Chr7	2676962	snp	29	30	0.4575	0.3563	0.8621	0.4	-0.4621
Chr7	2688804	indel	74	58	0.3798	0.3001	0.6216	0.2414	-0.3802
Chr7	2727218	indel	92	99	0.3755	0.2902	0.5435	0.1616	-0.3819
Chr7	2774478	snp	39	26	0.4487	0.3462	0.641	0.1538	-0.4872
Chr7	2775232	indel	83	53	0.3969	0.3021	0.5783	0.1698	-0.4085
Chr7	2776669	snp	67	52	0.3958	0.3063	0.5821	0.1731	-0.409
Chr7	2776715	snp	83	59	0.3866	0.2996	0.5422	0.1356	-0.4066
Chr7	2801699	snp	73	62	0.3922	0.2963	0.6712	0.1935	-0.4777
Chr7	2801758	snp	42	31	0.4493	0.3287	0.8095	0.3226	-0.4869
Chr7	2804052	snp	44	33	0.4318	0.3409	0.7045	0.1818	-0.5227
Chr7	2804078	indel	49	41	0.4385	0.336	0.6327	0.122	-0.5107
Chr7	2804223	snp	52	39	0.4231	0.3205	0.6538	0.2308	-0.4231
Chr7	2930198	snp	78	70	0.3883	0.3026	0.5769	0.1857	-0.3912
Chr7	2989348	snp	96	80	0.3792	0.2896	0.4688	0.075	-0.3937
Chr7	3005394	snp	54	23	0.4428	0.3502	0.6667	0.2174	-0.4493
Chr7	3008316	snp	42	31	0.4493	0.3287	0.7857	0.2581	-0.5276
Chr7	3008320	snp	43	29	0.4451	0.3416	0.7674	0.2759	-0.4916
Chr7	3008334	indel	42	33	0.4351	0.3442	0.7619	0.2727	-0.4892
Chr7	3084378	snp	52	43	0.4092	0.3202	0.5192	0.093	-0.4262
Chr7	3087372	snp	66	44	0.3939	0.3182	0.5303	0.1364	-0.3939
Chr7	3095446	indel	86	46	0.3959	0.3003	0.5	0.0217	-0.4783
Chr7	3127870	snp	62	27	0.4277	0.3327	0.5806	0.1111	-0.4695
Chr7	3130970	snp	43	46	0.4196	0.3266	0.7209	0.2391	-0.4818
Chr7	3131050	snp	62	43	0.407	0.314	0.5968	0.186	-0.4107
Chr7	3132603	indel	105	93	0.3905	0.2952	0.4667	0.0645	-0.4022
Chr7	3180946	indel	94	70	0.3915	0.2951	0.4787	0.0857	-0.393
Chr7	3187612	snp	66	63	0.3997	0.3074	0.5152	0.1111	-0.404
Chr7	3224476	indel	93	82	0.3841	0.2872	0.5054	0.0976	-0.4078
Chr7	3225994	snp	53	38	0.4161	0.3217	0.7547	0.2895	-0.4652
Chr7	3290025	snp	59	44	0.4102	0.3147	0.6271	0.2045	-0.4226
Chr7	3304623	snp	42	39	0.4267	0.3352	0.7381	0.2821	-0.456
Chr7	3314261	snp	67	39	0.4152	0.3215	0.7164	0.2564	-0.46
Chr7	3314282	snp	61	31	0.4151	0.3316	0.7213	0.2903	-0.431
Chr7	3314784	snp	76	61	0.3926	0.3037	0.5526	0.1475	-0.4051
Chr7	3317577	snp	56	46	0.4115	0.3191	0.6071	0.1087	-0.4984
Chr7	3320859	snp	93	75	0.3888	0.2955	0.5914	0.1467	-0.4447
Chr7	3333530	snp	68	78	0.3797	0.2971	0.5	0.1154	-0.3846
Chr7	3362940	indel	85	65	0.3846	0.2941	0.5412	0.1077	-0.4335
Chr7	3364729	indel	117	59	0.378	0.2934	0.4701	0.0847	-0.3853
Chr7	3379309	snp	93	95	0.3744	0.2877	0.5054	0.0947	-0.4106
Chr7	3459348	snp	55	44	0.4	0.3182	0.7636	0.25	-0.5136
Chr7	3459354	snp	53	38	0.4161	0.3217	0.7736	0.2632	-0.5104
Chr7	3467889	snp	81	86	0.3781	0.2924	0.5309	0.1279	-0.403
Chr7	3589947	snp	32	20	0.475	0.3625	0.9062	0.35	-0.5563
Chr7	3592314	snp	82	62	0.393	0.2994	0.5732	0.1613	-0.4119
Chr7	3595809	snp	45	39	0.4291	0.3265	0.8667	0.3333	-0.5333
Chr7	3595816	snp	45	36	0.4333	0.3333	0.8889	0.3611	-0.5278
Chr7	3603083	snp	56	41	0.4037	0.3079	0.7143	0.2439	-0.4704
Chr7	3604589	snp	111	93	0.3772	0.2883	0.5315	0.1398	-0.3917
Chr7	3610460	snp	70	40	0.4179	0.3143	0.5714	0.1	-0.4714
Chr7	3611696	snp	37	22	0.4656	0.3587	0.8919	0.4091	-0.4828
Chr7	3612218	indel	55	47	0.4085	0.311	0.6909	0.2553	-0.4356
Chr7	3616794	snp	75	90	0.3711	0.2933	0.5733	0.1667	-0.4067
Chr7	3627381	indel	49	50	0.4147	0.3135	0.898	0.36	-0.538
Chr7	3629228	snp	77	65	0.396	0.2955	0.5455	0.1385	-0.407
Chr7	3635938	snp	33	29	0.4598	0.3521	0.8182	0.3448	-0.4734
Chr7	3647933	indel	45	31	0.4351	0.3319	0.6	0.0968	-0.5032
Chr7	3652458	snp	64	54	0.4126	0.3084	0.7656	0.2593	-0.5064
Chr7	3652474	indel	65	63	0.3927	0.3028	0.7846	0.3016	-0.483
Chr7	3654381	snp	42	26	0.4505	0.3443	0.8333	0.3077	-0.5256
Chr7	3655001	snp	52	43	0.4092	0.3202	0.6923	0.2791	-0.4132
Chr7	3662256	snp	47	39	0.4157	0.3262	0.7021	0.2821	-0.4201
Chr7	3673119	snp	102	68	0.3824	0.2941	0.4902	0.1029	-0.3873
Chr7	3717914	snp	40	25	0.46	0.345	0.6	0.12	-0.48
Chr7	3719846	snp	49	26	0.4341	0.3297	0.7959	0.3462	-0.4498
Chr7	3726102	snp	116	57	0.3825	0.296	0.6897	0.2807	-0.409
Chr7	3726741	indel	126	102	0.3711	0.2871	0.7381	0.3529	-0.3852
Chr7	3732367	snp	71	53	0.3933	0.3037	0.7606	0.3396	-0.4209
Chr7	3732373	snp	69	49	0.404	0.3138	0.7826	0.3673	-0.4153
Chr7	3732503	snp	96	73	0.3823	0.293	0.6042	0.1918	-0.4124
Chr7	3733131	snp	36	45	0.4333	0.3333	0.8611	0.4222	-0.4389
Chr7	3739182	snp	54	32	0.4306	0.3345	0.6852	0.25	-0.4352
Chr7	3754226	indel	69	65	0.4062	0.3137	0.6232	0.1846	-0.4386
Chr7	3766868	snp	80	70	0.3875	0.2982	0.5375	0.1143	-0.4232
Chr7	3828133	snp	69	94	0.3716	0.2905	0.5217	0.1383	-0.3834
Chr7	3857455	snp	90	78	0.3829	0.2991	0.5111	0.1282	-0.3829
Chr7	3899985	snp	58	34	0.4178	0.3245	0.8621	0.3824	-0.4797
Chr7	3905566	snp	67	47	0.3992	0.3144	0.6119	0.2128	-0.3992
Chr7	3905618	snp	38	21	0.4724	0.3609	0.8421	0.3333	-0.5088
Chr7	3911226	snp	96	79	0.3674	0.2853	0.5729	0.1646	-0.4084
Chr7	3925550	snp	57	33	0.4258	0.3333	0.7544	0.2727	-0.4817
Chr7	3925554	snp	58	32	0.4159	0.3147	0.7931	0.25	-0.5431
Chr7	3931145	snp	48	38	0.4243	0.33	0.8542	0.4211	-0.4331
Chr7	3932093	snp	73	64	0.3938	0.3022	0.5753	0.1562	-0.4191
Chr7	3938165	snp	51	34	0.4118	0.3235	0.7843	0.2647	-0.5196
Chr7	3938169	snp	53	36	0.4214	0.3249	0.7736	0.25	-0.5236
Chr7	3946808	snp	36	26	0.453	0.3526	0.9167	0.4615	-0.4551
Chr7	3955101	snp	81	91	0.3822	0.2876	0.5432	0.1099	-0.4333
Chr7	4005385	snp	68	42	0.4132	0.3172	0.7794	0.3095	-0.4699
Chr7	4005386	snp	69	41	0.4083	0.3107	0.7536	0.3171	-0.4366
Chr7	4017055	snp	70	70	0.3857	0.3	0.6	0.1429	-0.4571
Chr7	4021310	snp	37	44	0.4441	0.3292	0.8108	0.3409	-0.4699
Chr7	4030101	snp	75	62	0.3953	0.3069	0.6533	0.2258	-0.4275
Chr7	4034075	snp	90	66	0.3828	0.2929	0.5667	0.1818	-0.3848
Chr7	4034135	snp	72	55	0.4109	0.3106	0.6806	0.2545	-0.426
Chr7	4034499	indel	35	24	0.4512	0.3655	1.0	0.3333	-0.6667
Chr7	4040370	snp	75	76	0.3896	0.2981	0.5333	0.0789	-0.4544
Chr7	4091821	indel	53	37	0.409	0.3202	0.8868	0.4324	-0.4544
Chr7	4091829	snp	56	38	0.4248	0.3346	0.8036	0.3158	-0.4878
Chr7	4091840	snp	50	32	0.43	0.3363	0.84	0.3438	-0.4962
Chr7	4091877	indel	52	32	0.4303	0.3293	0.8654	0.375	-0.4904
Chr7	4106930	snp	65	63	0.3927	0.3028	0.5846	0.1429	-0.4418
Chr7	4129502	indel	11	18	0.5606	0.4444	0.0	0.8889	0.8889
Chr7	4138699	snp	68	26	0.431	0.3314	0.6029	0.1538	-0.4491
Chr7	4145217	snp	43	26	0.4517	0.3435	0.7674	0.3077	-0.4597
Chr7	4145512	snp	95	66	0.3963	0.3021	0.5789	0.1818	-0.3971
Chr7	4145839	snp	54	48	0.4028	0.3194	0.6852	0.2292	-0.456
Chr7	4145845	snp	57	53	0.4012	0.3174	0.6667	0.2264	-0.4403
Chr7	4152329	snp	53	52	0.4118	0.3153	0.5472	0.0962	-0.451
Chr7	4152349	snp	49	32	0.4235	0.338	0.6327	0.1875	-0.4452
Chr7	4157195	snp	61	40	0.4152	0.3152	0.7377	0.275	-0.4627
Chr7	4160904	indel	80	61	0.3893	0.2996	0.525	0.1148	-0.4102
Chr7	4187091	snp	71	46	0.4179	0.3141	0.6479	0.1522	-0.4957
Chr7	4198426	snp	59	39	0.4216	0.3272	0.6949	0.2051	-0.4898
Chr7	4228885	snp	39	42	0.4267	0.3352	0.8462	0.3571	-0.489
Chr7	4242224	snp	34	26	0.457	0.3507	0.5294	0.0385	-0.491
Chr7	4267150	indel	102	79	0.3939	0.3028	0.5196	0.1013	-0.4183
Chr7	4306049	indel	77	90	0.3733	0.2883	0.4935	0.1	-0.3935
Chr7	4309725	indel	88	65	0.3895	0.2946	0.6023	0.1538	-0.4484
Chr7	4309824	snp	54	53	0.4196	0.3113	0.5926	0.1509	-0.4416
Chr7	4328628	snp	84	95	0.3797	0.2932	0.5595	0.1684	-0.3911
Chr7	4364154	snp	98	83	0.3732	0.2871	0.449	0.0602	-0.3887
Chr7	4374569	indel	105	74	0.3878	0.2956	0.5048	0.1081	-0.3967
Chr7	4406044	snp	53	59	0.4007	0.3099	0.6226	0.1525	-0.4701
Chr7	4406437	indel	59	52	0.4188	0.3126	0.8305	0.4038	-0.4267
Chr7	4514492	snp	29	36	0.4607	0.3429	0.6897	0.2222	-0.4674
Chr7	4516408	snp	80	57	0.3993	0.309	0.75	0.3333	-0.4167
Chr7	4544457	snp	53	31	0.44	0.3408	0.7547	0.2581	-0.4967
Chr7	4584225	snp	65	34	0.4149	0.3213	0.7846	0.2941	-0.4905
Chr7	4584310	snp	56	31	0.4205	0.3312	0.7143	0.2581	-0.4562
Chr7	4584356	snp	66	39	0.4207	0.317	0.5909	0.1282	-0.4627
Chr7	4636596	indel	67	40	0.4112	0.3216	0.5522	0.025	-0.5272
Chr7	4640932	snp	91	82	0.3799	0.2873	0.5055	0.1098	-0.3957
Chr7	4641446	snp	82	95	0.376	0.2879	0.5	0.1158	-0.3842
Chr7	4667617	snp	95	57	0.3895	0.3018	0.5368	0.1404	-0.3965
Chr7	4723307	indel	85	38	0.4074	0.3161	0.5294	0.0	-0.5294
Chr7	4741100	indel	75	41	0.401	0.3119	0.5867	0.0244	-0.5623
Chr7	4741105	snp	67	38	0.4163	0.3181	0.597	0.0526	-0.5444
Chr7	4741183	snp	84	46	0.4022	0.3049	0.5	0.087	-0.413
Chr7	4741326	snp	62	15	0.4796	0.3785	0.8226	0.2667	-0.5559
Chr7	4741341	snp	64	24	0.4323	0.3438	0.8125	0.25	-0.5625
Chr7	4741404	indel	77	55	0.4	0.3013	0.7013	0.2	-0.5013
Chr7	4746058	snp	103	96	0.3733	0.2907	0.4854	0.0729	-0.4125
Chr7	4787305	snp	57	38	0.4211	0.3158	0.5789	0.1053	-0.4737
Chr7	4788837	snp	61	31	0.4151	0.3316	0.8033	0.3226	-0.4807
Chr7	4816698	snp	58	47	0.4039	0.3147	0.6724	0.2553	-0.4171
Chr7	4832981	snp	85	86	0.3804	0.2978	0.5294	0.1279	-0.4015
Chr7	4835826	indel	71	85	0.3841	0.2923	0.6056	0.1882	-0.4174
Chr7	4835873	snp	49	53	0.4109	0.3246	0.6735	0.2453	-0.4282
Chr7	4837035	indel	51	84	0.3957	0.3032	0.5294	0.131	-0.3985
Chr7	4860988	snp	59	42	0.4189	0.3208	0.7627	0.2857	-0.477
Chr7	4865851	snp	80	79	0.3837	0.2953	0.5375	0.1519	-0.3856
Chr7	4867795	indel	33	41	0.4405	0.3385	0.7273	0.2683	-0.459
Chr7	4868046	snp	24	34	0.4779	0.3554	0.9167	0.2941	-0.6225
Chr7	4908183	snp	81	68	0.3778	0.299	0.5556	0.1618	-0.3938
Chr7	4912281	snp	54	23	0.4428	0.3502	0.8704	0.3478	-0.5225
Chr7	4912372	snp	73	68	0.3995	0.2996	0.6027	0.1471	-0.4557
Chr7	4912790	indel	84	93	0.3844	0.2961	0.5714	0.1505	-0.4209
Chr7	4916124	snp	45	33	0.4384	0.3333	0.6444	0.1818	-0.4626
Chr7	4916135	snp	45	33	0.4384	0.3333	0.6667	0.1818	-0.4848
Chr7	4916538	snp	54	36	0.4259	0.3241	0.7593	0.2778	-0.4815
Chr7	4917614	snp	52	50	0.4138	0.3131	0.7308	0.24	-0.4908
Chr7	4917624	snp	55	49	0.4212	0.3147	0.7091	0.2857	-0.4234
Chr7	4920141	snp	55	47	0.4085	0.311	0.8364	0.1915	-0.6449
Chr7	4920223	snp	69	44	0.4022	0.3152	0.6522	0.1591	-0.4931
Chr7	4920950	snp	54	66	0.404	0.3098	0.6667	0.197	-0.4697
Chr7	4924304	snp	54	60	0.4056	0.3093	0.5556	0.1333	-0.4222
Chr7	5019766	indel	44	44	0.4091	0.3182	0.7273	0.3182	-0.4091
Chr7	5020975	snp	60	55	0.3955	0.3076	0.7333	0.2909	-0.4424
Chr7	5022065	snp	79	51	0.4135	0.304	0.6582	0.2157	-0.4425
Chr7	5025145	snp	82	45	0.3883	0.3073	0.6585	0.1778	-0.4808
Chr7	5027867	snp	42	28	0.4524	0.3452	0.8333	0.25	-0.5833
Chr7	5029352	snp	68	47	0.4196	0.3229	0.5882	0.1489	-0.4393
Chr7	5032494	snp	76	62	0.3867	0.2992	0.6053	0.1935	-0.4117
Chr7	5032732	snp	52	30	0.4346	0.3295	0.7885	0.3333	-0.4551
Chr7	5055448	snp	113	70	0.3794	0.2895	0.4513	0.0714	-0.3799
Chr7	5067267	snp	46	33	0.4361	0.332	0.7391	0.303	-0.4361
Chr7	5096671	snp	58	48	0.4052	0.3175	0.6034	0.1875	-0.4159
Chr7	5102342	snp	63	46	0.4058	0.3147	0.5873	0.1739	-0.4134
Chr7	5102845	snp	66	49	0.4014	0.3105	0.7424	0.3265	-0.4159
Chr7	5102859	indel	68	60	0.4147	0.3118	0.6912	0.25	-0.4412
Chr7	5104599	snp	83	63	0.3846	0.3014	0.6627	0.1905	-0.4722
Chr7	5106629	snp	56	27	0.4385	0.3327	0.7679	0.2963	-0.4716
Chr7	5110234	snp	56	27	0.4385	0.3327	0.8036	0.2963	-0.5073
Chr7	5110327	snp	67	34	0.4192	0.3187	0.7164	0.2059	-0.5105
Chr7	5121338	snp	84	53	0.3976	0.3062	0.6548	0.2075	-0.4472
Chr7	5122866	snp	48	39	0.4103	0.3189	0.7083	0.2564	-0.4519
Chr7	5131665	indel	104	87	0.3686	0.2858	0.5673	0.1724	-0.3949
Chr7	5140708	snp	71	61	0.3999	0.3059	0.5634	0.1475	-0.4158
Chr7	5143666	snp	64	69	0.3775	0.305	0.625	0.2319	-0.3931
Chr7	5143817	snp	59	38	0.4166	0.3189	0.7288	0.2632	-0.4657
Chr7	5145237	snp	54	55	0.4125	0.3047	0.7037	0.2364	-0.4673
Chr7	5146961	indel	60	79	0.3981	0.3004	0.5667	0.1266	-0.4401
Chr7	5150774	indel	86	81	0.3781	0.2924	0.5349	0.1235	-0.4114
Chr7	5164549	indel	93	110	0.3675	0.2873	0.4946	0.1182	-0.3764
Chr7	5164655	snp	101	83	0.3712	0.2856	0.5248	0.0843	-0.4404
Chr7	5179363	snp	74	59	0.4008	0.3028	0.5	0.0847	-0.4153
Chr7	5188767	indel	72	53	0.3954	0.3032	0.4722	0.0755	-0.3968
Chr7	5188768	indel	69	66	0.3966	0.3024	0.6087	0.2121	-0.3966
Chr7	5193438	snp	63	97	0.3877	0.3011	0.5238	0.0928	-0.431
Chr7	5205412	snp	87	42	0.4154	0.3144	0.6667	0.2381	-0.4286
Chr7	5205444	snp	64	30	0.4302	0.3292	0.8125	0.2333	-0.5792
Chr7	5205454	snp	62	32	0.4294	0.3327	0.7742	0.2188	-0.5554
Chr7	5207855	snp	83	59	0.3866	0.2996	0.494	0.1017	-0.3923
Chr7	5207953	snp	86	57	0.3935	0.306	0.5233	0.1053	-0.418
Chr7	5212335	indel	63	50	0.3943	0.3073	0.746	0.34	-0.406
Chr7	5247434	snp	70	64	0.3969	0.3018	0.4857	0.0781	-0.4076
Chr7	5334086	indel	82	61	0.3916	0.3009	0.4634	0.0492	-0.4142
Chr7	5345628	snp	64	51	0.4053	0.311	0.5469	0.1373	-0.4096
Chr7	5354171	indel	56	35	0.4107	0.325	0.7679	0.3143	-0.4536
Chr7	5354181	snp	56	39	0.419	0.3205	0.7321	0.2821	-0.4501
Chr7	5354238	indel	51	45	0.4118	0.3229	0.7647	0.3111	-0.4536
Chr7	5354322	snp	31	24	0.4785	0.3629	0.9032	0.4167	-0.4866
Chr7	5356176	snp	52	33	0.4196	0.3287	0.8077	0.3333	-0.4744
Chr7	5357020	snp	68	30	0.4167	0.3255	0.6618	0.2	-0.4618
Chr7	5359110	snp	53	40	0.4108	0.3288	0.6604	0.175	-0.4854
Chr7	5359131	snp	58	47	0.4039	0.3147	0.6724	0.2128	-0.4596
Chr7	5359610	indel	40	44	0.4227	0.3295	0.7	0.1591	-0.5409
Chr7	5359629	snp	42	40	0.4155	0.3179	0.8095	0.175	-0.6345
Chr7	5359644	snp	49	35	0.4245	0.3306	0.7347	0.2286	-0.5061
Chr7	5360506	snp	88	108	0.3725	0.2866	0.5	0.1204	-0.3796
Chr7	5361618	snp	66	47	0.4146	0.3108	0.7576	0.2553	-0.5023
Chr7	5361679	indel	63	66	0.3997	0.3074	0.619	0.1515	-0.4675
Chr7	5367928	snp	66	54	0.404	0.3098	0.6515	0.2037	-0.4478
Chr7	5371024	snp	97	80	0.3885	0.2979	0.4948	0.1	-0.3948
Chr7	5372138	snp	58	40	0.4207	0.3207	0.6207	0.2	-0.4207
Chr7	5374976	snp	58	43	0.4166	0.3228	0.7241	0.2326	-0.4916
Chr7	5376094	snp	37	24	0.4696	0.3694	0.9189	0.2917	-0.6273
Chr7	5376636	snp	56	65	0.3887	0.2964	0.6071	0.2	-0.4071
Chr7	5432260	snp	52	47	0.4116	0.3196	0.8654	0.4043	-0.4611
Chr7	5440391	snp	57	33	0.4258	0.3333	0.6491	0.2121	-0.437
Chr7	5442379	indel	114	58	0.3908	0.2952	0.6228	0.1379	-0.4849
Chr7	5460127	snp	56	40	0.4071	0.3214	0.6964	0.275	-0.4214
Chr7	5474696	snp	69	54	0.3953	0.3076	0.5362	0.1296	-0.4066
Chr7	5475067	snp	40	25	0.46	0.345	0.925	0.44	-0.485
Chr7	5485042	snp	43	45	0.4088	0.3178	0.6744	0.2222	-0.4522
Chr7	5485057	snp	49	48	0.4026	0.3197	0.6735	0.1875	-0.486
Chr7	5485274	snp	65	92	0.388	0.2973	0.5231	0.1304	-0.3926
Chr7	5485275	indel	64	101	0.3806	0.293	0.5156	0.1287	-0.3869
Chr7	5554232	snp	57	43	0.4117	0.3125	0.6491	0.2326	-0.4166
Chr7	5555528	snp	96	77	0.3784	0.2953	0.5208	0.1299	-0.391
Chr7	5560233	snp	68	48	0.4007	0.3113	0.5441	0.1042	-0.44
Chr7	5560270	snp	68	47	0.4196	0.3229	0.5735	0.1489	-0.4246
Chr7	5560309	indel	77	61	0.3926	0.3085	0.5584	0.1639	-0.3945
Chr7	5560840	snp	57	51	0.4056	0.3189	0.6667	0.1961	-0.4706
Chr7	5562628	snp	61	44	0.3994	0.3148	0.6721	0.2273	-0.4449
Chr7	5562807	snp	62	39	0.4189	0.3176	0.6774	0.2051	-0.4723
Chr7	5625961	snp	75	81	0.3857	0.2943	0.5867	0.1975	-0.3891
Chr7	5629737	snp	28	31	0.4562	0.356	0.75	0.2903	-0.4597
Chr7	5639241	snp	55	45	0.4141	0.3152	0.6182	0.1333	-0.4848
Chr7	5641575	snp	65	51	0.4066	0.3113	0.6769	0.1569	-0.5201
Chr7	5658459	snp	38	53	0.4161	0.3217	0.8684	0.3585	-0.5099
Chr7	5659469	snp	62	53	0.3999	0.3028	0.6452	0.2075	-0.4376
Chr7	5659635	snp	61	52	0.4001	0.3124	0.7049	0.2885	-0.4165
Chr7	5659664	snp	46	36	0.4396	0.3394	0.8478	0.3889	-0.4589
Chr7	5671869	snp	71	62	0.3839	0.299	0.5211	0.129	-0.3921
Chr7	5677296	snp	59	32	0.428	0.3289	0.8814	0.4375	-0.4439
Chr7	5677297	snp	63	31	0.4224	0.3287	0.8889	0.4516	-0.4373
Chr7	5677412	snp	90	95	0.383	0.2947	0.5222	0.1263	-0.3959
Chr7	5679307	snp	107	85	0.3791	0.2919	0.5514	0.1529	-0.3985
Chr7	5682408	snp	50	40	0.415	0.325	0.76	0.3	-0.46
Chr7	5682958	snp	67	81	0.3805	0.2967	0.5373	0.1111	-0.4262
Chr7	5683098	indel	74	96	0.3778	0.2903	0.5811	0.1667	-0.4144
Chr7	5688488	snp	37	36	0.4279	0.3408	0.6757	0.1667	-0.509
Chr7	5691513	snp	43	32	0.4477	0.3459	0.814	0.3438	-0.4702
Chr7	5697238	snp	85	36	0.4121	0.3147	0.5176	0.0556	-0.4621
Chr7	5701587	snp	54	60	0.4056	0.3093	0.6481	0.2333	-0.4148
Chr7	5702821	snp	108	114	0.3723	0.2919	0.537	0.1579	-0.3791
Chr7	5705346	snp	67	66	0.398	0.2942	0.6269	0.197	-0.4299
Chr7	5705673	snp	53	36	0.4214	0.3249	0.8491	0.3611	-0.4879
Chr7	5707651	snp	54	38	0.424	0.3294	0.8704	0.2368	-0.6335
Chr7	5708279	snp	54	36	0.4259	0.3241	0.7037	0.25	-0.4537
Chr7	5711658	snp	49	37	0.4242	0.3227	0.6531	0.2162	-0.4368
Chr7	5714535	snp	75	56	0.3895	0.3005	0.6133	0.2143	-0.399
Chr7	5714567	snp	66	41	0.4169	0.3219	0.7121	0.2683	-0.4438
Chr7	5723062	snp	65	41	0.415	0.3212	0.6154	0.1951	-0.4203
Chr7	5724427	snp	76	92	0.3781	0.2889	0.5789	0.1522	-0.4268
Chr7	5724546	snp	65	31	0.4203	0.3236	0.7231	0.1613	-0.5618
Chr7	5729287	snp	57	50	0.4116	0.3091	0.5965	0.18	-0.4165
Chr7	5729351	snp	55	32	0.4278	0.3318	0.6	0.1562	-0.4437
Chr7	5729752	snp	49	24	0.4439	0.341	0.7143	0.25	-0.4643
Chr7	5730585	snp	65	32	0.4264	0.3197	0.6769	0.2188	-0.4582
Chr7	5757325	snp	45	34	0.4176	0.3294	0.7333	0.2941	-0.4392
Chr7	5757762	snp	52	40	0.4173	0.3212	0.6923	0.225	-0.4673
Chr7	5757874	snp	64	46	0.4083	0.3118	0.6719	0.1087	-0.5632
Chr7	5766516	snp	63	53	0.3986	0.3073	0.5556	0.1132	-0.4423
Chr7	5769519	snp	48	44	0.4072	0.3201	0.6875	0.1364	-0.5511
Chr7	5769836	snp	47	26	0.437	0.3396	0.617	0.1538	-0.4632
Chr7	5769976	snp	48	24	0.4375	0.3333	0.8125	0.3333	-0.4792
Chr7	5770304	snp	76	52	0.3866	0.3036	0.6447	0.25	-0.3947
Chr7	5772253	snp	49	21	0.4558	0.3537	0.6531	0.1905	-0.4626
Chr7	5772882	snp	74	58	0.3798	0.3001	0.5676	0.1207	-0.4469
Chr7	5774558	snp	76	69	0.3839	0.2969	0.5789	0.1449	-0.434
Chr7	5775012	snp	76	62	0.3867	0.2992	0.5921	0.1613	-0.4308
Chr7	5778303	snp	70	48	0.4071	0.3131	0.6286	0.2083	-0.4202
Chr7	5779058	snp	47	24	0.4734	0.3484	0.7872	0.25	-0.5372
Chr7	5809398	snp	63	59	0.3955	0.3129	0.5714	0.1695	-0.4019
Chr7	5809611	snp	39	41	0.424	0.3252	0.5897	0.0488	-0.541
Chr7	5809682	indel	38	43	0.4406	0.3293	0.7368	0.2093	-0.5275
Chr7	5812485	snp	67	54	0.3986	0.3054	0.6418	0.2222	-0.4196
Chr7	5813210	snp	59	44	0.4102	0.3147	0.7797	0.3182	-0.4615
Chr7	5813270	snp	80	70	0.3875	0.2982	0.6375	0.2429	-0.3946
Chr7	5815879	snp	63	36	0.4206	0.3175	0.7143	0.2778	-0.4365
Chr7	5818636	snp	75	69	0.3768	0.2968	0.6133	0.2319	-0.3814
Chr7	5818960	snp	75	61	0.3921	0.3019	0.5067	0.0984	-0.4083
Chr7	5822902	snp	47	24	0.4734	0.3484	0.6596	0.0833	-0.5762
Chr7	5823258	snp	61	39	0.4136	0.3203	0.7705	0.3333	-0.4372
Chr7	5823670	snp	25	36	0.4578	0.3467	0.6	0.1111	-0.4889
Chr7	5823677	indel	27	35	0.4434	0.3439	0.6667	0.0571	-0.6095
Chr7	5823696	indel	20	33	0.4773	0.3667	0.75	0.0606	-0.6894
Chr7	5823965	snp	70	64	0.3969	0.3018	0.5286	0.1094	-0.4192
Chr7	5826503	snp	86	57	0.3935	0.306	0.5581	0.1579	-0.4002
Chr7	5827059	snp	60	54	0.4056	0.3093	0.6833	0.2222	-0.4611
Chr7	5827195	snp	49	52	0.4223	0.3214	0.7755	0.3077	-0.4678
Chr7	5827865	snp	39	31	0.4467	0.3383	0.8718	0.4194	-0.4524
Chr7	5828717	snp	72	59	0.3771	0.2999	0.5972	0.1525	-0.4447
Chr7	5830639	indel	30	25	0.4733	0.3733	0.8	0.32	-0.48
Chr7	5834021	snp	29	19	0.4955	0.3739	0.8966	0.3684	-0.5281
Chr7	5836058	indel	90	85	0.3837	0.2908	0.5556	0.1294	-0.4261
Chr7	5836183	snp	44	53	0.4181	0.3195	0.6364	0.2075	-0.4288
Chr7	5838901	snp	68	86	0.3748	0.2958	0.5441	0.1163	-0.4278
Chr7	5840930	snp	84	75	0.3762	0.2929	0.5238	0.1067	-0.4171
Chr7	5841669	snp	64	39	0.4123	0.3185	0.8125	0.3333	-0.4792
Chr7	5841837	snp	58	24	0.4267	0.3362	0.7759	0.25	-0.5259
Chr7	5841840	snp	61	24	0.4372	0.3388	0.7377	0.25	-0.4877
Chr7	5882806	snp	65	59	0.4044	0.3056	0.5692	0.1017	-0.4675
Chr7	5886174	snp	68	45	0.4092	0.3147	0.6912	0.2	-0.4912
Chr7	5898067	snp	61	56	0.4031	0.3106	0.541	0.125	-0.416
Chr7	5906382	snp	31	24	0.4785	0.3629	0.7742	0.2917	-0.4825
Chr7	5907346	snp	55	61	0.4048	0.3085	0.5636	0.1311	-0.4325
Chr7	5910448	snp	67	37	0.4248	0.3239	0.791	0.2703	-0.5208
Chr7	5916200	snp	60	49	0.4014	0.3068	0.6167	0.1429	-0.4738
Chr7	5917641	snp	64	88	0.392	0.304	0.625	0.2273	-0.3977
Chr7	5918346	snp	40	31	0.4419	0.3347	0.75	0.2903	-0.4597
Chr7	5954099	snp	78	79	0.3901	0.2882	0.5128	0.1013	-0.4116
Chr7	5957776	snp	24	21	0.4762	0.381	0.8333	0.2857	-0.5476
Chr7	5959122	snp	67	59	0.3795	0.3008	0.4478	0.0678	-0.38
Chr7	5959575	indel	63	65	0.3927	0.3028	0.5873	0.1692	-0.4181
Chr7	5962099	snp	64	59	0.3994	0.3096	0.6562	0.1695	-0.4868
Chr7	5962396	snp	59	17	0.4766	0.3599	0.8305	0.2353	-0.5952
Chr7	5963987	snp	49	42	0.415	0.3231	0.5918	0.1429	-0.449
Chr7	5964250	snp	76	56	0.3891	0.2979	0.5658	0.0714	-0.4944
Chr7	5968083	snp	53	50	0.4147	0.3192	0.7358	0.28	-0.4558
Chr7	5968478	snp	72	58	0.3803	0.3051	0.5556	0.1552	-0.4004
Chr7	5968567	snp	49	21	0.4558	0.3537	0.8367	0.3333	-0.5034
Chr7	5968601	snp	68	41	0.4132	0.3095	0.6765	0.1463	-0.5301
Chr7	5971382	snp	60	39	0.4231	0.3192	0.6333	0.2051	-0.4282
Chr7	5980363	snp	52	45	0.4021	0.3115	0.5962	0.1556	-0.4406
Chr7	5992017	snp	37	27	0.4535	0.3524	0.7568	0.2222	-0.5345
Chr7	5997816	snp	54	32	0.4306	0.3345	0.7778	0.25	-0.5278
Chr7	6140435	snp	95	67	0.3769	0.2918	0.5053	0.1194	-0.3859
Chr7	6154124	indel	104	97	0.3658	0.2855	0.5385	0.134	-0.4044
Chr7	6181111	snp	78	57	0.3974	0.305	0.5641	0.1228	-0.4413
Chr7	6181161	snp	69	63	0.3885	0.303	0.5942	0.1429	-0.4513
Chr7	6187503	snp	80	55	0.392	0.3023	0.65	0.2364	-0.4136
Chr7	6194289	snp	47	40	0.416	0.3271	0.7447	0.3	-0.4447
Chr7	6200193	snp	65	43	0.414	0.3134	0.7385	0.1163	-0.6222
Chr7	6200204	snp	67	38	0.4163	0.3181	0.7015	0.1579	-0.5436
Chr7	6869841	snp	52	25	0.4508	0.3515	0.7692	0.28	-0.4892
Chr7	6869866	indel	70	30	0.4238	0.3286	0.7286	0.2333	-0.4952
Chr7	7273491	snp	88	67	0.3811	0.2924	0.5341	0.1194	-0.4147
Chr7	7485560	snp	68	72	0.3848	0.2998	0.6029	0.1806	-0.4224
Chr7	8950062	snp	61	53	0.3981	0.3087	0.6393	0.2075	-0.4318
Chr7	8952057	snp	47	25	0.4409	0.3396	0.8298	0.28	-0.5498
Chr7	8960846	snp	38	27	0.4513	0.345	0.7895	0.2222	-0.5673
Chr7	8960939	snp	35	33	0.4416	0.3472	0.6571	0.2121	-0.445
Chr7	8961751	snp	63	46	0.4058	0.3147	0.8254	0.2826	-0.5428
Chr7	8962786	snp	37	25	0.4638	0.3557	0.6486	0.16	-0.4886
Chr7	8969129	snp	55	34	0.4219	0.3283	0.8545	0.3529	-0.5016
Chr7	8976106	snp	58	40	0.4207	0.3207	0.6207	0.175	-0.4457
Chr7	8989363	snp	57	33	0.4258	0.3333	0.7193	0.2424	-0.4769
Chr7	9000641	snp	90	104	0.3641	0.2863	0.5667	0.1346	-0.4321
Chr7	9000837	snp	57	65	0.4005	0.3082	0.6316	0.2308	-0.4008
Chr7	9032513	indel	111	104	0.3727	0.2844	0.5225	0.1154	-0.4071
Chr7	9404983	indel	72	78	0.3825	0.2917	0.5139	0.1154	-0.3985
Chr7	9446223	snp	48	35	0.4065	0.3161	0.6458	0.2286	-0.4173
Chr7	9447150	snp	42	24	0.4405	0.3452	0.7857	0.3333	-0.4524
Chr7	9498611	snp	53	44	0.4181	0.3195	0.6226	0.2045	-0.4181
Chr7	9498642	snp	41	33	0.4405	0.3385	0.7805	0.3333	-0.4472
Chr7	9504972	snp	42	24	0.4405	0.3452	0.7143	0.2083	-0.506
Chr7	9511906	snp	83	78	0.3716	0.2955	0.4819	0.1026	-0.3794
Chr7	9515052	snp	53	66	0.4025	0.3122	0.6792	0.2424	-0.4368
Chr7	9527701	snp	47	42	0.4189	0.3262	0.7234	0.2381	-0.4853
Chr7	9541608	snp	47	31	0.4345	0.3466	0.7234	0.2581	-0.4653
Chr7	9969750	snp	55	46	0.4012	0.3138	0.5455	0.087	-0.4585
Chr7	10086381	snp	53	28	0.4313	0.3329	0.6981	0.25	-0.4481
Chr7	10086456	snp	68	53	0.4062	0.3094	0.5441	0.1132	-0.4309
Chr7	10100048	snp	86	69	0.3932	0.3006	0.5581	0.1594	-0.3987
Chr7	10104223	snp	49	28	0.4439	0.3418	0.8367	0.3214	-0.5153
Chr7	10104309	snp	60	39	0.4231	0.3192	0.6333	0.2051	-0.4282
Chr7	10107272	snp	59	49	0.4095	0.3172	0.4915	0.0816	-0.4099
Chr7	10107648	snp	55	33	0.4242	0.3333	0.8727	0.2727	-0.6
Chr7	10107664	snp	59	41	0.4117	0.3154	0.8136	0.2683	-0.5453
Chr7	10109542	snp	86	86	0.3721	0.2907	0.6047	0.186	-0.4186
Chr7	10109846	snp	65	57	0.4005	0.3082	0.5846	0.1579	-0.4267
Chr7	10110681	snp	45	38	0.4257	0.3287	0.6889	0.2632	-0.4257
Chr7	10447685	snp	129	100	0.3677	0.2804	0.5504	0.16	-0.3904
Chr7	10447992	snp	132	85	0.366	0.2876	0.5985	0.1882	-0.4102
Chr7	10454028	snp	50	41	0.4229	0.3254	0.58	0.1463	-0.4337
Chr7	10461783	snp	48	39	0.4103	0.3189	0.5833	0.1282	-0.4551
Chr7	10483077	snp	66	49	0.4014	0.3105	0.6061	0.2041	-0.402
Chr7	10485759	snp	52	32	0.4303	0.3293	0.8077	0.2188	-0.5889
Chr7	10485777	snp	60	31	0.422	0.3263	0.7333	0.2258	-0.5075
Chr7	10486419	snp	68	44	0.4131	0.3182	0.5735	0.1591	-0.4144
Chr7	10517534	snp	24	27	0.4722	0.3704	0.5833	0.1111	-0.4722
Chr7	10517538	snp	24	20	0.4917	0.3833	0.7083	0.1	-0.6083
Chr7	10522682	indel	77	84	0.3842	0.29	0.5714	0.1786	-0.3929
Chr7	10522713	snp	65	72	0.4006	0.3	0.4769	0.0556	-0.4214
Chr7	10526926	snp	60	55	0.3955	0.3076	0.6	0.2	-0.4
Chr7	10530231	snp	50	48	0.4092	0.3225	0.74	0.25	-0.49
Chr7	10545064	snp	71	37	0.4233	0.319	0.7606	0.3243	-0.4362
Chr7	10548403	snp	68	34	0.4118	0.3088	0.7353	0.2647	-0.4706
Chr7	10549699	indel	39	39	0.4359	0.3333	0.7949	0.3333	-0.4615
Chr7	10552079	indel	53	49	0.4109	0.3246	0.6038	0.1633	-0.4405
Chr7	10552080	snp	53	44	0.4181	0.3195	0.6038	0.1818	-0.422
Chr7	10552368	snp	51	33	0.4314	0.3351	0.7647	0.3333	-0.4314
Chr7	10553186	snp	56	35	0.4107	0.325	0.8393	0.4286	-0.4107
Chr7	10568507	snp	50	37	0.4249	0.3346	0.68	0.2432	-0.4368
Chr7	10568520	snp	44	31	0.4274	0.3328	0.75	0.2581	-0.4919
Chr7	10570368	snp	57	31	0.429	0.3322	0.6316	0.1613	-0.4703
Chr7	10572544	snp	45	29	0.433	0.3341	0.8222	0.3793	-0.4429
Chr7	10574839	snp	29	34	0.4503	0.3469	0.7241	0.2353	-0.4888
Chr7	10576538	snp	43	36	0.4335	0.3359	0.6512	0.1944	-0.4567
Chr7	10580953	snp	55	39	0.4089	0.3179	0.7273	0.2821	-0.4452
Chr7	10580964	snp	47	34	0.4374	0.3279	0.8085	0.3235	-0.485
Chr7	10580996	snp	60	48	0.4042	0.3083	0.6667	0.2292	-0.4375
Chr7	10581490	snp	40	22	0.4523	0.3568	0.675	0.1818	-0.4932
Chr7	10581584	snp	66	42	0.4004	0.3052	0.6061	0.119	-0.487
Chr7	10595911	snp	60	58	0.404	0.3161	0.6667	0.1897	-0.477
Chr7	10595983	snp	54	33	0.4226	0.3249	0.8519	0.2727	-0.5791
Chr7	10596043	indel	68	46	0.3932	0.2999	0.6324	0.1957	-0.4367
Chr7	10596048	snp	69	40	0.4062	0.3101	0.6667	0.175	-0.4917
Chr7	10600304	snp	36	22	0.4747	0.3662	0.8889	0.3182	-0.5707
Chr7	10600331	snp	52	34	0.4389	0.3303	0.6538	0.2059	-0.448
Chr7	10601491	indel	52	37	0.4257	0.3295	0.7308	0.2432	-0.4875
Chr7	10601493	snp	53	34	0.4206	0.3246	0.717	0.1765	-0.5405
Chr7	10602034	snp	41	24	0.4573	0.3526	0.7561	0.2083	-0.5478
Chr7	10618386	snp	22	17	0.5187	0.3877	0.7727	0.2353	-0.5374
Chr7	10620396	snp	49	28	0.4439	0.3418	0.8367	0.25	-0.5867
Chr7	10620397	snp	48	22	0.4602	0.3523	0.875	0.3636	-0.5114
Chr7	10620448	snp	69	49	0.404	0.3138	0.6087	0.1429	-0.4658
Chr7	10620644	snp	57	38	0.4211	0.3158	0.8246	0.3947	-0.4298
Chr7	10621149	snp	35	25	0.4571	0.3543	0.7143	0.24	-0.4743
Chr7	10623600	snp	79	68	0.3833	0.2943	0.5316	0.1176	-0.414
Chr7	10624650	snp	50	47	0.426	0.3234	0.68	0.1702	-0.5098
Chr7	10624656	snp	54	48	0.4028	0.3194	0.6481	0.1458	-0.5023
Chr7	10633016	indel	62	44	0.4172	0.3204	0.5968	0.1591	-0.4377
Chr7	10633081	snp	51	39	0.4299	0.3228	0.6863	0.1538	-0.5324
Chr7	10633657	snp	64	53	0.3927	0.3037	0.5938	0.1887	-0.4051
Chr7	10641501	snp	30	29	0.4575	0.3563	0.6	0.1034	-0.4966
Chr7	10652962	snp	30	19	0.4895	0.3702	0.7	0.2105	-0.4895
Chr7	10766441	snp	49	39	0.4218	0.3349	0.7755	0.3333	-0.4422
Chr7	10768562	snp	76	57	0.3991	0.2982	0.5395	0.1228	-0.4167
Chr7	10769163	snp	59	69	0.4026	0.3058	0.7119	0.2319	-0.48
Chr7	10773799	snp	49	28	0.4439	0.3418	0.5918	0.1429	-0.449
Chr7	10778323	snp	39	22	0.4534	0.3601	0.7179	0.2273	-0.4907
Chr7	10778397	snp	46	43	0.4196	0.3266	0.6522	0.2093	-0.4429
Chr7	10778471	indel	45	56	0.4206	0.323	0.6444	0.1964	-0.448
Chr7	10778502	snp	34	38	0.4427	0.3375	0.8529	0.3158	-0.5372
Chr7	10779059	snp	40	31	0.4419	0.3347	0.75	0.2903	-0.4597
Chr7	10856054	indel	53	51	0.404	0.3111	0.5283	0.1176	-0.4107
Chr7	10856058	indel	53	52	0.4118	0.3153	0.4717	0.0577	-0.414
Chr7	10939058	snp	46	29	0.4453	0.3381	0.6957	0.1724	-0.5232
Chr7	10943449	indel	62	52	0.4014	0.312	0.7419	0.2885	-0.4535
Chr7	10943489	snp	59	37	0.4178	0.3234	0.7966	0.3243	-0.4723
Chr7	10944600	snp	63	50	0.3943	0.3073	0.5873	0.14	-0.4473
Chr7	10944676	snp	82	74	0.3909	0.2989	0.4878	0.0946	-0.3932
Chr7	10944677	snp	82	75	0.3896	0.2917	0.4878	0.0933	-0.3945
Chr7	10951455	snp	31	34	0.4421	0.3454	0.7742	0.2647	-0.5095
Chr7	10952650	snp	44	25	0.4527	0.3509	0.8182	0.24	-0.5782
Chr7	10952947	snp	81	71	0.3885	0.2932	0.5185	0.0986	-0.4199
Chr7	10984644	snp	67	64	0.3911	0.3102	0.4627	0.0625	-0.4002
Chr7	11007473	snp	36	29	0.4607	0.3429	0.6111	0.1379	-0.4732
Chr7	11012998	snp	66	49	0.4014	0.3105	0.5758	0.1633	-0.4125
Chr7	11016363	snp	65	64	0.3954	0.3017	0.6154	0.1719	-0.4435
Chr7	11017669	snp	54	35	0.4196	0.3222	0.6667	0.2286	-0.4381
Chr7	11027033	indel	58	52	0.3952	0.305	0.6034	0.1731	-0.4304
Chr7	11027042	snp	55	55	0.4182	0.3091	0.6364	0.2	-0.4364
Chr7	11029802	snp	28	19	0.4868	0.3816	0.7143	0.2105	-0.5038
Chr7	11034707	snp	89	105	0.377	0.2898	0.4831	0.0952	-0.3879
Chr7	11050037	snp	40	21	0.4798	0.3619	0.675	0.1905	-0.4845
Chr7	11055384	snp	65	54	0.3991	0.31	0.5692	0.1296	-0.4396
Chr7	11072864	snp	59	44	0.4102	0.3147	0.6102	0.1591	-0.4511
Chr7	11077794	indel	44	21	0.4665	0.3506	0.8864	0.381	-0.5054
Chr7	11078293	indel	47	34	0.4374	0.3279	0.5745	0.0588	-0.5156
Chr7	11138918	indel	120	93	0.3672	0.2774	0.5	0.129	-0.371
Chr7	11138965	snp	91	61	0.387	0.2987	0.5824	0.1639	-0.4185
Chr7	11140275	snp	63	38	0.4194	0.3241	0.7937	0.3158	-0.4779
Chr7	11141299	snp	41	39	0.424	0.3252	0.7073	0.2821	-0.4253
Chr7	11217451	snp	103	95	0.3637	0.2844	0.4951	0.0947	-0.4004
Chr7	11219217	indel	48	36	0.4306	0.3333	0.5417	0.1111	-0.4306
Chr7	11248438	snp	53	33	0.4368	0.331	0.717	0.2424	-0.4746
Chr7	11323116	snp	64	71	0.3853	0.3008	0.5312	0.0986	-0.4327
Chr7	11502539	snp	70	52	0.4022	0.3071	0.6714	0.2308	-0.4407
Chr7	11517687	snp	37	42	0.4247	0.3346	0.6216	0.1667	-0.455
Chr7	11638576	snp	53	56	0.3976	0.3063	0.6038	0.1786	-0.4252
Chr7	11744547	snp	41	35	0.4383	0.3317	0.6829	0.2286	-0.4544
Chr7	11844812	snp	65	49	0.3959	0.3039	0.5385	0.0612	-0.4772
Chr7	11997096	snp	60	47	0.4004	0.3124	0.6333	0.2128	-0.4206
Chr7	11997142	snp	54	37	0.4219	0.3238	0.6111	0.1892	-0.4219
Chr7	11999618	snp	36	25	0.4578	0.3467	0.8611	0.4	-0.4611
Chr7	12000471	snp	42	26	0.4505	0.3443	0.7619	0.2692	-0.4927
Chr7	12004994	snp	55	54	0.4125	0.3047	0.5818	0.1667	-0.4152
Chr7	12019513	snp	36	27	0.463	0.3519	0.8056	0.3333	-0.4722
Chr7	12019526	snp	35	26	0.4648	0.3505	0.8571	0.2692	-0.5879
Chr7	12039737	snp	49	39	0.4218	0.3349	0.7347	0.2051	-0.5296
Chr7	12049215	snp	33	21	0.4805	0.3636	0.8182	0.2381	-0.5801
Chr7	12049230	snp	41	17	0.4864	0.3845	0.7317	0.2353	-0.4964
Chr7	12054482	snp	40	40	0.425	0.325	0.8	0.325	-0.475
Chr7	12056968	snp	39	37	0.4435	0.3423	0.7179	0.2432	-0.4747
Chr7	12070716	snp	50	28	0.43	0.3386	0.8	0.2857	-0.5143
Chr7	12070776	indel	64	54	0.4126	0.3084	0.6094	0.0926	-0.5168
Chr7	12070882	snp	48	27	0.4398	0.3403	0.7292	0.2593	-0.4699
Chr7	12077107	snp	47	39	0.4157	0.3262	0.6809	0.2564	-0.4244
Chr7	12103465	snp	57	39	0.4035	0.3158	0.5614	0.1538	-0.4076
Chr7	12107676	snp	60	25	0.4467	0.34	0.75	0.24	-0.51
Chr7	12107685	snp	60	21	0.4667	0.3619	0.75	0.2381	-0.5119
Chr7	12109318	snp	60	39	0.4231	0.3192	0.6667	0.1538	-0.5128
Chr7	12112011	snp	57	44	0.4083	0.3186	0.7018	0.2273	-0.4745
Chr7	12127450	snp	48	18	0.4653	0.3611	0.8125	0.2778	-0.5347
Chr7	12127460	indel	53	18	0.4591	0.3648	0.7925	0.2222	-0.5702
Chr7	12130294	snp	53	35	0.4216	0.3186	0.8302	0.2857	-0.5445
Chr7	12130313	snp	56	37	0.4257	0.3272	0.7857	0.2703	-0.5154
Chr7	12131458	indel	50	32	0.43	0.3363	0.76	0.3125	-0.4475
Chr7	12151369	snp	57	27	0.4405	0.3372	0.7193	0.2593	-0.46
Chr7	12157886	indel	11	18	0.5606	0.4444	0.0909	0.7778	0.6869
Chr7	12162063	snp	40	39	0.4423	0.341	0.775	0.3077	-0.4673
Chr7	12215353	indel	91	52	0.3984	0.2967	0.4725	0.0577	-0.4148
Chr7	12238416	snp	107	89	0.3787	0.289	0.4393	0.0562	-0.3831
Chr7	12343104	indel	81	66	0.3866	0.2985	0.4691	0.0606	-0.4085
Chr7	12385627	snp	79	87	0.3732	0.2949	0.5063	0.092	-0.4144
Chr7	12554197	snp	53	43	0.4103	0.3247	0.8113	0.3488	-0.4625
Chr7	12556368	snp	74	44	0.4066	0.3163	0.5	0.0909	-0.4091
Chr7	12557285	snp	66	48	0.4148	0.3144	0.5455	0.125	-0.4205
Chr7	12610514	snp	29	18	0.4885	0.3774	0.6552	0.1667	-0.4885
Chr7	12703178	snp	49	48	0.4026	0.3197	0.5102	0.1042	-0.406
Chr7	12819018	indel	59	41	0.4117	0.3154	0.5254	0.0976	-0.4279
Chr7	12875019	snp	21	18	0.5	0.3889	0.6667	0.1111	-0.5556
Chr7	12897684	snp	22	16	0.5114	0.4034	0.5455	0.0	-0.5455
Chr7	12916976	snp	44	42	0.4188	0.3247	0.6136	0.0952	-0.5184
Chr7	12916993	snp	51	39	0.4299	0.3228	0.5882	0.1282	-0.46
Chr7	12953769	snp	43	12	0.5174	0.3915	0.6047	0.0833	-0.5213
Chr7	12961277	indel	70	55	0.4091	0.3169	0.6429	0.2	-0.4429
Chr7	12961705	snp	58	67	0.3958	0.3049	0.569	0.1642	-0.4048
Chr7	12964050	snp	49	53	0.4109	0.3246	0.7347	0.2453	-0.4894
Chr7	12969510	snp	75	68	0.3914	0.3004	0.5867	0.1912	-0.3955
Chr7	12970489	snp	75	49	0.3943	0.3072	0.7467	0.3469	-0.3997
Chr7	12970764	snp	71	58	0.4065	0.2982	0.5634	0.1552	-0.4082
Chr7	12971061	snp	46	20	0.4674	0.3609	0.6957	0.2	-0.4957
Chr7	12971090	snp	39	21	0.4799	0.359	0.8718	0.381	-0.4908
Chr7	12971350	snp	75	63	0.3886	0.301	0.5867	0.1905	-0.3962
Chr7	12972114	snp	64	41	0.4123	0.3236	0.6562	0.2439	-0.4123
Chr7	12972342	snp	39	24	0.4679	0.3526	0.7436	0.25	-0.4936
Chr7	12972355	snp	38	24	0.4496	0.3553	0.7895	0.25	-0.5395
Chr7	12973536	snp	48	55	0.4042	0.3133	0.7083	0.2727	-0.4356
Chr7	12995870	snp	90	71	0.3864	0.2923	0.5667	0.0986	-0.4681
Chr7	12995952	snp	90	52	0.3953	0.3013	0.6	0.1731	-0.4269
Chr7	12999358	indel	52	45	0.4021	0.3115	0.8654	0.3778	-0.4876
Chr7	12999418	snp	61	56	0.4031	0.3106	0.7377	0.2143	-0.5234
Chr7	12999525	snp	55	51	0.3954	0.3184	0.6909	0.2549	-0.436
Chr7	13001306	snp	67	33	0.4292	0.3247	0.6269	0.1515	-0.4754
Chr7	13002807	snp	58	34	0.4178	0.3245	0.6724	0.1765	-0.4959
Chr7	13003945	snp	51	31	0.4168	0.3359	0.5882	0.1613	-0.4269
Chr7	13011072	snp	64	48	0.4115	0.3125	0.6719	0.1667	-0.5052
Chr7	13011081	snp	60	40	0.4167	0.3167	0.75	0.2	-0.55
Chr7	13011929	snp	49	34	0.4226	0.3247	0.7551	0.2059	-0.5492
Chr7	13012489	snp	62	46	0.4208	0.3247	0.6935	0.2609	-0.4327
Chr7	13015836	snp	73	67	0.3827	0.2956	0.5616	0.1343	-0.4273
Chr7	13016190	snp	72	79	0.382	0.3036	0.5694	0.1266	-0.4429
Chr7	13017385	snp	63	68	0.4066	0.3044	0.5397	0.1029	-0.4367
Chr7	13021985	snp	36	18	0.4722	0.3611	0.9167	0.3333	-0.5833
Chr7	13025194	snp	43	47	0.4231	0.3261	0.7442	0.234	-0.5101
Chr7	13026823	snp	61	38	0.4288	0.327	0.6393	0.1316	-0.5078
Chr7	13032036	indel	48	37	0.4234	0.3361	0.8125	0.3514	-0.4611
Chr7	13036549	snp	45	35	0.4349	0.3302	0.6222	0.1714	-0.4508
Chr7	13040090	snp	44	41	0.4329	0.3193	0.7955	0.2927	-0.5028
Chr7	13040126	snp	59	51	0.3981	0.3081	0.6271	0.1961	-0.431
Chr7	13060447	snp	50	58	0.4014	0.3117	0.54	0.1207	-0.4193
Chr7	13060479	indel	47	49	0.4155	0.3178	0.6383	0.1837	-0.4546
Chr7	13379300	snp	76	66	0.3892	0.2994	0.5789	0.1515	-0.4274
Chr7	13474492	indel	44	60	0.4076	0.3152	0.6136	0.15	-0.4636
Chr7	13500371	snp	28	17	0.5147	0.3971	0.8214	0.2941	-0.5273
Chr7	13507552	snp	11	22	0.5909	0.4545	0.7273	0.1364	-0.5909
Chr7	13574773	snp	42	39	0.4267	0.3352	0.7381	0.3077	-0.4304
Chr7	13612350	snp	29	17	0.4888	0.3854	0.8621	0.2353	-0.6268
Chr7	13635235	snp	30	12	0.5333	0.4	0.8667	0.3333	-0.5333
Chr7	13635250	indel	36	18	0.4722	0.3611	0.7222	0.2222	-0.5
Chr7	13635257	indel	36	17	0.4935	0.3824	0.6944	0.1176	-0.5768
Chr7	13675398	snp	55	65	0.3958	0.3091	0.6364	0.1846	-0.4517
Chr7	13690588	snp	74	66	0.3931	0.3051	0.5135	0.0455	-0.4681
Chr7	13700696	indel	89	118	0.3752	0.2843	0.5281	0.1525	-0.3755
Chr7	13754013	snp	51	52	0.3986	0.3028	0.8039	0.3654	-0.4385
Chr7	13764457	snp	40	26	0.4462	0.35	0.775	0.3077	-0.4673
Chr7	13765319	indel	54	46	0.4211	0.3221	0.8704	0.4348	-0.4356
Chr7	13768442	snp	43	29	0.4451	0.3416	0.7442	0.2759	-0.4683
Chr7	13779937	snp	59	48	0.3902	0.3121	0.5763	0.1042	-0.4721
Chr7	13780511	snp	48	37	0.4234	0.3361	0.625	0.1892	-0.4358
Chr7	13796587	indel	66	44	0.3939	0.3182	0.6061	0.1818	-0.4242
Chr7	13819766	snp	59	43	0.4218	0.3205	0.7288	0.3023	-0.4265
Chr7	13819774	snp	59	41	0.4117	0.3154	0.7288	0.3171	-0.4117
Chr7	13824996	snp	37	23	0.4747	0.3608	0.9189	0.4348	-0.4841
Chr7	13832723	snp	54	37	0.4219	0.3238	0.7037	0.2703	-0.4334
Chr7	13960886	snp	32	23	0.4701	0.3641	0.6562	0.1739	-0.4823
Chr7	13960948	snp	50	52	0.4138	0.3131	0.54	0.1154	-0.4246
Chr7	14011003	snp	37	33	0.4365	0.3423	0.5405	0.0909	-0.4496
Chr7	14011013	snp	36	29	0.4607	0.3429	0.6111	0.1034	-0.5077
Chr7	14024440	snp	59	48	0.3902	0.3121	0.5593	0.125	-0.4343
Chr7	14031553	snp	24	13	0.5481	0.4135	0.9167	0.1538	-0.7628
Chr7	14032873	snp	43	31	0.4434	0.3413	0.7209	0.1935	-0.5274
Chr7	14036795	snp	30	19	0.4895	0.3702	1.0	0.4737	-0.5263
Chr7	14054481	indel	20	20	0.5	0.4	0.6	0.05	-0.55
Chr7	14059691	snp	55	69	0.3866	0.3033	0.6364	0.2174	-0.419
Chr7	14059943	snp	68	57	0.3991	0.3047	0.6471	0.1754	-0.4716
Chr7	14060066	snp	68	73	0.3995	0.2996	0.6176	0.1918	-0.4259
Chr7	14082221	snp	25	28	0.4871	0.3671	0.68	0.1786	-0.5014
Chr7	14162665	snp	67	81	0.3805	0.2967	0.4925	0.0864	-0.4061
Chr7	14496164	snp	26	27	0.4729	0.3604	0.5769	0.0741	-0.5028
Chr7	14849355	snp	82	70	0.385	0.2972	0.5732	0.1857	-0.3875
Chr7	14940128	snp	21	27	0.4921	0.381	0.8571	0.2963	-0.5608
Chr7	15132680	snp	48	50	0.4092	0.3225	0.6875	0.26	-0.4275
Chr7	15144291	indel	57	53	0.4012	0.3174	0.7719	0.3019	-0.47
Chr7	15154762	snp	48	28	0.4256	0.3363	0.625	0.1429	-0.4821
Chr7	15318688	snp	64	54	0.4126	0.3084	0.5625	0.1111	-0.4514
Chr7	15328210	snp	59	33	0.4427	0.3313	0.6271	0.1212	-0.5059
Chr7	15328240	snp	71	42	0.4054	0.3156	0.5775	0.1667	-0.4108
Chr7	15336433	snp	41	43	0.426	0.3284	0.8049	0.3488	-0.456
Chr7	15364255	snp	55	33	0.4242	0.3333	0.7091	0.2727	-0.4364
Chr7	15369515	snp	70	81	0.3797	0.2926	0.5714	0.1852	-0.3862
Chr7	15534420	snp	19	23	0.5103	0.389	0.5263	0.0	-0.5263
Chr7	15536480	snp	54	67	0.3986	0.3054	0.5741	0.1642	-0.4099
Chr7	15869219	indel	90	49	0.405	0.3029	0.5111	0.0816	-0.4295
Chr7	16140001	indel	29	15	0.5218	0.3908	0.9655	0.0	-0.9655
Chr7	16160433	snp	48	30	0.4292	0.3333	0.6667	0.2	-0.4667
Chr7	16161117	snp	61	38	0.4288	0.327	0.7213	0.1053	-0.616
Chr7	16232997	snp	28	18	0.5079	0.3968	0.8214	0.2222	-0.5992
Chr7	16262014	snp	54	33	0.4226	0.3249	0.6111	0.1212	-0.4899
Chr7	16264578	snp	45	26	0.4359	0.3427	0.6889	0.1154	-0.5735
Chr7	16390117	indel	48	42	0.4167	0.3155	0.75	0.3333	-0.4167
Chr7	16390433	snp	47	39	0.4157	0.3262	0.8085	0.3333	-0.4752
Chr7	16390441	snp	49	41	0.4385	0.336	0.8163	0.2927	-0.5236
Chr7	16456556	indel	54	40	0.4167	0.3306	0.6296	0.175	-0.4546
Chr7	16468108	snp	42	40	0.4155	0.3179	0.9048	0.475	-0.4298
Chr7	16472329	snp	59	40	0.411	0.3119	0.661	0.225	-0.436
Chr7	16473530	snp	56	39	0.419	0.3205	0.7679	0.3333	-0.4345
Chr7	16473549	indel	59	53	0.4007	0.3099	0.6949	0.2453	-0.4496
Chr7	16478042	snp	52	28	0.4231	0.3324	0.7692	0.3214	-0.4478
Chr7	16478375	snp	53	34	0.4206	0.3246	0.8113	0.3235	-0.4878
Chr7	16489265	snp	54	52	0.4131	0.3212	0.6852	0.2308	-0.4544
Chr7	16491380	snp	59	59	0.4068	0.3051	0.6441	0.1864	-0.4576
Chr7	16705298	snp	41	37	0.437	0.3316	0.8049	0.3514	-0.4535
Chr7	16806366	snp	51	30	0.4333	0.3333	0.8039	0.3333	-0.4706
Chr7	16806368	snp	52	33	0.4196	0.3287	0.7885	0.2727	-0.5157
Chr7	16894391	snp	87	90	0.3782	0.2912	0.5057	0.1	-0.4057
Chr7	16982127	snp	45	37	0.4312	0.3327	0.7556	0.3243	-0.4312
Chr7	16982266	snp	67	69	0.3844	0.3067	0.5373	0.1159	-0.4214
Chr7	17053430	snp	58	27	0.433	0.3416	0.6552	0.1852	-0.47
Chr7	17058961	snp	31	20	0.4919	0.3806	0.871	0.3	-0.571
Chr7	17058978	snp	37	24	0.4696	0.3694	0.7568	0.25	-0.5068
Chr7	17067396	snp	70	46	0.4174	0.3161	0.6714	0.2391	-0.4323
Chr7	17072399	snp	46	34	0.4169	0.3223	0.6522	0.2353	-0.4169
Chr7	17081999	snp	74	47	0.4126	0.3122	0.8243	0.4043	-0.4201
Chr7	17087700	snp	38	24	0.4496	0.3553	0.7632	0.2083	-0.5548
Chr7	17094638	snp	46	34	0.4169	0.3223	0.8043	0.3529	-0.4514
Chr7	17094666	snp	46	37	0.4313	0.3325	0.8043	0.2703	-0.5341
Chr7	17102079	snp	63	54	0.3889	0.3042	0.5714	0.1667	-0.4048
Chr7	17126586	snp	31	26	0.4665	0.3573	0.9032	0.4231	-0.4801
Chr7	17134337	snp	61	54	0.3922	0.3139	0.5246	0.1296	-0.395
Chr7	17139800	snp	35	39	0.4322	0.3385	0.4857	0.0513	-0.4344
Chr7	17175266	indel	132	93	0.3759	0.2859	0.4773	0.0968	-0.3805
Chr7	17522228	indel	77	49	0.3989	0.3043	0.5195	0.0408	-0.4787
Chr7	17712688	snp	39	16	0.4936	0.3766	0.7949	0.25	-0.5449
Chr7	17718078	snp	54	24	0.4537	0.3472	0.5926	0.125	-0.4676
Chr7	17718109	snp	41	27	0.4481	0.3505	0.6585	0.1852	-0.4734
Chr7	17719232	snp	41	40	0.4323	0.3335	0.7317	0.25	-0.4817
Chr7	17720842	snp	54	31	0.4229	0.3297	0.7407	0.2581	-0.4827
Chr7	17722612	snp	50	20	0.46	0.36	0.82	0.35	-0.47
Chr7	17722621	snp	50	24	0.4533	0.3467	0.78	0.2917	-0.4883
Chr7	17726378	snp	32	36	0.4479	0.3438	0.8125	0.3056	-0.5069
Chr7	17726384	snp	30	33	0.4606	0.3394	0.9	0.3333	-0.5667
Chr7	17726693	snp	74	64	0.3932	0.2998	0.6622	0.1406	-0.5215
Chr7	17743830	snp	39	35	0.4322	0.3385	0.6154	0.1429	-0.4725
Chr7	17752779	indel	33	19	0.4944	0.3732	0.8182	0.2632	-0.555
Chr7	17752790	indel	35	20	0.4857	0.3643	0.8	0.25	-0.55
Chr7	17762434	snp	63	58	0.4012	0.3046	0.619	0.2069	-0.4122
Chr7	17763192	indel	37	29	0.4539	0.3486	0.9459	0.4828	-0.4632
Chr7	17772653	snp	19	16	0.5395	0.4046	0.8421	0.25	-0.5921
Chr7	17784015	indel	23	30	0.4754	0.3725	1.0	0.4333	-0.5667
Chr7	17784029	indel	29	46	0.4453	0.3381	0.7586	0.2826	-0.476
Chr7	17784067	snp	38	30	0.4368	0.3386	0.8421	0.4	-0.4421
Chr7	17784626	snp	41	26	0.4484	0.3443	0.7317	0.2692	-0.4625
Chr7	17790295	indel	47	38	0.4351	0.3337	0.7447	0.2368	-0.5078
Chr7	17790758	snp	48	22	0.4602	0.3523	0.6667	0.0909	-0.5758
Chr7	17804941	indel	56	26	0.4396	0.3379	0.6071	0.1538	-0.4533
Chr7	17804951	snp	50	21	0.4543	0.3619	0.66	0.1905	-0.4695
Chr7	17805192	snp	35	28	0.4571	0.3429	0.8	0.3214	-0.4786
Chr7	17810075	indel	25	32	0.4562	0.3588	0.8	0.2812	-0.5188
Chr7	17814515	indel	25	18	0.4978	0.3867	0.84	0.2778	-0.5622
Chr7	17818893	snp	49	33	0.4317	0.3302	0.5918	0.0909	-0.5009
Chr7	17925787	snp	57	35	0.414	0.3173	0.7895	0.3714	-0.418
Chr7	17931176	indel	66	50	0.3879	0.3073	0.6061	0.16	-0.4461
Chr7	17931228	snp	32	36	0.4479	0.3438	0.7812	0.3056	-0.4757
Chr7	17956326	snp	51	32	0.4167	0.3382	0.7059	0.2812	-0.4246
Chr7	17960657	snp	30	24	0.4667	0.3667	0.8	0.25	-0.55
Chr7	17961426	snp	31	26	0.4665	0.3573	0.8387	0.3077	-0.531
Chr7	17988616	indel	75	44	0.4112	0.3139	0.4667	0.0455	-0.4212
Chr7	18097819	snp	47	59	0.4053	0.3163	0.6809	0.2712	-0.4097
Chr7	18115594	snp	40	30	0.45	0.3417	0.8	0.3333	-0.4667
Chr7	19121230	indel	30	11	0.5424	0.4273	0.9667	0.0	-0.9667
Chr7	20252504	indel	13	28	0.5137	0.4121	0.2308	0.8214	0.5907
